LG00	1003667	1004331	0.221545666666667
LG00	1004790	1005497	1.16551733333333
LG00	1006523	1006910	0.210804
LG00	1007812	1009989	0.0623343333333333
LG00	1010542	1012060	2.63223366666667
LG00	1014042	1016492	0
LG00	1016703	1030565	1.36907866666667
LG00	1031465	1032500	6.072214
LG00	1034626	1037125	0
LG00	1041940	1046117	0
LG00	1046961	1051218	0
LG00	1056892	1061556	11.5512783333333
LG00	1062849	1064355	79.6322073333333
LG00	1064735	1065993	7.43524466666667
LG00	1066247	1067561	16.5587003333333
LG00	1067713	1069329	32.2751453333333
LG00	1069443	1072123	18.1300896666667
LG00	1072270	1073745	174.085388333333
LG00	1074032	1076964	38.200235
LG00	1078160	1082169	34.9122353333333
LG00	1082175	1084393	3.24371966666667
LG00	1084434	1086802	39.6930986666667
LG00	1086807	1088920	12.787318
LG00	1089645	1091044	0.470855666666667
LG00	1090131	1090839	0.199806
LG00	1091846	1094762	70.4188336666667
LG00	1094897	1099968	31.9424113333333
LG00	1100128	1102661	53.1970586666667
LG00	1102759	1105621	61.7681566666667
LG00	1105638	1108238	12.4914353333333
LG00	1108293	1109095	25.5082096666667
LG00	1109386	1110651	15.1995003333333
LG00	1110776	1111997	39.2758
LG00	1112105	1113309	21.477003
LG00	1113379	1115325	59.9913036666667
LG00	1115478	1116950	1.89442266666667
LG00	1116961	1118306	9.812463
LG00	1118454	1119839	12.847304
LG00	1120136	1122174	30.71889
LG00	1122690	1127594	68.6928736666667
LG00	112746	114699	7.35518233333333
LG00	1127834	1129291	24.926602
LG00	1130363	1130956	5.33672866666667
LG00	1131222	1134989	87.0188876666667
LG00	1135073	1138925	14.2739976666667
LG00	1139118	1140689	23.9008203333333
LG00	1140821	1144190	10.2306673333333
LG00	1144492	1145187	224.772827
LG00	1145385	1148977	44.9962513333333
LG00	1149014	1151211	18.2493023333333
LG00	1151301	1153148	32.0001863333333
LG00	1153406	1156969	0.370328333333333
LG00	1157537	1159809	90.6215616666667
LG00	1160047	1161162	9.59890433333333
LG00	1161744	1163291	6.41116833333333
LG00	1163385	1165545	5.60927366666667
LG00	1165817	1166425	28.2817606666667
LG00	1166518	1167638	4.56977166666667
LG00	1167729	1169039	52.1609753333333
LG00	1169425	1173819	190.454574333333
LG00	1174273	1175177	87.297409
LG00	1175315	1176422	20.9177503333333
LG00	1177483	1178651	90.4408596666667
LG00	1179902	1180565	0
LG00	1182010	1182989	22.1524996666667
LG00	1183143	1188882	28.985704
LG00	1190195	1191303	20.9130073333333
LG00	1191371	1192816	0.802775
LG00	1192901	1193375	0.0400183333333333
LG00	1193110	1194156	0.523713666666667
LG00	1194216	1196506	664.533508
LG00	1196947	1198933	22.9662326666667
LG00	1199023	1200061	0.595028333333333
LG00	1201051	1204046	96.2976913333333
LG00	1204210	1210410	9.15347333333333
LG00	1210454	1212282	167.975326666667
LG00	1212550	1216252	53.757094
LG00	1216593	1219548	13.3779453333333
LG00	1219724	1220994	172.069753
LG00	1221418	1223671	24.633804
LG00	1225847	1226179	0.421586666666667
LG00	1226263	1227557	0.714902
LG00	1228484	1229488	0.696874333333333
LG00	1229136	1229456	0.126496666666667
LG00	1230057	1231887	45.8413353333333
LG00	1232845	1233401	0.791502
LG00	1233759	1235951	10.765112
LG00	123377	123968	1.28162166666667
LG00	1236023	1236776	20.866719
LG00	1236855	1238489	10.777877
LG00	1238605	1241714	33.0386543333333
LG00	1242095	1242873	20.859626
LG00	1243608	1244038	0.228482666666667
LG00	1244108	1245767	115.078704666667
LG00	1245996	1246826	30.1958093333333
LG00	1247146	1249741	8.57226866666667
LG00	1250040	1251474	0.326364333333333
LG00	1253010	1253986	135.056371
LG00	1254290	1256193	8.567433
LG00	1256403	1261610	3.361625
LG00	1261714	1263582	3.80914966666667
LG00	1263846	1266167	155.108317
LG00	1265265	1266167	258.970438333333
LG00	1267043	1268905	77.545372
LG00	1268977	1271017	24.979745
LG00	1271078	1273264	0.757036333333333
LG00	1273536	1275038	16.0774896666667
LG00	1275193	1276669	15.5100073333333
LG00	1277504	1283674	27.247076
LG00	1284192	1289743	9.14144833333333
LG00	128932	144120	0
LG00	1289984	1290507	35.5130766666667
LG00	1290627	1294205	15.4431896666667
LG00	1294652	1296977	92.429751
LG00	1297017	1301387	66.0816826666667
LG00	1301630	1305994	3.993786
LG00	1306020	1307259	22.8519126666667
LG00	1307296	1310843	38.484633
LG00	1310887	1313060	54.0506136666667
LG00	1313083	1315682	17.6637906666667
LG00	1315727	1316819	12.3340693333333
LG00	1317531	1319197	1.638289
LG00	1320119	1321789	40.2931516666667
LG00	1321803	1323964	17.6676803333333
LG00	1324845	1325718	1.422542
LG00	1325719	1328135	0.381599333333333
LG00	1331055	1333794	0
LG00	1334037	1336172	0
LG00	1337488	1340790	0
LG00	1342477	1343148	0
LG00	1343603	1346153	0
LG00	1346075	1347770	2.60851566666667
LG00	1348183	1349404	1.00723
LG00	1349685	1351064	6.46501766666667
LG00	1351434	1352337	49.9210523333333
LG00	1352544	1354203	52.1794853333333
LG00	1354279	1354984	41.664769
LG00	1355157	1357953	2.546952
LG00	1358199	1359605	25.262684
LG00	1359708	1361941	90.7076746666667
LG00	1362054	1365465	25.567249
LG00	1365570	1367401	68.284912
LG00	13675	15921	0
LG00	1367631	1368769	56.8569236666667
LG00	1368904	1398251	30.2946696666667
LG00	1398677	1400100	16.6317253333333
LG00	1400263	1402405	25.781194
LG00	1402767	1405533	70.2995273333333
LG00	1406047	1407035	54.0849303333333
LG00	1407146	1408175	43.051792
LG00	1409067	1409963	0
LG00	1410360	1410697	0.06464
LG00	1410774	1413757	30.0309973333333
LG00	1413930	1416966	49.1693076666667
LG00	1417125	1419403	89.6509093333333
LG00	1419766	1421671	840.877604333333
LG00	1422078	1423491	8.23513766666667
LG00	1423632	1427098	10.511727
LG00	1429446	1430673	45.7292696666667
LG00	1431435	1432052	13.186015
LG00	1432199	1433687	121.521769333333
LG00	1434613	1435660	183.39918
LG00	1435823	1436819	63.6313093333333
LG00	1436926	1439789	2.416592
LG00	1440277	1441759	90.5216143333333
LG00	1442440	1444267	122.376569333333
LG00	1444648	1447417	9.83144233333333
LG00	1447473	1449058	9.04738166666667
LG00	1449704	1450915	2.35666833333333
LG00	1451212	1452200	34.995439
LG00	1452457	1453620	14.0601593333333
LG00	1453677	1455751	57.6427773333333
LG00	1455771	1458395	28.2003023333333
LG00	1458551	1460968	28.2925846666667
LG00	1461059	1462699	45.2696573333333
LG00	1462865	1464982	115.993416
LG00	1465136	1466616	25.1413726666667
LG00	1466871	1467239	9.64577633333333
LG00	1467310	1471280	33.140925
LG00	1471366	1472766	4.54986266666667
LG00	1472931	1474623	49.0834326666667
LG00	1474674	1476064	132.779632666667
LG00	1476153	1477530	105.939847333333
LG00	1477551	1479143	40.5891506666667
LG00	1480031	1481745	6.48238866666667
LG00	1482121	1483003	68.5232316666667
LG00	1483381	1488381	40.4913293333333
LG00	1488508	1492263	29.42373
LG00	149231	155996	0
LG00	1492492	1493064	23.5738133333333
LG00	1493158	1494100	20.9557636666667
LG00	1494367	1498911	27.3169376666667
LG00	1499660	1505284	28.815078
LG00	1505723	1506946	20.8963206666667
LG00	1507386	1508711	54.6454393333333
LG00	1508758	1511274	4.03523466666667
LG00	1511384	1511861	115.232648333333
LG00	1511949	1512816	30.7310703333333
LG00	1513021	1515707	3.53524133333333
LG00	1515811	1519551	28.8691883333333
LG00	1519938	1525189	9.26291666666667
LG00	1525448	1527532	13.2991943333333
LG00	1528596	1528879	0
LG00	1528957	1529936	1.01147166666667
LG00	1530434	1531507	24.0119273333333
LG00	1531614	1534050	43.2734486666667
LG00	1534511	1536929	39.0689496666667
LG00	1537233	1538883	24.5225576666667
LG00	1539190	1542219	30.5767626666667
LG00	1542342	1543340	0.288424666666667
LG00	1543374	1545325	29.1679316666667
LG00	1545422	1548136	9.17320333333334
LG00	1548273	1551224	350.189555
LG00	1551358	1552112	0.0896336666666667
LG00	1552419	1553736	48.6060536666667
LG00	1553846	1555125	30.372429
LG00	1555155	1556953	3.41304766666667
LG00	1556960	1558091	12.5720673333333
LG00	1558075	1560456	14.9169023333333
LG00	1560539	1564220	779.177144
LG00	1564529	1566868	20.8076533333333
LG00	1566955	1567866	30.4252486666667
LG00	1567922	1569363	23.337029
LG00	1569618	1570629	2174.94449833333
LG00	1570811	1572904	38.4320616666667
LG00	1573424	1579487	40.4853083333333
LG00	1580285	1581488	0.54203
LG00	1581711	1586685	18.6882693333333
LG00	1587016	1587527	134.797307333333
LG00	1587789	1589217	25.3707736666667
LG00	1589268	1592615	73.2888896666667
LG00	1592890	1595324	87.6192983333333
LG00	1595447	1598382	18.8330416666667
LG00	1598443	1600689	6.82801266666667
LG00	160038	164257	0
LG00	1600801	1602667	18.824729
LG00	1602782	1604320	2.564436
LG00	1605351	1606856	14.9533213333333
LG00	1607534	1610837	0.933333333333333
LG00	16099	17027	0
LG00	1610863	1611889	50.4700676666667
LG00	1611965	1613116	54.8952893333333
LG00	1613323	1614089	1128.92928033333
LG00	1614266	1616087	22.4350793333333
LG00	1616145	1618609	21.577939
LG00	1618791	1619845	46.61653
LG00	1619894	1623328	31.0091386666667
LG00	1623364	1624446	0.879703666666667
LG00	1625601	1627403	148.325754666667
LG00	1627560	1631953	21.9797633333333
LG00	1631974	1632618	12.7275626666667
LG00	1632629	1638028	64.7543446666667
LG00	1638520	1639534	31.7166203333333
LG00	1639578	1640759	189.578384333333
LG00	1641165	1644591	28.827945
LG00	1644671	1645944	31.5826283333333
LG00	1645955	1649353	5.846514
LG00	1649454	1654138	52.296595
LG00	1654302	1656334	47.328898
LG00	1656991	1658859	90.0656993333333
LG00	1659096	1662899	18.4974626666667
LG00	1663125	1665415	4.65144333333333
LG00	1666928	1668085	15.7334053333333
LG00	1668119	1670555	16.8061006666667
LG00	1670563	1673555	16.2797226666667
LG00	1673793	1676145	66.3501996666667
LG00	167504	168123	0
LG00	1676637	1677510	133.32767
LG00	1677761	1679006	38.9232303333333
LG00	1679394	1680893	215.343943333333
LG00	1681042	1683291	31.6975746666667
LG00	1683365	1688140	17.893938
LG00	168647	170050	3.21894466666667
LG00	1688136	1689319	109.590283666667
LG00	1689370	1690272	30.144754
LG00	1690365	1691221	16.3532513333333
LG00	1693706	1696126	1.27336233333333
LG00	1696218	1696824	151.803441666667
LG00	1697063	1698383	36.912488
LG00	1698669	1702213	21.543503
LG00	170122	171333	1.20675733333333
LG00	1702267	1704593	35.1280136666667
LG00	1705032	1706326	29.079002
LG00	1706532	1709250	21.1485496666667
LG00	1709503	1711866	32.0581506666667
LG00	1714209	1716090	14.1296743333333
LG00	1716150	1718021	28.794478
LG00	171714	181374	0.914927333333333
LG00	1718921	1720645	116.568646666667
LG00	1720960	1722906	58.4283256666667
LG00	1723003	1731169	16.0827743333333
LG00	1731425	1733935	31.8215573333333
LG00	1734260	1736748	107.350586
LG00	1738581	1740614	96.8513156666667
LG00	1741020	1742601	138.487243666667
LG00	1742775	1744565	70.8520506666667
LG00	1744600	1745503	33.5411453333333
LG00	1746105	1747786	18.4081406666667
LG00	1748069	1749453	79.381556
LG00	1750607	1751911	4.87430333333333
LG00	1753544	1756715	28.1116473333333
LG00	1756748	1758674	12.7577913333333
LG00	1758744	1763367	14.5021643333333
LG00	1763429	1766141	34.829914
LG00	1766298	1778827	19.6345913333333
LG00	1778932	1779626	28.8946983333333
LG00	1779918	1781534	98.5751343333333
LG00	1781581	1789415	21.6019866666667
LG00	1790019	1797155	41.7459716666667
LG00	1798543	1802622	11.8565703333333
LG00	1802921	1805839	15.0520726666667
LG00	1805928	1808058	7.64927333333333
LG00	1808233	1812309	48.982761
LG00	1812601	1814055	340.008616333333
LG00	1814334	1816768	26.3040613333333
LG00	1817398	1818178	15.6060696666667
LG00	1819108	1819607	1614.27384433333
LG00	1819868	1821423	27.2973163333333
LG00	1821580	1823959	6.45560533333333
LG00	1823925	1832694	17.621577
LG00	1833441	1834696	5.823482
LG00	1834834	1835520	54.998591
LG00	1835873	1836905	190.904856333333
LG00	1837123	1839636	3.85688133333333
LG00	1839688	1840580	19.2136873333333
LG00	1841704	1842723	13.1844163333333
LG00	1842997	1843428	32.4030016666667
LG00	1843550	1844038	169.765513
LG00	1844176	1846034	21.035576
LG00	184518	187471	18.1714306666667
LG00	1846080	1846822	43.6849263333333
LG00	1846945	1847649	31.671259
LG00	1847908	1849408	944.786723
LG00	1851174	1851818	0
LG00	1852446	1853455	1.934826
LG00	1860066	1863122	0
LG00	1870303	1871628	0.282086333333333
LG00	1872070	1873567	57.569899
LG00	1874257	1878331	21.2322643333333
LG00	1878702	1881445	9.09529833333333
LG00	1880315	1884607	16.719636
LG00	188041	189692	5.68992233333333
LG00	1884684	1885574	0.236873333333333
LG00	1887191	1888447	12.8484906666667
LG00	1888757	1892133	52.4799013333333
LG00	1892156	1893449	6.71239666666667
LG00	1893518	1893932	0.182833
LG00	1894014	1896977	1.85918666666667
LG00	1897708	1898769	0.365128666666667
LG00	1899050	1901080	153.447453666667
LG00	1901497	1902454	0.314546666666667
LG00	1902623	1904095	10.1834586666667
LG00	1904294	1905935	42.556147
LG00	1906106	1909168	63.6332523333333
LG00	1909421	1911615	100.628547333333
LG00	1911979	1913268	10.1593533333333
LG00	1913426	1918673	31.244367
LG00	191351	191864	0
LG00	1918839	1921096	20.5146383333333
LG00	1921245	1923091	33.4931876666667
LG00	1923209	1924748	15.6076063333333
LG00	1925799	1931192	51.2289286666667
LG00	1931379	1931974	16.8543913333333
LG00	1932070	1933235	156.059199
LG00	1935403	1941756	62.9891066666667
LG00	1941776	1943132	94.3134156666667
LG00	1943412	1946122	100.274086
LG00	1946239	1946960	300.654581666667
LG00	1946891	1952212	27.0430513333333
LG00	1952423	1953943	17.041718
LG00	1954016	1958275	16.3022383333333
LG00	1959020	1960675	16.7109946666667
LG00	1960898	1966649	10.809668
LG00	1967053	1967955	52.9519133333333
LG00	1967980	1969329	31.7791046666667
LG00	1969541	1970940	119.644124333333
LG00	1971525	1974135	22.9077593333333
LG00	1974585	1977033	31.877645
LG00	1977360	1980861	13.9968753333333
LG00	1981320	1984432	11.7152256666667
LG00	198299	200064	0.618081666666667
LG00	1984701	1985478	75.16333
LG00	1986187	1988052	61.8709283333333
LG00	1988645	1991098	37.1259463333333
LG00	1991572	1993606	27.2713933333333
LG00	1994050	1995809	5.92687366666667
LG00	1996209	2000325	16.412478
LG00	1999857	2003136	36.2200393333333
LG00	200448	202323	0
LG00	2004556	2006941	80.181516
LG00	2007178	2009233	76.9185816666667
LG00	2009407	2013914	34.8823943333333
LG00	2014623	2017699	35.564325
LG00	2017959	2019298	87.5254643333333
LG00	2020410	2021622	0.220615333333333
LG00	2022333	2023566	0.282909333333333
LG00	2024127	2025223	2.35555366666667
LG00	2025644	2026901	122.268285
LG00	2026907	2031250	3.61983466666667
LG00	2028629	2033886	15.2316536666667
LG00	202950	203554	0
LG00	2033985	2038499	20.533128
LG00	2038863	2043316	19.2615146666667
LG00	2038937	2039868	23.4696703333333
LG00	2044268	2047259	28.296939
LG00	2047986	2048346	25.7046743333333
LG00	2048369	2049154	0.267527666666667
LG00	2048847	2050045	0.417821333333333
LG00	2049506	2050045	0.0592843333333333
LG00	2050110	2053754	56.5475363333333
LG00	2054134	2054983	0.909074333333333
LG00	2056228	2058747	51.428295
LG00	2058988	2060043	71.2686563333333
LG00	2060415	2061726	31.0454
LG00	2062062	2063110	1.922319
LG00	2063216	2065043	1.065542
LG00	2065681	2068091	122.862895
LG00	2068326	2069737	33.243487
LG00	2069853	2071518	15.8321326666667
LG00	2071639	2072680	349.323883333333
LG00	2072826	2074438	114.550707666667
LG00	2074800	2079051	11.4285943333333
LG00	2079302	2082835	27.3199916666667
LG00	2082961	2088751	10.2147903333333
LG00	2089559	2090911	22.2489756666667
LG00	2091031	2092165	74.3532103333333
LG00	2092255	2093655	21.611827
LG00	2094307	2097577	31.625122
LG00	2098353	2099064	35.6525103333333
LG00	2099110	2102757	4.20545566666667
LG00	2102765	2105203	15.649059
LG00	2105214	2106911	8.43041133333333
LG00	2106974	2107966	107.427599666667
LG00	2108077	2109506	84.3856886666667
LG00	2109897	2113842	27.9729063333333
LG00	2113959	2115440	37.737339
LG00	2115687	2117860	16.054632
LG00	2117898	2119362	20.199253
LG00	2120398	2122043	15.832595
LG00	212072	212584	5.31163666666667
LG00	2122419	2125108	3.05565033333333
LG00	2125224	2128846	25.750016
LG00	212739	214153	9.59982366666667
LG00	2128082	2128636	0
LG00	2129105	2130716	16.449132
LG00	2130953	2132641	60.861946
LG00	2132707	2134770	451.360952
LG00	2134976	2135932	124.444780666667
LG00	2137413	2141633	17.750608
LG00	2141983	2143111	62.2252146666667
LG00	2143244	2147946	17.0768903333333
LG00	2148235	2154810	8.516161
LG00	215289	220980	2.533882
LG00	2155011	2160021	44.7018956666667
LG00	2160194	2161211	18.3888493333333
LG00	2161435	2165421	20.30737
LG00	2165580	2167130	20.8792693333333
LG00	2167229	2169746	297.790832666667
LG00	2169791	2171698	33.765565
LG00	2171801	2175850	18.4257616666667
LG00	2175971	2178875	72.1879323333333
LG00	2179166	2179922	235.158066
LG00	2180037	2180811	54.7168973333333
LG00	2180861	2181620	16.432537
LG00	2182060	2183804	23.710912
LG00	2183931	2185767	562.946655333333
LG00	2187126	2189367	34.2218856666667
LG00	2189842	2191089	62.400125
LG00	2191380	2192898	269.321217666667
LG00	2193045	2195066	147.504460666667
LG00	2195378	2196317	51.4406226666667
LG00	2197054	2198189	13.5168466666667
LG00	2198456	2200228	33.1245803333333
LG00	2200305	2204615	25.286098
LG00	2204592	2206625	60.9729793333333
LG00	2206871	2209952	30.653086
LG00	2210124	2211557	133.091751
LG00	2211794	2213739	39.4860673333333
LG00	2214122	2216237	26.0162603333333
LG00	221613	222952	1.99942533333333
LG00	2216245	2218147	68.389361
LG00	2218391	2220543	51.5610566666667
LG00	2220507	2223058	27.1216996666667
LG00	2223159	2226120	14.956447
LG00	2226200	2228235	26.6932376666667
LG00	2228523	2229623	22.8242063333333
LG00	2229800	2239926	32.5268963333333
LG00	223871	224308	1.75502466666667
LG00	2240365	2242566	589.367086
LG00	2242917	2243684	38.734421
LG00	2243911	2244693	272.839925333333
LG00	2245193	2251241	69.4608283333333
LG00	2251890	2254878	14.451757
LG00	2255441	2256344	192.715057333333
LG00	2256794	2263987	94.7268753333333
LG00	226306	236418	0.892242666666667
LG00	2264488	2266361	53.4670103333333
LG00	2266715	2267551	100.482716666667
LG00	2267718	2271103	15.826607
LG00	2271380	2276376	26.8011393333333
LG00	2276638	2277667	31.8210163333333
LG00	2277961	2283068	8.62274766666667
LG00	2283134	2283583	25.6996893333333
LG00	2283825	2284987	32.9800466666667
LG00	2285238	2287699	51.0335376666667
LG00	2287942	2293678	54.310523
LG00	2294118	2295277	28.8307293333333
LG00	2295455	2299106	34.650233
LG00	2299670	2300516	14.0923656666667
LG00	2300908	2302675	28.2135666666667
LG00	2302795	2304436	17.6524796666667
LG00	2304459	2307355	17.853681
LG00	2304497	2305288	10.1125133333333
LG00	2307428	2308472	55.687972
LG00	2309113	2310899	233.560292333333
LG00	2311291	2315614	393.865651666667
LG00	2315776	2316054	1.116104
LG00	2316425	2317732	27.053217
LG00	2318170	2319518	57.093712
LG00	2319837	2321096	58.7066106666667
LG00	2321192	2322501	8.319268
LG00	2322799	2323671	2.87069366666667
LG00	2323739	2324662	21.336275
LG00	2324830	2326443	25.8077183333333
LG00	2326611	2328724	89.8529486666667
LG00	2329252	2330311	19.1569943333333
LG00	2330364	2332622	30.1814423333333
LG00	2333410	2334417	8.91349666666667
LG00	2334468	2335829	7.39304233333333
LG00	2337104	2338223	23.772849
LG00	2338226	2344315	9.06544366666667
LG00	2344363	2345846	8.01162733333333
LG00	2346013	2355093	11.387282
LG00	2355180	2356559	39.489602
LG00	2357174	2358877	7.271178
LG00	2359184	2360018	893.966084666667
LG00	2360078	2362374	16.944285
LG00	2362658	2365350	3.53364766666667
LG00	2365692	2366341	5.26683866666667
LG00	2366392	2367356	6.7238
LG00	2368077	2370608	25.0422526666667
LG00	2370769	2374589	68.430191
LG00	237215	242337	0.995080333333333
LG00	2375339	2378754	7.559495
LG00	2379099	2382131	12.112978
LG00	2382144	2383156	9.184207
LG00	2383191	2384764	105.956560666667
LG00	2384876	2386383	81.8891983333333
LG00	2386466	2386828	45.085243
LG00	2387425	2394897	7.04556033333333
LG00	2394940	2396960	13.1991573333333
LG00	2397617	2401218	18.4057426666667
LG00	2401553	2404992	78.113322
LG00	2405112	2407029	25.9213396666667
LG00	240553	242402	0.0116126666666667
LG00	2407227	2411068	21.2127703333333
LG00	2411262	2412573	11.632917
LG00	2412600	2413828	0.796226
LG00	2413177	2415066	7.777557
LG00	2415109	2416224	36.5277583333333
LG00	2416360	2416939	41.7984616666667
LG00	2420368	2423357	40.6510453333333
LG00	2423490	2431124	10.4544523333333
LG00	2431515	2433462	5.375326
LG00	2434275	2436217	13.3649266666667
LG00	2436540	2439677	82.4554013333333
LG00	2439746	2441253	29.137816
LG00	2441866	2443447	24.1687093333333
LG00	2443349	2443945	7.27133333333333
LG00	2443972	2446283	70.112928
LG00	2446368	2449931	14.881056
LG00	2450076	2451234	25.6267436666667
LG00	2452227	2453960	30.746141
LG00	2454308	2458147	52.542834
LG00	2458184	2459570	49.0702413333333
LG00	2459649	2460366	60.3388213333333
LG00	2460490	2461738	208.676941
LG00	2462133	2463822	3.052677
LG00	2463868	2467334	24.9649693333333
LG00	2468214	2469320	4.41179966666667
LG00	2469370	2472702	51.5421663333333
LG00	2472892	2476655	54.5975863333333
LG00	2476941	2478067	62.8996903333333
LG00	2478244	2479322	78.494919
LG00	2479432	2480890	47.6927603333333
LG00	2480954	2484599	38.296819
LG00	2484964	2486355	65.8470956666667
LG00	2486729	2491259	122.291092
LG00	249020	249751	0
LG00	2491628	2492797	131.256693333333
LG00	2493134	2494829	26.7074813333333
LG00	2494869	2497654	7.762992
LG00	2497910	2500503	6.906021
LG00	2500774	2504247	64.4777173333333
LG00	2504285	2507268	37.4406203333333
LG00	2507477	2508403	1013.65201833333
LG00	2508741	2511788	25.429156
LG00	2511815	2513167	42.4254316666667
LG00	2513553	2515471	22.3084036666667
LG00	2515788	2518027	13.5552573333333
LG00	2518158	2521140	41.4468433333333
LG00	2521777	2524055	24.0603556666667
LG00	2524490	2526624	22.819493
LG00	2526624	2529754	25.571444
LG00	2529837	2530705	143.338272333333
LG00	2530855	2532600	39.0924606666667
LG00	2534680	2536407	0.287929
LG00	2537759	2538795	258.473276666667
LG00	2538858	2539510	3.59620366666667
LG00	2540087	2541319	22.863199
LG00	2541741	2542912	177.102295
LG00	2543488	2545349	27.8883176666667
LG00	2545614	2550406	22.388686
LG00	2550534	2551087	193.094482666667
LG00	2551147	2552737	24.697642
LG00	2552779	2555074	26.7712813333333
LG00	2555262	2557242	25.6178616666667
LG00	2557373	2557688	92.75117
LG00	2557781	2559170	70.1242116666667
LG00	2559221	2560881	1.12825733333333
LG00	2560942	2562482	11.5097753333333
LG00	2562475	2569536	9.874831
LG00	2572163	2574646	22.3143456666667
LG00	2575103	2576212	113.618728666667
LG00	2576774	2577968	29.3577473333333
LG00	257719	258948	0
LG00	2578464	2579387	55.0261166666667
LG00	2579777	2580353	502.367655333333
LG00	2580750	2583654	35.636397
LG00	2584208	2588793	49.1913476666667
LG00	2584271	2585806	3.167428
LG00	2588869	2589881	111.903399333333
LG00	2590018	2591700	51.0093126666667
LG00	2591978	2596436	86.9436393333333
LG00	2596739	2597309	65.451946
LG00	2597430	2599657	59.3595796666667
LG00	2599944	2600796	89.5050606666667
LG00	2601308	2603789	34.0600626666667
LG00	2603971	2605411	0.618336666666667
LG00	2605412	2607515	27.888776
LG00	2607536	2609726	8.45597733333333
LG00	2610115	2610610	0
LG00	2611452	2613489	95.2824886666667
LG00	2613614	2615450	64.754434
LG00	2617198	2618833	107.615895333333
LG00	2618858	2619983	36.8799006666667
LG00	2620367	2622241	34.9626746666667
LG00	2622408	2624412	23.828165
LG00	2624481	2625256	67.5674073333333
LG00	2625767	2628458	39.7851436666667
LG00	2628614	2630013	11.3332413333333
LG00	2630550	2632306	83.6994756666667
LG00	2632545	2634140	19.8881096666667
LG00	2634857	2636534	38.0768013333333
LG00	2636678	2638236	18.174453
LG00	2638599	2640678	16.028491
LG00	2640686	2642635	32.7580866666667
LG00	2643110	2645176	24.7407813333333
LG00	264415	267306	0
LG00	2645518	2647245	28.4902483333333
LG00	2647555	2648940	70.4734573333333
LG00	2649283	2650231	20.9665756666667
LG00	2650258	2651912	12.8063813333333
LG00	2651924	2654594	138.658731666667
LG00	2654873	2656383	33.1247993333333
LG00	2656500	2658295	2.63047166666667
LG00	2658700	2659766	218.818507
LG00	2660369	2661652	39.8382196666667
LG00	2664256	2667003	7.015657
LG00	2667299	2670678	14.041042
LG00	2670789	2673919	24.6899006666667
LG00	2674203	2678752	40.7045576666667
LG00	2678904	2679926	483.254577666667
LG00	2680002	2681212	29.3551573333333
LG00	2681430	2684204	16.0465556666667
LG00	2684575	2696688	5.601332
LG00	2696771	2699069	44.6743243333333
LG00	2699117	2703341	21.5090556666667
LG00	2703326	2704945	54.679053
LG00	270373	276297	0
LG00	2704999	2707105	36.835875
LG00	2707211	2709913	21.9277853333333
LG00	2710081	2711347	14.02819
LG00	2711862	2714649	57.1944796666667
LG00	2714949	2717542	52.5629566666667
LG00	2718071	2721451	120.926534
LG00	2721760	2723030	21.9010246666667
LG00	2723242	2729920	21.2370063333333
LG00	2732307	2734827	358.656280333333
LG00	2735410	2737031	37.1831206666667
LG00	2738876	2740621	44.910662
LG00	2741117	2742377	53.4738973333333
LG00	2743392	2745450	68.5571746666667
LG00	2745706	2747284	55.2401466666667
LG00	2747440	2756709	19.370311
LG00	2756752	2758795	83.919558
LG00	2758959	2760351	181.757568333333
LG00	2760487	2763017	5.26402866666667
LG00	2763334	2764281	0.312796
LG00	2764680	2767430	74.9702706666667
LG00	2767334	2769567	43.169815
LG00	2769646	2770526	10.9038826666667
LG00	2770695	2775201	23.024133
LG00	2775391	2776323	103.34361
LG00	2776484	2777280	83.3286183333333
LG00	2777349	2780007	13.551585
LG00	2780243	2780618	24.7284813333333
LG00	2780742	2781659	28.5820483333333
LG00	2785132	2789568	1.219189
LG00	2789653	2793974	19.7186006666667
LG00	2794139	2795009	44.6479413333333
LG00	2795069	2796730	138.547434333333
LG00	2797047	2799986	11.938646
LG00	2800434	2801244	3.816931
LG00	2802262	2803126	2.39555466666667
LG00	2803483	2804626	0.516095333333333
LG00	2805185	2806258	34.603773
LG00	2806651	2810235	22.2363846666667
LG00	2810281	2820957	12.932097
LG00	2821013	2822268	3.24301966666667
LG00	2822347	2824823	5.728888
LG00	2825454	2826192	209.185348666667
LG00	2826892	2830116	6.584274
LG00	2830481	2837994	21.4683176666667
LG00	2838935	2840548	26.3067026666667
LG00	2840728	2844815	95.4107843333333
LG00	2844923	2845861	871.929992333333
LG00	2846106	2846982	161.565989
LG00	2847072	2847536	80.7893523333333
LG00	2847772	2848559	65.8302253333333
LG00	2849061	2850734	29.645754
LG00	2851410	2852898	27.5015886666667
LG00	2853772	2854176	0.0952306666666666
LG00	2854304	2857119	30.4033433333333
LG00	2857520	2858065	0
LG00	2860202	2861567	44.2396696666667
LG00	2861820	2862427	11.9893543333333
LG00	2862685	2864325	17.304655
LG00	2864782	2866946	5.17677466666667
LG00	2867098	2867927	20.480668
LG00	2868387	2869516	78.005918
LG00	2869679	2871331	159.892354333333
LG00	2871746	2873762	62.538863
LG00	2875936	2879642	667.006734333333
LG00	2880179	2880642	0.199661666666667
LG00	2880877	2881250	0.0482696666666667
LG00	2881730	2886015	5.52329733333333
LG00	2886112	2888532	28.700278
LG00	2888517	2889379	13.0880463333333
LG00	2889666	2891551	40.521379
LG00	2891785	2892721	97.817126
LG00	2892878	2893972	153.170191333333
LG00	2894290	2897142	1.65787733333333
LG00	2898228	2900394	14.527366
LG00	2904159	2910327	18.972167
LG00	2910454	2911828	507.786601
LG00	2912018	2912763	112.783114333333
LG00	2913029	2913666	35.3538576666667
LG00	2913750	2917557	35.2991943333333
LG00	2917626	2918136	238.614471
LG00	2921103	2938907	0
LG00	2943704	2945131	0
LG00	2948065	2956077	0
LG00	2976427	2977224	0
LG00	2982933	2984542	0
LG00	2985818	2987380	0.320158333333333
LG00	2987715	2990608	76.9454983333333
LG00	2990657	2994203	19.6555983333333
LG00	2994369	2996020	1.17313233333333
LG00	2996253	2997225	97.673477
LG00	2997304	2998663	6.62524166666667
LG00	2998933	2999444	236.255463
LG00	2999598	3000304	26.6858666666667
LG00	3000335	3000870	1.286921
LG00	3001671	3004721	17.0046646666667
LG00	3004794	3010147	1.855426
LG00	3010744	3011782	1.317748
LG00	3012264	3013297	16.015734
LG00	3014056	3015303	830.750630666667
LG00	3015420	3017071	30.402644
LG00	3017325	3018112	14.871063
LG00	3018429	3018820	0.0631036666666667
LG00	3021723	3022415	0
LG00	3022889	3023573	0.292044333333333
LG00	3023809	3025637	1.97104733333333
LG00	3025904	3030686	15.2439146666667
LG00	3034075	3037468	31.374626
LG00	3037556	3042500	54.7406626666667
LG00	3042684	3043270	0.00754933333333333
LG00	3044090	3049249	4.23783033333333
LG00	3049721	3052471	14.5307966666667
LG00	3053544	3056466	11.476077
LG00	3056897	3058774	11.7807536666667
LG00	3059519	3061276	2.643442
LG00	3060961	3062726	81.02608
LG00	3063274	3065124	35.3908716666667
LG00	3065344	3068443	100.486323
LG00	3068551	3069554	21.035979
LG00	306936	307544	0
LG00	3070651	3071642	0.501695333333333
LG00	3072107	3073695	5.107718
LG00	3074492	3076961	8.26347433333333
LG00	3079349	3082867	5.524863
LG00	3083186	3084322	0.875205333333333
LG00	3086930	3087743	0.888517666666667
LG00	3087788	3088292	0.130757333333333
LG00	3089099	3089833	0.158529333333333
LG00	3089295	3089806	0
LG00	3090251	3094246	7.92224366666667
LG00	3094424	3096596	16.53383
LG00	3097830	3099387	568.830871333333
LG00	3100338	3103288	5.3082
LG00	3103410	3106994	9.20761366666667
LG00	3107357	3109204	47.596944
LG00	3109567	3111554	0.234188666666667
LG00	311369	315588	0
LG00	3114207	3114651	26.0208363333333
LG00	3117640	3118459	0.158965
LG00	3119682	3121047	2.98258433333333
LG00	3121199	3125338	0.126141333333333
LG00	3125692	3127227	0.763266333333333
LG00	3127487	3127918	27.9021473333333
LG00	3129393	3132376	32.7595393333333
LG00	3137396	3140731	0
LG00	3143446	3145985	0
LG00	3159627	3160130	0
LG00	3165700	3168353	0
LG00	3168649	3169456	0.363611333333333
LG00	3177278	3178835	0.495428
LG00	3179482	3184757	26.282447
LG00	3185080	3185902	8.134936
LG00	3186036	3190878	16.1176316666667
LG00	3191035	3192148	14.5491293333333
LG00	3192252	3194228	12.2395826666667
LG00	3194614	3194957	5.503139
LG00	3195825	3198632	25.9696996666667
LG00	3198989	3200388	0.43643
LG00	3202417	3205495	58.556441
LG00	3206858	3209400	0.619581333333333
LG00	3210296	3213294	4.402674
LG00	3214531	3215271	14.854566
LG00	3215379	3221502	19.5841383333333
LG00	321798	323000	0
LG00	3221870	3223780	76.9843953333333
LG00	3224337	3226588	22.0936266666667
LG00	3227035	3227737	0.105919
LG00	3229072	3232977	66.2132366666667
LG00	3233099	3235238	0.5821
LG00	3233248	3234306	0.139098
LG00	3240131	3241371	73.597458
LG00	3241650	3251231	93.7482706666667
LG00	3251624	3252517	1.51063733333333
LG00	3252775	3253297	0
LG00	3256171	3260390	0
LG00	3263704	3265475	0.149490333333333
LG00	3265563	3266738	0.061709
LG00	3266813	3268619	2.697461
LG00	3268887	3271348	1.89400033333333
LG00	3271439	3272812	658.592692
LG00	3272940	3274300	98.8262203333333
LG00	3277831	3284301	35.170635
LG00	3284963	3286435	18.2280493333333
LG00	3287345	3290665	18.5945283333333
LG00	3290942	3292891	8.08075066666667
LG00	3295369	3296856	0.163323
LG00	3296858	3302703	22.957993
LG00	3303454	3305029	0.296918666666667
LG00	3305013	3307266	61.5039243333333
LG00	3308207	3310243	7.45339833333333
LG00	3310430	3311833	473.933634333333
LG00	3312153	3313526	866.004801333333
LG00	3313614	3314462	38.5924683333333
LG00	3316134	3317665	11.3924526666667
LG00	3318284	3320181	0.0961436666666667
LG00	3321552	3323770	0.0110703333333333
LG00	332550	333260	0
LG00	3326131	3328529	0.812791333333333
LG00	3329693	3331541	13.7732836666667
LG00	3331727	3333421	1.30825666666667
LG00	3333772	3335225	253.757771666667
LG00	3335491	3335852	0.303607333333333
LG00	3337206	3340690	0.532129
LG00	3341515	3342792	10.4646826666667
LG00	3345988	3354377	70.7913003333334
LG00	3355472	3358259	2.172258
LG00	3358909	3360700	0.908617
LG00	3361006	3361775	0.849685666666667
LG00	3361960	3362444	515.068329
LG00	3362688	3364317	192.853663
LG00	3364331	3365170	4.866191
LG00	33654	34499	6.71073933333333
LG00	3365706	3366129	1.279614
LG00	3368572	3369372	180.436365666667
LG00	3369816	3371408	190.270411333333
LG00	3371864	3373354	39.4859693333333
LG00	3373555	3374249	26.4841303333333
LG00	337408	339382	0
LG00	3374701	3379413	38.0811603333333
LG00	3381133	3382906	54.5451443333333
LG00	3383457	3384646	31.9999483333333
LG00	3386325	3387894	5.361168
LG00	3389190	3390911	0.761394666666667
LG00	3391466	3392688	5.05796566666667
LG00	3393403	3394748	0.867485666666667
LG00	3395550	3397511	11.0985966666667
LG00	3398278	3402978	0
LG00	3406478	3409699	0
LG00	3412776	3413671	1.937125
LG00	3414396	3417395	140.023249666667
LG00	3419514	3421017	1544.80826833333
LG00	3421350	3421786	0.0764926666666667
LG00	3422974	3424628	729.794352333333
LG00	3425606	3430041	50.4993606666667
LG00	3430315	3433109	13.721807
LG00	3434115	3435626	29.4712323333333
LG00	3435804	3436960	39.3638636666667
LG00	3437620	3438652	60.724626
LG00	343773	344363	0
LG00	3439616	3441104	2.161044
LG00	3441460	3443673	2.27301566666667
LG00	3444986	3445527	0.316786666666667
LG00	3445046	3445870	0.398249666666667
LG00	3446016	3448675	3.36549266666667
LG00	3448684	3450383	1.96663633333333
LG00	3449505	3451786	27.4651443333333
LG00	3451925	3454119	0.0395676666666667
LG00	34524	35859	0.028416
LG00	3455025	3457138	0
LG00	3463157	3465424	0
LG00	3475967	3476708	0
LG00	348815	349309	10.769007
LG00	3493072	3497248	0
LG00	349405	351403	11.0512233333333
LG00	3499504	3500671	1.056215
LG00	3500937	3502525	39.3430276666667
LG00	3502687	3505762	3.468233
LG00	3507488	3509163	0
LG00	3511828	3513782	14.155263
LG00	3514391	3515773	27.668581
LG00	351441	353647	4.017296
LG00	351447	353465	4.08070333333333
LG00	3516168	3517997	3.83805033333333
LG00	3518159	3520540	1.28617433333333
LG00	3520899	3521450	16.109161
LG00	3524022	3527203	0
LG00	353472	353736	0.0240943333333333
LG00	354252	358940	8.98882633333333
LG00	3553098	3556998	11.125625
LG00	3557823	3559332	39.2695146666667
LG00	3560286	3561267	0.952848666666667
LG00	3561524	3562679	3.119037
LG00	3569107	3570590	0
LG00	3571218	3571817	0
LG00	3575460	3575892	0
LG00	3593303	3594108	0.0228613333333333
LG00	3601863	3618668	0
LG00	361275	362052	0
LG00	3619273	3620719	0
LG00	3622653	3625600	12.9813103333333
LG00	362317	365662	0
LG00	3626139	3628937	4.89273533333333
LG00	3629721	3630239	0.185643333333333
LG00	36300	38652	2.317421
LG00	3632067	3633479	0.00731566666666667
LG00	3634906	3635295	0.176245
LG00	3635305	3636925	11.1946616666667
LG00	3637107	3638684	7.88065433333333
LG00	3639073	3641252	0.998557666666667
LG00	3644086	3648592	0.044916
LG00	3649087	3651094	0
LG00	3658659	3659072	0
LG00	365940	369392	0.215161333333333
LG00	3671549	3675972	0
LG00	3677105	3682579	0
LG00	3683563	3684026	0
LG00	3692213	3710188	0
LG00	371816	372407	0
LG00	3722181	3724736	0
LG00	3724806	3730993	0
LG00	373253	375964	0
LG00	3732617	3737688	0.763597333333333
LG00	3739105	3739647	3.57591266666667
LG00	3740922	3742058	36.2102383333333
LG00	3742387	3742758	0.0183446666666667
LG00	3743030	3746845	0.836453666666667
LG00	3752803	3754563	139.342534333333
LG00	3755369	3757201	0
LG00	3758800	3759699	0
LG00	385976	387519	0
LG00	401992	402421	0
LG00	403124	404969	0
LG00	40463	41936	2.15761066666667
LG00	417464	418283	0
LG00	419374	421702	0
LG00	422056	424360	0.0962216666666667
LG00	42627	43994	6.97168966666667
LG00	427455	429692	0.224231666666667
LG00	429891	430373	1.08346866666667
LG00	430476	434015	3.98675266666667
LG00	434546	435011	0
LG00	436291	438826	32.841582
LG00	438738	444239	10.155883
LG00	444324	445938	14.863836
LG00	446008	448452	13.1884486666667
LG00	448461	450631	23.340937
LG00	451538	455179	4.61083066666667
LG00	456161	460391	0
LG00	461938	463197	32.786214
LG00	463320	466433	19.8830406666667
LG00	466558	468021	39.586174
LG00	468714	469019	30.701708
LG00	469237	470976	1259.606445
LG00	471060	473861	36.438792
LG00	47301	49189	91.860031
LG00	507980	509734	0
LG00	50883	53102	4.86527733333333
LG00	510154	511554	0
LG00	529150	530169	0
LG00	53560	55677	0.581898666666667
LG00	540854	544918	0
LG00	551146	552357	0
LG00	561765	565100	0
LG00	57781	59360	0.466940333333333
LG00	580771	581566	0
LG00	587899	592731	20.9010316666667
LG00	592800	595557	21.8651673333333
LG00	595790	598640	29.043523
LG00	598878	600749	104.037786
LG00	601030	602833	7.934403
LG00	60191	62329	19.9531466666667
LG00	604902	606060	77.0401583333333
LG00	606398	608227	10.1418376666667
LG00	608665	609351	14.739596
LG00	609541	611851	68.0582226666667
LG00	612945	615352	17.089335
LG00	616075	618758	46.9043893333333
LG00	618950	624679	15.172827
LG00	624727	627341	39.381832
LG00	627771	630545	10.0699346666667
LG00	62799	63478	0.0887556666666667
LG00	630624	631085	89.6099546666667
LG00	631174	633946	11.0152756666667
LG00	634225	634649	170.919942333333
LG00	634792	635829	174.692108333333
LG00	635913	641589	18.2805966666667
LG00	641791	643559	278.766967666667
LG00	644623	648977	3.335733
LG00	649277	650215	0.238568666666667
LG00	650322	652554	87.6762493333333
LG00	652667	655241	34.9856783333333
LG00	655361	656552	50.1802383333333
LG00	65638	67671	1.19088433333333
LG00	656675	658843	45.335514
LG00	659010	660582	30.805428
LG00	660660	663557	87.7227606666667
LG00	663580	664802	2.81873133333333
LG00	664868	667869	39.8173143333333
LG00	669143	671396	88.381017
LG00	672989	674824	3.12551333333333
LG00	675406	677967	8.49885566666667
LG00	678564	679333	16.008902
LG00	679854	680771	98.4949163333333
LG00	681279	684715	38.8082656666667
LG00	684848	687550	11.5529073333333
LG00	68669	72730	15.0927853333333
LG00	687648	688074	0.610083
LG00	688080	690618	64.4777426666667
LG00	690674	692228	29.5066133333333
LG00	692358	698399	4.10878166666667
LG00	698402	699147	1.02594066666667
LG00	699519	701744	0.697176
LG00	702061	703948	4.96101166666667
LG00	704040	706155	20.4328696666667
LG00	706626	708119	1.141638
LG00	708173	708957	2.66981633333333
LG00	710591	711247	191.046030333333
LG00	711291	713108	3.63751766666667
LG00	713751	718618	2.33083
LG00	720082	720677	99.2559153333333
LG00	720851	722415	3.32367
LG00	723065	725647	1.86858833333333
LG00	725791	726643	2.34359466666667
LG00	726735	727897	1.68012966666667
LG00	728116	732534	30.8536906666667
LG00	72821	76315	7.44229566666667
LG00	733196	734956	15.2484986666667
LG00	734987	735628	136.025467666667
LG00	736994	741911	3.12789433333333
LG00	742350	746551	156.581919333333
LG00	747047	749628	28.345318
LG00	749906	750419	0.668353333333333
LG00	750512	751673	139.365524333333
LG00	753143	753967	1.30376166666667
LG00	754763	755898	0.634830666666667
LG00	756622	757541	625.072306333333
LG00	757767	760491	19.605629
LG00	760673	762091	65.548396
LG00	762677	764282	106.286524666667
LG00	76376	77597	6.53224533333333
LG00	764427	767790	26.1036643333333
LG00	767938	768981	22.8986003333333
LG00	769692	770049	0.0751143333333333
LG00	770374	771552	98.47288
LG00	771586	772173	4.67559833333333
LG00	772243	774252	1.31086133333333
LG00	773483	773928	0.022798
LG00	775852	776984	3.635601
LG00	775875	776867	0.515631333333333
LG00	77705	78463	0.168614333333333
LG00	777473	778522	31.5017363333333
LG00	778636	782849	9.71063366666667
LG00	783041	783545	0.800455666666667
LG00	784812	785905	1.046872
LG00	786596	787688	33.550111
LG00	788293	790660	48.0883713333333
LG00	790792	792103	44.0640313333333
LG00	792715	794046	35.0792873333333
LG00	794109	795189	59.302503
LG00	795389	797134	0.676886
LG00	797575	798262	0.970228333333333
LG00	798511	799502	20.62238
LG00	799651	802417	3.51667666666667
LG00	80162	82673	25.5951806666667
LG00	802603	803721	126.848951
LG00	803840	808985	43.8341623333333
LG00	809057	809400	86.3013303333333
LG00	809754	810834	14.492685
LG00	811188	814339	20.243531
LG00	815329	816635	14.6326326666667
LG00	816992	821324	1.38181133333333
LG00	821675	824476	8.14470566666667
LG00	824757	825136	0.0734946666666667
LG00	825243	826448	140.679814666667
LG00	826675	828945	51.1087633333333
LG00	82717	84824	6.01862166666667
LG00	828566	831223	5.39046766666667
LG00	831335	832206	0.361587333333333
LG00	832771	838467	10.978298
LG00	839739	840824	74.516988
LG00	841137	843145	20.6322516666667
LG00	843268	845932	16.3870233333333
LG00	846828	849340	5.431408
LG00	849530	853781	3.67016433333333
LG00	854289	856140	160.376124
LG00	856508	857313	54.748291
LG00	857703	858172	89.6496253333333
LG00	85791	86538	0.118769
LG00	858460	867182	5.67783866666667
LG00	867394	868215	33.8839113333333
LG00	868289	873068	59.3772013333333
LG00	87290	89167	0.609801666666667
LG00	873159	875073	11.8358413333333
LG00	875618	876275	0.374728333333333
LG00	876280	876787	0
LG00	877058	877667	0
LG00	877900	879072	34.5465246666667
LG00	879495	883098	28.1470466666667
LG00	883635	887995	9.19785266666667
LG00	888335	889182	2.79981066666667
LG00	889400	891471	1.594396
LG00	892104	895515	110.887669666667
LG00	896081	898171	9.52201633333333
LG00	898418	899306	8.81645666666667
LG00	899308	900811	15.97502
LG00	901317	904761	45.7254943333333
LG00	904913	906368	290.972686666667
LG00	906696	907080	0.134215
LG00	907126	908097	2.90296333333333
LG00	908111	910820	52.0940273333333
LG00	911093	921474	4.062292
LG00	91451	93835	0.535199
LG00	921699	923873	6.08262766666667
LG00	923875	925474	21.3325703333333
LG00	925617	928164	8.80598666666667
LG00	928148	930263	45.936751
LG00	930573	932199	525.935038333333
LG00	933068	934471	19.4101136666667
LG00	934664	936630	38.264413
LG00	936764	937998	417.858266333333
LG00	938054	941829	25.707475
LG00	942263	946954	55.679597
LG00	947282	951868	101.289428666667
LG00	952825	953901	0.737894
LG00	954258	955632	6.19890633333333
LG00	955996	957066	6.26004433333333
LG00	95668	96385	117.941965666667
LG00	957081	957623	0
LG00	958519	959079	0
LG00	961468	962250	0
LG00	96766	98112	20.0723166666667
LG00	981184	982392	0
LG00	98307	108152	1.466241
LG00	984667	986920	0
LG00	987991	988666	0
LG00	989911	990870	0
LG00	991362	992348	0
LG00	994103	994692	0
LG00	996460	998578	97.134674
LG00	999230	1002992	39.9775923333333
LG01	1000970	1002609	94.3792316666667
LG01	1002655	1004013	92.729375
LG01	100296	101408	1464.425415
LG01	1004065	1006965	19.836108
LG01	1007065	1010121	17.8334526666667
LG01	1010214	1010901	0.127867333333333
LG01	1012014	1013530	17.6339896666667
LG01	1013840	1016667	16.9242736666667
LG01	1016705	1018721	7.03303866666667
LG01	1018904	1025943	23.7354066666667
LG01	102202	102470	0
LG01	102503	106387	23.4684626666667
LG01	1026150	1029692	21.6307973333333
LG01	1029776	1036805	19.5734183333333
LG01	1036859	1038127	40.751354
LG01	1038307	1041394	47.431399
LG01	1041993	1045376	110.065061
LG01	1046081	1046991	112.823061666667
LG01	1047056	1050202	44.2902093333333
LG01	1050303	1052379	23.197356
LG01	1052407	1053807	24.335796
LG01	1054030	1054657	0.268879
LG01	1054823	1055102	0.128005333333333
LG01	1055583	1058214	8.05763533333333
LG01	1058425	1060670	8.86744766666667
LG01	1060815	1062538	16.0172576666667
LG01	1063197	1068511	18.8677596666667
LG01	1068724	1069922	41.3343033333333
LG01	106998	109813	1.47906966666667
LG01	1069992	1070995	2.14305966666667
LG01	1071621	1074133	68.316083
LG01	1075162	1077573	85.5930353333333
LG01	1077738	1078493	85.3366903333334
LG01	1078714	1081283	26.0963433333333
LG01	1081590	1082445	72.7519276666667
LG01	1082455	1083208	3.57262566666667
LG01	1083322	1086269	88.1932936666667
LG01	1086511	1092370	31.9969703333333
LG01	1092471	1093562	13.9577543333333
LG01	1093593	1094874	209.800979666667
LG01	1095136	1097438	90.137281
LG01	1097532	1104010	13.439709
LG01	1105556	1107831	19.1790856666667
LG01	1107864	1109267	29.5999113333333
LG01	110830	111942	3917.78686533333
LG01	1109312	1110932	48.5216953333333
LG01	1110985	1112684	30.841826
LG01	1112716	1113267	109.567901666667
LG01	1113291	1117730	18.1304086666667
LG01	1117858	1122696	255.632954666667
LG01	1123031	1123526	0.318884333333333
LG01	1124090	1126142	9.45387033333333
LG01	1126346	1130311	22.6163243333333
LG01	1130307	1131380	57.8605386666667
LG01	1131808	1135479	29.3779813333333
LG01	1135836	1138029	60.924024
LG01	1138352	1139420	527.085815333333
LG01	1139542	1140695	38.998028
LG01	1140776	1141736	36.4082463333333
LG01	11411	16331	0
LG01	1141784	1142325	57.5507443333333
LG01	114226	115002	0.107893333333333
LG01	1142445	1144529	12.6486056666667
LG01	1144748	1146196	35.8893076666667
LG01	1146534	1147793	1001.32434066667
LG01	1148514	1150486	12.404066
LG01	1150578	1152416	29.5517743333333
LG01	115246	117897	15.4790426666667
LG01	1152671	1153275	70.5464096666667
LG01	1153382	1155948	20.7524523333333
LG01	1155816	1157315	33.3341356666667
LG01	1157323	1158905	72.718005
LG01	1159207	1162012	39.8502806666667
LG01	1162305	1162962	132.992975666667
LG01	1163070	1169460	26.0116346666667
LG01	1169510	1174241	14.508174
LG01	1174378	1175888	3.106978
LG01	1176133	1178123	49.956239
LG01	1178230	1180766	9.62631433333333
LG01	118022	119110	50.5330313333333
LG01	1180823	1183790	63.2503776666667
LG01	1183819	1186395	8.507936
LG01	1185103	1186369	13.3034516666667
LG01	1186519	1189195	25.20123
LG01	1189191	1191336	38.7315356666667
LG01	1191506	1192173	239.668996
LG01	1192303	1193157	0.968769333333333
LG01	1193487	1195255	12.654354
LG01	1196289	1197348	892.097411666667
LG01	1197816	1200899	17.529728
LG01	120081	121755	0.0211963333333333
LG01	1201013	1201580	92.698789
LG01	1201711	1202859	24.2706303333333
LG01	1202998	1204440	11.672418
LG01	1204574	1205630	30.1357443333333
LG01	1205964	1207162	43.0795856666667
LG01	1207455	1208283	56.6371603333333
LG01	1208382	1209228	58.7038166666667
LG01	1209816	1215337	61.3607726666667
LG01	1215446	1223779	34.2107936666667
LG01	122295	123618	41.539047
LG01	1223925	1229086	85.373932
LG01	1229805	1230041	80.8209226666667
LG01	1230472	1231214	17.3916606666667
LG01	1231419	1232714	2.04614233333333
LG01	1232838	1234548	181.833216333333
LG01	1234577	1235282	556.771362
LG01	1235718	1237796	198.598663333333
LG01	1237880	1239234	25.865138
LG01	1239351	1241931	62.592669
LG01	1242151	1250075	14.5919736666667
LG01	124483	128951	12.680374
LG01	1250435	1253441	72.6652703333333
LG01	1254091	1257353	16.512523
LG01	1257584	1259801	35.159519
LG01	1260809	1262905	13.992785
LG01	1263660	1265159	265.387614
LG01	1265183	1270339	2.263334
LG01	1270927	1272674	48.215841
LG01	1272983	1273992	174.415715333333
LG01	1274168	1280486	97.3334963333333
LG01	1280569	1281907	129.076553
LG01	1281960	1283655	20.824657
LG01	1283753	1286198	16.6463093333333
LG01	1286299	1286988	70.7087896666667
LG01	1287019	1287460	25.266607
LG01	1288270	1290253	105.902371666667
LG01	1290232	1292593	130.967732666667
LG01	1293419	1295265	45.0827
LG01	1295326	1296343	39.6252363333333
LG01	1296466	1298856	273.572723333333
LG01	1299182	1307734	22.5231843333333
LG01	130327	132073	16.0359593333333
LG01	1308047	1309362	32.8356653333333
LG01	1310331	1313218	49.320478
LG01	1313229	1314625	0.565572333333333
LG01	1316184	1317708	56.9928816666667
LG01	1317905	1319508	23.634838
LG01	1319712	1321919	34.0189693333333
LG01	132112	134574	16.7867883333333
LG01	1322308	1325146	27.1141713333333
LG01	1325692	1326994	4.642488
LG01	1327145	1329448	74.717486
LG01	1329690	1330766	45.680715
LG01	1330992	1331710	714.222025666667
LG01	1331946	1332894	129.590673
LG01	1332965	1338762	15.780697
LG01	1339738	1343376	43.354327
LG01	1343554	1344521	39.8719506666667
LG01	1344593	1345496	25.3321086666667
LG01	1345600	1347450	94.5953926666667
LG01	1347959	1348644	40.987386
LG01	1348916	1349567	170.906245
LG01	1349685	1351488	128.420366666667
LG01	1351777	1355254	61.8371326666667
LG01	135509	137880	28.9322286666667
LG01	1355431	1357118	17.6900326666667
LG01	1357141	1358221	6.78961833333333
LG01	1358426	1362362	14.5786413333333
LG01	1362463	1373787	9.007648
LG01	1373989	1374474	248.536377
LG01	1374626	1375065	123.070078666667
LG01	1375364	1376756	19.2752863333333
LG01	1376813	1379839	18.484894
LG01	137944	142554	35.919581
LG01	1380073	1381904	18.549474
LG01	1383041	1385777	46.4031273333333
LG01	1386097	1388016	60.851897
LG01	1388693	1391159	27.9145296666667
LG01	1391177	1392469	130.522893333333
LG01	1392526	1395588	29.6283796666667
LG01	1395723	1396961	23.7932853333333
LG01	1397172	1401349	111.125333333333
LG01	1402195	1402867	1.66195066666667
LG01	1403523	1405761	85.215617
LG01	1405911	1409528	25.196003
LG01	1409665	1413493	34.9338236666667
LG01	1414081	1415744	43.0690996666667
LG01	1416789	1419283	104.087740666667
LG01	1419340	1425733	38.7241683333333
LG01	1425905	1427635	226.659871333333
LG01	1427728	1433192	36.5705963333333
LG01	1433514	1435864	8.59701666666667
LG01	143482	145119	3.99443733333333
LG01	1436202	1436844	69.3041433333333
LG01	1436993	1438821	323.266337
LG01	1441193	1442546	31.517758
LG01	1442849	1445569	118.411262333333
LG01	1445653	1447491	116.047798
LG01	1447595	1449213	141.736155333333
LG01	1449396	1450337	41.0261013333333
LG01	1450518	1450875	22.4857806666667
LG01	1451327	1454597	4.27486666666667
LG01	1454682	1455388	30.9162696666667
LG01	1455571	1458073	13.6017696666667
LG01	1457329	1458033	0.0210533333333333
LG01	1458130	1459792	26.3930866666667
LG01	1460323	1461230	31.8843693333333
LG01	1461203	1462197	4.965444
LG01	1462209	1464619	119.892611333333
LG01	146491	146806	0.0714503333333333
LG01	1466411	1470179	16.0103553333333
LG01	1470278	1474530	54.1596743333333
LG01	1475024	1481095	22.9357876666667
LG01	1481426	1483487	12.4159246666667
LG01	148198	152447	4.64714266666667
LG01	1483641	1484446	68.993586
LG01	1484698	1488281	16.716004
LG01	1488661	1490065	38.3114306666667
LG01	1490099	1491513	23.166356
LG01	1491906	1492968	42.129991
LG01	1493332	1494663	12.8436023333333
LG01	1494860	1497538	22.9896123333333
LG01	1497812	1499424	42.9087713333333
LG01	1499738	1502316	20.854627
LG01	1502511	1504417	204.576624333333
LG01	1504633	1507490	25.789095
LG01	1507575	1508456	26.136529
LG01	1509327	1509647	0
LG01	1510378	1513515	21.593378
LG01	1513865	1516951	10.9455453333333
LG01	1517045	1520200	25.9025716666667
LG01	1520238	1521981	37.304399
LG01	1522172	1523077	19.9637763333333
LG01	1523194	1523936	108.649595
LG01	1524015	1525421	38.428285
LG01	1525620	1528158	31.824782
LG01	1528262	1529169	25.0125376666667
LG01	1529331	1531775	13.877926
LG01	1531954	1534836	13.9740923333333
LG01	1535379	1537940	104.933342333333
LG01	1541012	1542651	0.320858333333333
LG01	1543082	1544888	10.7705526666667
LG01	1545113	1549026	39.65442
LG01	1549078	1550508	231.17747
LG01	1551134	1556808	9.741197
LG01	155301	155858	0.773875666666667
LG01	1556940	1557793	26.3447436666667
LG01	1557997	1559368	144.935485666667
LG01	155932	157591	15.3630646666667
LG01	1559551	1562848	48.3172366666667
LG01	1563237	1564990	182.771316333333
LG01	1565202	1566106	78.9041316666667
LG01	1566312	1568953	39.3756016666667
LG01	1569126	1569923	27.1816646666667
LG01	1570276	1571828	54.3160323333333
LG01	1571968	1575609	84.0396116666667
LG01	1576017	1579282	25.6223016666667
LG01	1579992	1582676	194.850662333333
LG01	1583928	1585703	59.698146
LG01	1586206	1588958	21.3491463333333
LG01	1589002	1591381	19.897189
LG01	1591676	1595137	12.3972166666667
LG01	159390	163055	0.177050666666667
LG01	1596830	1599372	98.5104696666667
LG01	1599597	1609724	21.0261376666667
LG01	1609924	1610325	60.3832716666667
LG01	1610798	1612511	46.606561
LG01	1612750	1615816	3.666198
LG01	1615916	1618227	56.628422
LG01	1618648	1620205	21.6618986666667
LG01	1620491	1623016	0.561962
LG01	1623689	1624678	94.2850546666667
LG01	1624706	1626365	51.1670646666667
LG01	1626826	1627899	0.433822666666667
LG01	1627980	1629014	22.1982746666667
LG01	1629136	1631470	8.33543866666667
LG01	1632456	1635772	8.704301
LG01	1635940	1637438	10.1416396666667
LG01	1637622	1638301	0
LG01	1639631	1640355	0.929972666666667
LG01	1640962	1642067	15.944778
LG01	1642136	1644590	91.5179466666667
LG01	1644649	1647657	22.5393793333333
LG01	1648426	1651461	39.2542646666667
LG01	1651612	1655499	23.4088633333333
LG01	1656173	1657787	2.46564
LG01	1658897	1665292	14.4779636666667
LG01	1665459	1673959	46.5225573333333
LG01	166866	168013	0
LG01	1674963	1677074	34.2818363333333
LG01	1677491	1679899	11.2200786666667
LG01	1680064	1681284	6.82567566666667
LG01	1681718	1682219	0.168546333333333
LG01	1682272	1684422	25.456576
LG01	1684462	1686056	17.1130826666667
LG01	1686875	1688145	0.571841
LG01	1689448	1693285	8.434088
LG01	1694187	1696991	215.078959333333
LG01	1697581	1698967	69.884425
LG01	1699203	1699637	46.0202573333333
LG01	1699894	1701965	14.844674
LG01	1702386	1703759	15.9457936666667
LG01	1704313	1707985	25.538559
LG01	1708021	1710201	18.2328943333333
LG01	1711865	1713734	8.96643733333333
LG01	171365	175825	0
LG01	1713969	1714538	0
LG01	1716341	1718198	27.9662033333333
LG01	1718347	1721310	20.5128366666667
LG01	1721584	1722121	7.506922
LG01	1722146	1724814	8.22603766666667
LG01	1725915	1729518	63.463427
LG01	1730282	1732310	9.70409766666667
LG01	1732419	1734013	5.13459666666667
LG01	1735126	1736689	32.7084693333333
LG01	1737468	1740712	12.007879
LG01	1741037	1742087	20.1223946666667
LG01	1742624	1750120	23.163714
LG01	1750535	1752702	3.100643
LG01	1756581	1758987	24.946696
LG01	1759292	1759937	233.700744666667
LG01	1760591	1762550	2.80223466666667
LG01	1762772	1765847	1.840195
LG01	1765967	1768260	19.0284173333333
LG01	1768283	1768679	0.866996
LG01	1768317	1769836	1.999041
LG01	1769712	1770369	0.417544
LG01	1770711	1771560	11.786175
LG01	1771811	1772579	27.6136616666667
LG01	1772740	1773156	357.537262
LG01	1773585	1774612	56.0385283333333
LG01	1774721	1775950	26.5525576666667
LG01	1776109	1778053	107.543205
LG01	1778374	1783450	30.5112216666667
LG01	178285	179672	0
LG01	1784102	1787451	8.80108333333333
LG01	1788192	1789081	600.403788333333
LG01	1789260	1791953	20.53755
LG01	1792549	1795690	7.16116033333333
LG01	1797446	1798807	39.1873206666667
LG01	1799144	1800417	12.5076066666667
LG01	1800559	1802136	74.2162603333333
LG01	1802314	1804287	23.797066
LG01	1804306	1806700	11.3334403333333
LG01	1806701	1808107	45.3438823333333
LG01	1808466	1809652	59.7559243333333
LG01	180969	181924	2.167711
LG01	1809769	1810811	24.2702393333333
LG01	1810968	1815618	8.056632
LG01	1816134	1817730	203.703267333333
LG01	1817781	1819326	33.0061156666667
LG01	1819461	1820835	31.3413866666667
LG01	1822064	1822838	25.024829
LG01	1822941	1823692	229.513005666667
LG01	1824094	1825885	21.2820626666667
LG01	1825962	1830025	128.589947666667
LG01	1830300	1836705	8.08302766666667
LG01	1837498	1837858	0.0636616666666667
LG01	183751	202582	33.944392
LG01	1838450	1841184	59.1315093333333
LG01	1841654	1842533	99.9771883333333
LG01	1843215	1844371	80.5723626666667
LG01	1844424	1845897	8.182433
LG01	1846202	1850167	28.6059986666667
LG01	1850290	1850996	52.413441
LG01	1851321	1853651	32.593176
LG01	1853958	1857448	36.1067213333333
LG01	1858845	1860956	0
LG01	1861312	1862791	20.964697
LG01	1863379	1864854	84.7875926666667
LG01	1864750	1866520	93.788007
LG01	1866945	1871367	21.9094136666667
LG01	1873081	1876881	17.9985213333333
LG01	1876983	1880944	17.8385503333333
LG01	1881059	1882792	28.3990243333333
LG01	1883821	1885135	12.9825726666667
LG01	1885438	1887446	18.8654896666667
LG01	1888239	1888845	99.3819606666667
LG01	1889023	1890038	32.261935
LG01	1890171	1890714	0.0829113333333333
LG01	1892143	1892893	0.123629
LG01	1893221	1895748	19.8112796666667
LG01	1895876	1896877	98.325221
LG01	1896985	1898776	22.4597746666667
LG01	1899026	1901985	154.7444
LG01	1902102	1913782	8.233472
LG01	1913981	1921705	3.64782366666667
LG01	1922384	1922919	0.524770333333333
LG01	1926546	1927225	0.222085666666667
LG01	1927056	1927917	0
LG01	1928230	1944747	2.69418766666667
LG01	1944808	1946374	14.6805033333333
LG01	1946488	1949943	10.2532393333333
LG01	1950224	1950803	1.55248766666667
LG01	1952540	1953856	3.21298733333333
LG01	1954240	1955412	82.47318
LG01	1955475	1961417	9.13051566666667
LG01	1960918	1965397	15.423165
LG01	1965624	1969273	34.393533
LG01	1969906	1970665	12.6253316666667
LG01	1971991	1973704	57.1948356666667
LG01	1973945	1975099	23.2498283333333
LG01	1975213	1978110	1.047958
LG01	1980251	1981205	0.494181333333333
LG01	1981797	1982499	0.133401333333333
LG01	1982101	1982531	0
LG01	1982605	1983366	0.0176073333333333
LG01	1983597	1985839	151.031702666667
LG01	1986997	1989497	37.8639653333333
LG01	1989929	1991872	22.6089733333333
LG01	1992839	1995777	11.6477536666667
LG01	1996148	1997264	12.0014876666667
LG01	1998147	2000375	13.0197823333333
LG01	2000615	2001254	0
LG01	2001364	2003971	3.53213033333333
LG01	2004154	2008336	27.6621276666667
LG01	2008449	2010674	64.55866
LG01	2011354	2011836	0
LG01	2013099	2016048	53.9740093333333
LG01	2016362	2019697	89.371231
LG01	2021244	2022326	0.410055
LG01	2022624	2022929	0
LG01	2023009	2028888	28.0429726666667
LG01	203929	205090	436.857707
LG01	2047835	2050382	0
LG01	2052631	2054202	0
LG01	205838	208245	115.845319
LG01	2068397	2072616	0
LG01	2075998	2080421	0
LG01	20815	21852	0
LG01	2088777	2089818	0.258412333333333
LG01	209005	261917	37.4309196666667
LG01	2091064	2093149	0
LG01	2101974	2104496	0
LG01	2120498	2122791	0
LG01	2122801	2123784	0
LG01	2124784	2127644	0.584908333333333
LG01	2128242	2131312	14.1724126666667
LG01	2131523	2132967	5.955328
LG01	2133119	2136564	34.620411
LG01	2136727	2137285	85.90581
LG01	2137847	2138506	7.53640766666667
LG01	2138553	2139649	20.9862846666667
LG01	2139737	2140292	211.388132666667
LG01	2140663	2143305	238.491770333333
LG01	2143373	2146255	20.3216966666667
LG01	2146394	2152965	8.52346333333333
LG01	2153071	2153538	102.539970333333
LG01	2153941	2155161	36.4716136666667
LG01	2155143	2157134	13.4684433333333
LG01	2157485	2159554	86.1165443333333
LG01	2160041	2161555	253.883275
LG01	2161927	2163616	17.3218193333333
LG01	2163672	2173034	16.295899
LG01	2173563	2174168	12.787753
LG01	2174274	2178455	14.8029266666667
LG01	2178638	2180194	9.262821
LG01	2180315	2185197	3.72494733333333
LG01	2185280	2186906	29.347683
LG01	2186985	2188184	33.4464473333333
LG01	2188364	2191822	40.4153773333333
LG01	2191937	2193444	49.4350623333333
LG01	2193804	2198989	15.8843176666667
LG01	2199257	2203863	13.5313356666667
LG01	2204449	2206547	44.8751756666667
LG01	2206612	2207012	0.379516333333333
LG01	2207162	2208148	5.379923
LG01	2208192	2209020	232.853576333333
LG01	2209786	2210962	2.94934066666667
LG01	2211386	2219740	8.976259
LG01	2219769	2221575	1.51810666666667
LG01	2221946	2223199	4.35048433333333
LG01	2223530	2229091	6.00609666666667
LG01	2229987	2231754	7.52033466666667
LG01	2231888	2234732	38.2827276666667
LG01	2235073	2236426	140.000991666667
LG01	2236477	2241488	53.5271973333333
LG01	2238855	2242046	15.5862323333333
LG01	2242220	2245748	10.9166773333333
LG01	2245872	2247807	48.9384143333333
LG01	2248023	2249678	6.03802133333333
LG01	2249705	2250701	47.4441543333333
LG01	2251045	2251419	422.946584
LG01	2251636	2253366	13.4707136666667
LG01	2253527	2256576	18.9698166666667
LG01	2256668	2257801	2.573402
LG01	2257724	2258761	19.627743
LG01	2258842	2259738	0.35313
LG01	2260134	2262564	44.331057
LG01	2263179	2267409	20.0073656666667
LG01	2267533	2270104	33.9668376666667
LG01	2270580	2271864	26.6001733333333
LG01	2271932	2275219	74.322062
LG01	2275324	2276359	188.628367333333
LG01	2276441	2277559	35.9400433333333
LG01	2277963	2279547	56.8512993333333
LG01	2279641	2280354	1.79222366666667
LG01	2280395	2281928	43.580648
LG01	2281988	2284061	8.84729966666667
LG01	2284161	2289881	68.574478
LG01	2290086	2290536	32.897725
LG01	2290771	2291334	33.1805023333333
LG01	2291925	2294547	60.2002053333333
LG01	2294782	2296628	422.857248666667
LG01	2296609	2299227	24.3772786666667
LG01	2299260	2302613	16.845492
LG01	2302777	2306392	43.0993146666667
LG01	2306489	2307900	22.5653296666667
LG01	2308028	2308842	3.770553
LG01	2308953	2312516	17.2738386666667
LG01	2313104	2315376	22.7392323333333
LG01	2316012	2316831	15.3859206666667
LG01	2317078	2317712	28.1824283333333
LG01	2317840	2319634	87.6232403333333
LG01	2319834	2320262	22.8758543333333
LG01	2320353	2327447	10.059105
LG01	2327588	2330222	63.594804
LG01	2330581	2332128	21.3173796666667
LG01	2332383	2336783	18.111743
LG01	2337160	2338404	1.16295333333333
LG01	2338436	2340860	193.831624666667
LG01	2340958	2343451	23.9837036666667
LG01	23435	24902	0
LG01	2343653	2345898	54.1666576666667
LG01	2346200	2349245	58.5829443333333
LG01	2349515	2350809	24.261776
LG01	2351194	2352732	20.9894663333333
LG01	2352881	2354552	341.771057333333
LG01	2355420	2358269	145.916432666667
LG01	2359400	2361156	195.605657
LG01	2362041	2368495	38.595946
LG01	2368638	2370232	240.835703666667
LG01	2370282	2371417	201.720962666667
LG01	2371577	2373732	53.31787
LG01	2373887	2376472	54.8596353333333
LG01	2376830	2378589	474.000244333333
LG01	2379086	2379585	0.797765666666667
LG01	2379633	2382580	70.313563
LG01	2382770	2384281	35.015316
LG01	2384481	2385516	36.3505186666667
LG01	2385581	2388338	38.971938
LG01	2388387	2389717	3.236944
LG01	2389774	2391864	252.462595666667
LG01	2392355	2392695	89.7856673333333
LG01	2392793	2395652	7.34579333333333
LG01	2395735	2398597	8.823061
LG01	2399941	2402999	46.7269633333333
LG01	2403181	2404153	73.830472
LG01	2404263	2404713	132.469431333333
LG01	2404885	2407115	10.4520003333333
LG01	2407262	2411050	55.2307063333333
LG01	2411073	2412911	18.4850896666667
LG01	2412986	2414697	28.137961
LG01	2414641	2416387	87.329829
LG01	2416530	2418681	14.4926076666667
LG01	2418841	2420328	25.877262
LG01	2420753	2429548	49.0287183333333
LG01	2430753	2437354	12.5975556666667
LG01	2437584	2440320	98.425649
LG01	2440765	2441527	28.406753
LG01	2441761	2445979	33.2121963333333
LG01	2446488	2452621	6.60922233333333
LG01	2452653	2454649	5.505107
LG01	2454726	2457657	9.030645
LG01	2458487	2459866	16.87169
LG01	2462564	2464408	264.992177333333
LG01	2465039	2465727	903.554382666667
LG01	2466031	2466652	24.0128846666667
LG01	2466714	2468151	26.342141
LG01	2468260	2471310	23.765815
LG01	2471482	2472932	30.141276
LG01	2474008	2475558	5.34928633333333
LG01	2476027	2477848	71.259069
LG01	2478260	2479111	170.591522
LG01	2479897	2482744	76.503807
LG01	2482785	2484543	17.0494416666667
LG01	2484590	2486356	5.316637
LG01	2486713	2488735	4.39495233333333
LG01	2488780	2489403	0.0301226666666667
LG01	2490407	2492088	260.026107666667
LG01	2492579	2495580	30.9175343333333
LG01	2497594	2500144	3.33891633333333
LG01	2500565	2504210	36.2034043333333
LG01	2504625	2505380	57.0183983333333
LG01	2505584	2508937	44.5871696666667
LG01	2509164	2509604	41.6835466666667
LG01	2509880	2511050	37.268004
LG01	2511150	2512173	2.23121166666667
LG01	2512665	2513401	106.019737333333
LG01	2513496	2516068	28.2183416666667
LG01	2516179	2517617	221.062062666667
LG01	2517708	2518235	57.4962146666667
LG01	2518868	2522590	43.3117483333333
LG01	2522957	2524572	77.8623503333333
LG01	2525324	2527521	576.519104333333
LG01	2527705	2531573	4.83582266666667
LG01	2531912	2533287	48.8561123333333
LG01	2533390	2534809	147.453618333333
LG01	2534819	2538707	40.2315686666667
LG01	2538704	2540841	43.2005883333333
LG01	2540899	2542365	105.193570333333
LG01	2542645	2546793	17.194498
LG01	2546855	2549298	9.98148833333333
LG01	2550508	2552086	25.9256363333333
LG01	2552349	2554531	57.1966973333333
LG01	2554580	2556810	40.273112
LG01	2557107	2559005	52.6266823333333
LG01	2559264	2563206	109.406489
LG01	2563384	2565153	410.48053
LG01	2566605	2569381	91.4426726666667
LG01	2569923	2571811	6.85729933333333
LG01	2572201	2573169	14.2668483333333
LG01	2573477	2575992	13.9340803333333
LG01	2576102	2578488	11.880885
LG01	2578771	2580219	50.9938036666667
LG01	2580401	2583195	25.1244353333333
LG01	2583282	2585125	18.714398
LG01	2585531	2587772	79.636978
LG01	2587899	2588746	51.555566
LG01	2588884	2594362	31.4036536666667
LG01	2594461	2595596	22.2523523333333
LG01	2595855	2597252	9.43826833333333
LG01	2597323	2598604	29.2044466666667
LG01	2598699	2600459	2.64528666666667
LG01	2601162	2603736	59.7099506666667
LG01	2604550	2605897	81.2542163333333
LG01	2606085	2607751	9.83943466666667
LG01	2607980	2609597	33.671051
LG01	2611436	2612240	152.419270666667
LG01	2612528	2613820	0.952193
LG01	2614162	2615746	44.2141153333333
LG01	2616505	2619376	67.789907
LG01	2619487	2622238	1.58722666666667
LG01	2622270	2624281	124.974731333333
LG01	2624639	2625680	5.97627866666667
LG01	2625766	2628300	30.3538176666667
LG01	2628700	2630911	12.5945073333333
LG01	2631489	2633475	38.107965
LG01	2634112	2638772	223.588384
LG01	2639066	2641013	48.5712713333333
LG01	2641751	2642509	1.61278466666667
LG01	2642791	2643708	138.767537666667
LG01	2643936	2647482	50.10029
LG01	2647498	2649290	1.060689
LG01	264846	266731	65.912501
LG01	2650169	2651612	76.3697053333333
LG01	2651703	2653970	29.8954316666667
LG01	2654088	2654927	19.8604423333333
LG01	2655003	2659021	21.915165
LG01	2659088	2660329	91.2079136666667
LG01	2660411	2662729	18.9256453333333
LG01	2663813	2665168	57.615363
LG01	2666011	2669976	35.9452466666667
LG01	266796	267596	0.372300333333333
LG01	2671228	2672831	24.80633
LG01	2672887	2675017	35.7925733333333
LG01	2676661	2678965	37.3042983333333
LG01	267684	271273	16.7205873333333
LG01	2679075	2680786	9.240654
LG01	2681064	2682972	36.565867
LG01	2683057	2687006	16.604845
LG01	2687186	2690177	55.5928293333333
LG01	2690748	2691668	8.58192233333333
LG01	2692401	2693931	9.054112
LG01	2694071	2695432	27.9038656666667
LG01	2695614	2703625	11.995048
LG01	2703763	2707433	10.8765943333333
LG01	2707649	2710069	483.683197
LG01	2711006	2715470	65.364454
LG01	271406	271924	91.2779186666667
LG01	2715629	2716465	106.412478
LG01	2716648	2718896	82.553673
LG01	2718937	2719709	260.655507666667
LG01	272104	272906	315.944997333333
LG01	2722231	2724247	121.266255666667
LG01	2724219	2727477	72.4895553333333
LG01	2727671	2730008	164.165720666667
LG01	2730708	2731357	0.139448666666667
LG01	2730899	2731362	0
LG01	273108	275922	0.717433333333333
LG01	2731832	2732216	17.9525643333333
LG01	2732610	2733874	18.5244636666667
LG01	2733889	2739151	40.0905913333333
LG01	2739248	2740763	120.883468666667
LG01	2740896	2743952	9.88194133333333
LG01	2744655	2745163	415.433258333333
LG01	2745666	2746590	4211.43326833333
LG01	2747198	2749494	1.61761866666667
LG01	2750715	2752577	135.025873666667
LG01	2752890	2756112	15.1224486666667
LG01	2756207	2758000	101.245750333333
LG01	2759002	2759985	32.1375923333333
LG01	2760203	2763941	51.0334473333333
LG01	276290	279414	6.30471933333333
LG01	2764008	2766104	76.354075
LG01	2769651	2774057	12.0789923333333
LG01	2774280	2775735	36.0457583333333
LG01	2775854	2777170	22.3069833333333
LG01	2777548	2779553	24.1265246666667
LG01	2779848	2780380	106.626322666667
LG01	2780561	2781887	16.9907423333333
LG01	2782251	2785862	55.9974796666667
LG01	2786426	2787580	0.332780666666667
LG01	2787669	2794133	12.3996696666667
LG01	2794170	2795243	25.403539
LG01	279480	281235	33.2179423333333
LG01	2795533	2796743	443.716929
LG01	2796786	2797723	45.7910663333333
LG01	2797746	2799791	66.475914
LG01	2800066	2801502	20.0407426666667
LG01	2801595	2805474	18.8555423333333
LG01	2805871	2807285	65.4219663333333
LG01	2807842	2811168	1.17328633333333
LG01	2811473	2813325	22.4573046666667
LG01	2813382	2814333	77.973633
LG01	2814329	2819600	13.403936
LG01	281896	283475	141.293599333333
LG01	2819713	2820080	72.6135306666667
LG01	2820266	2820742	123.272054
LG01	2821379	2823371	206.435699333333
LG01	2823614	2824913	63.8889413333333
LG01	2825057	2826336	165.503001
LG01	2826451	2827324	126.828717666667
LG01	2827551	2831451	67.6000136666667
LG01	2831587	2833353	87.4109726666667
LG01	2833628	2834453	118.458885333333
LG01	2834614	2836076	53.0390076666667
LG01	2836302	2839443	21.228992
LG01	283786	289311	15.1111076666667
LG01	28387	29137	0
LG01	2839487	2840078	0.685742666666667
LG01	2840059	2841646	8.72840133333333
LG01	2841290	2842380	0.0878223333333333
LG01	2843427	2846909	17.2535946666667
LG01	2848144	2850592	46.1123376666667
LG01	2850733	2853280	12.8087226666667
LG01	2853410	2857569	16.2991526666667
LG01	2857666	2858170	184.411962
LG01	2858374	2859742	32.425519
LG01	2859834	2863079	86.0204696666667
LG01	2863333	2867297	32.784443
LG01	2867418	2871808	8.09219466666667
LG01	2872236	2873820	0.116178666666667
LG01	2874722	2875110	0.3577
LG01	2875551	2879561	7.33382466666667
LG01	2880689	2881342	29.8116576666667
LG01	2882109	2883806	68.5755003333333
LG01	2883930	2885888	36.333706
LG01	2885991	2887195	459.021159
LG01	2887166	2891198	3.43672066666667
LG01	2890896	2893400	9.77405
LG01	2893523	2894078	6.74609566666667
LG01	2894246	2902487	27.611452
LG01	289469	291221	75.2550633333333
LG01	2902545	2903839	98.4699833333333
LG01	2903947	2904294	0
LG01	2904731	2905701	0
LG01	2904963	2905775	0.180039666666667
LG01	2906599	2908579	30.811385
LG01	2908769	2910497	9.06696333333333
LG01	2910603	2912667	22.34055
LG01	291239	292534	253.173421
LG01	2913088	2917423	14.2439626666667
LG01	2917537	2921534	5.30791866666667
LG01	2922485	2929857	34.7707073333333
LG01	2930037	2931125	29.7877926666667
LG01	2931155	2932447	20.5669676666667
LG01	2932580	2935245	12.7068763333333
LG01	2935232	2936221	527.179646666667
LG01	2936274	2938186	10.8507353333333
LG01	2938372	2940559	27.8342036666667
LG01	2940741	2941374	45.6937366666667
LG01	2941350	2943394	6.50292533333333
LG01	2943385	2944675	306.659871666667
LG01	2944421	2944902	0.0542523333333333
LG01	2944862	2945865	19.0708473333333
LG01	2947560	2954329	38.8085963333333
LG01	295339	298336	113.143303
LG01	2955435	2959197	38.5374296666667
LG01	2959456	2959894	357.83846
LG01	2960577	2963492	4.258087
LG01	2963874	2965645	30.3619283333333
LG01	2965833	2972352	15.2951506666667
LG01	2972449	2973740	1.05235166666667
LG01	2974806	2980340	33.520064
LG01	2980830	2981563	84.8872733333333
LG01	2982485	2983435	0.206356
LG01	298341	301325	48.1394246666667
LG01	2986285	2987087	17.5403156666667
LG01	2989037	2989834	39.0487543333333
LG01	2990802	2992449	11.3445146666667
LG01	2992829	2993982	0
LG01	2994814	2998173	19.4696323333333
LG01	2998294	3017058	21.1930026666667
LG01	301337	302894	10.084874
LG01	30189	31140	0
LG01	3019600	3020100	0
LG01	3020952	3023052	38.516455
LG01	3023125	3024446	8.36861133333333
LG01	3024805	3026477	120.374323666667
LG01	3026519	3029637	62.5069773333333
LG01	3026851	3027459	0.529442666666667
LG01	3030013	3030849	1.24847566666667
LG01	3030065	3030701	0.137268
LG01	3032871	3036566	197.426707
LG01	3037126	3038203	153.455907333333
LG01	303813	305293	16.229912
LG01	3038527	3043791	15.4365533333333
LG01	3045096	3046958	0.162765
LG01	3047482	3048244	4.181123
LG01	3048370	3052621	12.4691836666667
LG01	305340	307178	4.86004466666667
LG01	3054319	3058796	9.06420566666667
LG01	3059047	3060430	116.248171333333
LG01	3060555	3062773	4.23976766666667
LG01	3063521	3066216	8.09639566666667
LG01	3066263	3067184	1.24522433333333
LG01	3068464	3069670	0.0457033333333333
LG01	3070611	3071743	9.910534
LG01	3071954	3073198	114.088221333333
LG01	3073752	3076836	23.9759863333333
LG01	3078021	3081009	2.12280666666667
LG01	3081529	3082860	9.00611466666667
LG01	3083371	3085524	0.881007
LG01	3086874	3088646	1.59610266666667
LG01	3089024	3092234	4.82733833333333
LG01	3092636	3093249	17.289797
LG01	3093416	3095785	5.53766633333333
LG01	3096701	3100501	29.2723523333333
LG01	3100585	3103450	18.8687596666667
LG01	3104040	3105664	1.169467
LG01	3105896	3107318	4.897608
LG01	3108026	3110388	1.55670533333333
LG01	3111359	3112146	4.224616
LG01	3112187	3113028	1.29721466666667
LG01	3113047	3114339	21.2248663333333
LG01	3114484	3117679	26.7051473333333
LG01	3118941	3119990	3.41315966666667
LG01	3120022	3121821	5.63851866666667
LG01	3121890	3125121	2216.64241533333
LG01	3126215	3128624	26.020967
LG01	3128728	3129839	76.721181
LG01	3129968	3136806	2.43189133333333
LG01	3137989	3140009	4.86671833333333
LG01	3140577	3145626	14.9575136666667
LG01	3146175	3147541	1.23084133333333
LG01	3150013	3151517	0.190066
LG01	3151703	3154273	30.613964
LG01	3156224	3158340	140.025228
LG01	3159303	3160603	39.9992676666667
LG01	3161276	3161976	0
LG01	3161623	3162712	0.198046666666667
LG01	3162065	3162514	0.019348
LG01	3163466	3165393	12.8400216666667
LG01	316541	320760	0
LG01	3165630	3166400	1.23364766666667
LG01	3166954	3169169	224.707560333333
LG01	3169211	3170157	1.57321333333333
LG01	3178601	3179499	0
LG01	3190029	3190841	0
LG01	3204448	3205092	0
LG01	3206380	3207636	0
LG01	3240232	3241503	0
LG01	3260	4876	1.08474066666667
LG01	3261512	3262262	0
LG01	3262397	3263773	0
LG01	3269941	3273109	0
LG01	3275878	3278702	0
LG01	3280579	3282465	0
LG01	3282603	3284848	0
LG01	3285144	3289664	18.702495
LG01	3295313	3297447	0
LG01	3303974	3307799	0
LG01	3307998	3310791	0
LG01	33089	33978	0
LG01	3313024	3315074	0
LG01	331340	332078	0.0507146666666667
LG01	332387	333742	0.287811
LG01	3337244	3337927	0
LG01	334056	335480	45.9030813333333
LG01	3352413	3353192	0
LG01	3355390	3357608	0
LG01	335664	338979	124.944549666667
LG01	3360359	3362086	0
LG01	3383247	3385659	0
LG01	3390780	3395249	0
LG01	339828	340981	9.725538
LG01	3404295	3409609	0
LG01	3415025	3416380	0
LG01	3424688	3425074	0
LG01	3430850	3432061	0
LG01	343112	344997	1.06724266666667
LG01	3432916	3434880	0
LG01	34359	36505	0
LG01	3441855	3443505	0
LG01	3445243	3446487	0
LG01	3448268	3452758	0
LG01	345047	347442	18.2576396666667
LG01	3453646	3454206	0
LG01	3454763	3458648	0
LG01	3459939	3463081	0
LG01	3463474	3464052	0
LG01	3464068	3464799	0
LG01	3467255	3467870	0
LG01	3468035	3471878	0
LG01	3473946	3474965	0
LG01	3477224	3478159	0
LG01	348241	350112	27.9544
LG01	350243	350640	6.320832
LG01	3505916	3508877	0
LG01	350942	351227	44.0678813333333
LG01	3510113	3511567	0
LG01	351310	355221	73.9234136666667
LG01	3533170	3534023	0
LG01	3536556	3537402	0
LG01	3538386	3539330	0
LG01	3539579	3541480	5.26283566666667
LG01	3541619	3546008	27.4661946666667
LG01	3546034	3546962	13.0634576666667
LG01	3546987	3549056	31.415427
LG01	3549248	3552393	35.699472
LG01	3552964	3555575	17.087411
LG01	355676	359460	3073.98982733333
LG01	3558343	3559980	5.987576
LG01	3560022	3560635	36.033984
LG01	3561449	3561921	43.605582
LG01	3561970	3564974	39.4372606666667
LG01	3566194	3568052	16.2902743333333
LG01	3568319	3570120	10.6917436666667
LG01	3570126	3571365	29.4542033333333
LG01	3573153	3575676	80.9683433333333
LG01	3575744	3577232	114.734212333333
LG01	3577275	3578354	4.11641233333333
LG01	3578776	3579618	0
LG01	3580863	3581897	3.00228166666667
LG01	3582912	3585603	4.71113066666667
LG01	3586058	3586836	0.530666
LG01	3591355	3593413	4.536331
LG01	3593427	3593956	0.143360666666667
LG01	3594343	3595707	0.538615333333333
LG01	3596102	3598128	0
LG01	3598798	3600157	0
LG01	360432	361831	39.4302686666667
LG01	3615009	3618602	0
LG01	362073	363313	97.8529513333333
LG01	3628483	3631818	0
LG01	3633688	3651689	0
LG01	363719	364678	29.856243
LG01	365078	366752	2.08636866666667
LG01	3665423	3668283	15.3821526666667
LG01	3668357	3668752	0.407548666666667
LG01	367045	372571	28.10347
LG01	3672741	3674204	0.00844133333333333
LG01	3675055	3680953	29.572631
LG01	3680999	3685438	53.0286853333333
LG01	3686598	3690016	1203.044637
LG01	3690071	3691188	32.7612953333333
LG01	3691239	3694068	55.749822
LG01	3694416	3696994	2.56407666666667
LG01	3697220	3699749	5.82140033333333
LG01	3701288	3703636	6.956314
LG01	3704098	3704788	0.896551666666667
LG01	37045	38449	0
LG01	3706621	3712739	0
LG01	3714871	3715210	0
LG01	3725182	3725570	1.58725233333333
LG01	3725731	3726515	0.307903333333333
LG01	372602	374197	22.6822603333333
LG01	3739286	3759194	0
LG01	374780	375464	4.16740266666667
LG01	3761679	3763910	0
LG01	376737	377791	2.65938833333333
LG01	3770061	3771472	0
LG01	3771581	3774318	0
LG01	377833	381147	32.4511096666667
LG01	3779280	3781987	6.42550966666667
LG01	3782914	3785204	0.423904666666667
LG01	3785749	3786349	0
LG01	3786863	3788918	79.5787253333333
LG01	3789094	3793625	6.120228
LG01	3794241	3795916	88.6828996666667
LG01	3795966	3796753	29.9338766666667
LG01	3797417	3798190	762.100606333333
LG01	3798925	3802469	32.0810313333333
LG01	3802651	3804851	3.13908966666667
LG01	3806236	3808686	1.08247766666667
LG01	3809597	3810645	24.264767
LG01	3811108	3812263	0.0950016666666667
LG01	3812352	3816291	3.58786533333333
LG01	3812498	3813782	6.95042533333333
LG01	381392	382464	50.3884353333333
LG01	3816518	3818425	8.29460166666667
LG01	3818464	3819802	68.2607753333333
LG01	3819808	3821144	56.1941846666667
LG01	3821228	3823790	27.5345933333333
LG01	3823947	3825490	40.8728093333333
LG01	382527	384893	23.2175583333333
LG01	3825538	3828033	11.8341606666667
LG01	3828092	3829515	8.26599566666667
LG01	3830396	3831936	1.01837166666667
LG01	3833359	3834930	38.243586
LG01	3834995	3836590	0.384959333333333
LG01	3837517	3838998	53.5686533333333
LG01	3839387	3840878	37.921762
LG01	3841120	3844281	2.60005066666667
LG01	3844807	3848153	19.515789
LG01	3852796	3854273	1.48359733333333
LG01	3853262	3854274	0
LG01	385410	387936	9.00978333333333
LG01	3854518	3857812	58.9831226666667
LG01	3857803	3860933	100.756365333333
LG01	3861924	3862271	0.0640026666666667
LG01	3862864	3863820	0.157696333333333
LG01	3866237	3868199	1.05038466666667
LG01	3871061	3878790	0.210544666666667
LG01	38786	40070	0
LG01	387938	389350	100.007303666667
LG01	3880250	3881397	26.111648
LG01	3881788	3886892	78.107938
LG01	3887937	3891279	6.16872633333333
LG01	3891362	3892122	82.242597
LG01	3892347	3894125	24.9495956666667
LG01	389436	391757	16.3220386666667
LG01	3894427	3896355	2.08437066666667
LG01	3899103	3900696	5.81477266666667
LG01	3900754	3903026	71.2531636666667
LG01	3903442	3906129	44.087123
LG01	3907283	3908764	164.877380333333
LG01	3909606	3910977	4.65812033333333
LG01	3911541	3915437	55.9132763333333
LG01	3915450	3917237	21.4697576666667
LG01	3918230	3919085	19.521999
LG01	3919226	3921714	31.5587163333333
LG01	392013	393318	125.743184666667
LG01	3921954	3924062	8.06560333333333
LG01	3925248	3929528	19.4526706666667
LG01	3929786	3942227	28.605398
LG01	393635	395839	123.474632333333
LG01	3943166	3943889	0.333752666666667
LG01	3943890	3944532	0
LG01	3944692	3948401	44.6011123333333
LG01	3948659	3949154	0.111296333333333
LG01	3948668	3949589	3.812561
LG01	3950588	3951074	0
LG01	3950591	3951086	0.103483
LG01	3953152	3955104	8.52637466666667
LG01	3955383	3956494	560.130350666667
LG01	3956830	3957213	78.9506226666667
LG01	3957299	3957946	37.501424
LG01	3958021	3960346	35.0723063333333
LG01	3960507	3963364	19.3492673333333
LG01	396102	398875	6.01836866666667
LG01	3965203	3966954	12.0782716666667
LG01	3966978	3967498	12.2077496666667
LG01	3967650	3970257	15.3268013333333
LG01	3970741	3971071	0
LG01	3972474	3974424	13.1350463333333
LG01	3975248	3976865	9.264725
LG01	3977262	3978304	503.840566
LG01	3978536	3979710	18.2331016666667
LG01	3979764	3980940	264.273925666667
LG01	3981115	3984125	8.797491
LG01	3984256	3986427	118.163055333333
LG01	3987120	3988143	0.116368666666667
LG01	3988192	3989160	0.056613
LG01	3989364	3991337	2.09504466666667
LG01	3992141	3993369	39.4983533333333
LG01	399233	400927	29.2592046666667
LG01	3993396	3995687	16.2626636666667
LG01	3995722	3999852	14.521806
LG01	3999881	4001577	4.00078833333333
LG01	4001682	4005304	36.656455
LG01	4005640	4007420	87.0206453333333
LG01	4007555	4009013	114.596928666667
LG01	4009522	4012993	67.164533
LG01	401113	404148	28.9562243333333
LG01	4013207	4013847	0.097807
LG01	4014622	4018072	0.0666183333333333
LG01	4019369	4020465	37.4841713333333
LG01	4020665	4021816	723.05188
LG01	4022101	4027069	30.4934013333333
LG01	4027046	4027888	87.989611
LG01	4027901	4028442	41.0266776666667
LG01	4028494	4031833	118.184168666667
LG01	4032063	4035333	158.034317
LG01	4036555	4045307	15.3454753333333
LG01	4045512	4047046	20.3755396666667
LG01	404597	406523	34.1167896666667
LG01	4047121	4048600	82.0574466666667
LG01	4049834	4050678	3.86323033333333
LG01	4051595	4053169	48.243491
LG01	4053243	4054666	0.392115333333333
LG01	4054736	4057710	32.7826866666667
LG01	4057752	4059671	3.066799
LG01	4060300	4061188	16.814424
LG01	4061751	4062744	2.149091
LG01	4063249	4064776	134.442184666667
LG01	4065835	4068281	12.1537323333333
LG01	406910	407913	52.5820643333333
LG01	4069608	4070778	9.730315
LG01	4071792	4072899	10.79551
LG01	4073048	4078040	25.612038
LG01	4078049	4079245	10.804981
LG01	4079420	4080097	0.976977
LG01	4080566	4082449	65.7554536666667
LG01	4082835	4083495	29.6858673333333
LG01	4083796	4085197	26.246097
LG01	408487	409504	309.383962
LG01	4085180	4086899	2.337639
LG01	4087468	4089250	22.4882273333333
LG01	4089499	4091416	16.3574046666667
LG01	4091550	4092748	32.5328966666667
LG01	4092866	4093271	15.8876276666667
LG01	4093445	4094032	51.4917196666667
LG01	4094228	4095306	83.9442543333333
LG01	4095508	4096619	248.857050333333
LG01	4097345	4098026	18.5348936666667
LG01	409797	410998	2.69214333333333
LG01	4098180	4099437	273.481272333333
LG01	4099721	4102013	28.0917883333333
LG01	4102033	4103016	38.3836833333333
LG01	4103554	4107822	85.8414536666667
LG01	4108637	4110061	18.2410786666667
LG01	411034	413545	42.121156
LG01	4111247	4114369	43.6508306666667
LG01	4114477	4116627	30.8198833333333
LG01	4116834	4124129	25.9123146666667
LG01	4124982	4126214	24.6637923333333
LG01	4126239	4128309	19.7647836666667
LG01	4128533	4131231	22.19199
LG01	4131600	4132545	47.418443
LG01	4132784	4134756	41.5545526666667
LG01	4135284	4136780	1.34072066666667
LG01	4136786	4137515	1.471347
LG01	4138109	4142608	17.1661993333333
LG01	4143019	4149893	16.4422066666667
LG01	4149911	4151486	2.39882566666667
LG01	41499	44347	0
LG01	4151641	4153885	25.7778076666667
LG01	415189	416230	152.228139
LG01	4154499	4155703	1.06560733333333
LG01	4156392	4157318	10.4293353333333
LG01	4159378	4160593	469.957509333333
LG01	4160976	4161597	69.28936
LG01	4162212	4163939	24.3962876666667
LG01	4165553	4166670	0
LG01	4167011	4169772	41.6605543333333
LG01	4170136	4171938	40.5185333333333
LG01	4172156	4173371	10.9126213333333
LG01	4174166	4177310	4.76122466666667
LG01	4177731	4178932	0.829519333333333
LG01	4179134	4182219	66.2535463333333
LG01	418080	420205	40.9703343333333
LG01	4183141	4184545	7.64822133333333
LG01	4184795	4186884	59.847871
LG01	4187330	4190622	19.5439866666667
LG01	4190711	4191855	3.38057166666667
LG01	4192061	4194118	0.335798333333333
LG01	4194619	4195636	21.9931773333333
LG01	4196327	4197332	17.1735873333333
LG01	4197503	4199585	33.9211123333333
LG01	4199747	4201997	4.28517733333333
LG01	420355	422142	6.15899533333333
LG01	4203682	4206090	6.257946
LG01	4206185	4209158	118.586621666667
LG01	4210525	4211013	178.290451333333
LG01	4211197	4212158	24.5139566666667
LG01	4212212	4213979	234.444320666667
LG01	4214538	4215350	30.299106
LG01	4215950	4217439	678.135823666667
LG01	4217660	4221183	10.6103933333333
LG01	4221676	4224763	1.999086
LG01	4224811	4226475	2.31926966666667
LG01	422690	424662	20.680778
LG01	4227236	4229402	1.65500366666667
LG01	4229602	4232051	19.727829
LG01	4234099	4235264	3.65553333333333
LG01	4235391	4236783	36.5153273333333
LG01	4237625	4240479	23.5586833333333
LG01	4240601	4243439	18.0067106666667
LG01	4245459	4245851	33.7214673333333
LG01	4245996	4247409	39.9386663333333
LG01	424687	427576	15.1708536666667
LG01	4248125	4250683	60.605882
LG01	4250718	4252543	10.785182
LG01	4252644	4255452	225.981557
LG01	4256266	4258322	51.5891543333333
LG01	4258440	4259801	14.5890783333333
LG01	4259984	4260653	21.480498
LG01	4261155	4262176	386.013936333333
LG01	4262368	4263699	9.302748
LG01	4263750	4264602	77.5856526666667
LG01	4264956	4266655	55.913704
LG01	4267532	4270005	25.0588513333333
LG01	4270316	4271893	39.2647363333333
LG01	4272293	4276232	17.6957176666667
LG01	4276411	4279069	12.5104396666667
LG01	4279314	4281987	32.7267713333333
LG01	4282748	4284331	117.013483666667
LG01	4284412	4289300	29.943086
LG01	428556	430128	72.3866526666667
LG01	4289503	4290652	14.4881116666667
LG01	4290761	4296948	12.2263843333333
LG01	4298071	4301229	45.2079543333333
LG01	4301369	4302314	0.857290666666667
LG01	4302363	4304425	62.035104
LG01	4305763	4307404	1.87789466666667
LG01	4308050	4309982	91.6803283333333
LG01	4310285	4313376	45.396609
LG01	431056	432628	57.5648526666667
LG01	4313489	4316578	9.27151633333333
LG01	4316700	4319098	2623.59488933333
LG01	4319271	4321635	36.4071693333333
LG01	4322747	4326689	69.7239686666667
LG01	4326869	4328206	52.8977416666667
LG01	4328536	4331311	23.3126603333333
LG01	432861	433969	33.9257196666667
LG01	4331375	4332475	21.3129303333333
LG01	4332647	4337261	9.98739966666667
LG01	4337503	4338821	158.244888333333
LG01	4338831	4340286	78.847356
LG01	4340681	4342181	163.982808333333
LG01	434242	436531	2.22169933333333
LG01	4342619	4343864	150.443868
LG01	4344217	4345064	1.99404366666667
LG01	4345228	4346743	3.02905133333333
LG01	4346928	4350217	45.6712913333333
LG01	4350410	4351516	96.107386
LG01	4351621	4352685	2.50489633333333
LG01	4352885	4353880	12.0469723333333
LG01	4354491	4358649	15.6216416666667
LG01	4357249	4358416	36.7784553333333
LG01	4358685	4361975	64.3741363333333
LG01	4362519	4363831	14.392098
LG01	4364000	4365531	359.388275
LG01	4365616	4367848	9.52206266666667
LG01	4368101	4368877	0.0270756666666667
LG01	4369529	4371267	18.9196893333333
LG01	437091	439001	18.861562
LG01	4371247	4372073	65.7982776666667
LG01	4372188	4373420	4.007949
LG01	4373545	4377263	16.9507863333333
LG01	4378435	4383237	37.703181
LG01	4383961	4387175	52.6026496666667
LG01	4387265	4399273	17.5389223333333
LG01	439104	442690	17.4751733333333
LG01	4399388	4401204	353.325724333333
LG01	4401266	4402656	231.711527333333
LG01	4402686	4403939	1.37426733333333
LG01	4405314	4408171	25.146945
LG01	4408287	4410291	10.5223633333333
LG01	4410397	4412998	15.644217
LG01	4413325	4414668	11.9055566666667
LG01	4415250	4415816	120.389679333333
LG01	4416081	4418107	24.3808666666667
LG01	4419054	4422339	22.9440543333333
LG01	4422414	4425317	22.665413
LG01	4425895	4428338	13.274555
LG01	4428984	4430481	3.99005733333333
LG01	443105	444998	23.7996756666667
LG01	4432119	4433918	261.483805333333
LG01	4434141	4435178	181.10466
LG01	4436323	4438690	28.6853486666667
LG01	4439832	4442609	4.24569366666667
LG01	4442902	4444860	32.5634683333333
LG01	4444911	4446322	57.4544143333333
LG01	4446631	4449112	35.2334186666667
LG01	4449315	4452511	29.9290333333333
LG01	445210	446723	8.654793
LG01	4453078	4456935	38.655674
LG01	4456955	4457886	1.13312733333333
LG01	4459387	4460069	35.836968
LG01	4460082	4463997	23.2442973333333
LG01	4464942	4468761	287.223938
LG01	446773	449932	67.0184376666667
LG01	4469450	4471255	60.3247666666667
LG01	4472109	4473591	442.772583
LG01	4473663	4477020	9.57644566666667
LG01	4477076	4479514	143.486816666667
LG01	4479822	4480755	30.079785
LG01	4481174	4483734	225.404011666667
LG01	4483920	4486548	15.4326343333333
LG01	4487256	4488790	382.604868666667
LG01	4489790	4490532	46.985406
LG01	4490624	4492993	28.7676806666667
LG01	4493398	4494279	95.4871243333333
LG01	4494896	4496272	813.378865666667
LG01	4496528	4496879	69.8265583333333
LG01	4497521	4498503	509.991322666667
LG01	4498924	4500803	135.073395
LG01	4502518	4506145	128.999931333333
LG01	4506496	4508396	199.906829666667
LG01	4508593	4512229	170.933441333333
LG01	4513465	4514300	241.705505333333
LG01	4514748	4515811	47.4665943333333
LG01	451637	452602	55.8267336666667
LG01	4516519	4518532	59.302292
LG01	4518832	4521047	4.17908566666667
LG01	4522381	4524083	55.681118
LG01	4524239	4525349	26.8191986666667
LG01	4525524	4526022	135.946167333333
LG01	4526215	4526655	254.928990666667
LG01	4526770	4528222	19.612306
LG01	4528244	4530290	24.9534506666667
LG01	453062	454166	77.1289803333333
LG01	4530924	4533202	179.504211333333
LG01	4533312	4536194	9.60353266666667
LG01	4536227	4537903	15.9819956666667
LG01	4538701	4540586	25.644374
LG01	4540833	4541622	695.174703
LG01	4541846	4545903	124.307660333333
LG01	454333	454740	56.4249993333333
LG01	4546005	4548281	29.8975353333333
LG01	4548377	4549687	113.248105333333
LG01	4549676	4551775	41.6442286666667
LG01	4552136	4552955	11.3192673333333
LG01	4553093	4554729	8.617596
LG01	4555273	4559861	9.38382133333333
LG01	45559	46286	0
LG01	4559955	4567601	16.0705996666667
LG01	456721	459960	3.535025
LG01	4567896	4573371	8.409311
LG01	4573527	4576386	109.081179333333
LG01	4577346	4577838	1.98498966666667
LG01	4577884	4579566	0.166335666666667
LG01	4580668	4582158	10.5609833333333
LG01	4582203	4582903	53.2275326666667
LG01	4583183	4585489	179.55218
LG01	4585716	4589264	60.2547023333333
LG01	4589510	4590392	16.7090733333333
LG01	4590916	4591554	42.3788906666667
LG01	4591701	4592505	96.201978
LG01	4592681	4593463	61.0485483333333
LG01	4594080	4595275	139.656356666667
LG01	4595454	4598668	24.707847
LG01	4599220	4601225	51.261419
LG01	4601388	4604792	9.891095
LG01	4602791	4604662	0.022989
LG01	460413	461009	0
LG01	460498	462087	1.60896466666667
LG01	4605053	4609706	10.3934286666667
LG01	4610005	4611682	17.0639516666667
LG01	4611989	4613960	39.4312806666667
LG01	4614007	4615223	154.519322666667
LG01	4615384	4616452	36.1908826666667
LG01	4616584	4619920	14.6134723333333
LG01	4619998	4623289	31.2009513333333
LG01	462184	463096	430.678741666667
LG01	4623444	4624472	82.935656
LG01	4624614	4633708	32.4409386666667
LG01	463211	464159	32.1325003333333
LG01	4634152	4637324	8.72880966666667
LG01	4637730	4638129	0.577993
LG01	4638192	4640700	2.42031266666667
LG01	4640713	4642149	53.738097
LG01	464196	465688	110.811381
LG01	4642406	4643745	0.578740666666667
LG01	4644062	4644724	28.774865
LG01	4646027	4647965	44.5110866666667
LG01	4648180	4649377	17.3580473333333
LG01	4649562	4655341	10.3397456666667
LG01	465692	467915	21.2293933333333
LG01	4657240	4662059	20.1108336666667
LG01	4662121	4662867	36.9865036666667
LG01	4663010	4663689	158.859319
LG01	4663726	4665423	39.745706
LG01	4665431	4668337	33.538536
LG01	4668827	4669401	6.27454333333333
LG01	4669956	4672824	55.5879236666667
LG01	4673514	4674038	13.136901
LG01	4675230	4675930	52.240692
LG01	4676180	4682423	55.3365516666667
LG01	467991	469072	11.59338
LG01	4682782	4685858	47.1152003333333
LG01	4686109	4689541	50.7069563333333
LG01	4690812	4693170	9.27137633333333
LG01	4693176	4695355	75.6623026666667
LG01	469338	471705	19.4069296666667
LG01	4695942	4697522	122.984077666667
LG01	4697831	4699627	11.3924296666667
LG01	4699923	4701488	57.3811403333333
LG01	4701862	4705539	19.0389576666667
LG01	4706104	4709509	9.595541
LG01	4709633	4711179	55.5359176666667
LG01	4711340	4712667	31.7657946666667
LG01	4712827	4715775	53.718193
LG01	4715830	4717633	5.699842
LG01	4717777	4725519	11.8729526666667
LG01	4725678	4727402	11.3417023333333
LG01	4727471	4728291	48.454951
LG01	4728350	4729354	96.4788866666667
LG01	4729346	4732963	26.4469946666667
LG01	4732952	4737481	10.1424533333333
LG01	473382	476288	19.557557
LG01	4737794	4741249	36.5537923333333
LG01	4741988	4743461	14.7341206666667
LG01	4743709	4744286	134.908208333333
LG01	4744452	4747436	14.4492956666667
LG01	4747444	4748131	10.833076
LG01	4748136	4749981	15.785471
LG01	4750834	4752850	1521.40604633333
LG01	4753799	4756956	154.579091333333
LG01	4757345	4757904	507.478769666667
LG01	4758656	4760718	72.8195876666667
LG01	4760806	4761793	91.0331243333333
LG01	4762079	4764541	55.5102933333333
LG01	4764645	4767519	14.524024
LG01	476465	480061	27.235273
LG01	4767771	4769863	56.1805216666667
LG01	4769958	4773135	29.720191
LG01	4770776	4771920	1.477288
LG01	4773356	4776640	39.683618
LG01	4776806	4779160	23.159186
LG01	4782255	4782912	61.0482266666667
LG01	4783235	4784394	20.2736066666667
LG01	4784615	4785212	88.7258556666667
LG01	4785512	4789844	49.781479
LG01	4790282	4791512	20.2182503333333
LG01	4791881	4796866	74.123932
LG01	4797064	4800575	50.6359253333333
LG01	4800837	4801973	121.681340666667
LG01	480159	481252	2.37866266666667
LG01	480178	481252	1.60242166666667
LG01	4802266	4802636	503.626922666667
LG01	4803087	4804309	98.4992753333333
LG01	4804512	4805608	3.13405933333333
LG01	4806297	4810034	23.328202
LG01	48078	50086	0
LG01	4810172	4810930	54.0949796666667
LG01	4811100	4811762	47.580518
LG01	4811820	4813103	36.8108406666667
LG01	4813297	4817154	17.843269
LG01	4817316	4818855	22.4101773333333
LG01	481857	484805	56.469758
LG01	4819363	4826398	13.7429126666667
LG01	4826421	4827504	16.7705416666667
LG01	4828366	4829254	59.3418606666667
LG01	4829793	4833615	20.7229323333333
LG01	4833639	4834432	486.700256
LG01	4834999	4835288	0
LG01	4834999	4835512	0.130716333333333
LG01	4836272	4839063	9.96866666666667
LG01	4839166	4840890	44.7941246666667
LG01	4841611	4842204	2.897276
LG01	4842227	4844796	131.940302333333
LG01	4846333	4847655	42.0003026666667
LG01	4848171	4851815	21.0291266666667
LG01	4851933	4856821	24.0251316666667
LG01	4857045	4861973	8.40408033333333
LG01	4862440	4864363	155.466669666667
LG01	4864781	4865781	249.994562666667
LG01	486479	487635	36.0239946666667
LG01	4866407	4867934	35.306956
LG01	4868014	4870321	48.68374
LG01	4870437	4873416	54.074762
LG01	4871394	4875313	30.5779003333333
LG01	4875813	4879677	7.07078433333333
LG01	487821	489889	35.4243966666667
LG01	4879735	4881061	27.4921086666667
LG01	4881125	4882776	35.1041616666667
LG01	4882832	4883691	405.302724333333
LG01	4883793	4886379	11.9338553333333
LG01	4886439	4887303	31.256963
LG01	4887313	4888561	21.149056
LG01	4888817	4889829	53.8926456666667
LG01	4890058	4890705	41.7273853333333
LG01	4890841	4892527	24.5598983333333
LG01	4892850	4893470	50.7892366666667
LG01	4893567	4894784	16.6081976666667
LG01	4894785	4897273	123.323903333333
LG01	4897427	4900897	5.100069
LG01	4901187	4907796	51.438054
LG01	490607	491596	115.799517333333
LG01	4908064	4909619	79.487582
LG01	4909828	4911480	48.7276676666667
LG01	4911748	4912915	43.6760366666667
LG01	4913050	4914691	26.8215626666667
LG01	4915042	4916502	20.8718186666667
LG01	4917173	4919671	64.0315196666667
LG01	4919741	4920293	0.244630333333333
LG01	4920865	4921579	0.807814333333333
LG01	492100	494501	48.8480986666667
LG01	4921876	4926154	33.2865916666667
LG01	4927030	4928271	7.13877533333333
LG01	4928754	4931170	23.842992
LG01	4932628	4936082	42.958585
LG01	4936273	4938858	161.189010666667
LG01	4938954	4942445	14.565973
LG01	4942486	4945696	7.021098
LG01	4946250	4953826	7.551171
LG01	494723	496493	5.27967133333333
LG01	4953849	4955867	47.3502656666667
LG01	4956775	4958268	202.573440333333
LG01	4959223	4960415	1.26033933333333
LG01	4965175	4970205	19.609066
LG01	497078	498665	268.333333333333
LG01	4970891	4972494	65.161204
LG01	4972696	4974718	25.4086183333333
LG01	4975485	4977729	473.502797333333
LG01	4977864	4978279	52.110368
LG01	4978590	4982990	11.525468
LG01	4982408	4983825	33.5691833333333
LG01	4983824	4986199	58.4517466666667
LG01	4986307	4988673	23.7782383333333
LG01	498678	503265	36.8713123333333
LG01	4988747	4990665	20.6621786666667
LG01	4991190	4992960	41.3659716666667
LG01	4992991	4993510	48.4098483333333
LG01	4994364	4996573	2.00684733333333
LG01	4996966	4999295	5.04862
LG01	5000663	5001569	0.273264
LG01	5014714	5015830	0.031326
LG01	5016497	5017933	0.303248666666667
LG01	5019098	5021265	11.156767
LG01	5021325	5023713	81.638771
LG01	5023735	5026460	116.175715
LG01	5026716	5027599	208.459661
LG01	5027633	5031763	12.5308093333333
LG01	5031863	5032768	60.065024
LG01	5032875	5033710	15.6383413333333
LG01	503329	506579	34.4135233333333
LG01	5033716	5035906	26.3189923333333
LG01	5036028	5036563	161.471150666667
LG01	5036861	5041151	21.6760373333333
LG01	5041562	5042581	204.591446
LG01	5043121	5045504	61.7402713333333
LG01	5045603	5051607	11.6939983333333
LG01	5051751	5054654	37.416546
LG01	5054900	5055682	88.213605
LG01	5055760	5057036	6.677243
LG01	5057135	5057829	0.546605666666667
LG01	5058546	5060968	32.1390896666667
LG01	5061198	5064124	37.1312753333333
LG01	50628	52322	1.81922433333333
LG01	5064179	5064748	340.013194
LG01	5065412	5066181	0
LG01	5066530	5068256	29.371849
LG01	506658	508448	64.569744
LG01	5068274	5072541	7.23068633333333
LG01	5072603	5074435	57.78729
LG01	5075571	5078157	51.932724
LG01	5078543	5079228	5.25788266666667
LG01	5079773	5081575	4.08523633333333
LG01	5081623	5085704	13.1690896666667
LG01	5086132	5089025	145.295298333333
LG01	5089233	5091913	10.53047
LG01	509076	511636	101.952865333333
LG01	5091982	5093356	29.7201853333333
LG01	5094326	5099675	9.158332
LG01	5101478	5102562	0
LG01	5103862	5106508	0
LG01	5107749	5113098	6.91002933333333
LG01	5114364	5116497	6.17097066666667
LG01	5116595	5117359	1.95552933333333
LG01	5117625	5118360	39.804634
LG01	5118479	5119036	66.6218846666667
LG01	5119111	5121056	39.5177026666667
LG01	511911	513475	5.49430333333333
LG01	5121303	5123954	6.62220433333333
LG01	5124669	5125389	0.0465873333333333
LG01	5124686	5127459	24.748103
LG01	5127564	5128555	11.048467
LG01	5128619	5129221	117.352732333333
LG01	5129241	5129920	134.894572
LG01	5130086	5131477	14.82207
LG01	5131895	5133639	13.5867726666667
LG01	5133860	5136305	27.4247106666667
LG01	5136608	5138222	10.710815
LG01	5138982	5142854	87.139038
LG01	513967	514623	390.615193666667
LG01	5143301	5145141	32.9887736666667
LG01	5145217	5145982	40.5794626666667
LG01	5146079	5147272	74.877004
LG01	5147436	5149378	34.968126
LG01	514901	516252	42.350422
LG01	5149380	5151456	26.7300733333333
LG01	5152042	5153815	198.178406
LG01	5154227	5156803	19.1007713333333
LG01	5156937	5158745	47.981341
LG01	5158821	5163079	47.771395
LG01	5163179	5164409	57.4253196666667
LG01	5164607	5169515	425.832702333333
LG01	5169766	5172091	45.7893446666667
LG01	5172696	5178766	35.5661696666667
LG01	517277	518925	7.69504466666667
LG01	5179041	5181558	43.612629
LG01	5181655	5184615	41.0033163333333
LG01	5184620	5185575	7.40946866666667
LG01	5185687	5186387	58.707156
LG01	5186552	5190945	18.876476
LG01	5191113	5192322	39.786907
LG01	5192463	5196451	35.691813
LG01	5197386	5198337	25.078493
LG01	519862	521441	112.258712666667
LG01	5199426	5200511	12.368822
LG01	5201080	5203870	24.140441
LG01	5203904	5208691	11.5108286666667
LG01	5208997	5210325	20.9857236666667
LG01	5210448	5213908	16.799005
LG01	5215097	5221645	30.580573
LG01	521739	523456	41.2447803333333
LG01	5221846	5224937	17.2130323333333
LG01	5225107	5227017	9.378991
LG01	5227084	5229521	15.6709316666667
LG01	5229598	5231810	28.7876473333333
LG01	5231907	5232938	57.5676693333333
LG01	5233021	5234584	10.912793
LG01	5234678	5237141	7.285301
LG01	5237292	5241657	53.045677
LG01	524154	525055	13.0186146666667
LG01	5241786	5242867	29.652018
LG01	5243322	5246209	16.6648403333333
LG01	5246951	5253643	45.3339933333333
LG01	525208	526859	96.6103336666667
LG01	5253716	5254974	51.91885
LG01	5254998	5256287	32.049639
LG01	5257036	5258257	7.12263266666667
LG01	5259885	5261017	79.1207526666667
LG01	5262246	5264472	296.508738333333
LG01	5264800	5265819	265.686055666667
LG01	5266063	5268810	4.12150533333333
LG01	52687	53485	0.334803
LG01	5268869	5269608	52.7696596666667
LG01	5269609	5275527	24.6402186666667
LG01	527251	529356	41.7992566666667
LG01	5276554	5280304	34.0744156666667
LG01	5280614	5288740	20.186333
LG01	5288878	5289811	136.041326
LG01	5290091	5292115	16.9553286666667
LG01	5292489	5293592	23.3673246666667
LG01	5293691	5294296	188.235997333333
LG01	5294864	5295307	51.267034
LG01	529565	530270	12.9831343333333
LG01	5295761	5300613	107.216975
LG01	5301104	5302256	24.2938876666667
LG01	5302444	5304081	32.4795786666667
LG01	530521	534847	27.015253
LG01	5305502	5309162	40.0990676666667
LG01	5309427	5311430	12.1063573333333
LG01	5311561	5313525	111.449488333333
LG01	5314498	5317629	21.2471656666667
LG01	5317804	5321453	31.6904103333333
LG01	5321647	5322439	129.787709333333
LG01	5322643	5323074	4.07737333333333
LG01	5323139	5324013	75.2921243333333
LG01	5324747	5329428	19.949102
LG01	5329844	5330864	29.9779763333333
LG01	5330832	5335157	8.86296166666667
LG01	5335262	5337785	82.4168166666667
LG01	5338373	5341081	28.9694143333333
LG01	5341214	5342977	77.6471656666667
LG01	5343116	5346579	20.276572
LG01	5346728	5347754	53.4538913333333
LG01	5348529	5350791	59.653707
LG01	5351828	5352410	1.245065
LG01	535199	537796	17.7495386666667
LG01	5352513	5357244	50.4312223333333
LG01	5357283	5359620	25.4024783333333
LG01	5359647	5361693	13.9971086666667
LG01	5361813	5363616	16.5924833333333
LG01	5363842	5367002	39.532322
LG01	5367924	5370482	142.162053333333
LG01	5371003	5371828	446.080993666667
LG01	5372000	5373423	7.32023766666667
LG01	5373637	5374587	20.4953186666667
LG01	5374755	5375343	321.215820333333
LG01	5375561	5376681	17.42134
LG01	5376773	5377558	28.362187
LG01	5377680	5380100	18.7510613333333
LG01	537843	542011	8.338843
LG01	5380153	5383783	22.9063373333333
LG01	5384810	5387382	16.5164896666667
LG01	5387535	5395583	140.262466333333
LG01	5395780	5396794	28.0725773333333
LG01	5397095	5398026	19.7233543333333
LG01	5398310	5399663	70.3447266666667
LG01	5399839	5400170	238.959447333333
LG01	5400379	5403995	23.3486436666667
LG01	5404106	5405025	41.6747016666667
LG01	5405158	5406114	218.572301
LG01	5406356	5408965	19.955504
LG01	5409326	5411966	794.293294
LG01	5412052	5417009	165.560658666667
LG01	5414391	5418204	2.18893166666667
LG01	5418433	5418960	750.386962666667
LG01	5419275	5420351	46.6492663333333
LG01	5420495	5421888	26.997492
LG01	542151	543782	0.745812333333333
LG01	5421996	5423478	64.717569
LG01	5423675	5425716	18.542563
LG01	5426186	5427521	12.7575313333333
LG01	5427925	5433659	56.7174366666667
LG01	5433883	5435142	44.1304216666667
LG01	5435222	5438826	3.10877166666667
LG01	5439139	5441470	8.42470266666667
LG01	544167	546647	131.327336333333
LG01	5441741	5443620	21.227584
LG01	5444219	5444777	26.0909906666667
LG01	5445164	5445821	32.3367883333333
LG01	5445917	5449226	12.3549163333333
LG01	5450001	5453773	24.3444173333333
LG01	5454254	5455136	48.2114576666667
LG01	5455779	5458523	72.6173756666667
LG01	5459852	5460405	5.563716
LG01	5462870	5463622	0.207859333333333
LG01	5463626	5465596	324.099192333333
LG01	5465573	5467152	22.5026036666667
LG01	5467351	5468021	25.123041
LG01	5468660	5471527	80.8774283333333
LG01	546970	548730	6.599742
LG01	5472127	5474172	20.8674606666667
LG01	5474898	5475768	57.9957706666667
LG01	5475988	5478662	47.1808803333333
LG01	5478898	5482662	516.103230666667
LG01	5482788	5484364	16.6967486666667
LG01	5484498	5490146	9.048864
LG01	548858	549606	0.393021
LG01	5490514	5491384	18.698646
LG01	5491579	5492598	10.9070503333333
LG01	5492702	5495439	56.364596
LG01	5495594	5498150	103.447357333333
LG01	5498397	5507111	20.882467
LG01	5507374	5508219	33.1524843333333
LG01	5508441	5509570	27.4358136666667
LG01	5509655	5510466	99.58462
LG01	551011	555358	38.7020253333333
LG01	5510504	5512003	22.3773536666667
LG01	5512035	5514505	15.3579426666667
LG01	5515214	5515780	88.1454723333333
LG01	5515990	5517959	19.7939606666667
LG01	5519545	5521231	0
LG01	5525616	5526632	0
LG01	5554385	5556604	0
LG01	555444	560430	16.5286353333333
LG01	5559434	5561889	0
LG01	5565016	5569223	64.299652
LG01	5569476	5570480	307.025767
LG01	5570669	5573587	16.84289
LG01	5573594	5576128	33.7123386666667
LG01	5576397	5577994	115.205813333333
LG01	5578084	5580075	99.894531
LG01	5580411	5583432	57.496404
LG01	5582430	5583415	5.67157766666667
LG01	5583510	5586384	37.29172
LG01	5586448	5589500	49.6057486666667
LG01	5588	9968	0.286777333333333
LG01	5589624	5590263	150.861536666667
LG01	5590382	5594306	19.1343206666667
LG01	5594476	5596773	24.8492636666667
LG01	5597206	5598534	118.861712
LG01	5598732	5600886	11.4359596666667
LG01	5600983	5606428	9.92580666666667
LG01	560521	561600	2.55819633333333
LG01	5607432	5607795	0
LG01	5608182	5608776	288.980418
LG01	5609152	5610848	0
LG01	5611020	5611811	0
LG01	5612744	5616570	1.269227
LG01	5618225	5624904	20.1722783333333
LG01	561863	563727	19.4091066666667
LG01	5625345	5628559	15.9457716666667
LG01	5628756	5630537	15.4142873333333
LG01	5631719	5636406	34.0899603333333
LG01	5636437	5637571	20.612521
LG01	5637770	5639891	3.565546
LG01	563808	564714	168.457865333333
LG01	5640009	5642341	175.652877666667
LG01	5642403	5642890	45.153497
LG01	5643010	5645100	86.164149
LG01	5645302	5646234	256.061294666667
LG01	5646525	5647361	59.7114503333333
LG01	5647484	5653045	12.277011
LG01	565316	566103	540.303446333333
LG01	5653255	5656588	27.407411
LG01	5656824	5658066	49.14505
LG01	5658180	5665354	13.3958176666667
LG01	5665597	5667571	282.910166333333
LG01	566684	567207	53.325077
LG01	5667863	5668648	6.81992633333333
LG01	5668776	5670424	22.6309013333333
LG01	5670706	5671764	4.52864966666667
LG01	5672099	5673394	197.663808333333
LG01	5673533	5674998	5.832979
LG01	5675180	5680063	21.835366
LG01	567616	571092	68.007988
LG01	5680202	5683491	21.1990553333333
LG01	5683668	5686771	30.1911316666667
LG01	5687039	5688482	17.7552813333333
LG01	5689028	5689960	10.213474
LG01	5689962	5692089	6.21134933333333
LG01	5692286	5692942	0.196169
LG01	5693225	5702293	56.4662943333333
LG01	5702628	5703625	3.25892933333333
LG01	5704732	5705048	0.297912
LG01	5705623	5707996	16.5072283333333
LG01	5708206	5709465	364.042226333333
LG01	5709624	5711073	29.542003
LG01	5711327	5711973	90.3236996666667
LG01	5712391	5713688	48.6011493333333
LG01	5713943	5715410	11.623551
LG01	5715630	5716750	0.0815123333333333
LG01	5718551	5719650	22.6297926666667
LG01	5719794	5721648	32.8863123333333
LG01	5721663	5723955	13.2502926666667
LG01	5724260	5726717	11.8910706666667
LG01	5726874	5729087	48.8297453333333
LG01	5729422	5731526	11.910726
LG01	5731711	5734517	20.9392396666667
LG01	573448	575356	34.677339
LG01	5734816	5737645	8.05725433333333
LG01	5737928	5746242	26.87355
LG01	5746511	5748945	113.657236666667
LG01	5749068	5751726	11.488807
LG01	5752280	5753592	0.725066666666667
LG01	5754175	5755192	2.77173
LG01	5756353	5757240	10.247855
LG01	5758219	5761429	49.6688273333333
LG01	5761487	5763809	4.12087833333333
LG01	5764243	5766033	5.65115533333333
LG01	5766754	5768156	1.20471866666667
LG01	5768477	5770871	31.675235
LG01	577014	577956	699.887329
LG01	5771315	5772710	11.51374
LG01	5772861	5774312	18.931619
LG01	578562	579902	758.589864
LG01	5788517	5790132	33.2237623333333
LG01	5790133	5791841	13.47391
LG01	5791875	5793593	438.115163
LG01	5793851	5798696	12.7376906666667
LG01	5798861	5801464	80.3047613333333
LG01	5801879	5803041	40.7996536666667
LG01	5803782	5804821	14.5474656666667
LG01	5804950	5806985	1400.298828
LG01	5807028	5808458	27.8462883333333
LG01	580857	583727	45.760062
LG01	5808948	5810972	3.08237333333333
LG01	5811253	5815182	11.221701
LG01	5815630	5816399	0.268003333333333
LG01	5816697	5818262	140.708287666667
LG01	5818583	5822120	47.4911363333333
LG01	5822207	5826970	21.671689
LG01	5825449	5826463	0
LG01	5827904	5828526	23.227119
LG01	5828740	5829844	144.008956666667
LG01	5830121	5832867	47.947713
LG01	5832986	5835223	113.309768666667
LG01	5836299	5840010	11.454194
LG01	583787	586663	14.400257
LG01	5840106	5842832	138.764084
LG01	5842980	5846253	35.376424
LG01	5847104	5858443	22.963272
LG01	5858567	5861085	58.2654786666667
LG01	5861157	5863381	6.35708966666667
LG01	5863695	5864556	7.55732
LG01	5864662	5867796	50.9133183333333
LG01	586780	588473	17.800815
LG01	5868742	5870025	228.365158
LG01	5870733	5874186	23.11714
LG01	58735	60090	0
LG01	5874316	5876675	1.94954233333333
LG01	5876867	5881219	116.273376666667
LG01	5881297	5882437	20.2683013333333
LG01	5883474	5884024	34.6444726666667
LG01	5884180	5885773	15.7755476666667
LG01	588550	590423	14.775186
LG01	5886048	5887720	2.10053766666667
LG01	5887730	5890025	8.187031
LG01	5890038	5893880	33.054165
LG01	5894019	5895469	54.3346593333333
LG01	5895470	5897074	1.10563366666667
LG01	5897222	5898782	20.643647
LG01	5898927	5906520	34.851912
LG01	590526	595687	12.7944776666667
LG01	5907687	5908553	0.332650333333333
LG01	5908640	5909738	4.189097
LG01	5909715	5912054	254.658447333333
LG01	5911917	5914471	70.6573663333333
LG01	5914769	5915173	96.5351763333333
LG01	5915283	5915767	183.340449
LG01	5916182	5917834	426.002939666667
LG01	5918046	5921412	7.16392033333333
LG01	5921530	5922118	45.534368
LG01	5922271	5925128	12.200022
LG01	5926671	5929173	0
LG01	5934487	5937600	0
LG01	5940651	5941205	0
LG01	5943766	5948963	0
LG01	5949903	5952701	1.252469
LG01	5953628	5954623	4.12243233333333
LG01	5956822	5960319	0
LG01	596673	597905	11.3558796666667
LG01	5978878	5979213	0
LG01	597969	600337	29.5185543333333
LG01	5986798	5989931	7.26023266666667
LG01	5990073	5991877	125.260297333333
LG01	5992140	5996870	132.506332333333
LG01	5997013	5997715	22.620316
LG01	5998118	6000336	2.40444166666667
LG01	6000429	6004011	8.60775333333333
LG01	600338	602757	96.0843226666667
LG01	6004109	6004509	246.815333
LG01	6004749	6005551	25.488538
LG01	6005686	6006570	36.056338
LG01	6007014	6008695	64.935266
LG01	6008882	6010083	17.3457613333333
LG01	6010361	6014103	14.184322
LG01	6014225	6017083	18.6330876666667
LG01	6015018	6017234	0.266661666666667
LG01	6017366	6019576	21.6813933333333
LG01	6019841	6022448	137.399129333333
LG01	6022803	6024258	11.0465173333333
LG01	6024369	6026255	2.09293133333333
LG01	6026502	6028061	169.886642333333
LG01	6028168	6029880	15.0792363333333
LG01	602872	605246	13.9406956666667
LG01	6030354	6033485	40.6532426666667
LG01	6033956	6036584	37.2129503333333
LG01	6036705	6039088	3094.21630833333
LG01	6039086	6040478	231.293554
LG01	6041074	6041837	390.048248333333
LG01	6041962	6043320	88.9527943333333
LG01	6043607	6044932	147.317301333333
LG01	6045400	6046672	26.9457613333333
LG01	6046738	6047852	22.712624
LG01	6048099	6050607	22.976556
LG01	6051389	6053924	37.5447893333333
LG01	6054607	6055126	34.7351646666667
LG01	6055651	6056939	31.8159266666667
LG01	6057136	6059193	120.101872666667
LG01	6059405	6060542	52.303065
LG01	6060804	6062906	33.2367603333333
LG01	606240	606863	0.886474333333333
LG01	6063346	6064942	8.26020633333333
LG01	6065230	6066676	6.12079633333333
LG01	6066840	6069264	17.617668
LG01	606890	608786	5.62003733333333
LG01	6069809	6073204	70.2976303333333
LG01	6073328	6075019	23.251263
LG01	6075515	6078231	86.9428456666667
LG01	6078636	6079130	9.52014266666666
LG01	6079427	6081418	100.073898333333
LG01	6081620	6082736	39.557921
LG01	6082885	6084138	81.4047063333333
LG01	6085841	6093752	27.8023923333333
LG01	608845	611046	51.567472
LG01	60918	61610	0
LG01	6094127	6095944	12.274219
LG01	6096121	6098127	16.2284356666667
LG01	6098352	6099139	42.9438486666667
LG01	6099691	6100287	158.178538
LG01	6100410	6104899	7.97255466666667
LG01	6105340	6108278	225.690256666667
LG01	6109052	6110341	0
LG01	6111095	6117098	2.89104
LG01	611154	614203	5.091874
LG01	6118529	6119645	23.034968
LG01	6119744	6120484	29.3632633333333
LG01	6121286	6121822	0.827795333333333
LG01	6121968	6127368	274.847147666667
LG01	6127766	6130723	63.3458583333333
LG01	6131653	6137570	9.39591466666667
LG01	6137469	6138953	84.9678243333333
LG01	6139108	6140476	17.4590003333333
LG01	6140566	6141867	168.978536
LG01	6142363	6143615	22.7593976666667
LG01	6143842	6144934	1.099403
LG01	614437	615135	35.8357736666667
LG01	6145505	6147768	24.421168
LG01	6147226	6149216	55.8804613333333
LG01	6150262	6156222	37.3947206666667
LG01	615513	616744	40.5131203333333
LG01	6156478	6161478	12.0826446666667
LG01	6161671	6163458	10.215924
LG01	6164333	6168636	11.8149493333333
LG01	6169039	6171294	43.2860706666667
LG01	616953	618500	14.3409693333333
LG01	6171472	6172203	202.139521666667
LG01	6172482	6173248	28.878699
LG01	6173336	6173692	30.135161
LG01	6174080	6175895	12.2340096666667
LG01	6175954	6180966	13.373189
LG01	6181087	6181647	0.0943243333333333
LG01	6181174	6181919	0.319850333333333
LG01	6182010	6183373	25.7511163333333
LG01	6183618	6185536	4.12522933333333
LG01	618534	619238	45.156128
LG01	6185549	6185890	0.620848
LG01	6186002	6188098	26.88714
LG01	6188192	6189668	10.2147133333333
LG01	6190115	6191707	41.0818596666667
LG01	6191726	6193071	391.617299666667
LG01	6193097	6194391	86.2820383333333
LG01	619359	620019	13.500386
LG01	6194514	6198810	2.73482533333333
LG01	6195939	6199449	0.376804333333333
LG01	6199569	6200461	13.845295
LG01	6200669	6202619	19.327434
LG01	620197	623593	19.4002473333333
LG01	6202661	6205752	19.4350003333333
LG01	62052	64855	0
LG01	6205855	6207254	40.706758
LG01	6207390	6208058	0.0619906666666667
LG01	6209120	6212069	75.073224
LG01	6212265	6213669	37.2905883333333
LG01	6215064	6216042	0.426348333333333
LG01	6216193	6218712	21.85803
LG01	6218935	6223401	4.38355066666667
LG01	6223501	6230234	21.1119963333333
LG01	6230637	6235018	10.1809213333333
LG01	6235259	6237975	9.544598
LG01	623835	624740	297.346567666667
LG01	6238526	6239997	57.9506506666667
LG01	6240128	6241666	27.6624393333333
LG01	6242057	6246186	81.7956466666667
LG01	6246191	6248103	20.348667
LG01	6248101	6249803	29.121319
LG01	6249860	6252234	16.3823356666667
LG01	625038	626653	55.8046466666667
LG01	6252309	6254961	20.2803193333333
LG01	6255209	6255688	55.156797
LG01	6255899	6257961	57.8838526666667
LG01	6258031	6258413	0.310149666666667
LG01	6258772	6262724	5.21687
LG01	6262820	6264034	11.627202
LG01	6264166	6265172	0.862229
LG01	6265224	6266224	24.8330403333333
LG01	6266202	6267696	12.2274513333333
LG01	626789	629366	7.97699066666667
LG01	6267897	6269565	14.7553486666667
LG01	6269612	6270806	2.52903633333333
LG01	6271179	6272593	25.559876
LG01	6272929	6274796	78.6277923333333
LG01	6275330	6276263	24.115406
LG01	6276277	6278093	68.4658276666667
LG01	6278149	6281343	57.430683
LG01	6281889	6283876	139.884155333333
LG01	6286800	6287621	152.875361
LG01	6287911	6291879	51.002487
LG01	6292148	6294418	270.533417
LG01	6295008	6296399	55.3136773333333
LG01	6296628	6303593	16.4550656666667
LG01	629749	631400	10.967224
LG01	6303696	6308103	28.2180373333333
LG01	6310318	6312509	22.5421263333333
LG01	6313410	6313718	0
LG01	631472	632737	92.7891896666667
LG01	6315303	6315611	0
LG01	6317380	6319297	50.0911533333333
LG01	6319534	6322069	13.330045
LG01	6322153	6323428	15.5514236666667
LG01	6323475	6328877	4.29017566666667
LG01	6329038	6334302	37.988884
LG01	633002	633934	0.637100666666667
LG01	6334524	6335413	162.649444333333
LG01	6334691	6338198	687.672043
LG01	6340023	6343578	18.2403643333333
LG01	634206	635227	7.88257566666667
LG01	6344972	6350678	26.8361553333333
LG01	6350759	6353531	63.1289356666667
LG01	6353626	6355875	1.94715866666667
LG01	635393	636367	17.960803
LG01	6354864	6355493	0.0192286666666667
LG01	6356097	6358930	7.196883
LG01	6359571	6360623	2.97686166666667
LG01	6361654	6363783	104.164924333333
LG01	6364107	6366578	217.094960333333
LG01	636547	638938	195.732183
LG01	6366815	6367632	1.73614133333333
LG01	6367834	6371569	40.800925
LG01	6372036	6373953	9.836138
LG01	6374741	6376003	13.5445306666667
LG01	6376238	6376743	448.387380333333
LG01	6376832	6378499	12.9864543333333
LG01	6378572	6380319	55.3745713333333
LG01	6380579	6382738	36.1361883333333
LG01	6382832	6383967	19.006436
LG01	6384065	6384605	20.6714393333333
LG01	6387616	6388317	0.114504666666667
LG01	6388503	6390254	26.5496863333333
LG01	6390294	6391954	38.0211933333333
LG01	639071	641986	31.669117
LG01	6391938	6395198	70.619812
LG01	6397539	6399924	14.9070913333333
LG01	6400436	6401822	286.900929666667
LG01	6402337	6404011	29.9564053333333
LG01	6404227	6405936	35.6645686666667
LG01	6406732	6408886	33.3180643333333
LG01	6409127	6414026	27.154483
LG01	6414172	6414638	49.780708
LG01	6414669	6417374	19.6384053333333
LG01	6418082	6418830	8.390696
LG01	6419096	6422030	16.2537603333333
LG01	642013	642890	8.976887
LG01	6422120	6423450	12.7147726666667
LG01	6423552	6424211	43.235855
LG01	6424962	6426170	8.96542833333333
LG01	6426404	6429199	12.4282346666667
LG01	6429373	6430429	35.955092
LG01	6430925	6431579	0.741125666666667
LG01	6431854	6433564	0.407448333333333
LG01	6433577	6436333	10.310642
LG01	643539	644555	42.4849446666667
LG01	6436492	6440424	12.1321303333333
LG01	6438708	6441934	4.833867
LG01	6442903	6445019	39.879611
LG01	6445441	6446608	34.1294656666667
LG01	6447455	6449659	44.7800863333333
LG01	644836	645567	2.59388333333333
LG01	6449755	6451208	14.0437576666667
LG01	6451507	6451993	0.273148
LG01	6451601	6452004	0
LG01	6452840	6454121	0.458751
LG01	6455835	6457886	4.36320366666667
LG01	6458180	6459756	20.7194996666667
LG01	6459800	6465070	12.9022906666667
LG01	646485	648877	28.566162
LG01	6465685	6467096	24.4652036666667
LG01	6467714	6469255	0.785529666666667
LG01	6471138	6472240	24.5281576666667
LG01	6472420	6475899	7.99485366666667
LG01	6476148	6477163	42.1076606666667
LG01	6477875	6478373	0.498129666666667
LG01	6479074	6479686	13.0628126666667
LG01	6480384	6481021	0
LG01	6481084	6482052	0.386975
LG01	6484289	6485189	9.72282633333333
LG01	6488518	6490552	29.850416
LG01	6490594	6491312	61.8623123333333
LG01	649100	650050	194.773
LG01	6491363	6492616	1.292189
LG01	6491365	6492670	0.965602333333333
LG01	6492698	6493888	8.39210466666667
LG01	6494373	6495281	0.442167333333333
LG01	6495583	6495992	3.00033433333333
LG01	6496072	6499164	4.42126
LG01	64974	66627	0
LG01	6499417	6502257	29.2010123333333
LG01	6502459	6504404	55.0376856666667
LG01	6505715	6507254	5.800622
LG01	6507541	6509938	1.293622
LG01	6511645	6512646	0.0911446666666667
LG01	651257	655626	546.592203333333
LG01	6512718	6516227	85.7244466666667
LG01	6516317	6517079	0.128701333333333
LG01	6517667	6518480	202.225591333333
LG01	6518772	6520102	114.822682666667
LG01	6521438	6523112	19.276523
LG01	6523268	6524124	468.215779333333
LG01	6524530	6526127	18.9709353333333
LG01	6526216	6526869	0.217207666666667
LG01	6527072	6530285	36.50627
LG01	6530685	6533057	11.554775
LG01	6533219	6534237	1.71612533333333
LG01	6534394	6536646	1139.467204
LG01	6536786	6538165	26.5354066666667
LG01	6538232	6542517	9.462052
LG01	6542556	6543403	19.4843836666667
LG01	6543643	6544519	0.247281333333333
LG01	6545880	6550958	26.1933063333333
LG01	6551746	6553292	48.3808046666667
LG01	6553412	6554583	86.7984493333333
LG01	6554861	6557829	26.1134673333333
LG01	6557911	6563330	20.1755376666667
LG01	6563503	6567089	150.381881666667
LG01	6567363	6568114	3.21822133333333
LG01	6568498	6572294	46.5861346666667
LG01	657038	660068	36.412286
LG01	6572622	6573573	333.602366
LG01	6573773	6574572	381.217122333333
LG01	6574808	6578671	13.5215053333333
LG01	6579668	6580865	6.33147566666667
LG01	6581027	6581624	0.357955666666667
LG01	6581860	6585216	34.7058563333333
LG01	6585364	6589280	9.10209633333333
LG01	6589762	6591173	17.0752403333333
LG01	6591432	6592193	9.72689866666667
LG01	6592411	6594182	10.411609
LG01	6594912	6598421	1107.900187
LG01	6598621	6600366	12.0798573333333
LG01	6601122	6607584	29.7004976666667
LG01	660281	660982	17.4148506666667
LG01	6607629	6609462	14.0874576666667
LG01	6610731	6611322	0.430131333333333
LG01	6611323	6614281	64.636374
LG01	661190	664471	151.939427666667
LG01	6615408	6616821	0.779286666666667
LG01	6616975	6618418	3.10807733333333
LG01	6619740	6623528	36.4124196666667
LG01	6623913	6625788	25.3363146666667
LG01	6625865	6626343	0.478718666666667
LG01	6626591	6636731	18.6211706666667
LG01	6636813	6638788	2.96750333333333
LG01	6638936	6642519	28.4090513333333
LG01	6642858	6644825	50.3943453333333
LG01	6644914	6645890	23.05948
LG01	6645979	6646884	180.929992666667
LG01	664700	666677	369.026265666667
LG01	6647305	6648129	369.301178
LG01	6648346	6650478	6.564273
LG01	6650005	6651763	28.798425
LG01	6652165	6659661	3.47011166666667
LG01	6660230	6662071	223.513804
LG01	6662333	6664727	34.5885576666667
LG01	6665557	6666476	133.650945
LG01	6666703	6667611	0.672832666666667
LG01	6667848	6669230	3.69046266666667
LG01	666874	667322	167.787023
LG01	6669436	6674404	12.46288
LG01	6674610	6678315	54.4379643333333
LG01	667482	668365	73.015358
LG01	6678405	6680524	2.03814166666667
LG01	6680649	6682773	0.671353666666667
LG01	6682841	6685558	45.2268816666667
LG01	668611	670878	17.4305443333333
LG01	6686227	6686613	0.0526713333333333
LG01	6688055	6693028	4.49204033333333
LG01	6693264	6695120	0.317578333333333
LG01	66941	68968	8.537994
LG01	6695178	6696349	5.50878
LG01	6697487	6698539	18.0313606666667
LG01	6702840	6704142	0
LG01	6707904	6712028	0
LG01	670947	671663	19.953555
LG01	6714892	6716275	0
LG01	671819	672380	1009.909546
LG01	6724671	6725103	0.121153333333333
LG01	672573	674142	29.63787
LG01	6725969	6727375	0
LG01	6727737	6728590	0.302700333333333
LG01	6729670	6741944	12.2550863333333
LG01	6732737	6747296	5.146303
LG01	674291	675999	72.5258633333333
LG01	6747563	6748060	0.135768666666667
LG01	6748176	6749324	235.005381333333
LG01	6750269	6751844	31.140583
LG01	6752054	6754525	22.4370666666667
LG01	6754957	6756810	7.87839566666667
LG01	6757533	6759136	10.957678
LG01	6759246	6759930	104.545112666667
LG01	6761259	6762850	35.8012923333333
LG01	6762956	6763677	0.0499956666666667
LG01	6763738	6765306	24.0767403333333
LG01	6768021	6769449	399.193908666667
LG01	6769452	6771064	177.694193333333
LG01	6771203	6774783	69.7962853333333
LG01	6771546	6771947	0
LG01	6774862	6777715	16.97447
LG01	677926	678681	23.18838
LG01	6780262	6785430	3.904996
LG01	6788812	6790066	0.282124333333333
LG01	6789657	6791680	1.135282
LG01	6790239	6791680	1.15229833333333
LG01	679037	683433	79.91584
LG01	6792223	6793736	4.90945933333333
LG01	6793794	6795477	6.86193566666667
LG01	6795583	6798439	49.0177726666667
LG01	6798522	6799701	8.20132066666667
LG01	6799979	6802425	11.8604606666667
LG01	6802463	6803735	19.046058
LG01	6803909	6805152	48.9266446666667
LG01	6805729	6810883	5.295474
LG01	6811279	6813081	1.580717
LG01	6813455	6819672	0.27004
LG01	6820309	6822703	9.53124266666667
LG01	6823360	6825078	2.345009
LG01	6825331	6827164	17.777014
LG01	6827274	6828786	10.3163406666667
LG01	6829793	6833180	1.15183466666667
LG01	6833478	6834327	9.66961433333333
LG01	6834370	6836079	12.665161
LG01	6836250	6837027	263.324732666667
LG01	6837276	6838107	13.7442253333333
LG01	6838176	6840395	2.40776566666667
LG01	6841258	6841981	0.490139333333333
LG01	684242	686958	15.135627
LG01	6843336	6845685	24.4107266666667
LG01	6846005	6847578	3.18902066666667
LG01	6847873	6849584	11.347495
LG01	6849782	6851232	1.876728
LG01	6851613	6853778	0.579791333333333
LG01	6854150	6854804	0.301272
LG01	6855455	6858064	1.24475533333333
LG01	6858588	6861157	9.38527166666667
LG01	6862300	6866568	15.2953886666667
LG01	6869450	6871906	0
LG01	687126	687848	0.464453
LG01	6874562	6882022	2.590053
LG01	687849	692206	15.316864
LG01	6882458	6884233	3.05900966666667
LG01	6884442	6886719	127.034286333333
LG01	6886612	6888476	66.439063
LG01	6889863	6890649	0.070912
LG01	6890020	6890476	0.185894
LG01	6890822	6893241	4.492559
LG01	6893308	6895780	3.58208333333333
LG01	6896422	6902598	2.94562233333333
LG01	6903387	6904333	0.383186666666667
LG01	6904838	6907396	14.881836
LG01	6908934	6912533	29.6498516666667
LG01	6912801	6915158	14.4988586666667
LG01	6915696	6916552	186.733876666667
LG01	6916529	6918956	15.596312
LG01	6919138	6920098	32.3354603333333
LG01	6922530	6926369	33.0424346666667
LG01	6926664	6929239	4.55678033333333
LG01	69269	71261	1.75759066666667
LG01	6929619	6930199	0
LG01	6935001	6936153	0
LG01	6936527	6942338	0
LG01	693947	694523	0.054359
LG01	6943339	6945810	0
LG01	694604	699308	53.991235
LG01	6954357	6955918	1.899173
LG01	6956147	6958932	8.052924
LG01	6959169	6963048	32.6739813333333
LG01	6963357	6965224	0.374019
LG01	6965454	6966414	25.6735993333333
LG01	6966596	6969023	15.5507913333333
LG01	6968986	6969856	191.411316
LG01	6970371	6972715	8.24318833333333
LG01	6973090	6987575	24.7546533333333
LG01	6988230	6989159	0.368557
LG01	6989965	6994437	2.82517433333333
LG01	6994628	6996999	9.70352866666667
LG01	699573	701928	17.066399
LG01	6998585	7002821	16.4892113333333
LG01	7002962	7004838	1.872265
LG01	7005456	7007852	3.79886733333333
LG01	7007989	7010463	3.29053933333333
LG01	7012718	7014543	84.2028046666667
LG01	7014756	7016662	115.163101
LG01	7016934	7018716	2.14672366666667
LG01	7019706	7020656	5.894548
LG01	7020922	7021510	3.76902033333333
LG01	702245	704475	11.429019
LG01	7022486	7034816	6.588957
LG01	7035725	7038362	1.02408166666667
LG01	7038985	7039639	0.305702333333333
LG01	7040011	7042176	0.597219333333333
LG01	7042557	7044000	17.474032
LG01	7044198	7045911	10.5917226666667
LG01	7046206	7047779	3.48460733333333
LG01	7048099	7050448	24.1985396666667
LG01	704951	707429	41.6639733333333
LG01	7051803	7052520	0.225798666666667
LG01	7053356	7055499	1.64825566666667
LG01	7055655	7056486	14.4132163333333
LG01	7056735	7057509	266.055949
LG01	7057764	7059329	13.374534
LG01	7059444	7060357	8.38420066666667
LG01	7060524	7063287	1.439302
LG01	7064537	7066049	9.38929833333333
LG01	7066159	7067992	17.523065
LG01	7068282	7072730	2.80320333333333
LG01	7073452	7079662	0.420923666666667
LG01	7080030	7081873	0.926288
LG01	7082028	7085714	3.99635666666667
LG01	7085752	7087678	1.44346333333333
LG01	7087971	7089205	54.441213
LG01	7089376	7090645	17.4027093333333
LG01	7090725	7093253	12.2865116666667
LG01	7093355	7094572	6.37581733333333
LG01	7094670	7097523	43.9529586666667
LG01	7097686	7099156	1.75507366666667
LG01	7099372	7100858	1.132624
LG01	7101375	7106831	6.09768833333333
LG01	710304	714380	30.077413
LG01	7107729	7111657	0.113154666666667
LG01	7111900	7114826	0
LG01	7117581	7118519	0
LG01	7119440	7120570	0
LG01	7124366	7127587	0
LG01	7133403	7135883	0
LG01	7138190	7140951	0
LG01	714403	717798	30.51085
LG01	7149203	7153045	0
LG01	7157247	7160552	0
LG01	71574	73149	9.908662
LG01	7165402	7182396	0
LG01	717960	720077	18.6108113333333
LG01	720322	721943	33.6402483333333
LG01	722053	724549	30.8414153333333
LG01	724640	725450	65.334395
LG01	725651	729482	9.17600466666667
LG01	730175	732042	11.4962613333333
LG01	73240	74883	12.4636353333333
LG01	732630	734429	34.3426346666667
LG01	734594	735813	50.2153676666667
LG01	736084	738735	35.9288143333333
LG01	738890	739561	64.2558976666667
LG01	740257	741294	51.9031653333333
LG01	741931	742914	49.1209283333333
LG01	743399	744717	130.303395666667
LG01	744786	748280	16.8192806666667
LG01	748783	750304	34.0728303333333
LG01	750483	752814	50.0860633333333
LG01	75093	75891	0.615396
LG01	753152	755374	106.566525666667
LG01	755452	755928	74.183891
LG01	756000	759665	16.7684456666667
LG01	760066	760828	62.743772
LG01	760983	761743	8.67276633333333
LG01	76164	76844	0.0292236666666667
LG01	762018	764288	13.1038876666667
LG01	764511	766877	28.8239116666667
LG01	767908	768471	13.9003833333333
LG01	76848	78146	25.4311686666667
LG01	768507	780220	24.704383
LG01	780946	781772	8.82695133333333
LG01	782420	783348	11.7569893333333
LG01	783842	785206	103.238825333333
LG01	786105	789215	26.966655
LG01	789533	791226	20.4695266666667
LG01	79070	82568	9.31967733333333
LG01	791302	793202	44.309003
LG01	793675	794380	27.519289
LG01	794441	799636	12.241763
LG01	800615	801209	52.3072556666667
LG01	801426	802076	2330.23470033333
LG01	802373	803012	33.709643
LG01	803069	804220	2.05390666666667
LG01	804530	805679	24.8995673333333
LG01	806317	810745	26.478183
LG01	810996	811673	234.583471
LG01	812017	812907	42.8583973333333
LG01	814159	814578	5.36418066666667
LG01	814703	816976	50.8709133333333
LG01	817385	821406	3.59789
LG01	821522	826368	17.9266216666667
LG01	826606	827417	92.9676973333333
LG01	827550	829168	4.523021
LG01	82873	85987	70.2489293333333
LG01	829220	830476	9.134644
LG01	830593	832310	9.58025466666667
LG01	832455	836462	12.3467756666667
LG01	836572	839155	30.6166376666667
LG01	839630	841129	22.558408
LG01	841207	844509	34.8988916666667
LG01	845027	847507	3.69011633333333
LG01	847876	849777	10.8973363333333
LG01	850718	852236	90.4652733333333
LG01	852456	855654	8.09297
LG01	856098	860068	12.092975
LG01	860343	861551	18.769534
LG01	861588	864220	29.431151
LG01	86255	86882	50.7165003333333
LG01	864361	869947	50.5518393333333
LG01	870096	870988	139.579076
LG01	871111	872036	6.13524366666667
LG01	873103	875544	69.7423426666667
LG01	87497	90482	11.9994136666667
LG01	875583	876359	25.7788583333333
LG01	876433	878903	31.3175116666667
LG01	878981	880073	49.5768746666667
LG01	880271	883395	10.3203563333333
LG01	883690	885321	6.54407733333333
LG01	885467	886908	62.5260963333333
LG01	887039	888974	26.8902436666667
LG01	889061	891671	30.7125463333333
LG01	892790	893322	18.3363983333333
LG01	893358	894920	7.393882
LG01	895272	896666	1.92011566666667
LG01	896801	897087	6.63804933333333
LG01	897230	899032	13.4828033333333
LG01	897968	898941	0.1627
LG01	899565	902326	22.82094
LG01	902446	904747	18.7326553333333
LG01	904870	906021	158.463633
LG01	90571	94316	8.49611066666667
LG01	906236	908913	117.499519333333
LG01	908689	913299	8.90493633333333
LG01	90884	91978	2.33596533333333
LG01	913256	914082	35.477019
LG01	914166	918101	25.530487
LG01	918956	920403	110.503624
LG01	920711	922709	8.31005066666667
LG01	922796	923609	135.192978
LG01	923886	925332	7.98755833333333
LG01	925737	926983	35.7504616666667
LG01	927862	929647	15.793249
LG01	930008	931103	115.039067666667
LG01	931788	936149	48.7172976666667
LG01	937940	940509	18.2681496666667
LG01	941000	944462	34.732994
LG01	944614	951748	21.5771803333333
LG01	94523	97814	42.5915056666667
LG01	951862	957441	3.98350766666667
LG01	958384	959073	29.8063723333333
LG01	959272	960064	49.5324313333333
LG01	960774	964604	28.1367213333333
LG01	965049	970011	6.395976
LG01	970392	972301	55.571827
LG01	973006	974398	20.8285676666667
LG01	975167	976554	3.12608433333333
LG01	977260	979240	17.618221
LG01	97848	99995	5.93289433333333
LG01	979257	980445	11.201933
LG01	980495	983081	7.77686433333333
LG01	983354	984349	328.481801333333
LG01	985086	985433	108.150655
LG01	985826	986226	177.912714666667
LG01	986918	988354	58.1053426666667
LG01	988955	991095	32.0293096666667
LG01	992588	993392	0
LG01	999705	1000649	0.554827
LG02	1001991	1003166	16.9681746666667
LG02	1003616	1005039	19.8248853333333
LG02	1005490	1006283	285.258209333333
LG02	1007187	1010374	22.710427
LG02	1010528	1011691	0.309997666666667
LG02	1010663	1010984	0.069568
LG02	1012068	1012618	0.217623
LG02	1012712	1013232	1.756271
LG02	1013468	1014959	18.738502
LG02	1015065	1016943	14.25302
LG02	1017006	1019730	44.0333126666667
LG02	1019884	1021736	30.31998
LG02	10215	14197	13.482169
LG02	1022021	1024416	6.730633
LG02	102494	103371	0
LG02	1025226	1026328	16.5072153333333
LG02	1026702	1030522	44.405533
LG02	1032169	1033456	5381.81754533333
LG02	1033797	1035791	23.5122766666667
LG02	1036112	1037862	50.32053
LG02	1038005	1039002	18.385439
LG02	1041384	1043717	0.388209
LG02	1043948	1045343	15.349684
LG02	1045749	1047131	8.99263433333333
LG02	1047206	1052699	13.1424003333333
LG02	1054359	1055378	310.817464333333
LG02	1055604	1058000	43.5604363333333
LG02	1058037	1058485	2.91327833333333
LG02	1058534	1062138	33.845337
LG02	1062899	1064449	6.138937
LG02	1064660	1066229	5.76411266666667
LG02	106655	107598	0.444797
LG02	1066896	1067934	1.448052
LG02	1067942	1070275	26.4905043333333
LG02	1070330	1074406	15.010934
LG02	1074563	1075307	628.387125666667
LG02	1075455	1077075	82.0341263333333
LG02	1077085	1078296	48.5067493333333
LG02	1078723	1080768	0.885930333333333
LG02	1079841	1080669	0.0197263333333333
LG02	1082912	1085938	18.7404856666667
LG02	108606	110965	11.0887513333333
LG02	1086175	1087581	114.363167
LG02	1088505	1090333	58.0643413333333
LG02	1091017	1091680	14.422122
LG02	1092256	1092933	1.779709
LG02	1092968	1093867	7.08156833333333
LG02	1095386	1097715	0.498243333333333
LG02	1098224	1098604	0.0591413333333333
LG02	1099758	1100499	0.093473
LG02	1100787	1102495	5.593042
LG02	1103729	1104926	48.8610826666667
LG02	1105103	1106282	12.7061583333333
LG02	1108203	1112031	130.474344666667
LG02	1112841	1113871	0.111826333333333
LG02	1114101	1114751	0
LG02	1114998	1116433	42.7278493333333
LG02	1116542	1118287	30.1549123333333
LG02	1118269	1125156	7.63386333333333
LG02	1125532	1126090	19.4109956666667
LG02	1126589	1127238	0.589947666666667
LG02	1128433	1129501	130.59096
LG02	1129538	1130153	3.168788
LG02	1131115	1131966	0
LG02	113133	129895	5.43905233333333
LG02	1132071	1135175	5.71115266666667
LG02	1136790	1137521	0.117571
LG02	1137872	1140520	40.0505203333333
LG02	1140718	1142763	58.6214663333333
LG02	1143036	1144529	24.8591456666667
LG02	1144672	1145661	13.1260463333333
LG02	1145851	1151816	6.758664
LG02	1152815	1153305	382.247141333333
LG02	1153737	1155993	80.0327176666667
LG02	1156430	1158089	8.78296233333333
LG02	1160147	1160479	0.256854
LG02	1160918	1161749	0.353349
LG02	1162555	1163661	108.739646666667
LG02	1164414	1164944	0
LG02	1165328	1166707	9.672128
LG02	1166741	1168502	11.928054
LG02	1169409	1170292	335.376994
LG02	1170541	1171071	0.0469443333333333
LG02	1171908	1173002	8.98174
LG02	1173728	1174382	23.9696073333333
LG02	1174732	1175516	17.5994703333333
LG02	1177254	1179438	0
LG02	1183180	1183849	2.188831
LG02	1183869	1185855	3.39040666666667
LG02	1184389	1186198	0.884259666666667
LG02	1186726	1192219	49.3876903333333
LG02	1192387	1198738	9.30972233333333
LG02	1199799	1201510	20.8383716666667
LG02	1201531	1204282	34.927161
LG02	1207378	1208494	20.436039
LG02	1208893	1210189	24.828312
LG02	1210358	1213348	23.9359506666667
LG02	1213741	1217518	19.7529676666667
LG02	1222976	1224083	0
LG02	1226893	1228551	0
LG02	1231913	1233183	0
LG02	1234264	1236945	0
LG02	1239177	1242952	0
LG02	1243364	1245434	0
LG02	1261487	1262490	0
LG02	1264576	1265004	0
LG02	1276112	1276716	0
LG02	1278264	1279556	0
LG02	1279949	1282965	0
LG02	1284246	1286314	0
LG02	1287287	1289157	0
LG02	1292347	1295329	0
LG02	1295758	1297666	0
LG02	130727	131620	0.759527666666667
LG02	1319873	1320784	0
LG02	133501	135632	8.773022
LG02	1341970	1342720	0
LG02	1346639	1347977	0
LG02	136329	137080	0.108368
LG02	1364544	1370051	0
LG02	1379642	1380665	1.67287666666667
LG02	1382043	1384515	70.0696563333333
LG02	1384915	1387321	56.7071076666667
LG02	1387607	1390151	29.1637376666667
LG02	139141	139774	0.551512666666667
LG02	1391466	1393592	30.4959106666667
LG02	1393228	1394939	5.43534366666667
LG02	1394997	1396441	4.97206333333333
LG02	1400115	1401051	61.754097
LG02	1403127	1405239	95.7695056666667
LG02	140323	142441	0
LG02	1405370	1406079	0.564740333333333
LG02	1406168	1407030	1.19939366666667
LG02	1407190	1408051	0.091417
LG02	1409817	1410127	0
LG02	1412125	1413730	19.8267706666667
LG02	1413792	1415234	203.062434
LG02	1417977	1418314	0
LG02	1420069	1423485	1.026462
LG02	1420816	1421252	0.0419796666666667
LG02	14233	17172	64.233756
LG02	1423589	1425628	10.3063183333333
LG02	142804	146235	0
LG02	1428386	1428879	0.198256333333333
LG02	1430231	1431367	0.385966333333333
LG02	1431559	1433086	0.345105666666667
LG02	1431611	1434292	1.67391666666667
LG02	1436887	1438185	3.06532433333333
LG02	1438491	1441824	103.132026666667
LG02	1442125	1443000	1.08247766666667
LG02	1444373	1447450	134.244344
LG02	1448115	1449465	8.022528
LG02	1450362	1451051	0.387015333333333
LG02	1453310	1455972	14.074859
LG02	1456014	1457377	2.67547066666667
LG02	1456188	1457315	0
LG02	1457651	1461255	7.96671966666667
LG02	1461307	1462273	0
LG02	1464736	1471418	0
LG02	1473364	1476900	7.092933
LG02	1478349	1480048	1.42684
LG02	1482590	1484212	53.640774
LG02	1484249	1486424	14.7751806666667
LG02	1486467	1486850	0.300093
LG02	1487891	1490051	3.98549166666667
LG02	149162	149446	0
LG02	1494240	1495181	0
LG02	1495912	1496534	0
LG02	150074	152870	44.4531186666667
LG02	1503700	1506776	0
LG02	1512547	1515272	0
LG02	1518387	1522637	0
LG02	1523727	1526249	0
LG02	152959	153552	13.6320946666667
LG02	1530436	1532436	0
LG02	1532547	1534499	0
LG02	1535199	1536942	0
LG02	153551	155356	47.4067906666667
LG02	1540595	1542175	0
LG02	1549080	1552749	0
LG02	1559379	1561934	0
LG02	1562675	1563169	0
LG02	1563240	1565669	0
LG02	156566	156901	0.140832666666667
LG02	1566396	1566848	0
LG02	156971	161185	12.986636
LG02	1570436	1573086	1.09587033333333
LG02	1574180	1576065	5.850565
LG02	1577850	1580338	0.433385666666667
LG02	1579094	1580402	0.0624233333333333
LG02	1581942	1588045	0.187662666666667
LG02	1588217	1589749	12.4086346666667
LG02	1589897	1590917	606.327637
LG02	1591564	1595844	4.55596433333333
LG02	1596889	1602183	23.6937273333333
LG02	1605427	1607100	95.410853
LG02	1607348	1609481	7.98108433333333
LG02	1610115	1616492	2.789209
LG02	1617243	1619443	0
LG02	161879	167104	2.105713
LG02	1619695	1620497	0
LG02	1628880	1630082	0
LG02	1630861	1631771	0
LG02	1633341	1634754	0
LG02	1634909	1639327	0
LG02	1643187	1644602	0
LG02	1644972	1647735	0
LG02	1654450	1656599	0
LG02	1669104	1670398	0.065362
LG02	1671861	1679933	35.461732
LG02	167467	168186	5.61670133333333
LG02	1680481	1681463	1.30623433333333
LG02	1681942	1684491	23.9106636666667
LG02	168398	169478	10.3566043333333
LG02	1687077	1689584	1.01591666666667
LG02	1691833	1693281	0
LG02	1693442	1694025	0
LG02	1695245	1699509	0
LG02	170078	171188	5.59637066666667
LG02	1710243	1713759	0
LG02	1715190	1716374	0
LG02	1717385	1721151	3.355453
LG02	1721964	1723625	0.410595666666667
LG02	1724587	1726307	0.510824
LG02	1726627	1727215	3.020392
LG02	1728502	1729845	0.299152666666667
LG02	1730994	1732202	0
LG02	173133	176081	1.12448333333333
LG02	1732278	1734206	0
LG02	1736775	1740416	0
LG02	1743945	1745003	0
LG02	1745393	1748050	0
LG02	1748593	1749164	0
LG02	1750592	1752472	0
LG02	1753609	1755891	3.55805366666667
LG02	1756971	1757940	0.358586333333333
LG02	1759170	1760861	0.052115
LG02	176012	179803	1.73002433333333
LG02	1761545	1762006	1.555728
LG02	1765851	1768823	0
LG02	1769417	1770590	1.87206166666667
LG02	1771742	1774940	21.102796
LG02	1775847	1778144	16.6487533333333
LG02	1778350	1780524	12.1865963333333
LG02	1780713	1781136	0
LG02	1781560	1785905	15.62244
LG02	1784707	1786284	9.77319233333333
LG02	17866	19017	0.646134333333333
LG02	1786771	1788178	44.623295
LG02	1788383	1790169	2.02671333333333
LG02	1790413	1796249	12.3575123333333
LG02	1797063	1799849	4.15139166666667
LG02	1800985	1808021	23.9969463333333
LG02	180474	182194	9.75969066666667
LG02	1808254	1809382	0.0850333333333333
LG02	1808538	1810969	14.3600543333333
LG02	1811808	1813253	27.2965386666667
LG02	1813693	1815666	11.0033253333333
LG02	1816237	1816838	14.3703443333333
LG02	1817710	1818986	750.147054333333
LG02	1819158	1821208	3.47417533333333
LG02	1821763	1822329	0
LG02	182285	186286	21.2070216666667
LG02	1825959	1828640	0
LG02	1830310	1830620	0
LG02	1835640	1838261	0
LG02	1842604	1845620	0
LG02	1855563	1856663	0
LG02	1858382	1859401	0
LG02	1860242	1860710	0.158642333333333
LG02	1860762	1862229	6.62434
LG02	1862316	1864676	6.384994
LG02	1866042	1868183	2.59433566666667
LG02	1868385	1870469	9.01989866666667
LG02	1870848	1872163	0
LG02	1872732	1878896	0.919226666666667
LG02	1879729	1881682	7.42237566666667
LG02	1883099	1885255	4.54672266666667
LG02	188369	189649	1.44443233333333
LG02	1885773	1888202	40.986242
LG02	1888510	1889150	0.108025
LG02	1892039	1892933	0.025239
LG02	1893807	1894589	2.02800533333333
LG02	1894876	1898708	29.4171063333333
LG02	1899095	1899951	0.993574
LG02	1900208	1901018	33.89602
LG02	190070	192253	6.681442
LG02	1901143	1903142	6.643481
LG02	1904247	1907730	51.1182176666667
LG02	1908737	1909986	0.122204666666667
LG02	1910370	1911435	2.513178
LG02	1912187	1917017	50.900968
LG02	1917884	1920030	0.471190666666667
LG02	1920808	1922084	24.6709733333333
LG02	1922397	1924243	2.264135
LG02	1924769	1926282	3.645672
LG02	1927225	1932329	0.502113666666667
LG02	192797	193144	0.142307666666667
LG02	1932428	1933945	0.693834666666667
LG02	193552	195179	14.609013
LG02	1944339	1946092	2.09876966666667
LG02	1946166	1947214	1.23524033333333
LG02	1947401	1952227	0.945535333333333
LG02	195206	195675	4.839572
LG02	1952507	1952852	0
LG02	1953868	1955673	24.8599496666667
LG02	1955760	1956551	24.0970826666667
LG02	1956622	1957427	5.808448
LG02	1957640	1957992	0.103537666666667
LG02	1958406	1959205	17.984916
LG02	1959438	1959825	8.49582866666667
LG02	1960275	1961027	29.1185393333333
LG02	1961865	1962755	7.57399033333333
LG02	1963097	1963863	4.813903
LG02	1964906	1966458	7.070924
LG02	196693	198336	96.2628303333333
LG02	1967502	1968293	0.054613
LG02	1969091	1973154	46.750613
LG02	1973499	1975030	18.9978393333333
LG02	1975579	1978924	19.837321
LG02	1979020	1980668	2.216487
LG02	1983134	1986801	43.646197
LG02	1986994	1989619	9.46958466666667
LG02	19879	22392	36.754102
LG02	1992463	1993320	64.483049
LG02	1995276	1995816	0.25897
LG02	1996693	1997268	0.192249333333333
LG02	2000493	2001025	0
LG02	200066	202922	19.320091
LG02	2003817	2005196	0
LG02	2011557	2011991	0
LG02	2016033	2017348	0
LG02	2026331	2027015	29.0427813333333
LG02	2030189	2030764	0
LG02	2032206	2035548	0
LG02	203270	207380	1.837135
LG02	2035953	2036341	0.0616613333333333
LG02	2036506	2038191	2.269576
LG02	2040861	2042615	3.264777
LG02	2042902	2044862	9.27546833333333
LG02	2045942	2049653	14.5631466666667
LG02	2050097	2052828	64.2443683333333
LG02	2055188	2059003	10.1036183333333
LG02	2059317	2062048	8.87494433333333
LG02	2063463	2064241	1171.15486633333
LG02	2064466	2065772	39.4294943333333
LG02	2065869	2066251	0.332885
LG02	2066892	2067856	0.238924666666667
LG02	2070474	2071821	2.606974
LG02	2072572	2074190	0
LG02	2074299	2075654	0
LG02	207615	208221	2.20004833333333
LG02	2078507	2079336	0.605740333333333
LG02	2079973	2081345	3.68464033333333
LG02	2081757	2083254	10.74607
LG02	2083736	2088028	2.047933
LG02	2088081	2089474	5.30092366666667
LG02	2089513	2092856	68.8306146666667
LG02	209234	210087	0.710454333333333
LG02	2093174	2094959	12.8991216666667
LG02	2095466	2097300	19.265626
LG02	2103248	2104264	0
LG02	210575	212927	42.0649083333333
LG02	2106502	2111740	0
LG02	213152	214444	29.059083
LG02	215168	217502	2.98382133333333
LG02	218066	221750	3.776611
LG02	222228	225622	3.15315666666667
LG02	225919	226942	0.736643333333333
LG02	227255	230129	34.8095476666667
LG02	23015	29229	1.16687533333333
LG02	230917	232463	0.035427
LG02	233103	234392	13.4156266666667
LG02	235847	236777	4.01459
LG02	237443	239703	4.95073266666667
LG02	240837	243324	10.4134473333333
LG02	245082	248398	18.075806
LG02	248502	251546	9.57136033333333
LG02	251868	253336	74.03288
LG02	254630	255313	0
LG02	255681	258463	0.831411333333333
LG02	258761	260482	0.696484666666667
LG02	260774	261902	2.58223433333333
LG02	262011	263068	65.2532196666667
LG02	2621	4145	1.59995833333333
LG02	263624	264064	125.828692
LG02	264943	265732	3645.58764633333
LG02	267005	267666	1.55131566666667
LG02	268771	270340	27.533278
LG02	270888	273020	1.800559
LG02	274107	274451	0
LG02	274936	276520	270.015045333333
LG02	277795	279479	3.759486
LG02	280415	283611	19.1955963333333
LG02	283901	286364	19.015686
LG02	286848	289467	6.49500866666667
LG02	289945	292253	4.94021166666667
LG02	293292	295638	36.789009
LG02	295845	299088	40.1086286666667
LG02	299225	301477	65.447375
LG02	30109	32708	14.8235423333333
LG02	302474	303907	10.7320506666667
LG02	303442	304757	1.52349033333333
LG02	305745	308262	1.96791233333333
LG02	308945	309487	375.94282
LG02	310039	311883	123.596122666667
LG02	312134	312964	0.782012333333333
LG02	312135	312964	3.82257633333333
LG02	313362	314117	0.0422226666666667
LG02	323403	324095	0
LG02	326236	327439	0
LG02	32797	33754	3.44478733333333
LG02	328247	330616	0
LG02	332368	335715	0
LG02	337045	337809	0
LG02	34605	37045	8.79594266666667
LG02	347911	348894	0
LG02	349228	354153	0
LG02	358148	359044	0
LG02	365875	368033	0.00669533333333333
LG02	373526	375083	0
LG02	375322	379291	51.614272
LG02	381090	383688	9.828998
LG02	384029	386233	72.056516
LG02	38447	40408	0.403482333333333
LG02	386514	386894	45.8359956666667
LG02	387885	388917	16.888304
LG02	389125	390263	1.46690233333333
LG02	389140	390352	0.156459
LG02	390586	393406	3.372235
LG02	393766	396100	17.735323
LG02	396040	397723	10.8190646666667
LG02	401128	403029	3.91687366666667
LG02	404121	405444	6.59897966666667
LG02	406581	407788	150.615066333333
LG02	408085	408909	40.515466
LG02	409201	413000	29.6793333333333
LG02	413994	415334	3.73292666666667
LG02	415901	424696	6.61273633333333
LG02	425714	428616	5.85910933333333
LG02	42619	45050	0.0905643333333333
LG02	430049	431920	18.0125033333333
LG02	432198	433317	0.95121
LG02	433412	434916	13.6531036666667
LG02	435009	436439	15.6323523333333
LG02	436467	438432	32.0528023333333
LG02	438637	440217	158.968521333333
LG02	440223	440995	19.0093393333333
LG02	441060	443468	26.7918603333333
LG02	444591	446412	1.651226
LG02	447310	448855	11.0664133333333
LG02	449111	450103	0.265847333333333
LG02	450954	452684	62.8816773333333
LG02	453236	454424	18.8700703333333
LG02	454916	457021	26.278388
LG02	45703	50232	155.433853333333
LG02	457270	459127	17.729036
LG02	459245	461135	13.7941626666667
LG02	463224	465386	0
LG02	465524	467763	0
LG02	468722	469632	0.647912333333333
LG02	470331	473966	0.864730666666667
LG02	475447	476798	0.0968923333333333
LG02	477181	477858	406.845286
LG02	478291	479085	35.959333
LG02	479628	481157	48.783424
LG02	482229	482621	0.273746333333333
LG02	484560	485142	69.006096
LG02	486572	487486	0
LG02	489471	490889	0
LG02	495782	498589	1.915922
LG02	498705	505011	34.1255606666667
LG02	505408	506849	89.8206913333333
LG02	507434	509371	233.065775666667
LG02	509466	511965	16.2435106666667
LG02	511967	514589	20.190349
LG02	515759	518661	31.710376
LG02	51576	52496	0.068306
LG02	5173	5950	9.00673733333333
LG02	518962	519436	126.343783333333
LG02	519537	520669	3.37748433333333
LG02	521155	521383	3.08353966666667
LG02	522218	524691	3.46750766666667
LG02	524754	525564	0.365513333333333
LG02	525641	528528	5.90503733333333
LG02	529556	530952	8.03385266666667
LG02	531519	542151	7.86163
LG02	543769	544653	0
LG02	549130	551430	0
LG02	553790	566416	0
LG02	580362	581811	0
LG02	58358	60747	3.36183533333333
LG02	583800	585194	0
LG02	585200	588692	69.197164
LG02	586998	587693	0
LG02	591481	594330	4.18364366666667
LG02	594556	597291	102.892743333333
LG02	597508	599806	5.72694066666667
LG02	599935	600314	0.093059
LG02	601670	604461	2.293425
LG02	604597	605163	0.727952333333333
LG02	605366	607035	24.8975836666667
LG02	607248	608811	92.638112
LG02	609010	609660	1.35266333333333
LG02	609736	611348	10.6690706666667
LG02	61031	63449	13.4284973333333
LG02	611614	611993	118.629104666667
LG02	612255	613090	20.5285516666667
LG02	613347	614831	23.4513296666667
LG02	614993	616703	29.736028
LG02	617139	618847	18.5875536666667
LG02	618932	619942	26.177735
LG02	620070	623194	42.037057
LG02	623293	624633	27.399372
LG02	624940	628706	14.1550306666667
LG02	628912	630336	6.60406033333333
LG02	630855	631615	134.58373
LG02	631900	633151	48.1107203333333
LG02	633501	635931	25.732841
LG02	640126	641518	17.3261166666667
LG02	64107	64895	0.975471
LG02	642141	644516	7.157414
LG02	644814	646733	189.915786666667
LG02	647558	648697	1.106265
LG02	649618	651722	12.9072916666667
LG02	652729	653641	4.30459866666667
LG02	653719	655296	80.2649006666667
LG02	655775	656740	1.342109
LG02	657070	659491	20.6358826666667
LG02	660220	660975	6.389034
LG02	662611	665630	110.031771333333
LG02	666606	671573	85.9317246666667
LG02	672510	674107	21.693269
LG02	674143	676719	127.970637
LG02	677146	678948	24.805854
LG02	679307	680352	0.473796333333333
LG02	680682	682381	309.293772333333
LG02	682499	686484	52.3121946666667
LG02	682876	684435	0.139005
LG02	686618	688783	14.3199846666667
LG02	691197	692711	6.77354966666667
LG02	69403	70060	0
LG02	694299	697926	144.157267666667
LG02	698855	700419	396.886657666667
LG02	701042	702085	17.5982666666667
LG02	702376	702711	0
LG02	703350	705182	25.4096526666667
LG02	705262	705918	2.79528266666667
LG02	706816	708324	9.21425733333333
LG02	709159	710578	6.36335733333333
LG02	710880	713274	34.409925
LG02	713290	714182	1.25104566666667
LG02	715091	716561	0
LG02	717736	720225	2.07607933333333
LG02	723679	727367	54.851232
LG02	728522	731506	21.063963
LG02	732293	735349	94.1434376666667
LG02	735947	736713	52.0835813333333
LG02	738198	751695	0
LG02	758430	760506	37.5923093333333
LG02	761066	763102	3.134073
LG02	763571	764865	70.2275773333333
LG02	764922	767179	47.1464146666667
LG02	768276	769465	186.374695
LG02	769986	771026	11.2720076666667
LG02	771206	772269	4.855803
LG02	772419	773413	1.27631333333333
LG02	773823	776413	4.875281
LG02	776714	781278	76.7757746666667
LG02	781377	785210	24.5457103333333
LG02	785414	788513	35.002641
LG02	788582	789458	9.347778
LG02	791334	793811	163.329402
LG02	796223	796643	0.145253666666667
LG02	797136	799877	119.365369333333
LG02	799917	800520	0.0731336666666667
LG02	801707	802411	5.08851566666667
LG02	803257	804022	144.007955
LG02	804154	806703	23.3659133333333
LG02	807018	810977	11.6632746666667
LG02	811336	812296	24.78026
LG02	812392	813868	13.287108
LG02	814690	816248	54.7034876666667
LG02	816696	817318	103.075943
LG02	817727	819807	10.915603
LG02	819975	822654	1.13299366666667
LG02	823115	824954	14.1521143333333
LG02	825048	825801	25.562351
LG02	826034	827524	6.282177
LG02	8266	9728	1275.67036933333
LG02	827820	829690	9.346482
LG02	831080	834977	1.91872933333333
LG02	836914	838933	1.422592
LG02	839782	841691	119.045593333333
LG02	841785	843449	78.2969156666667
LG02	844498	845011	0.58007
LG02	845099	846379	15.1159
LG02	849281	856388	111.091916666667
LG02	857058	859521	9.94224466666667
LG02	860153	861801	10.010165
LG02	862904	865459	27.9357573333333
LG02	866165	868947	1.58297966666667
LG02	86871	88501	0
LG02	869071	871332	16.39332
LG02	871644	873214	37.1991166666667
LG02	873965	876291	18.7219993333333
LG02	877008	880643	3.233026
LG02	881057	882042	71.286364
LG02	882066	882757	45.9750466666667
LG02	882923	885030	27.1032923333333
LG02	885172	887394	25.1208136666667
LG02	88569	89790	0
LG02	887743	889403	30.7980853333333
LG02	889467	891616	46.6182516666667
LG02	891631	893575	6.80996
LG02	893701	894224	9.99361933333333
LG02	894256	895473	9.79062766666667
LG02	895676	897543	3.56628633333333
LG02	897696	899693	4.25491566666667
LG02	900506	901904	13.6477373333333
LG02	902108	903547	4.36663666666667
LG02	903754	906947	10.0356383333333
LG02	907826	912790	15.398753
LG02	913076	914453	39.3114346666667
LG02	915415	916963	21.5239946666667
LG02	917291	920943	61.7336553333333
LG02	921004	922019	21.781685
LG02	92197	92979	0
LG02	922893	925017	0.142499
LG02	926417	928344	43.68824
LG02	928468	929909	17.4716576666667
LG02	930009	931213	8.69071233333333
LG02	932688	935314	53.0251783333333
LG02	935437	941186	29.9596393333333
LG02	941438	941889	3.023812
LG02	941996	972029	26.028392
LG02	972637	974715	485.06134
LG02	974710	976701	14.6671156666667
LG02	980304	981306	0.445689666666667
LG02	981629	983859	51.4609186666667
LG02	983905	984757	3.29703033333333
LG02	985037	985615	0.0203113333333333
LG02	987007	989778	6.476941
LG02	991171	992790	62.9887923333333
LG02	992867	996679	17.12066
LG02	99542	100096	0
LG02	998593	1000257	6.448233
LG03	1000153	1001077	161.578928666667
LG03	1001939	1003134	16.9766253333333
LG03	1003248	1004357	0.587532
LG03	1004697	1007459	41.856112
LG03	1007849	1008696	0.150966
LG03	1009277	1010593	0.765830666666667
LG03	1011428	1017740	85.8129653333333
LG03	101307	102643	4.00640433333333
LG03	1017789	1018830	0.543514
LG03	1018880	1019872	0.899957
LG03	1020717	1021761	1.54182566666667
LG03	1020969	1021585	0.0332543333333333
LG03	1021833	1026074	24.3918973333333
LG03	1026347	1029646	88.001124
LG03	1029844	1032504	30.2235113333333
LG03	1032718	1037331	2.811937
LG03	1037500	1039539	5.89685033333333
LG03	104040	105427	4.81474366666667
LG03	1040440	1043088	8.54460166666667
LG03	1043322	1044668	38.151759
LG03	1045245	1047934	0.0549623333333333
LG03	1049394	1052364	29.963288
LG03	1052752	1054130	16.1584173333333
LG03	1054536	1056300	9.73893
LG03	105456	112749	13.8564986666667
LG03	1056591	1057529	0.428327333333333
LG03	1057631	1060400	10.4807016666667
LG03	1062221	1064299	29.0863736666667
LG03	1064389	1066387	76.1693193333333
LG03	1067920	1068716	44.4458033333333
LG03	1072434	1072900	0
LG03	1073900	1074156	0
LG03	1074491	1076291	1.31268333333333
LG03	1078249	1082679	14.6416423333333
LG03	1083208	1087272	20.391444
LG03	1088686	1091488	46.904832
LG03	1093714	1094817	11.161411
LG03	1097322	1100781	32.01585
LG03	1101551	1107800	52.2168033333333
LG03	1109289	1110460	20.9204013333333
LG03	1110476	1111308	0.687710333333333
LG03	1111358	1113631	55.63141
LG03	1113720	1115384	10.4651786666667
LG03	1116678	1118686	9.829001
LG03	1116798	1124006	21.8514953333333
LG03	1119192	1119621	0.465674666666667
LG03	1125103	1126986	10.0905136666667
LG03	112761	119729	16.760217
LG03	1134345	1138008	0
LG03	1138220	1141525	0
LG03	1141883	1145315	2.21256833333333
LG03	1146692	1149048	0
LG03	1151342	1152021	0.541427666666667
LG03	1152422	1153306	0
LG03	1158584	1164457	14.853976
LG03	1165813	1167128	8.013433
LG03	1168346	1171706	47.269436
LG03	1174111	1175825	0.161154
LG03	1176818	1180249	24.6529593333333
LG03	1180535	1180990	1.39914066666667
LG03	1182027	1183938	0.172276333333333
LG03	1184013	1184484	0.167200333333333
LG03	1189316	1190388	0
LG03	1194561	1195428	0
LG03	1195724	1196168	0.127738333333333
LG03	1197264	1200357	37.159748
LG03	119772	121585	6.20179933333333
LG03	1200622	1202230	22.1969073333333
LG03	1203692	1205957	0.321168666666667
LG03	1216421	1216919	0
LG03	1230	6335	0
LG03	128970	130316	0.937194666666667
LG03	131504	135307	20.6248403333333
LG03	135525	136087	0.194882666666667
LG03	136874	138243	2.74113333333333
LG03	139877	140529	0.105842333333333
LG03	141483	142627	0.070793
LG03	143164	143566	0
LG03	143912	144640	0
LG03	148223	149596	0
LG03	149684	150955	6.30605533333333
LG03	162324	163679	44.415876
LG03	163995	165824	13.16319
LG03	165882	167758	1.89251533333333
LG03	167759	170899	10.9309756666667
LG03	171076	172663	0.054606
LG03	173170	174778	2.646265
LG03	175563	175884	1.95203466666667
LG03	17600	20389	0
LG03	178629	181334	0
LG03	185023	185638	0
LG03	186379	188934	0
LG03	189655	192306	0.0202723333333333
LG03	195299	196801	3.11817066666667
LG03	200070	203405	0
LG03	20776	22762	0
LG03	207987	208910	0.147555333333333
LG03	209917	212439	0.00593766666666667
LG03	213184	214761	0
LG03	215498	218447	0
LG03	219670	222949	0
LG03	232370	233284	0
LG03	234014	234934	0.034176
LG03	236912	238497	24.305728
LG03	239315	242393	22.9517773333333
LG03	242558	243616	7.30039366666667
LG03	243850	244429	47.1391156666667
LG03	244998	246136	12.949437
LG03	246827	249775	41.1742016666667
LG03	250205	252232	0.605391333333333
LG03	252855	254831	5.92496966666667
LG03	255354	258135	10.512732
LG03	258813	260037	35.734435
LG03	260099	265175	6.844654
LG03	266217	268786	47.8014766666667
LG03	269129	269838	13.6284226666667
LG03	270066	270897	6.41783433333333
LG03	271354	279006	11.546931
LG03	279817	280758	26.463698
LG03	281652	282253	42.989316
LG03	282516	284892	22.3304813333333
LG03	284957	285432	0.0397473333333333
LG03	288384	290960	3.722721
LG03	291459	293547	8.30912966666667
LG03	294064	295174	47.8546983333333
LG03	295699	297197	344.126495
LG03	297408	298101	2.64391133333333
LG03	298109	301222	13.9964436666667
LG03	30220	31928	0
LG03	302225	303321	1.54022133333333
LG03	303742	306518	3.53219
LG03	307407	310157	20.5061383333333
LG03	310354	312156	10.340166
LG03	312287	314218	38.2675183333333
LG03	314896	315334	0.0883166666666667
LG03	315615	317274	9.15489533333333
LG03	317930	320345	3.623643
LG03	321065	322766	22.6489963333333
LG03	32241	34587	0
LG03	323989	325922	16.9405833333333
LG03	326252	327018	171.894297333333
LG03	327129	333944	16.6908206666667
LG03	335064	335453	0
LG03	335468	335885	0.0830763333333333
LG03	336581	337980	3.96166033333333
LG03	338669	350783	5.75506366666667
LG03	34765	35693	0
LG03	351442	352195	102.740923333333
LG03	352591	352920	141.575063
LG03	353052	353612	24.654752
LG03	353750	354974	28.759748
LG03	355292	359174	34.668073
LG03	359344	361932	42.6441176666667
LG03	362065	363224	35.7286706666667
LG03	364844	365960	16.9184983333333
LG03	367497	369410	4.10712633333333
LG03	369971	373715	43.1867156666667
LG03	374046	374852	0.0632183333333333
LG03	376612	379059	440.656911
LG03	379198	381315	6.83893933333333
LG03	381609	384994	15.4655003333333
LG03	386096	388630	1.46330966666667
LG03	386242	386812	0
LG03	388634	390842	34.07678
LG03	391356	392515	2804.80981466667
LG03	393231	393530	0.296692666666667
LG03	394472	395090	1.02540066666667
LG03	395467	399675	3.067704
LG03	400111	400405	0.064331
LG03	400704	404312	0.019151
LG03	404316	405261	0
LG03	408185	411616	0
LG03	413384	414655	0
LG03	415719	416825	0.951862333333333
LG03	417785	418278	73.158646
LG03	418502	420354	24.7318876666667
LG03	420926	421947	25.209984
LG03	422027	426147	7.049005
LG03	426284	430974	3.68547266666667
LG03	431332	433360	39.2224973333333
LG03	433592	440486	27.719468
LG03	440584	442799	72.625496
LG03	443724	446560	21.375906
LG03	446564	458356	6.001459
LG03	458387	459663	1.221578
LG03	460090	463350	104.465115666667
LG03	464228	466332	98.25632
LG03	466917	474536	59.689209
LG03	47295	49265	9.932073
LG03	474550	476864	1.26383966666667
LG03	476726	478467	2.930021
LG03	479881	482479	0.057915
LG03	483565	486848	314.266418666667
LG03	486947	488098	1.79410966666667
LG03	488102	491551	4.581871
LG03	491809	494017	12.7261353333333
LG03	494067	496475	6.21811033333333
LG03	497129	508799	12.1202663333333
LG03	509016	511292	148.834778
LG03	50948	52275	0
LG03	511555	512541	21.1299793333333
LG03	512796	513552	24.044817
LG03	513778	515132	48.513358
LG03	515301	517164	4.56722333333333
LG03	518338	520657	0.791331333333333
LG03	521042	523213	26.4007493333333
LG03	523360	526338	132.113708333333
LG03	527455	528911	29.9171696666667
LG03	529513	534145	5.63345333333333
LG03	534506	537369	17.3396673333333
LG03	54567	56219	0.909424
LG03	550098	554411	25.5588456666667
LG03	554825	558948	57.8244743333333
LG03	560231	560925	1.029143
LG03	561202	563387	9.306096
LG03	563534	565361	39.841157
LG03	565629	567310	23.0913926666667
LG03	567885	570533	7.374349
LG03	570692	573229	38.0910656666667
LG03	573992	575193	432.566762
LG03	575738	580265	29.1306086666667
LG03	57582	59867	5.74206466666667
LG03	582014	582946	4.404176
LG03	583305	584082	49.468422
LG03	584286	586128	42.9013113333333
LG03	586586	589153	22.984773
LG03	589320	590816	311.631367666667
LG03	591295	593210	698.825826
LG03	593651	599907	9.74331966666667
LG03	600885	602065	427.642558
LG03	602175	603822	42.340425
LG03	60220	60516	0.606564666666667
LG03	604397	606805	1.51781733333333
LG03	60592	64554	2.183475
LG03	607280	608137	42.087803
LG03	610089	611043	322.845621333333
LG03	611160	612526	17.3602053333333
LG03	612728	616556	139.552103666667
LG03	616710	617748	232.368982666667
LG03	617882	620218	184.656011
LG03	620343	623420	42.7257413333333
LG03	623866	624688	0.299611666666667
LG03	626484	628206	44.1968296666667
LG03	628299	630821	43.3259213333333
LG03	631354	633538	103.236697
LG03	633702	635147	397.493215
LG03	635613	640541	37.3023223333333
LG03	641656	642502	0.595637
LG03	642511	643446	71.1166153333333
LG03	643517	647861	11.9972683333333
LG03	64651	66144	0.239621666666667
LG03	647862	651722	45.5905406666667
LG03	663568	664900	0
LG03	665379	669598	0
LG03	694521	694919	0
LG03	715723	718147	0
LG03	718772	721044	0
LG03	724046	725065	0
LG03	730034	734326	0
LG03	746645	747073	0
LG03	759431	760649	0
LG03	773241	773906	0
LG03	777514	778137	0
LG03	778648	781451	0
LG03	781570	783223	0
LG03	78910	81174	0
LG03	801081	802028	0
LG03	813887	815301	38.344888
LG03	815317	816353	989.747457
LG03	816453	819527	44.7752356666667
LG03	819796	823088	23.849952
LG03	824467	825597	31.2694303333333
LG03	825836	828198	6.54924
LG03	830891	832467	71.7694526666667
LG03	833494	839129	11.083626
LG03	8371	14213	0.042277
LG03	839305	840166	14.0147493333333
LG03	840182	841008	0.150447333333333
LG03	84055	86302	0
LG03	844648	849050	15.3280553333333
LG03	849778	850994	35.0967986666667
LG03	852703	853237	0.0435893333333333
LG03	853622	854847	6.64143466666667
LG03	856674	858507	24.402623
LG03	858634	860937	250.363001666667
LG03	861047	863642	70.945333
LG03	864662	866771	128.577217
LG03	866939	869366	19.0754
LG03	870952	872619	3.607026
LG03	87203	88934	0
LG03	872708	875347	47.2374813333333
LG03	875504	878453	29.1279893333333
LG03	879309	879984	18.9454483333333
LG03	880496	881335	0.512122333333333
LG03	880773	881148	0.182254333333333
LG03	881595	883635	6.848188
LG03	883735	885072	144.236847
LG03	885993	887062	28.0194716666667
LG03	888006	891496	15.3011143333333
LG03	891496	894724	8.39476566666667
LG03	894902	896723	6.62239466666667
LG03	89655	95449	0.487216
LG03	897503	897862	0.12754
LG03	898839	900694	4.204098
LG03	901281	901854	0.965340666666667
LG03	902524	903987	28.4092036666667
LG03	904118	904322	4.48059866666667
LG03	905193	906943	332.873983
LG03	907235	909091	5.38683233333333
LG03	909266	911341	6.77162166666667
LG03	911706	914652	46.268978
LG03	917137	918333	1.08561366666667
LG03	918472	929176	29.10789
LG03	929767	931251	137.704941
LG03	931550	932260	636.107116666667
LG03	933182	936645	42.383738
LG03	936940	937498	0.139106
LG03	937823	940927	52.8761796666667
LG03	941136	943596	2.61918466666667
LG03	943831	945821	25.0422716666667
LG03	946731	950156	5.41185066666667
LG03	950931	954651	26.1261456666667
LG03	954666	957761	552.049641666667
LG03	958087	958573	0.205901333333333
LG03	958198	958720	0
LG03	959920	964615	5.876229
LG03	95999	98664	3.220412
LG03	964966	966032	19.1467946666667
LG03	965995	967868	30.8187733333333
LG03	968243	969669	15.452737
LG03	969714	971226	92.448186
LG03	971387	975331	28.055359
LG03	975714	979133	38.3136726666667
LG03	979892	981204	9.30683433333333
LG03	982424	985269	13.870219
LG03	985598	986543	76.470418
LG03	986823	988221	22.847241
LG03	98863	101084	5.99890233333333
LG03	990463	992152	100.420311
LG03	992544	994583	8.72231833333333
LG03	994835	995414	162.993337
LG03	995953	998857	27.3453666666667
LG03	998871	999856	30.6377066666667
LG04	1006025	1006424	0.0704163333333333
LG04	1006603	1007366	0.113481
LG04	1008505	1010857	19.008166
LG04	1010874	1012420	272.444682
LG04	1012584	1014163	14.6971513333333
LG04	1014260	1016020	22.3353486666667
LG04	1016444	1018634	30.0924783333333
LG04	1019240	1020807	123.362986333333
LG04	1021710	1025851	30.2741023333333
LG04	1025989	1027115	23.5880743333333
LG04	1027209	1028058	13.6475993333333
LG04	1028143	1029351	22.3085446666667
LG04	1029463	1030600	12.006372
LG04	1031142	1034307	5.04033966666667
LG04	1036181	1036764	3.86599433333333
LG04	1036813	1038739	110.974261333333
LG04	1039160	1041498	10.3699793333333
LG04	1042356	1045677	8.00404833333333
LG04	1046585	1047664	1.93213566666667
LG04	1048005	1049307	0.229954333333333
LG04	1048034	1048530	0.239672333333333
LG04	1049600	1051277	10.0984086666667
LG04	1051368	1051656	14.389283
LG04	1051731	1052235	214.231953666667
LG04	1052560	1062938	2.85998966666667
LG04	1063325	1065722	3.29316766666667
LG04	1066149	1067102	56.4966873333333
LG04	1067841	1068255	44.4107026666667
LG04	1068637	1070759	13.3497486666667
LG04	107095	109798	0
LG04	1071447	1073514	19.2018593333333
LG04	1074105	1074545	0
LG04	1075440	1076726	14.8162123333333
LG04	1079591	1081056	0.459988333333333
LG04	1079591	1085969	6.63986733333333
LG04	1081150	1092381	7.052949
LG04	1084138	1087402	1.87789766666667
LG04	1095875	1097451	42.389731
LG04	1097745	1100027	8.55624333333333
LG04	1100461	1101360	1.564082
LG04	1101666	1113433	3.42915366666667
LG04	110288	112572	0
LG04	1113914	1114395	0.041996
LG04	1115215	1116756	5.462635
LG04	1117136	1117868	8.090668
LG04	1117970	1118452	0.890188333333333
LG04	1118487	1121775	7.69795133333333
LG04	1128350	1130047	0
LG04	1136527	1138813	2.94139366666667
LG04	1139054	1139922	0.643229666666667
LG04	1140822	1144260	4.06557633333333
LG04	1144296	1145632	2.89698633333333
LG04	1144775	1145548	0
LG04	1145654	1150359	17.34932
LG04	1151087	1152784	1.43117333333333
LG04	1152952	1155466	7.35379333333333
LG04	1155553	1158759	3.95395633333333
LG04	1159253	1160955	17.653836
LG04	1161049	1164500	24.2917623333333
LG04	1164686	1165514	56.8987593333333
LG04	1165746	1166148	4.980963
LG04	1166245	1168080	56.1630783333333
LG04	1168214	1169366	56.4000356666667
LG04	1169385	1171404	43.5426396666667
LG04	1171490	1172822	0.984284333333333
LG04	1173374	1174352	13.2681663333333
LG04	1175467	1177367	0
LG04	1178682	1180282	0
LG04	1181718	1184358	359.860799333333
LG04	1184751	1185559	0.374526333333333
LG04	1185878	1190901	6.61442566666667
LG04	1191312	1196782	19.8640976666667
LG04	1196788	1197581	2.35611066666667
LG04	1197633	1199434	16.9679153333333
LG04	1199830	1200309	0.163274666666667
LG04	1200648	1201090	0.08642
LG04	1201571	1204313	156.978886666667
LG04	1205196	1206467	0.729513666666667
LG04	1206757	1208894	61.0792273333333
LG04	1210201	1212402	1.960987
LG04	1213104	1215521	2.09892766666667
LG04	1215976	1216958	8.93327066666667
LG04	1217102	1217825	93.4645336666667
LG04	1217995	1220074	25.6543016666667
LG04	1220264	1220955	310.686401333333
LG04	1221331	1222603	92.9851786666667
LG04	1222787	1224651	1.004773
LG04	1224897	1226482	103.588829
LG04	1227138	1228751	272.589009666667
LG04	1228809	1230066	18.7435583333333
LG04	1230574	1232631	11.507422
LG04	1233231	1235824	2.640462
LG04	1236744	1237937	0.269714333333333
LG04	1238120	1240419	34.4915046666667
LG04	1240694	1242299	257.389236333333
LG04	1242466	1244418	6.76033833333333
LG04	1245686	1246585	40.1992836666667
LG04	1248059	1248815	48.7481473333333
LG04	1251017	1251690	1.284221
LG04	1252152	1255296	18.9066026666667
LG04	1255542	1258677	9.17150066666667
LG04	1259932	1260786	0.531394666666667
LG04	1262132	1264015	3.523686
LG04	1264658	1267151	4.398018
LG04	1267920	1272091	5.213858
LG04	1272810	1273800	20.1373636666667
LG04	1274216	1280007	37.8654263333333
LG04	1283281	1283949	0
LG04	1287064	1288437	0
LG04	1298091	1299771	0.149358666666667
LG04	1300114	1303273	10.9530716666667
LG04	1304187	1308177	54.3149143333333
LG04	1309313	1311213	1.87752133333333
LG04	1311479	1312477	0.890605333333333
LG04	1312479	1314666	3.898155
LG04	1315099	1317715	28.5538866666667
LG04	1317802	1320553	35.505133
LG04	1320732	1325236	30.516268
LG04	1325345	1328244	18.3701153333333
LG04	1328322	1331872	30.3216276666667
LG04	1338688	1344195	0
LG04	1350879	1351311	0
LG04	1353945	1354377	0
LG04	1359378	1363295	0
LG04	1363313	1364047	0
LG04	1377863	1379169	11.2731333333333
LG04	1379523	1386371	45.12884
LG04	1387370	1388653	0.588472666666667
LG04	1389247	1391648	9.72278666666667
LG04	1391652	1393015	6.545787
LG04	1393415	1395832	7.90280233333333
LG04	1397215	1399340	2.03485566666667
LG04	1399603	1402000	4.62392033333333
LG04	1403833	1406546	4.722842
LG04	1407014	1413896	97.2369053333334
LG04	1414935	1418144	4.22171166666667
LG04	1418496	1419343	1.16938266666667
LG04	1420287	1420799	0.228344
LG04	1420766	1422066	1.29522066666667
LG04	1423523	1424158	0.901319
LG04	1426192	1428342	100.131915
LG04	1428334	1430262	67.7859116666667
LG04	1430395	1432177	38.6793873333333
LG04	1433019	1434105	15.6303536666667
LG04	1435050	1436140	1.183849
LG04	1436471	1437528	12.6619593333333
LG04	1438071	1439809	0.704753333333333
LG04	1440647	1442870	30.311659
LG04	1443496	1444207	51.434803
LG04	1444590	1446195	433.047312333333
LG04	1448890	1451339	23.1972816666667
LG04	1452200	1454542	0
LG04	1454817	1455429	0
LG04	1455999	1458727	19.876904
LG04	1458991	1465773	9.13410533333333
LG04	1466131	1468955	8.87059533333333
LG04	1469382	1471844	1.821108
LG04	1472374	1475001	11.111361
LG04	1475091	1477678	9.51036
LG04	1477856	1479505	10.7722126666667
LG04	1479601	1482446	148.799906333333
LG04	1482534	1484147	31.5628876666667
LG04	1485226	1486766	3.47201933333333
LG04	1488328	1489356	62.406377
LG04	1489919	1491662	3.37644733333333
LG04	1489955	1490390	0
LG04	1491711	1492736	14.3557696666667
LG04	1492763	1494984	41.532543
LG04	1499018	1501016	0
LG04	1506443	1507105	0
LG04	1526186	1530615	0
LG04	1538590	1541689	6.15981333333333
LG04	1541700	1543037	119.861203333333
LG04	1543868	1547765	49.7680523333333
LG04	1550595	1551770	0.168984333333333
LG04	1554302	1556790	42.3626136666667
LG04	1557297	1560911	32.0012523333333
LG04	155776	157740	0.936052666666667
LG04	1561784	1564484	3.35191066666667
LG04	1565669	1568384	8.346782
LG04	1569396	1572227	10.219193
LG04	1573067	1575729	13.9355503333333
LG04	1576177	1579702	5.60792
LG04	157839	160557	105.462132666667
LG04	1579656	1581154	1.126564
LG04	1581567	1582690	13.2575366666667
LG04	1581650	1584198	23.1783726666667
LG04	1584216	1586092	11.5515296666667
LG04	1588963	1589947	1.550264
LG04	1603202	1603600	0.464286666666667
LG04	1607209	1610728	0
LG04	161011	163146	9.058494
LG04	1611353	1612735	0
LG04	1624038	1624550	4.247934
LG04	1629224	1629605	1.33679733333333
LG04	1631487	1632106	0.924374333333333
LG04	163219	165572	4.17061433333333
LG04	1648890	1652048	0
LG04	165646	166133	0.00682033333333333
LG04	1661043	1662194	0
LG04	166201	169584	41.0061973333333
LG04	170742	172069	0.843484666666667
LG04	1719063	1719897	0.505152666666667
LG04	1719857	1720806	0.393189
LG04	1725146	1725983	0
LG04	1727127	1734479	0
LG04	173636	175575	0.082322
LG04	1746309	1749001	1.670017
LG04	1749111	1750269	1.38638666666667
LG04	1750965	1751515	35.0971136666667
LG04	1752262	1754043	12.048957
LG04	1754363	1756112	4.483821
LG04	1756289	1760995	40.4379666666667
LG04	1761387	1763627	5.63504033333333
LG04	176347	180295	9.07085633333333
LG04	1763681	1767942	1.12077633333333
LG04	1768161	1770368	0.116273333333333
LG04	1770496	1771133	0.892748666666667
LG04	1771427	1771884	0
LG04	1772424	1776135	0.935512333333333
LG04	1776664	1778510	6.18169
LG04	1777144	1779490	13.03645
LG04	1780379	1781216	5.23398633333333
LG04	1781875	1782282	10.8513413333333
LG04	1782959	1784588	2.52229166666667
LG04	1784738	1791189	14.4800353333333
LG04	1791969	1796182	9.072729
LG04	1800997	1805603	50.0887773333333
LG04	1807639	1809792	10.6381053333333
LG04	1809887	1810671	323.33078
LG04	1810798	1811066	176.595372666667
LG04	1811407	1818021	16.908292
LG04	181277	182328	2.358486
LG04	1818577	1819772	19.7675126666667
LG04	1820421	1822018	30.0474713333333
LG04	182936	189022	0.553497333333333
LG04	1830453	1834671	8.08255166666667
LG04	1836106	1837039	0.27885
LG04	1837059	1839672	203.900273666667
LG04	1839768	1841912	209.890523333333
LG04	1842020	1845908	54.2399253333333
LG04	1846181	1849447	26.1336706666667
LG04	1851554	1852279	0.185501666666667
LG04	1851797	1852175	0
LG04	1853307	1854662	0
LG04	1854771	1856389	0
LG04	1857956	1860579	50.7860703333333
LG04	1860677	1863439	141.516311666667
LG04	1867820	1868558	0
LG04	1874445	1876844	0
LG04	1882455	1885668	0
LG04	1888178	1893232	0
LG04	1894775	1895507	0
LG04	189680	190984	21.9797763333333
LG04	1897536	1898165	0
LG04	1904959	1905658	0
LG04	1908125	1910469	0
LG04	191180	191591	0
LG04	1912695	1931510	0
LG04	191611	192674	5.49284
LG04	193077	199351	0.71691
LG04	1936265	1939321	0
LG04	1947415	1948797	0
LG04	1951375	1952256	0
LG04	1957180	1964102	0
LG04	1966942	1968324	0
LG04	1970902	1971783	0
LG04	1982358	1983629	0
LG04	1993383	1996148	0
LG04	199495	203093	3.87827933333333
LG04	1997152	2007674	0
LG04	2007909	2009958	6.72385433333333
LG04	2010166	2016875	0
LG04	2018257	2018756	0
LG04	203808	204888	3.30234133333333
LG04	2039742	2040247	0
LG04	2043113	2044012	0
LG04	20462	21171	0
LG04	205640	207018	2.20766233333333
LG04	2070486	2071675	1.178151
LG04	2074347	2075307	13.278296
LG04	2075821	2076576	0.285038333333333
LG04	2076601	2076979	0.197367
LG04	2078421	2078802	0
LG04	2079295	2080968	0
LG04	2089037	2092101	0
LG04	2092585	2095509	0
LG04	2096790	2097977	0
LG04	209733	210551	31.1481273333333
LG04	2099088	2100127	0
LG04	2103130	2103851	0
LG04	210594	211660	85.0898486666667
LG04	2106458	2106981	0
LG04	2108963	2110741	0
LG04	2116488	2116946	0
LG04	2122607	2123897	0
LG04	2124104	2125042	0
LG04	2127294	2128529	0
LG04	212852	215347	9.86427266666667
LG04	2132724	2133637	0
LG04	2139116	2141408	0
LG04	2142875	2145211	0
LG04	2145733	2146476	0
LG04	2148904	2154176	0
LG04	2157275	2160195	0
LG04	2160214	2163570	0
LG04	2166563	2167704	0
LG04	216848	220159	0
LG04	2170294	2171495	0
LG04	2173588	2179174	0
LG04	2180492	2183307	0
LG04	2184340	2186257	0
LG04	2188921	2189595	0
LG04	2190770	2191746	0
LG04	2192163	2193857	0
LG04	2194655	2197560	0
LG04	2198150	2200119	0
LG04	2203947	2210282	0
LG04	220488	224202	0
LG04	2215358	2216108	0
LG04	2233287	2237500	0
LG04	2241267	2242439	0
LG04	2242449	2243053	0
LG04	2243173	2246169	0
LG04	2246483	2247220	0
LG04	2248389	2249116	0
LG04	2251400	2254252	0
LG04	2255712	2257122	0
LG04	2258254	2259873	0
LG04	2260229	2261006	0
LG04	226024	227699	0
LG04	2262917	2263720	0
LG04	2266289	2267410	0
LG04	22682	23396	0
LG04	2270874	2273422	0.224195333333333
LG04	2275909	2276910	0
LG04	2278493	2281355	0
LG04	2284014	2292923	0
LG04	228450	232608	0
LG04	2295624	2301650	0
LG04	2303133	2308523	0
LG04	2312471	2317743	0
LG04	2320560	2321835	0
LG04	2322291	2323046	0
LG04	2323880	2324406	0
LG04	2331166	2331745	0
LG04	2331860	2333769	0
LG04	2335889	2336228	0
LG04	2339869	2341045	0
LG04	2348931	2351987	0
LG04	2356819	2358166	0
LG04	235800	237685	0
LG04	2372251	2375419	0
LG04	2375530	2380336	0
LG04	238341	239041	0
LG04	2393593	2394132	0
LG04	239564	240058	0
LG04	2405186	2406359	0
LG04	240924	242405	17.4669946666667
LG04	2412200	2413993	0
LG04	2414358	2419591	0
LG04	2420713	2423797	2.73272233333333
LG04	2424011	2427305	0.958790666666667
LG04	242734	243078	0
LG04	2428282	2429107	1.861262
LG04	2429868	2432700	5.98567033333333
LG04	2432978	2434537	14.8249266666667
LG04	2436600	2439184	16.7016566666667
LG04	2439419	2440538	66.9093143333333
LG04	2440598	2442451	18.2937713333333
LG04	2442485	2445599	74.5298053333333
LG04	2445735	2446432	271.197082333333
LG04	2446644	2448712	15.963991
LG04	2449164	2450071	41.3876633333333
LG04	244942	247771	9.45720933333333
LG04	2455550	2456657	0.0211893333333333
LG04	2460084	2510979	0.214506333333333
LG04	247815	251256	48.8101223333333
LG04	2512601	2513774	0.116524666666667
LG04	2514145	2514881	2.420736
LG04	2515462	2519776	26.9681276666667
LG04	251668	252679	0.792943
LG04	2520127	2530113	0.248623333333333
LG04	252999	255186	8.47509733333333
LG04	2530274	2534318	2.98598333333333
LG04	2535602	2538857	0
LG04	2540291	2540878	0
LG04	2541763	2542485	0
LG04	2542838	2543499	0
LG04	2545148	2546370	2.24183
LG04	255364	256407	1.19742866666667
LG04	255368	255686	0.00355733333333333
LG04	2557331	2557987	0
LG04	2564860	2566475	1.79290033333333
LG04	2569109	2570920	9.37194366666667
LG04	2576272	2578750	12.8493993333333
LG04	2584740	2589046	44.3718783333333
LG04	2589224	2591474	21.3179733333333
LG04	2591539	2593196	0.489828666666667
LG04	259215	261169	2.801798
LG04	2592390	2593135	0
LG04	2594473	2595734	0.145552333333333
LG04	2596830	2597467	0.192580333333333
LG04	2597769	2598204	0.0754396666666667
LG04	2598893	2599908	0.0952866666666667
LG04	2600764	2602599	12.8535443333333
LG04	2603541	2604274	7.37857566666667
LG04	2606490	2610855	32.1486556666667
LG04	2612159	2616830	37.9754253333333
LG04	261508	263867	29.317412
LG04	2617401	2619063	2.62059566666667
LG04	264987	266736	9.35590833333333
LG04	2662917	2666101	0
LG04	2673697	2676309	0.092245
LG04	2677754	2679229	0.234952
LG04	2681764	2684545	0
LG04	268808	272517	3.60405066666667
LG04	2689807	2691846	0
LG04	2693721	2694567	0
LG04	2699076	2699972	0
LG04	2700693	2702157	0
LG04	2703132	2703742	0
LG04	2705125	2705915	0
LG04	2706770	2708937	0
LG04	2716325	2717265	0
LG04	2719558	2720392	0.719881666666667
LG04	2723089	2724564	0.428157666666667
LG04	2726385	2728813	3.138228
LG04	2729218	2732705	1.20219466666667
LG04	2733085	2735222	7.37317666666667
LG04	2735956	2738709	0.840167
LG04	2739336	2742622	0.608646333333333
LG04	2743025	2744516	130.976613666667
LG04	2744525	2746242	2.84609266666667
LG04	2747681	2748507	1.108627
LG04	2749060	2751342	21.2151866666667
LG04	2752071	2752768	0.193828
LG04	2753310	2755346	4.54849766666667
LG04	2755630	2756711	5.66223566666667
LG04	2757042	2757913	854.449707
LG04	2758243	2759336	27.412273
LG04	2759962	2760832	4545.114258
LG04	2767640	2768224	0
LG04	2770068	2771102	0
LG04	2787217	2790455	0
LG04	2790618	2791244	44.774831
LG04	2792798	2793888	14.75083
LG04	2794673	2797655	75.0101853333333
LG04	2797673	2799827	9.59201066666667
LG04	2800065	2802449	88.0004756666667
LG04	2802767	2804232	29.140723
LG04	2804715	2807505	4.92490433333333
LG04	2808954	2809787	7.491077
LG04	2810141	2820185	8.256271
LG04	2820409	2821643	1.25691366666667
LG04	2822087	2826109	19.6719976666667
LG04	2828521	2829806	2.04071
LG04	2831269	2833852	3.17782
LG04	2834144	2836403	14.6763583333333
LG04	2837143	2840005	3.742867
LG04	2840013	2840861	1.22810766666667
LG04	2841185	2841965	1.647693
LG04	2843392	2844573	8.52208566666667
LG04	2845065	2848760	4.980154
LG04	2850041	2850594	0
LG04	2850308	2850606	0.128005333333333
LG04	2850743	2851860	0.611748
LG04	2852384	2853250	0.138372333333333
LG04	2853606	2856176	9.86614033333333
LG04	2857012	2859288	30.288238
LG04	2861098	2865308	36.8021113333333
LG04	2865331	2867101	9.82126166666667
LG04	2868658	2871554	0
LG04	2877197	2879179	3.358748
LG04	2879587	2880315	0
LG04	2880614	2882247	30.1527323333333
LG04	2883845	2885104	32.5594486666667
LG04	2885947	2889772	28.9432913333333
LG04	2890697	2892170	0.940078666666667
LG04	2897599	2900495	0
LG04	2918139	2920844	0.0191313333333333
LG04	292760	297043	0
LG04	2931428	2933637	2.99208133333333
LG04	2933719	2934304	0.071335
LG04	2934546	2936473	10.823531
LG04	2937747	2939734	0.0937286666666667
LG04	2940921	2942916	0.23386
LG04	2943500	2946141	22.5587926666667
LG04	2946367	2949695	11.515344
LG04	2950140	2955716	15.4046256666667
LG04	2956526	2958191	1.154075
LG04	2958352	2959048	0.0686436666666667
LG04	2959456	2960622	25.7934076666667
LG04	2960750	2963047	409.756052333333
LG04	2963132	2964027	77.426
LG04	2964812	2965365	0.337724
LG04	2966639	2969099	33.64653
LG04	2969478	2972902	28.3188093333333
LG04	2975421	2976398	0
LG04	2977808	2978362	0
LG04	2980966	2984301	0
LG04	2988480	2991186	0
LG04	2993057	2996349	0
LG04	2997563	2999005	0
LG04	3000355	3002380	0
LG04	3003100	3004610	0.693845666666667
LG04	3004637	3006698	38.8291346666667
LG04	3007457	3008106	22.4491973333333
LG04	3009410	3009867	0
LG04	3010867	3011361	0.561907333333333
LG04	3011971	3013139	43.3687016666667
LG04	3013238	3016112	113.392326666667
LG04	3016528	3017108	0.712088
LG04	3017961	3018998	0.473445
LG04	3019086	3019609	0
LG04	3020118	3022311	9.85266866666667
LG04	3022824	3024375	0.051627
LG04	3024557	3027125	4.38023533333333
LG04	3029180	3030299	214.932734333333
LG04	3030813	3032366	5.05913166666667
LG04	3033579	3035631	51.5104663333333
LG04	3036123	3037319	24.433881
LG04	3058640	3060075	7.81285
LG04	3061304	3061787	0.987201333333333
LG04	3062190	3063603	41.2131336666667
LG04	3063639	3065304	129.649592
LG04	30645	32337	0
LG04	3066503	3067081	0.073989
LG04	3067076	3069261	126.133415
LG04	3070031	3071554	130.629623333333
LG04	3071582	3072224	137.713435
LG04	3072139	3072461	20.364132
LG04	3072647	3088978	41.269291
LG04	3090035	3090735	7.956019
LG04	3092250	3093093	31.0291173333333
LG04	3094852	3097324	2.69289366666667
LG04	3099929	3102396	7.68583333333333
LG04	3105323	3107591	0
LG04	3109210	3110805	0
LG04	3112352	3113126	0
LG04	3115451	3117928	2.463332
LG04	3118722	3119275	17.5936013333333
LG04	3122823	3123500	0.214004666666667
LG04	3123923	3124390	3.780698
LG04	3125782	3128558	4.509179
LG04	3129766	3130550	5.48586866666667
LG04	3131920	3135020	7.76074733333333
LG04	3135348	3137734	30.917064
LG04	3139206	3140860	9.61810966666667
LG04	3141162	3144506	12.1085686666667
LG04	3159089	3161979	44.9615426666667
LG04	3162156	3165143	6.24427233333333
LG04	3165549	3166516	6.35720233333333
LG04	3165824	3166599	0.0288673333333333
LG04	3167654	3170443	3.20180466666667
LG04	3170840	3171750	11.3407673333333
LG04	3172615	3175150	1.02842566666667
LG04	3175516	3176486	16.1209713333333
LG04	3176709	3177474	721.933817666667
LG04	3177516	3178747	479.733215333333
LG04	3178922	3182146	50.0147806666667
LG04	3182694	3185044	88.92835
LG04	318344	323875	0
LG04	3185461	3187823	110.400103333333
LG04	3188367	3190301	5.29881966666667
LG04	3190793	3194655	9.82033366666667
LG04	3194696	3197027	5.52899466666667
LG04	3197696	3199198	32.328003
LG04	3199357	3203306	22.7650533333333
LG04	3204033	3204703	0.518686666666667
LG04	3205013	3207691	105.749016
LG04	3207949	3208538	0.461319
LG04	3210361	3213028	21.8713983333333
LG04	3216123	3217749	0.0185686666666667
LG04	3218700	3220516	66.397475
LG04	3220567	3222521	9.41906333333333
LG04	3222621	3223495	0.138803666666667
LG04	3223773	3224551	0.969302
LG04	3224622	3227065	10.9580863333333
LG04	3227454	3229003	18.7150636666667
LG04	3230197	3232608	0.0550726666666667
LG04	3236075	3239640	0
LG04	3239668	3240762	0
LG04	3242029	3242765	0
LG04	3243415	3247161	9.74542433333333
LG04	3247594	3252062	14.026622
LG04	3252862	3254802	859.435648666667
LG04	3256078	3256626	3.718818
LG04	3260699	3263288	62.5652146666667
LG04	3263697	3264746	39.900252
LG04	3265918	3267607	20.2646063333333
LG04	3268094	3270949	1.14492366666667
LG04	3271793	3276034	26.739165
LG04	3277525	3278755	24.202065
LG04	3278860	3279778	75.5116883333333
LG04	3280679	3281438	17.7765043333333
LG04	3282827	3283916	6.57308566666667
LG04	3284669	3287372	31.1174356666667
LG04	3287596	3290416	21.127198
LG04	3290424	3291508	33.7217493333333
LG04	3291587	3293870	0.249359
LG04	3294338	3296801	9.902385
LG04	3296889	3299072	46.0709163333333
LG04	3299938	3301696	52.2763953333333
LG04	330072	331565	0
LG04	3303398	3305524	279.682403666667
LG04	3305850	3306132	0.146884333333333
LG04	3306208	3307614	1.290273
LG04	3307784	3308419	0.467413
LG04	3309219	3310282	25.006259
LG04	3310560	3311522	0.0318686666666667
LG04	3313063	3314553	33.595636
LG04	3314628	3315419	0.539312
LG04	3315626	3316989	91.5082626666667
LG04	3317286	3318418	10.904878
LG04	3317389	3320102	115.668670666667
LG04	3320441	3322468	229.908203
LG04	332241	332840	0
LG04	3323139	3324836	2.27263333333333
LG04	3325485	3326432	7.108521
LG04	3326780	3327394	0.0316146666666667
LG04	3326915	3328465	2.93684733333333
LG04	3328497	3329511	351.365010666667
LG04	3331674	3334175	7.438628
LG04	3334703	3337021	9.77323933333333
LG04	3337913	3339604	4.90364633333333
LG04	333868	337341	0.854061666666667
LG04	3339926	3341178	43.1628813333333
LG04	3341294	3342157	65.230213
LG04	3343275	3348555	19.6160956666667
LG04	3349610	3350227	0.359677666666667
LG04	3350370	3353304	199.281850333333
LG04	33556	34284	0
LG04	3358195	3360242	13.2688376666667
LG04	3361781	3362791	43.2407836666667
LG04	3362999	3364078	0.626177666666667
LG04	3364766	3368299	110.643999666667
LG04	3368420	3369276	0.160162333333333
LG04	3371005	3371822	0.272401666666667
LG04	3371958	3373178	0.421872666666667
LG04	3373318	3374694	19.1026936666667
LG04	3375089	3379799	4.59525833333333
LG04	3380093	3384396	25.943685
LG04	3384468	3385715	1.058419
LG04	3385838	3388220	14.4215793333333
LG04	3389443	3390930	15.56492
LG04	3391271	3393601	5.90684433333333
LG04	3393831	3394734	0.0281953333333333
LG04	3395085	3396573	0.36534
LG04	3397559	3399025	4.08931666666667
LG04	3399177	3407782	16.950021
LG04	340015	342987	0
LG04	3408596	3417081	58.779486
LG04	3417385	3420814	4.53955866666667
LG04	3434413	3435518	0.650692
LG04	3436231	3439293	111.896329333333
LG04	3439641	3440385	41.5249176666667
LG04	3441329	3442627	4.03064933333333
LG04	3443498	3445828	16.3621146666667
LG04	3446094	3447980	14.71443
LG04	3449124	3450806	26.1534903333333
LG04	3453023	3453732	62.0763476666667
LG04	3454224	3455146	107.334457333333
LG04	3455668	3458060	54.7917406666667
LG04	3455712	3456300	34.059725
LG04	3458085	3459791	40.5294763333333
LG04	3460108	3460769	0.266413666666667
LG04	3461254	3464042	25.4937076666667
LG04	3464881	3466497	30.5608653333333
LG04	3466957	3467624	0.327996
LG04	3468547	3469164	0.481821333333333
LG04	3469494	3471567	17.9764583333333
LG04	3471684	3474670	10.454146
LG04	3475003	3477761	2.34291066666667
LG04	3480000	3482749	14.3080776666667
LG04	3482932	3486428	22.2980083333333
LG04	3486475	3488405	33.0257656666667
LG04	3488987	3490353	0.17243
LG04	3490862	3495570	2.81450466666667
LG04	3495782	3498579	13.302916
LG04	3498844	3502365	12.7950223333333
LG04	3503029	3503760	60.9591253333333
LG04	3504033	3506764	22.2801576666667
LG04	3507757	3509411	1.668062
LG04	3509668	3511331	60.2617723333333
LG04	3512101	3514150	23.0772546666667
LG04	3516072	3517248	228.350057
LG04	3518019	3526610	3.36579933333333
LG04	3527040	3530627	53.1752153333333
LG04	3531774	3533434	3.53662
LG04	3533957	3535450	214.942062333333
LG04	3535714	3537157	21.729203
LG04	3537665	3539023	15.9217076666667
LG04	3539344	3540177	39.8419863333333
LG04	3540913	3541478	567.017619
LG04	3542226	3546076	0
LG04	3548447	3549337	0.301307333333333
LG04	3551797	3555047	19.307628
LG04	3557858	3561193	0
LG04	3565578	3566178	5.58534566666667
LG04	3569141	3569878	0
LG04	3572980	3574398	0
LG04	3577181	3580516	0
LG04	357750	361297	0.171009
LG04	3584362	3585495	0
LG04	3585720	3586286	0
LG04	3588556	3590208	21.7430346666667
LG04	3592916	3593890	0.601683666666667
LG04	3593896	3595598	24.4750393333333
LG04	3596449	3597717	15.7453866666667
LG04	3598070	3602755	19.7593473333333
LG04	3603197	3605358	3.70175266666667
LG04	3605730	3608380	47.226533
LG04	3609591	3614675	1.60229533333333
LG04	3614661	3615937	0.729798333333333
LG04	3616525	3617031	74.7219696666667
LG04	3617453	3620900	27.9248213333333
LG04	3621528	3625661	89.032509
LG04	3625654	3626858	3.86270433333333
LG04	3627548	3629483	4.29658733333333
LG04	3629592	3632994	80.8694663333333
LG04	363118	364706	2.829826
LG04	3633170	3636144	14.475799
LG04	3636514	3637291	0.162167333333333
LG04	3637858	3638483	1.22089266666667
LG04	3638556	3640050	18.872348
LG04	3641858	3643159	176.871037666667
LG04	3643394	3651771	54.013574
LG04	3651946	3653186	3.57748166666667
LG04	3652232	3653152	0.538353666666667
LG04	365336	367720	15.0365896666667
LG04	3653838	3654117	170.676061
LG04	3654296	3656481	5.73705233333333
LG04	3656474	3657437	126.048072666667
LG04	3657568	3664720	18.915795
LG04	3664866	3665531	31.2899926666667
LG04	3666085	3666874	68.211662
LG04	3666905	3668725	0.629797666666667
LG04	3668037	3669937	5.07151866666667
LG04	3670106	3671377	14.4038083333333
LG04	3671462	3672550	0.684349
LG04	3673279	3674443	11.0076396666667
LG04	3675296	3676067	12.859173
LG04	3676291	3676948	382.670268
LG04	3677285	3684356	30.766152
LG04	367972	374500	9.860306
LG04	3686305	3687372	0
LG04	3687806	3688439	1.785483
LG04	3688808	3691421	23.4416336666667
LG04	3691540	3692512	7.15118233333333
LG04	3693567	3694137	0
LG04	3694289	3698005	2.73410533333333
LG04	3701175	3701760	0
LG04	3701972	3705020	0.734334333333333
LG04	3705045	3706145	0.262695
LG04	3706564	3707571	58.9997063333333
LG04	3707921	3709276	48.568484
LG04	3709574	3709801	11.9255203333333
LG04	3710242	3713173	27.1522243333333
LG04	3716197	3720679	27.886691
LG04	3720687	3723531	18.5093343333333
LG04	3723870	3726683	0
LG04	3727213	3727968	0.419933
LG04	3727274	3728011	0.373128333333333
LG04	3728592	3729806	8.311988
LG04	3731766	3733949	0
LG04	3734059	3735789	0
LG04	3735873	3737131	705.522456
LG04	3737332	3737884	0.895935666666667
LG04	3738110	3739821	4.17695066666667
LG04	3741062	3741571	154.757502333333
LG04	3741569	3744978	18.719592
LG04	3745910	3749534	1.939156
LG04	374812	376979	39.4803746666667
LG04	3749985	3751322	0.488278666666667
LG04	3754396	3757571	0
LG04	3757676	3761200	0.0149316666666667
LG04	3761303	3762613	0
LG04	3767631	3769456	0
LG04	3771569	3774321	0.0338223333333333
LG04	377213	382087	4.984035
LG04	3774835	3775265	0.148891
LG04	3779053	3780363	0
LG04	3780466	3783990	0.025515
LG04	3784095	3787270	0
LG04	3788990	3789617	0.265390666666667
LG04	3790146	3811435	0.470917333333333
LG04	3794174	3797936	0
LG04	3800964	3801515	0
LG04	3811485	3813304	6.591822
LG04	3814679	3817431	9.89784133333333
LG04	3818342	3820053	22.586497
LG04	3820082	3822176	1.36252166666667
LG04	3823931	3824585	0.14678
LG04	382402	383691	11.0148676666667
LG04	3826742	3827572	0.0846046666666667
LG04	3827938	3831366	13.790824
LG04	3831400	3832385	59.3282203333333
LG04	3832720	3835870	4.14635666666667
LG04	3835894	3837602	50.9468613333333
LG04	383707	386041	11.6716143333333
LG04	3838217	3839021	7.43774266666667
LG04	3839615	3840558	13.1917656666667
LG04	3841370	3842830	3.832101
LG04	3842735	3845149	378.560882666667
LG04	3846004	3851383	6.24734966666667
LG04	3851584	3863503	23.5381923333333
LG04	3863706	3864733	21.867379
LG04	386419	387700	20.8060306666667
LG04	3864962	3866166	2.03725633333333
LG04	3866214	3866651	2.64890033333333
LG04	3866764	3869433	2.05477
LG04	38684	40710	0
LG04	3870255	3872018	232.041748333333
LG04	3872235	3873156	0.180881
LG04	3872427	3874769	167.746419666667
LG04	3874261	3874568	0.007075
LG04	3874867	3875878	12.2584033333333
LG04	3876094	3877022	10.9717196666667
LG04	3877101	3878282	14.608835
LG04	3878555	3879514	78.6792476666667
LG04	387903	390650	10.3699156666667
LG04	3879986	3882527	73.980947
LG04	3882587	3883097	8.29408333333333
LG04	3883814	3884432	0.855213333333333
LG04	3884612	3885117	0.435283
LG04	3885176	3889028	1.76366533333333
LG04	3889085	3892882	4.02531466666667
LG04	3892860	3897442	1.03355433333333
LG04	3897701	3900103	169.512985
LG04	3900388	3900990	0.54876
LG04	3901555	3903413	217.262710666667
LG04	3903802	3904948	67.3773396666667
LG04	3905240	3906536	7.40716166666667
LG04	3907374	3907898	0.039262
LG04	390802	396318	10.0156023333333
LG04	3908220	3910484	3.09283933333333
LG04	3911232	3912252	0.298065666666667
LG04	3912621	3915055	8.40923133333333
LG04	3915248	3916602	28.2872783333333
LG04	3917307	3920889	20.1375383333333
LG04	3922592	3925677	304.127177
LG04	3926896	3927789	6.12527866666667
LG04	3928749	3930022	0.127013666666667
LG04	3930802	3933357	0
LG04	3934098	3934592	0
LG04	3934663	3937092	0
LG04	3937819	3938626	0
LG04	3939222	3944985	1.334606
LG04	3945635	3948832	0
LG04	3949268	3950562	0.00355333333333333
LG04	3953622	3954626	0
LG04	3958231	3965755	0.228993333333333
LG04	396653	398934	69.3917846666667
LG04	3966661	3968393	27.047132
LG04	3968928	3969409	736.101379333333
LG04	3969749	3971178	5.82592133333333
LG04	3971248	3975046	15.9955596666667
LG04	3975642	3976172	2.588198
LG04	3976224	3978087	69.0225346666667
LG04	3978162	3979294	412.305623333333
LG04	3979389	3980784	0.132886666666667
LG04	3979826	3980787	0.0754923333333333
LG04	3981992	3985311	46.094176
LG04	3983821	3985311	216.391947333333
LG04	3986348	3992633	8.976742
LG04	3992893	3995450	5.037203
LG04	3995476	3998371	46.2379873333333
LG04	3998800	4001354	141.366373666667
LG04	400159	402747	20.859175
LG04	4001928	4003720	2.828552
LG04	4003754	4008235	4.380535
LG04	4008302	4009273	0.127061666666667
LG04	4010138	4011333	0.449386333333333
LG04	4011044	4012021	0.494494
LG04	4012633	4013290	0
LG04	4013360	4013888	0
LG04	4014137	4015951	34.4187696666667
LG04	4016314	4019356	37.200656
LG04	4021409	4021762	0
LG04	4023084	4023892	0.608658666666667
LG04	4024993	4030784	33.4798596666667
LG04	4031190	4032228	8.29438733333333
LG04	403400	408368	42.666424
LG04	4038592	4041648	0
LG04	4048148	4049423	7.15535
LG04	4049639	4054733	103.198412666667
LG04	4055305	4055851	0.141679
LG04	4056877	4057193	0.158154
LG04	4057394	4059771	91.590083
LG04	4059787	4061221	0.581952
LG04	4060821	4062025	0.405500666666667
LG04	4062087	4066123	10.5168376666667
LG04	4066447	4068033	70.119794
LG04	4068098	4070902	4.82811033333333
LG04	4071144	4076402	20.4838473333333
LG04	4077250	4083943	4.69881
LG04	4084408	4086167	4.17606266666667
LG04	4086875	4088501	1.47584366666667
LG04	4088571	4088909	0.127925666666667
LG04	4089564	4091396	141.599410666667
LG04	4092931	4094048	27.5891306666667
LG04	4096670	4097217	0.0654573333333333
LG04	4097284	4097990	1.239394
LG04	4098044	4099436	3.67922333333333
LG04	4101451	4102978	552.672892333333
LG04	4107479	4108788	3.564255
LG04	4109140	4110348	1.22115033333333
LG04	4110412	4113440	29.1466516666667
LG04	4113682	4113991	0
LG04	4114760	4116796	12.9498693333333
LG04	4116829	4122082	2.34254666666667
LG04	4122304	4122745	0.0759536666666667
LG04	4124219	4125884	0.054493
LG04	4126277	4132383	14.911929
LG04	4132562	4135870	5.25527566666667
LG04	4136369	4137754	1.15534433333333
LG04	4138410	4139668	3.40221966666667
LG04	4154691	4155963	0
LG04	4156534	4156917	4.848015
LG04	4157084	4160158	13.398598
LG04	4160331	4162001	49.9767823333333
LG04	4164652	4166628	1.17374466666667
LG04	4166615	4171203	4.07349333333333
LG04	4171536	4172927	0
LG04	4172976	4173752	0
LG04	417416	419912	0
LG04	4174624	4177378	0
LG04	4178090	4181554	52.076729
LG04	4181856	4190990	2.4592
LG04	4191298	4200223	5.47544633333333
LG04	4200433	4205772	1.85033066666667
LG04	4206585	4207564	1.09682033333333
LG04	4207644	4209612	839.340738666667
LG04	4210544	4213251	7.53455533333333
LG04	4213345	4215175	47.0595486666667
LG04	4215982	4218283	12.465097
LG04	4218937	4226679	18.6363836666667
LG04	422791	423699	0
LG04	4230007	4233639	2.674937
LG04	4232316	4234157	0.245406
LG04	4235007	4236254	1.64311966666667
LG04	4236311	4237040	93.2258606666667
LG04	4237093	4239300	35.1931113333333
LG04	4237668	4239803	30.6985053333333
LG04	4241079	4242762	18.8575896666667
LG04	4242802	4246019	28.222621
LG04	4248040	4250331	6.185901
LG04	4252108	4254853	0.396214
LG04	4255474	4258409	4.13112766666667
LG04	4258840	4259831	500.805786
LG04	4260005	4261125	67.1111626666667
LG04	4261638	4262480	11.4856503333333
LG04	4262874	4263520	0
LG04	4264403	4267753	49.0307173333333
LG04	4268207	4268810	2.48833733333333
LG04	4270146	4271239	4.64181266666667
LG04	4271290	4272137	12.865522
LG04	4272368	4275048	26.476352
LG04	4275649	4277160	21.175489
LG04	4277278	4277759	0.710861333333333
LG04	4277865	4280346	18.200852
LG04	4280745	4282704	14.6517403333333
LG04	4283252	4284059	454.038309666667
LG04	4284041	4285389	173.276621666667
LG04	4285637	4287324	12.9021
LG04	4288477	4290753	78.7621053333333
LG04	4291187	4293667	10.0495113333333
LG04	4293964	4294348	0
LG04	4294441	4296855	16.0718983333333
LG04	4297929	4298552	0.177131666666667
LG04	4298925	4300471	31.0802383333333
LG04	4300848	4301811	2.22702866666667
LG04	4301928	4304230	196.134979333333
LG04	4304510	4305933	17.7902133333333
LG04	4307206	4307563	0.024747
LG04	4307829	4310155	82.8020476666667
LG04	4310321	4326734	5.84077266666667
LG04	4315564	4317093	0.480954
LG04	4317267	4318820	8.42708733333333
LG04	4327209	4328935	0.276601666666667
LG04	4334649	4335695	0
LG04	434053	434961	0
LG04	4361071	4361639	0
LG04	4363044	4363671	0
LG04	436396	439571	0
LG04	4364891	4366415	0
LG04	4394214	4397741	0
LG04	441741	443200	0.0227336666666667
LG04	4418487	4422910	0
LG04	4425027	4427336	0
LG04	4428924	4429815	0
LG04	4432977	4433891	0
LG04	443303	444613	0
LG04	4458122	4461798	0
LG04	4470505	4471514	0.23461
LG04	4471953	4472588	0.150870333333333
LG04	4473539	4476481	0.366985666666667
LG04	447555	448211	0
LG04	4476819	4480106	0.280749
LG04	4480783	4482139	39.5375776666667
LG04	4483433	4484762	7.107085
LG04	4485080	4487471	5.98093133333333
LG04	4487929	4488952	22.238791
LG04	4489857	4492179	171.461532666667
LG04	4492973	4496308	0.124022666666667
LG04	4497611	4499239	169.237075666667
LG04	4499484	4499776	0.425799
LG04	4501302	4503733	3.539396
LG04	4504148	4504515	0.372576666666667
LG04	4504624	4505057	3.35407766666667
LG04	4505114	4505432	0.401132
LG04	450753	453249	0
LG04	4512918	4515226	5.97387633333333
LG04	4515522	4517843	33.4371006666667
LG04	4517928	4519857	5.97806866666667
LG04	4519900	4521106	1.35107166666667
LG04	4522129	4523173	0.547086333333333
LG04	4524406	4526245	12.079727
LG04	4526842	4527824	26.5611336666667
LG04	4528263	4530584	15.7230936666667
LG04	4530817	4531398	0
LG04	4532684	4534683	18.560643
LG04	4534963	4536572	7.40956866666667
LG04	4537795	4538343	13.34848
LG04	4538407	4539472	6.699197
LG04	453861	454636	0
LG04	4539225	4540077	2.96824633333333
LG04	453951	455263	5.87965566666667
LG04	4540355	4541911	1.60283933333333
LG04	4544649	4546422	3.05582566666667
LG04	4546928	4547288	0
LG04	4549308	4550803	0.405522
LG04	4551034	4553397	4.299784
LG04	4553549	4556409	44.888148
LG04	4556838	4558048	4.74127666666667
LG04	4558105	4559233	4.576611
LG04	4559763	4562016	1.455717
LG04	4562386	4563305	113.857058333333
LG04	4563618	4565886	39.9249533333333
LG04	4566109	4568767	2.41010866666667
LG04	4568943	4572949	3.07706266666667
LG04	4573619	4575778	68.675822
LG04	4576845	4577952	821.344645333333
LG04	4578459	4579416	5.82854966666667
LG04	4580288	4581284	11.6904393333333
LG04	4582300	4583098	53.03841
LG04	4582945	4583979	74.7566706666667
LG04	4584062	4584704	25.028633
LG04	4585620	4586935	39.61039
LG04	4587088	4588249	24.3034586666667
LG04	4589437	4591951	0.923517333333333
LG04	4593129	4593786	25.6401286666667
LG04	4596418	4599937	0
LG04	459656	465647	0
LG04	4600049	4600510	0
LG04	4606209	4607405	0
LG04	4608013	4611927	8.98717566666667
LG04	4612359	4612953	4.74598133333333
LG04	4613896	4630338	10.6658776666667
LG04	4630527	4631679	39.823429
LG04	4633153	4634639	2.173334
LG04	4635446	4636031	0.455280666666667
LG04	4636304	4637324	152.233017
LG04	4638813	4639744	17.9540526666667
LG04	4641521	4642902	142.158945666667
LG04	4643565	4645188	28.7513176666667
LG04	4645207	4645646	0.037108
LG04	4645711	4647302	7.7162
LG04	4650278	4651518	0.074868
LG04	4652100	4653200	10.8411253333333
LG04	4653511	4666071	7.22964933333333
LG04	4667531	4668541	1.87322
LG04	4668748	4671662	110.769284666667
LG04	4672734	4673124	0.270046666666667
LG04	4673557	4675207	9.302758
LG04	4676733	4679366	27.3746713333333
LG04	4679767	4682881	4.986621
LG04	4688756	4691029	0
LG04	4691202	4694379	0
LG04	477729	479982	0
LG04	482263	483115	0
LG04	485966	486994	0
LG04	502679	504347	0
LG04	509385	510020	0
LG04	517007	519971	0
LG04	522525	523395	0
LG04	526225	526902	0
LG04	528738	529495	0
LG04	531139	531790	0
LG04	531412	531790	0
LG04	541119	541443	0.085861
LG04	541766	545540	73.0524063333333
LG04	545550	547182	0.540963
LG04	547212	548529	14.205577
LG04	551507	555319	6.35995566666667
LG04	555653	561292	32.2886516666667
LG04	561448	562704	2.97656833333333
LG04	563036	563333	0
LG04	565739	567988	40.4055446666667
LG04	568072	571918	9.13727366666667
LG04	573976	574916	12.3749933333333
LG04	576819	584735	40.4110463333333
LG04	585454	586850	5.86333766666667
LG04	586950	588480	13.798151
LG04	590503	592618	10.9622033333333
LG04	593006	594863	42.4616686666667
LG04	594913	595995	17.5231303333333
LG04	596579	597842	4.65124
LG04	599080	603291	8.789345
LG04	603427	604194	1.364493
LG04	604251	606175	0.753011
LG04	607466	607909	0.319451666666667
LG04	608162	611022	26.6375256666667
LG04	613982	617138	14.6449186666667
LG04	617358	618879	15.774797
LG04	619163	621129	5.67932566666667
LG04	622685	623347	10.038932
LG04	623735	625750	4.309616
LG04	627666	631940	29.6053163333333
LG04	633032	640763	23.143021
LG04	640951	644764	2.55530466666667
LG04	645387	647026	6.82671066666667
LG04	647938	648680	0.134996666666667
LG04	650773	654178	0.722392666666667
LG04	666580	668077	0
LG04	6674	12145	0
LG04	671322	671848	0
LG04	673778	675495	4.739136
LG04	675742	676394	0.224049
LG04	676510	680827	88.702057
LG04	680851	682051	67.0985133333333
LG04	682142	683993	15.739733
LG04	684249	684743	109.845601333333
LG04	687094	688275	19.992242
LG04	689125	692917	187.777923666667
LG04	695865	697634	12.765582
LG04	700026	701194	7.609686
LG04	703357	704248	0
LG04	707338	710310	0
LG04	728294	732138	0
LG04	734147	735871	0
LG04	741235	742527	0
LG04	745342	747967	0
LG04	750759	751231	0
LG04	753085	754185	0
LG04	754524	755822	1.820797
LG04	755981	757387	15.2020583333333
LG04	757472	759619	0.736117666666667
LG04	760817	765038	80.2270506666667
LG04	765907	773119	3.969186
LG04	773498	775427	5.15915466666667
LG04	775922	776273	0
LG04	776948	785572	25.9471033333333
LG04	785863	788074	20.217085
LG04	788533	790273	12.6641766666667
LG04	790953	795043	5.71024966666667
LG04	79485	80634	0
LG04	796241	799469	6.09472766666667
LG04	800221	803371	88.3987096666667
LG04	803829	804995	538.611185666667
LG04	805678	806866	67.5807136666667
LG04	807458	809404	6.38850333333333
LG04	810909	811498	0.215806
LG04	811980	813606	2.07727233333333
LG04	813518	818712	41.6553573333333
LG04	819034	821459	20.725171
LG04	821508	823411	9.997845
LG04	823684	825470	0.148022666666667
LG04	826012	828792	17.1370506666667
LG04	828848	832084	63.4266613333333
LG04	833922	834819	386.890564
LG04	834972	840571	10.2662493333333
LG04	841968	842793	0.968788
LG04	843231	843834	0
LG04	84439	87381	0
LG04	844419	845736	85.52094
LG04	846060	846679	16.8938076666667
LG04	846814	847857	23.3996193333333
LG04	848099	853266	40.7576013333333
LG04	853996	855215	0.774231666666667
LG04	855969	857200	59.2429806666667
LG04	858089	859347	2.21054066666667
LG04	859901	862330	57.7551216666667
LG04	862374	862789	0
LG04	862844	866174	16.4702536666667
LG04	866645	868210	42.305304
LG04	869508	870993	7.39725666666667
LG04	871740	872550	0.185551
LG04	872680	873301	2.70762966666667
LG04	874326	875350	21.605629
LG04	875495	877140	53.94511
LG04	877260	878040	43.3064956666667
LG04	878106	880243	42.0401663333333
LG04	880528	884409	1.340029
LG04	884577	887194	126.747055
LG04	887949	891954	39.240199
LG04	893313	894265	21.3338123333333
LG04	895453	896013	0.100206333333333
LG04	896096	897192	375.616608
LG04	897187	898115	377.051157333333
LG04	899877	904959	10.1274423333333
LG04	905621	907201	113.019478
LG04	907283	910491	7.035098
LG04	911593	917882	20.8585613333333
LG04	918223	918945	26.3852233333333
LG04	920319	920991	0.098753
LG04	921865	923056	0.604859
LG04	923138	925150	9.90859866666667
LG04	926276	927253	0.041974
LG04	927897	929717	22.5759496666667
LG04	929838	931099	69.289487
LG04	931748	934408	24.7104046666667
LG04	934998	943547	2.78993266666667
LG04	945630	945945	0
LG04	946500	955455	1.212241
LG04	956989	966739	2.96586833333333
LG04	967463	968085	0.318575666666667
LG04	968784	978200	5.289615
LG04	979424	988469	3.873487
LG04	987923	1004972	7.023237
LG04	99819	105490	0
LG05	1000110	1001021	0
LG05	1001151	1003708	2.51643766666667
LG05	1004233	1006122	0.0901376666666667
LG05	1006902	1008995	17.021583
LG05	100720	102984	0
LG05	1009214	1009871	44.591568
LG05	1010056	1011382	0.847548666666667
LG05	1011473	1012093	0.0266776666666667
LG05	1012333	1014739	13.2582253333333
LG05	1014929	1015482	314.202006
LG05	1015652	1016131	63.4439783333333
LG05	1016312	1017662	40.629566
LG05	1017826	1018638	41.3528876666667
LG05	1019427	1022264	57.8944536666667
LG05	1023023	1024569	112.460652666667
LG05	1024701	1026102	50.4996363333333
LG05	1027115	1030049	3.18560033333333
LG05	1030292	1036830	22.5634306666667
LG05	103162	104090	0
LG05	1037036	1037866	74.6893973333333
LG05	1038108	1039571	23.0172996666667
LG05	1040129	1041402	23.7781453333333
LG05	1041484	1042736	206.795837666667
LG05	1043027	1044971	280.787099333333
LG05	1045168	1048294	12.142102
LG05	1048884	1052780	21.841145
LG05	1052851	1053976	45.5260263333333
LG05	1054336	1055924	1.542098
LG05	1056026	1057762	64.7043663333333
LG05	1057781	1060313	18.5092366666667
LG05	1059327	1060210	86.7455746666667
LG05	1061383	1063839	18.856627
LG05	1063824	1066264	25.1316856666667
LG05	1066381	1067050	2.440644
LG05	1067670	1070107	24.561312
LG05	1070390	1074547	12.4981433333333
LG05	1074687	1077286	43.9335503333333
LG05	1077208	1078699	15.5241413333333
LG05	1078713	1081316	23.2118733333333
LG05	1081374	1084388	22.818307
LG05	1085089	1086273	86.830053
LG05	1086576	1089467	14.536301
LG05	108707	110650	196.896876
LG05	1089852	1092896	33.0542626666667
LG05	1093543	1094744	16.537237
LG05	1094754	1095937	1.74801566666667
LG05	1096043	1097025	5.842434
LG05	1097063	1100076	8.45878
LG05	1100367	1102657	53.7894273333333
LG05	1102773	1104382	43.9081853333333
LG05	1104456	1108891	16.2164346666667
LG05	110828	112199	81.661532
LG05	1109334	1111312	17.2226793333333
LG05	1111330	1113479	0.776116
LG05	1115917	1117860	0
LG05	112433	113052	0.161241
LG05	1131906	1136734	0
LG05	113353	114624	52.4529353333333
LG05	1142065	1146350	0
LG05	115735	118443	0.0439966666666667
LG05	1159348	1159918	0
LG05	1165391	1166047	0
LG05	1173545	1178989	8.148778
LG05	1178255	1181006	8.445283
LG05	1181043	1183228	14.1133736666667
LG05	1183319	1185150	179.078013
LG05	1185327	1187718	12.8407266666667
LG05	1188173	1190687	7.27984966666667
LG05	1190941	1193275	9.25924833333333
LG05	1193488	1194475	18.2624333333333
LG05	1194622	1195887	31.32106
LG05	1196954	1198557	18.820623
LG05	1198653	1202714	15.0861396666667
LG05	1203165	1208866	5.62871833333333
LG05	1209417	1209971	0.0731736666666667
LG05	1210871	1211212	0
LG05	1215223	1215596	0
LG05	1217651	1222618	2.83959933333333
LG05	1220347	1221046	0
LG05	1222712	1225377	5.569987
LG05	1225456	1226983	6.78960233333333
LG05	122576	125592	0
LG05	1226993	1231454	14.6601676666667
LG05	1231510	1234696	6.241046
LG05	1234912	1237861	10.7883563333333
LG05	1239264	1241160	20.35134
LG05	1241212	1242277	3.789099
LG05	1242059	1242525	0
LG05	1242356	1243194	2.153614
LG05	1243927	1244739	10.2294203333333
LG05	1244957	1245653	50.9348093333333
LG05	1246060	1246524	2.465483
LG05	1246638	1247065	0.0704163333333333
LG05	1247361	1250625	4.12968666666667
LG05	1251180	1253352	17.2471633333333
LG05	1253660	1258311	12.1751823333333
LG05	1258822	1262458	15.8967863333333
LG05	1262505	1267192	16.6751013333333
LG05	1267267	1268673	20.1917133333333
LG05	1268880	1269494	6.67590166666667
LG05	1269575	1270220	1.49894733333333
LG05	1270413	1271183	0.419531
LG05	1271250	1273458	9.026447
LG05	1273906	1275776	4.86971
LG05	1276519	1278489	35.5958273333333
LG05	1279861	1281732	36.5234226666667
LG05	1282913	1284856	0.970989666666667
LG05	1284944	1285807	0.130452666666667
LG05	128540	131844	65.0476556666667
LG05	1286038	1289905	13.5320756666667
LG05	1290093	1290917	11.8846866666667
LG05	1291883	1293293	2.437246
LG05	1293983	1295356	0.855143333333333
LG05	1295423	1296669	355.383911
LG05	1298566	1303677	2.88049233333333
LG05	1304119	1305845	13.7162696666667
LG05	1308328	1309705	9.92445
LG05	1310015	1311360	9.07277933333333
LG05	1311731	1313245	185.566899666667
LG05	1313509	1315747	36.6254553333333
LG05	1317478	1319819	68.091362
LG05	1319907	1320937	5.192331
LG05	1321285	1323103	1.928874
LG05	1322632	1325469	46.9019456666667
LG05	1326200	1331194	10.9766046666667
LG05	132785	134887	69.0003863333333
LG05	1331360	1334141	60.6123263333333
LG05	1334368	1337831	6.50734566666667
LG05	1337944	1339513	8.12482733333333
LG05	1339819	1340299	0.100268333333333
LG05	1340673	1342695	5.53980833333333
LG05	1343173	1345362	14.5966413333333
LG05	1345363	1352822	13.241085
LG05	1352890	1354758	6.91457333333333
LG05	1354809	1356546	7.89714533333333
LG05	1356760	1357598	16.3038603333333
LG05	1357835	1358450	1.00395433333333
LG05	1358522	1359668	317.924896333333
LG05	1360516	1361006	9.41891066666667
LG05	1361286	1364313	32.3658596666667
LG05	1366030	1369696	5.24256733333333
LG05	136922	138506	0
LG05	1369820	1372304	10.1488113333333
LG05	1373767	1380012	11.1257763333333
LG05	1380191	1383439	15.4447126666667
LG05	1383546	1385243	7.92433733333333
LG05	1385333	1386897	6.74214266666667
LG05	1386935	1387410	1.206244
LG05	1387624	1389624	60.6766676666667
LG05	1389728	1390802	73.8109026666667
LG05	1391106	1395649	4.26353833333333
LG05	1395720	1397683	7.20708666666667
LG05	1397775	1399032	15.7261643333333
LG05	1399196	1412210	10.562765
LG05	140405	143618	0
LG05	1412953	1414765	4.28932133333333
LG05	1415379	1417627	4.27085833333333
LG05	1420379	1422646	8.35592533333333
LG05	1422922	1426161	8.66543633333333
LG05	1423057	1424442	0
LG05	1426379	1427626	3.37213866666667
LG05	1428118	1429362	28.0685596666667
LG05	1430160	1434221	21.0330766666667
LG05	1434450	1436018	27.82596
LG05	1436764	1440137	15.0079343333333
LG05	143791	150129	0
LG05	1440260	1442744	16.679969
LG05	1443615	1446850	18.0024146666667
LG05	1447675	1450785	68.5972163333333
LG05	1450949	1453775	17.358821
LG05	1454212	1456212	223.662353666667
LG05	1457122	1458035	1.08587633333333
LG05	1458457	1462592	30.0906323333333
LG05	1462762	1464056	0.295403
LG05	1463406	1463830	0.034146
LG05	1464551	1465436	9.27021733333333
LG05	1466023	1466917	11.0233586666667
LG05	1467435	1468469	1.34850633333333
LG05	1469316	1472426	57.33108
LG05	1472680	1476197	4.73106666666667
LG05	1476538	1478570	10.847953
LG05	1479808	1481815	3.34653433333333
LG05	1482002	1482436	4.27492
LG05	1482507	1484936	61.739755
LG05	1485196	1486906	66.2556863333333
LG05	1487107	1489465	56.4124716666667
LG05	1489835	1490509	19.6245713333333
LG05	1490662	1492793	8.329438
LG05	1493369	1495215	3.173353
LG05	1495772	1496980	9.772974
LG05	1497025	1499863	4.25880033333333
LG05	1500192	1502444	5.97385533333333
LG05	1502914	1505969	11.5526236666667
LG05	1506438	1508490	4.92295733333333
LG05	1509524	1511054	8.48066066666667
LG05	1511479	1514114	11.1195166666667
LG05	1514006	1515143	23.3662993333333
LG05	1515331	1518549	35.1269583333333
LG05	151583	152533	2.093213
LG05	1519468	1520572	0.460795
LG05	1520953	1522327	1.132223
LG05	1523308	1525887	32.9008686666667
LG05	1526942	1530283	2.26353233333333
LG05	1530339	1532447	87.335658
LG05	1532608	1535240	8.17042333333333
LG05	1536168	1537566	8.43937033333333
LG05	1537743	1539821	204.062357666667
LG05	1540018	1541186	38.7520943333333
LG05	1541270	1542556	6.99219133333333
LG05	1542792	1544827	25.8335243333333
LG05	1544941	1546015	126.95532
LG05	1546011	1547755	85.860072
LG05	1548213	1554971	6.91572566666667
LG05	1555264	1557016	14.631645
LG05	1557324	1559007	13.161433
LG05	1559432	1560477	89.1550266666667
LG05	1560793	1562705	12.057592
LG05	1562733	1564860	77.96331
LG05	1564929	1569912	15.564517
LG05	1569925	1574104	0.0346506666666667
LG05	1574120	1574443	0
LG05	1574200	1574565	0.0383516666666667
LG05	1574731	1575232	0.102254
LG05	1575453	1576275	0.280852
LG05	1576466	1579317	6.820124
LG05	1579370	1583393	1.25943133333333
LG05	1583401	1589823	17.2861806666667
LG05	1585681	1588918	2.29362633333333
LG05	1590186	1591500	8.38137833333333
LG05	1591635	1592105	42.0589256666667
LG05	1593040	1597640	2.815407
LG05	1600404	1600834	135.505702
LG05	1601229	1603053	44.0467223333333
LG05	1604381	1606626	3.86033066666667
LG05	1606807	1607758	63.7562446666667
LG05	1608051	1609597	5.04528766666667
LG05	1610302	1613035	35.128334
LG05	1613407	1615006	4.108772
LG05	1615462	1618717	27.0104913333333
LG05	1619038	1620651	14.0039663333333
LG05	1620953	1623146	10.002218
LG05	1623841	1625585	1.163625
LG05	1627368	1631642	20.9679386666667
LG05	1631822	1633588	62.7463873333333
LG05	1633668	1636858	20.9641086666667
LG05	1637538	1638572	35.398511
LG05	1638838	1640600	44.2238083333333
LG05	1640761	1642726	66.6864903333333
LG05	1643148	1643776	0.114039666666667
LG05	1644355	1646723	13.9766353333333
LG05	1646759	1647431	10.2100606666667
LG05	1647435	1648060	432.225240333333
LG05	1648346	1650320	21.384533
LG05	1650866	1653932	12.9457973333333
LG05	1654380	1654729	0.210342
LG05	1654804	1655942	3.60284433333333
LG05	1655980	1659868	14.725658
LG05	1659947	1660464	34.679674
LG05	1660815	1662561	418.706196666667
LG05	1662600	1665182	7.828805
LG05	1665279	1665957	0.216666666666667
LG05	1667660	1668268	0.0148206666666667
LG05	1668593	1670578	51.2525316666667
LG05	1670959	1672119	289.66097
LG05	1672520	1673748	64.8665963333333
LG05	1674238	1675765	36.4280713333333
LG05	1677774	1678189	1.10638033333333
LG05	1678504	1679444	1.075148
LG05	1679950	1682579	17.2746446666667
LG05	1682652	1684342	20.790724
LG05	1684520	1685601	19.2292376666667
LG05	1685757	1686907	28.4093483333333
LG05	1687781	1689497	14.099721
LG05	1689698	1690341	129.601445333333
LG05	1690656	1693438	23.9555143333333
LG05	1693757	1695579	19.4456523333333
LG05	1696146	1697503	519.718638333333
LG05	1697812	1700176	12.0190703333333
LG05	1700753	1704865	5.08021433333333
LG05	1703613	1704737	0.301853333333333
LG05	1705026	1706632	10.4389113333333
LG05	1707269	1709086	5.616875
LG05	1710184	1711159	1.701467
LG05	1712927	1715534	15.9229436666667
LG05	1715660	1717924	2.24005733333333
LG05	1718024	1718376	46.8553543333333
LG05	1718610	1719415	62.0260823333333
LG05	1719829	1721182	9.31373366666667
LG05	1721246	1723645	22.7094463333333
LG05	1724626	1726109	75.9803746666667
LG05	1726981	1727689	0.298757666666667
LG05	1728401	1730044	13.322651
LG05	1730203	1731558	41.8685963333333
LG05	1731896	1736024	22.9832263333333
LG05	1736163	1737647	24.0535766666667
LG05	1737985	1740352	5.74185033333333
LG05	1740496	1743316	25.0596053333333
LG05	1744274	1746488	37.33593
LG05	1746685	1748935	20.367965
LG05	1749281	1751936	11.910334
LG05	1753612	1755107	0.320253666666667
LG05	1755206	1757560	20.3929003333333
LG05	1757680	1758761	27.5381403333333
LG05	1758884	1759425	1.06763666666667
LG05	1759813	1761663	17.0398143333333
LG05	1761787	1764213	37.375669
LG05	1764412	1764924	1.554351
LG05	1764971	1772051	14.3428656666667
LG05	177029	178300	0
LG05	1772604	1776847	3.77665366666667
LG05	1778937	1780496	11.5360286666667
LG05	1780935	1783943	12.261611
LG05	17825	21867	0
LG05	1784325	1785928	143.614954666667
LG05	1785994	1788606	15.170623
LG05	1789667	1791571	2.512372
LG05	1792902	1795718	14.4486036666667
LG05	1795877	1798072	6.069437
LG05	1798132	1798893	0.776733333333333
LG05	1798967	1800455	3.37933
LG05	1800596	1801967	2.982983
LG05	1802464	1803521	0.545217333333333
LG05	1804089	1811483	3.414908
LG05	1811547	1812958	16.9536496666667
LG05	1813085	1814491	43.9547716666667
LG05	1814643	1817208	1.374112
LG05	1817661	1819395	1.16157666666667
LG05	1819583	1820923	0.686632333333333
LG05	1821780	1822695	0.101921333333333
LG05	1823812	1824245	0.386746
LG05	1824248	1827337	99.042745
LG05	1827819	1830815	9.974761
LG05	1832006	1835575	8.64539766666667
LG05	1835859	1836788	250.563741
LG05	1837005	1840955	5.61928433333333
LG05	1841354	1846273	32.502848
LG05	1846369	1847085	16.0729616666667
LG05	1847111	1847953	16.0847436666667
LG05	1848093	1849565	12.0428033333333
LG05	1849663	1851724	30.082966
LG05	1852037	1854782	7.27116866666667
LG05	1855430	1855829	17.9320953333333
LG05	1855890	1859326	13.3174943333333
LG05	1860020	1864737	0.955606666666667
LG05	1864840	1866082	74.6225206666667
LG05	1866438	1867390	33.2146986666667
LG05	1867538	1868163	9.77622033333333
LG05	1868333	1869243	17.6831563333333
LG05	1869273	1873621	5.556463
LG05	1873999	1876111	9.05679333333333
LG05	187592	189210	0
LG05	1876770	1880394	61.3046456666667
LG05	1880722	1883312	8.271612
LG05	1883360	1885399	10.4488886666667
LG05	1885780	1887455	5.58311
LG05	1887589	1889498	38.0569786666667
LG05	1889721	1892169	24.2835936666667
LG05	1892611	1893755	2.14534333333333
LG05	1893876	1896462	15.9218933333333
LG05	189467	190734	0.014101
LG05	1897057	1898951	326.313730666667
LG05	1899137	1907846	16.0122273333333
LG05	1907984	1909005	3.79611966666667
LG05	1909070	1913421	6.79538566666667
LG05	191333	191731	0.262618333333333
LG05	1913491	1915330	41.0368753333333
LG05	1915339	1918519	13.992925
LG05	1918521	1919953	62.0697896666667
LG05	1920629	1921367	0.150177333333333
LG05	1921803	1924085	20.0202706666667
LG05	1924647	1929641	8.53105
LG05	1930485	1933227	24.6492383333333
LG05	193157	194941	64.5302633333333
LG05	1933380	1938581	13.3497923333333
LG05	1938651	1939230	1802.86624666667
LG05	1939672	1942804	17.325546
LG05	1943457	1943761	6.202526
LG05	1943816	1947726	8.11533566666667
LG05	1948118	1950718	55.0491753333333
LG05	1950896	1955918	2.636548
LG05	1956004	1956750	0.469246333333333
LG05	1959573	1962992	10.6056543333333
LG05	1963266	1966814	15.0283233333333
LG05	1966976	1972200	49.531731
LG05	1972407	1973837	6.06997866666667
LG05	197264	198785	1.495353
LG05	1973932	1975106	61.4450683333333
LG05	1975256	1978034	10.3662513333333
LG05	1978386	1980170	1.936227
LG05	1980253	1981802	15.171618
LG05	1982027	1983441	11.8362896666667
LG05	1983581	1986561	61.1836573333333
LG05	1986750	1988941	4.648125
LG05	198805	203694	4.44859066666667
LG05	1989323	1990588	22.128857
LG05	1990671	1991767	11.6932463333333
LG05	1992246	1993307	16.7509133333333
LG05	1993497	1994283	85.5143406666667
LG05	1994345	1995770	23.9155986666667
LG05	1995815	1998241	55.2718566666667
LG05	1999415	2000019	674.557149333333
LG05	2000210	2002166	17.8403423333333
LG05	2002537	2004181	10.4311543333333
LG05	2004287	2006069	24.9171633333333
LG05	2007428	2009209	15.5459443333333
LG05	2030064	2032388	0
LG05	204106	204942	11.210322
LG05	2042173	2044155	0
LG05	2045296	2045994	0
LG05	2047000	2048692	0
LG05	2098813	2100830	0
LG05	210600	211775	0
LG05	2114464	2115194	0
LG05	2118930	2120201	0
LG05	2130202	2131719	0
LG05	2139201	2145400	0
LG05	2146191	2146544	0.667661666666667
LG05	2158749	2160056	46.5702173333333
LG05	2160159	2163233	14.204836
LG05	2163484	2165745	35.8305613333333
LG05	2166177	2166989	1469.992147
LG05	2167502	2168814	38.0205536666667
LG05	216820	219151	0
LG05	2169283	2172054	34.353385
LG05	2172100	2178147	12.157355
LG05	2178455	2178981	38.471278
LG05	2179142	2181223	106.676063333333
LG05	2181331	2182870	14.0789183333333
LG05	2184242	2186457	36.8873673333333
LG05	2186932	2188804	104.575872
LG05	2189138	2190067	78.0783566666667
LG05	2190935	2192550	111.295336666667
LG05	2192787	2194071	1.24679666666667
LG05	2194364	2200522	40.7348466666667
LG05	219521	220936	0
LG05	2200714	2202717	41.1585363333333
LG05	2203650	2204880	41.95667
LG05	2205134	2205917	31.0749213333333
LG05	2206811	2209606	46.4381586666667
LG05	2209723	2211494	99.9119973333333
LG05	2211560	2214180	15.553461
LG05	2214341	2220360	21.8254783333333
LG05	2220531	2222369	49.1200486666667
LG05	2222388	2223444	0.414294333333333
LG05	2223005	2223450	0.0146813333333333
LG05	2223531	2227328	26.1913226666667
LG05	2227409	2228105	10.1352513333333
LG05	2228218	2228951	71.252009
LG05	2229895	2235701	20.7597013333333
LG05	2235850	2238509	23.5914016666667
LG05	223636	224703	0
LG05	2238922	2244907	100.679087
LG05	2245227	2246117	62.8929326666667
LG05	2246542	2247111	661.969360333333
LG05	2247334	2248631	85.9030126666667
LG05	2248771	2252425	65.0082216666667
LG05	2252878	2254466	55.6565553333333
LG05	2254680	2256545	20.8787566666667
LG05	2257004	2257859	22.4465966666667
LG05	2257916	2261081	21.5288486666667
LG05	2263482	2265173	1.46361766666667
LG05	2265730	2269639	10.387567
LG05	2269739	2271379	16.0088766666667
LG05	2271705	2273573	67.69782
LG05	2274738	2275589	175.939489
LG05	2275815	2277846	13.7708443333333
LG05	227750	248523	13.1251336666667
LG05	227762	228652	0.347486666666667
LG05	2277969	2279853	85.233299
LG05	2279991	2282190	76.064817
LG05	2282483	2286076	37.4398916666667
LG05	2286604	2288683	2.934881
LG05	2289104	2292909	81.4370653333333
LG05	2293054	2295773	35.5245006666667
LG05	2295888	2297949	80.5779036666667
LG05	2298297	2300325	43.2389426666667
LG05	2300522	2302211	5.11911066666667
LG05	2304278	2304959	0.0140866666666667
LG05	2306197	2307064	17.5438
LG05	2307951	2311365	39.3864456666667
LG05	230822	232410	1.49154366666667
LG05	2311550	2313930	14.0084683333333
LG05	231358	232410	0.011288
LG05	2314058	2314665	0.384291
LG05	2314912	2316523	0.09098
LG05	2317082	2319084	0.356373666666667
LG05	2319825	2320590	15.0873976666667
LG05	2320624	2321688	33.550387
LG05	2321909	2322424	517.047027333333
LG05	2322696	2324631	63.4448136666667
LG05	2325343	2326815	68.1867116666667
LG05	232606	237800	0.913711333333333
LG05	2327770	2328402	0.386367333333333
LG05	2329313	2329758	0.0575853333333333
LG05	2329760	2330820	26.5147063333333
LG05	2331036	2334846	102.034625
LG05	2335196	2337080	70.7906163333333
LG05	2338268	2341640	104.556742666667
LG05	2341935	2347997	31.5909023333333
LG05	2348122	2350790	12.1715013333333
LG05	2350937	2356344	12.7624196666667
LG05	2356579	2358285	19.545656
LG05	2358690	2359974	84.9895326666667
LG05	2360872	2362258	55.835417
LG05	2362792	2364214	21.576483
LG05	2364623	2369318	51.760423
LG05	236710	237263	0
LG05	2370312	2373193	54.7943903333333
LG05	2373329	2374964	19.6550413333333
LG05	2375048	2377066	11.8143793333333
LG05	2377308	2378862	10.1204776666667
LG05	2378964	2380459	76.3633093333333
LG05	237960	238717	0.0792246666666667
LG05	2380747	2384481	41.961109
LG05	2384628	2385721	0.987874333333333
LG05	2385799	2388122	23.1083373333333
LG05	2388826	2389453	171.126851333333
LG05	238935	241669	0
LG05	2389677	2391048	7.18055066666667
LG05	2391322	2392171	113.537356
LG05	2392598	2394590	9.12578566666667
LG05	2394921	2403119	46.287225
LG05	2403645	2403987	75.1285983333333
LG05	2404241	2406071	12.290474
LG05	2406225	2409016	38.8354213333333
LG05	2409850	2410644	19.5621896666667
LG05	2410913	2413567	22.4008266666667
LG05	2415432	2415910	7.48404833333333
LG05	2416881	2418591	29.2357133333333
LG05	241866	244270	0
LG05	2418958	2421143	125.583672
LG05	2421361	2424318	76.599696
LG05	2424438	2425417	187.017517
LG05	2426543	2429799	41.3391166666667
LG05	2429797	2431683	7.16998133333333
LG05	2431885	2432969	75.6657253333333
LG05	2433164	2436071	16.071015
LG05	2436469	2438631	62.876484
LG05	2439214	2441745	23.8640873333333
LG05	2441948	2443335	8.39267233333334
LG05	2443395	2445965	10.1358766666667
LG05	2446032	2449517	59.8347793333333
LG05	24485	27271	0
LG05	2450249	2450668	0
LG05	2451152	2455185	2.048411
LG05	2455233	2463191	33.9028623333333
LG05	2463373	2464865	33.4936103333333
LG05	2465201	2466215	4.62520533333333
LG05	2466411	2468555	48.2408206666667
LG05	2469147	2470618	95.692001
LG05	2470812	2472269	18.125073
LG05	2472507	2475224	48.6415656666667
LG05	2475397	2476635	0.854394
LG05	2476720	2478886	58.1831526666667
LG05	2479274	2479535	68.7610253333333
LG05	2479731	2481762	88.0922446666667
LG05	2481921	2484396	7.986828
LG05	2484450	2485423	21.6359553333333
LG05	2485434	2486488	33.529148
LG05	2486689	2490739	12.0858596666667
LG05	2490882	2491900	43.995688
LG05	2491952	2494831	39.5323296666667
LG05	2495075	2498253	6270.833496
LG05	2498534	2501210	23.7205276666667
LG05	2501385	2505470	26.8613176666667
LG05	2505709	2506748	82.7154286666667
LG05	2507226	2511583	75.3854876666667
LG05	2512135	2515290	43.596779
LG05	251503	257704	0
LG05	2515741	2516841	31.685856
LG05	2517628	2520921	25.298284
LG05	2521403	2524323	24.09496
LG05	2526295	2528161	14.2698103333333
LG05	2528992	2531386	0.257952
LG05	2532742	2534221	203.427912333333
LG05	2534441	2536410	15.6650283333333
LG05	2536797	2540185	24.5326353333333
LG05	2540858	2542152	131.203048666667
LG05	2542362	2543306	85.9236906666667
LG05	2544056	2544505	0.195844666666667
LG05	2544824	2546265	12.72856
LG05	2546277	2547094	1.13390033333333
LG05	2548158	2550535	8.232079
LG05	2550775	2552173	206.725077333333
LG05	2552210	2552872	304.944203666667
LG05	2554527	2556807	59.182227
LG05	2558662	2561267	6.15332266666667
LG05	2561374	2562109	381.959523666667
LG05	2562345	2565545	153.439585
LG05	2565886	2567472	50.6772626666667
LG05	2567776	2568992	60.7724393333333
LG05	2569489	2570639	4.06208633333333
LG05	2571658	2575445	19.5129133333333
LG05	2575514	2577868	4.43021833333333
LG05	2578054	2579477	27.3743083333333
LG05	2579677	2583908	28.5184616666667
LG05	2584028	2587167	85.2579116666667
LG05	2584169	2585195	6.542487
LG05	2587533	2588339	0
LG05	2587640	2588388	0.368644333333333
LG05	2588810	2592197	67.0492503333333
LG05	2592513	2593179	802.871134333333
LG05	2593345	2594191	36.6949113333333
LG05	2594510	2596967	11.999048
LG05	2597256	2598705	159.147801666667
LG05	2599619	2602892	28.0173396666667
LG05	2602920	2605035	27.7429486666667
LG05	2605230	2606812	15.3909443333333
LG05	2607173	2611454	8.99653466666667
LG05	2612683	2614922	89.8167446666667
LG05	2615323	2616453	10.497072
LG05	2616633	2619597	38.911026
LG05	2619703	2624404	27.479577
LG05	2624773	2625681	95.6802976666667
LG05	2626048	2627176	74.539828
LG05	2627561	2629224	22.2867366666667
LG05	2629488	2632605	55.1851846666667
LG05	2633131	2636557	122.297937666667
LG05	2638454	2639521	4.805793
LG05	263943	267380	0
LG05	2639575	2641839	29.0415996666667
LG05	2642548	2642982	106.193066666667
LG05	2643234	2644146	36.2048753333333
LG05	2644396	2645255	23.43939
LG05	2645996	2648142	42.5673663333333
LG05	2648164	2649810	7.01473133333333
LG05	2648993	2656114	100.311078333333
LG05	2656362	2658465	72.6121546666667
LG05	2660857	2663336	7.67635466666667
LG05	2663578	2666928	23.7661576666667
LG05	2667012	2670745	158.504964333333
LG05	267025	271964	2.243697
LG05	2670809	2671564	160.291244666667
LG05	2671728	2673668	147.676783
LG05	2674944	2676833	69.0952936666667
LG05	2677028	2678329	2.24194366666667
LG05	2678990	2683361	28.7407356666667
LG05	2683552	2686010	23.8690623333333
LG05	2686190	2687074	25.3515216666667
LG05	2687510	2688978	22.5232633333333
LG05	2689039	2690172	1.24419
LG05	2690731	2691155	0.510698
LG05	2691178	2692270	0.358294333333333
LG05	2692541	2697359	118.211006333333
LG05	2697444	2699104	31.971968
LG05	2699545	2702240	6.10147733333333
LG05	2702682	2703613	26.9650683333333
LG05	2703893	2704510	16.4587586666667
LG05	2704982	2706759	14.123528
LG05	2706993	2708658	16.6187193333333
LG05	2708758	2709903	46.1014836666667
LG05	2710617	2716485	11.465117
LG05	2716674	2719811	42.578374
LG05	2721229	2723483	322.292531
LG05	272252	274383	4.674469
LG05	2723553	2725227	1.412779
LG05	2723609	2724187	0.017939
LG05	2725298	2726511	456.680816666667
LG05	2726573	2726923	0.617264666666667
LG05	2727807	2730208	41.52066
LG05	2730327	2733643	10.0545573333333
LG05	2733867	2735425	329.200073333333
LG05	2735747	2738297	21.6938216666667
LG05	2738420	2741166	11.3150376666667
LG05	2741356	2745518	29.1389356666667
LG05	2745593	2746344	6.02528766666667
LG05	2746238	2746835	0.255837666666667
LG05	2747164	2749780	1.52189466666667
LG05	2748566	2749583	0.232531666666667
LG05	2750527	2754799	152.269617333333
LG05	275402	276892	6.07162866666667
LG05	2755253	2758210	18.6153883333333
LG05	2758305	2763847	63.0155286666667
LG05	2764464	2766708	1.97246766666667
LG05	2767444	2770775	59.657982
LG05	2770956	2773285	75.8550923333333
LG05	2773347	2775468	50.2139216666667
LG05	2775818	2778192	31.027463
LG05	277640	278234	0.704229
LG05	2779590	2780948	57.1669006666667
LG05	2781879	2783241	214.808629333333
LG05	2783389	2787082	105.333783333333
LG05	2787662	2788527	389.104767
LG05	2790244	2794242	137.344736666667
LG05	279365	284185	1.21569466666667
LG05	2794419	2799003	95.4513806666667
LG05	2799225	2801229	267.772125333333
LG05	2802379	2803612	122.097539333333
LG05	2803929	2806566	36.69635
LG05	2806997	2807607	2.36321766666667
LG05	2808047	2808973	0.325487666666667
LG05	2809049	2811806	19.1858116666667
LG05	2812363	2814821	12.761589
LG05	2815565	2817471	28.8900203333333
LG05	28165	29155	0
LG05	2817705	2818521	26.84263
LG05	2818701	2826315	52.6940753333333
LG05	2826616	2829375	4.86479933333333
LG05	2830252	2832333	148.413091
LG05	2832511	2834537	10.1736183333333
LG05	2834700	2836560	107.936231
LG05	2836537	2840101	14.8358576666667
LG05	2840554	2846438	28.413379
LG05	284456	285284	7.613928
LG05	2846490	2849055	10.772064
LG05	2847510	2848924	0.121632666666667
LG05	2849056	2850247	19.1781996666667
LG05	2850297	2851964	3.53603133333333
LG05	2852180	2856955	5.06370766666667
LG05	285764	286404	15.246067
LG05	2858300	2859925	85.2785693333333
LG05	2860270	2861250	25.5914876666667
LG05	2861383	2864462	607.157979333333
LG05	2864420	2865413	438.467865
LG05	2866042	2866877	0.726316
LG05	2867466	2870420	6.31234233333333
LG05	2870616	2873114	9.060509
LG05	2873212	2874243	6.21162766666667
LG05	2874278	2875169	0.0357563333333333
LG05	2875403	2876240	33.8458246666667
LG05	2876296	2879076	50.139557
LG05	2879281	2880654	26.875643
LG05	2880912	2882743	94.538691
LG05	2882909	2886236	53.4724156666667
LG05	2886588	2887356	58.64963
LG05	2889687	2891257	3.786492
LG05	2891381	2895024	36.1411273333333
LG05	2895329	2900914	11.1893306666667
LG05	2902456	2906490	52.2134676666667
LG05	2906630	2909755	35.0687636666667
LG05	2910272	2919501	18.682009
LG05	291430	292560	0
LG05	2921271	2922899	7.62601633333333
LG05	2923185	2927638	54.4215203333333
LG05	2928096	2929449	30.9604136666667
LG05	2929743	2930753	59.5400493333333
LG05	2930917	2932402	7.744377
LG05	2933055	2938841	60.0096803333333
LG05	2939242	2940741	75.6953683333333
LG05	2942556	2943049	12.180454
LG05	2944587	2945264	13.0807806666667
LG05	2945575	2946498	5.404853
LG05	2946849	2948866	51.7229676666667
LG05	2949294	2950652	36.826099
LG05	2950825	2951656	48.8762486666667
LG05	2952206	2953208	980.290466333333
LG05	2954045	2954964	62.7968293333333
LG05	2955108	2957965	4.97439666666667
LG05	2958101	2959261	1.76122466666667
LG05	295880	297487	0.103042
LG05	2960053	2966271	20.809403
LG05	2966692	2969647	73.254458
LG05	2969715	2970731	729.707112666667
LG05	2971015	2972588	43.892353
LG05	2972692	2973242	55.745247
LG05	2973451	2975629	26.7087283333333
LG05	2975764	2977945	6.70090133333333
LG05	2978309	2979748	9.753179
LG05	2979761	2980228	0.331819666666667
LG05	2980612	2981492	258.160240333333
LG05	2982247	2982714	0
LG05	2982762	2984893	1.19551466666667
LG05	2983163	2983988	0
LG05	2984979	2992396	64.949665
LG05	2992517	2993838	0.247001666666667
LG05	2993959	2995594	38.0291786666667
LG05	2995730	2996287	37.9728483333333
LG05	2996432	2997642	0.481244
LG05	2998577	3000108	19.3133723333333
LG05	3000121	3000580	3.12491433333333
LG05	3001013	3002132	23.3459296666667
LG05	3002535	3004895	13.988296
LG05	3005028	3005941	9.543373
LG05	3006037	3006856	300.164011666667
LG05	3007106	3008617	9.722187
LG05	3009490	3010970	10.2341643333333
LG05	3011425	3012444	223.55276
LG05	3014512	3017869	3.06718333333333
LG05	3019121	3021298	18.0898636666667
LG05	3022776	3023731	0.153082666666667
LG05	3024562	3031156	48.4204586666667
LG05	3032061	3032945	347.283050333333
LG05	3033546	3034506	19.6148663333333
LG05	303418	305488	0
LG05	3035842	3036955	11.3730203333333
LG05	3037828	3039319	0.123913
LG05	3039475	3039882	41.97472
LG05	3040063	3041979	16.8968466666667
LG05	3042416	3048648	8.24666233333333
LG05	3049584	3051948	15.2460293333333
LG05	3052468	3054117	123.113085333333
LG05	3055243	3055713	0
LG05	3056895	3058473	0
LG05	3059357	3062084	21.7018063333333
LG05	3059440	3060689	17.497091
LG05	3063961	3065487	115.921758
LG05	3065557	3067438	174.499135333333
LG05	3067941	3069377	107.601791333333
LG05	3069514	3070228	181.789464333333
LG05	30707	31460	0
LG05	3071166	3072736	0.0897596666666667
LG05	3074891	3080196	8.82570666666667
LG05	3080894	3082599	5.35432
LG05	3083155	3085933	14.9241106666667
LG05	308605	313576	2.41430966666667
LG05	3086992	3088664	0
LG05	3103205	3104437	22.211099
LG05	3105721	3113099	7.490813
LG05	3113625	3115050	14.1887793333333
LG05	3117420	3120886	10.9198416666667
LG05	3120914	3121487	0.357746
LG05	3121505	3124090	52.393499
LG05	3124533	3125350	0.443809
LG05	3126205	3129091	19.336968
LG05	3129095	3130613	9.223311
LG05	3130728	3132489	231.353002
LG05	3133898	3135371	39.485078
LG05	3136715	3138612	121.021263
LG05	313832	316014	6.22379966666667
LG05	3138664	3139021	0.364599333333333
LG05	3139041	3141815	16.709369
LG05	3143934	3144249	0.089106
LG05	3145373	3145894	0.0912866666666667
LG05	3150411	3154181	2.23666666666667
LG05	3154699	3155479	81.4638293333333
LG05	3156622	3158288	46.0569886666667
LG05	3158377	3160101	55.7732023333333
LG05	3160694	3162286	38.872162
LG05	3162686	3163431	389.554656666667
LG05	316381	318591	4.76461633333333
LG05	3163913	3166538	1.23597866666667
LG05	3167787	3170324	36.529827
LG05	3170593	3172113	8.89877966666667
LG05	3172217	3174270	49.1154463333333
LG05	3174559	3180880	22.8419686666667
LG05	3182705	3183195	0
LG05	3182779	3183266	0
LG05	3183770	3184198	0.0997026666666667
LG05	3184335	3187034	49.6368433333333
LG05	319175	320072	0.109853
LG05	3192541	3193422	0.945669666666667
LG05	3196433	3199960	38.661996
LG05	3200260	3202878	14.4611813333333
LG05	3203426	3240963	5.51887
LG05	320974	325754	2.401748
LG05	32123	34862	0
LG05	3241058	3242608	0
LG05	3245681	3246142	0.0171223333333333
LG05	3250565	3254788	0
LG05	3254977	3255389	0.015525
LG05	3255778	3256426	0
LG05	326056	328481	11.445024
LG05	3262159	3262775	0
LG05	3263500	3268024	0
LG05	3268915	3269710	0.151495333333333
LG05	3269165	3270851	0.351894
LG05	3274425	3276085	1.131986
LG05	3281669	3282336	0.114168
LG05	3283677	3284462	0.131218333333333
LG05	3284993	3288467	2.6532
LG05	328596	333361	7.57314866666667
LG05	3288626	3289885	0.193834
LG05	3292083	3293614	23.8815843333333
LG05	3293770	3295349	23.5437743333333
LG05	3296937	3301849	10.4626516666667
LG05	3302675	3303949	2.99794933333333
LG05	3305954	3308738	13.722999
LG05	3309096	3310748	11.192948
LG05	3312347	3313400	23.445396
LG05	3313659	3315964	12.2640483333333
LG05	3316156	3316788	16.8384283333333
LG05	3316896	3320112	3.795998
LG05	3320184	3321133	23.879928
LG05	3321653	3323595	5.933558
LG05	3323763	3324556	3.834687
LG05	3324626	3327136	3.59823033333333
LG05	3327599	3328300	0.0189663333333333
LG05	3329031	3334228	0.103090666666667
LG05	3334647	3337433	0.0926886666666667
LG05	333692	338646	4.05244933333333
LG05	3338268	3338918	0.758295666666667
LG05	3342749	3344365	0.596707
LG05	3344792	3349399	0.118114666666667
LG05	339055	339957	17.0290243333333
LG05	343225	359932	0.117713666666667
LG05	35113	37342	0
LG05	372306	376298	1.171904
LG05	377794	381399	5.30640933333333
LG05	381612	386933	2.81327633333333
LG05	387611	388018	6.17331933333333
LG05	389528	404083	0
LG05	405215	406611	0
LG05	40566	41495	0.442411333333333
LG05	407025	416418	0
LG05	416985	418521	1.53882833333333
LG05	419035	424205	3.23698666666667
LG05	419056	419994	0.008299
LG05	424225	426719	5.16512633333333
LG05	426993	428556	123.451103333333
LG05	42805	44130	0
LG05	429411	430841	0.674827333333333
LG05	432188	433219	0.314446
LG05	434159	435626	1.337617
LG05	436314	438653	6.234263
LG05	438652	440816	4.152631
LG05	440936	443808	5.33363133333333
LG05	445006	445577	0
LG05	445858	449717	55.228439
LG05	449912	453190	0
LG05	453490	454250	1.76701233333333
LG05	455681	456443	1.537434
LG05	45618	46770	0
LG05	458840	460654	20.988058
LG05	460696	461606	0.610245333333333
LG05	462486	465504	6.83263966666667
LG05	465704	467195	1.794756
LG05	467899	469149	4.23634033333333
LG05	469249	472663	76.0880606666667
LG05	47144	52288	0
LG05	473520	475621	0
LG05	476224	478639	0
LG05	478834	482894	0
LG05	483513	486007	2.51818133333333
LG05	486275	486634	0.0704163333333333
LG05	486724	488559	95.849673
LG05	489905	490565	2.55571166666667
LG05	491735	493109	6.89183733333333
LG05	493493	495001	17.0365623333333
LG05	495035	496331	32.3524023333333
LG05	496362	497699	2.16898733333333
LG05	497757	498546	11.7485136666667
LG05	498535	499719	10.0083676666667
LG05	500839	502932	54.7404876666667
LG05	503468	505556	2.52800233333333
LG05	506409	508377	0.308501
LG05	508397	510741	16.47837
LG05	510927	511262	101.469940333333
LG05	511	6124	0.0203623333333333
LG05	511721	512347	89.2497303333333
LG05	512624	515106	11.9495973333333
LG05	515344	516098	209.512253
LG05	517287	520222	0.855566
LG05	521483	522025	0.0557626666666667
LG05	522525	523125	36.271918
LG05	523325	524134	14.3214356666667
LG05	524202	525530	19.2641086666667
LG05	529240	529794	0
LG05	531080	531568	0
LG05	532356	537553	0
LG05	53957	56428	0
LG05	544933	549176	0
LG05	559981	568200	0
LG05	574645	575285	76.6785913333333
LG05	576531	578440	13.8039483333333
LG05	578951	581279	8.62089166666667
LG05	581335	583699	5.95836233333333
LG05	584855	586482	0.593103666666667
LG05	587306	589655	0.385028333333333
LG05	590924	593867	15.6748923333333
LG05	595414	596854	0.423422333333333
LG05	597689	599090	26.6993146666667
LG05	599598	600682	83.5246556666667
LG05	601227	602288	7.146306
LG05	602462	604603	29.8749136666667
LG05	604719	605797	1.15866666666667
LG05	606028	607628	12.1493173333333
LG05	607831	609267	1.11784966666667
LG05	610054	618799	0.361343666666667
LG05	611849	616186	0.008122
LG05	616700	618206	0
LG05	619131	620118	0.323759666666667
LG05	620152	622808	2.38265766666667
LG05	623455	625805	13.0619843333333
LG05	626192	627325	0.459458
LG05	627385	631697	13.9408183333333
LG05	632132	635041	20.9294363333333
LG05	635086	637480	43.6368143333333
LG05	637860	640053	90.8668796666667
LG05	640411	641835	42.4432233333333
LG05	644986	645675	0
LG05	646368	647515	0
LG05	648142	649125	0
LG05	65826	68732	0
LG05	662641	663387	0
LG05	663726	664642	0
LG05	669251	671960	0
LG05	684040	686840	0
LG05	688091	691708	0.00718133333333333
LG05	692200	692950	0.0489433333333333
LG05	693835	695456	22.3892326666667
LG05	69530	71224	0
LG05	695537	696549	57.4761483333333
LG05	696804	697731	18.371609
LG05	697808	700871	359.092946333333
LG05	701782	703987	0.141116
LG05	705683	707097	0
LG05	71641	72617	0
LG05	716532	718191	0
LG05	720952	722364	0
LG05	727773	730629	5.232374
LG05	730807	732556	13.7280756666667
LG05	732612	735430	46.21513
LG05	736349	737501	14.603447
LG05	73792	74466	0.449905
LG05	738119	739641	55.871507
LG05	743100	744623	1.50578566666667
LG05	745192	749309	177.587616
LG05	750342	752466	45.158605
LG05	752902	754658	9.81924233333333
LG05	755711	758126	13.6458106666667
LG05	759311	760426	430.683552666667
LG05	761701	763558	11.8446463333333
LG05	763909	768695	6.46103466666667
LG05	769297	771043	29.8645756666667
LG05	771087	771856	5.77791133333333
LG05	77131	79048	0
LG05	771980	775974	9.45342033333333
LG05	776276	777451	69.701434
LG05	777721	778989	1.09931833333333
LG05	780759	780980	0.807195666666667
LG05	781708	783930	0.016233
LG05	784193	786545	581.948669333333
LG05	787304	791922	4.75890933333333
LG05	792036	793359	17.953419
LG05	793488	797447	36.2794303333333
LG05	798217	800057	1.57078466666667
LG05	800578	803132	89.0195083333333
LG05	80081	82896	0
LG05	803056	804938	183.462468666667
LG05	805063	806292	133.075091
LG05	807786	812929	4.95010733333333
LG05	813215	814995	16.017042
LG05	815123	818063	30.6786606666667
LG05	818193	819966	11.1197473333333
LG05	820034	822145	66.6605443333333
LG05	823653	824567	0.562450333333333
LG05	824681	828405	3.08469766666667
LG05	828490	829627	3.01923633333333
LG05	829855	831250	35.00715
LG05	831327	832299	1.70025733333333
LG05	832552	834712	76.2300083333333
LG05	834976	837794	11.9928473333333
LG05	838135	840685	1.59284333333333
LG05	845035	850253	0
LG05	8487	14139	0
LG05	85961	89800	0
LG05	865710	867689	0
LG05	867888	869716	107.769109
LG05	868155	874711	746.407613333333
LG05	872089	872979	5.20408633333333
LG05	875334	878659	33.1902756666667
LG05	877653	878588	0
LG05	879748	886702	7.40161933333333
LG05	886867	889938	20.414863
LG05	890483	891605	15.5131813333333
LG05	891678	892629	2.70199133333333
LG05	893420	896959	0.00935133333333333
LG05	901303	902298	0
LG05	905207	909200	7.85779566666667
LG05	910167	914036	3.658246
LG05	914874	917654	0
LG05	91893	93493	0
LG05	922719	924049	0
LG05	937296	939355	0
LG05	941389	944052	0
LG05	944802	946463	0.00612366666666667
LG05	947693	951467	0
LG05	953301	954228	0.399129333333333
LG05	982760	983314	0
LG05	985527	988401	100.545425666667
LG05	98760	100409	0
LG05	988496	991251	86.5964206666667
LG05	992304	993635	22.2109363333333
LG05	994624	996236	1.313442
LG05	996622	998334	11.2370486666667
LG05	998362	1001038	23.7429366666667
LG06	1000981	1001647	2.721952
LG06	1001846	1004549	10.9692006666667
LG06	1004737	1011469	4.131038
LG06	1012320	1015124	6.78083766666667
LG06	1015417	1016284	27.8223213333333
LG06	1016414	1018634	115.438911666667
LG06	1018678	1019534	0.496646333333333
LG06	1020529	1021024	4.663483
LG06	1022674	1024961	11.0107086666667
LG06	1025142	1026370	54.633967
LG06	1026757	1027581	80.6161243333333
LG06	1028331	1030308	2.866136
LG06	1030472	1033930	0.491269333333333
LG06	1034430	1035822	10.6086466666667
LG06	1036384	1038116	80.834717
LG06	1038099	1040390	14.301661
LG06	1040583	1041029	16.9132193333333
LG06	1041192	1043863	12.106952
LG06	1043875	1045908	36.4161896666667
LG06	1046357	1050646	37.4717433333333
LG06	1050956	1051831	203.513234333333
LG06	105116	106864	0
LG06	1052350	1053363	88.0215303333333
LG06	1053835	1055575	5.30485833333333
LG06	1056081	1057654	12.9326766666667
LG06	1057678	1058971	2.11254
LG06	1058829	1059994	1.20639433333333
LG06	1060366	1077341	2.85573633333333
LG06	106943	107607	0
LG06	1077494	1078480	1.553099
LG06	107767	109394	0
LG06	1078522	1083522	2.22888866666667
LG06	1083717	1088596	4.32333433333333
LG06	1088944	1090070	218.73495
LG06	1090357	1094151	134.650553333333
LG06	1094540	1097543	16.538194
LG06	1098064	1098773	415.528472666667
LG06	1098830	1100039	11.03503
LG06	1100180	1101023	127.401237666667
LG06	1101108	1103381	11.518943
LG06	1103448	1105231	567.749877666667
LG06	1105462	1108190	39.3713733333333
LG06	1110932	1113140	39.802733
LG06	1113901	1117959	8.289344
LG06	1118043	1119257	19.5031886666667
LG06	1119521	1121474	42.3462156666667
LG06	1121535	1122142	38.2093086666667
LG06	1122794	1124804	21.0858476666667
LG06	1125155	1126354	1.62287733333333
LG06	1126518	1128162	15.5600006666667
LG06	1128202	1129706	94.464526
LG06	1130714	1134282	1.13938566666667
LG06	1141940	1142476	0
LG06	1142590	1142988	0
LG06	1146357	1146916	0
LG06	1148708	1149055	0
LG06	1149453	1155913	0
LG06	1158246	1161719	0
LG06	1162662	1163583	0
LG06	1164497	1167969	0
LG06	1171615	1172394	0
LG06	1177167	1190292	0
LG06	1205089	1206649	0
LG06	1207909	1209123	0
LG06	1212714	1215827	0
LG06	1223985	1224719	0.456426333333333
LG06	1224943	1229254	13.417246
LG06	1229439	1231471	34.3755683333333
LG06	1231586	1232111	43.8734843333333
LG06	1232583	1233290	536.302236
LG06	1233671	1234060	0.326259
LG06	1234242	1236811	29.294265
LG06	1237610	1237928	0.229309333333333
LG06	1237970	1239357	12.9475176666667
LG06	1239390	1241255	34.8775456666667
LG06	1241401	1245621	2.041601
LG06	1246861	1248468	23.821074
LG06	1249815	1254728	2.36168833333333
LG06	1255557	1256596	1.57951066666667
LG06	1256898	1258320	31.520477
LG06	1261806	1263525	0.660411
LG06	1263878	1265388	3.79282333333333
LG06	1265657	1267491	2.40608066666667
LG06	1267615	1268082	0.212497
LG06	1269331	1271083	25.2838613333333
LG06	1271304	1275279	36.963014
LG06	1275531	1278411	30.4192783333333
LG06	1278679	1278983	68.4296926666667
LG06	1279074	1281130	6.33394233333333
LG06	1281754	1283293	44.2805543333333
LG06	1283357	1285447	15.0400306666667
LG06	1285935	1288965	116.595507333333
LG06	1290841	1292310	6.68110033333333
LG06	1292791	1293834	0.966966666666667
LG06	1294309	1295081	0.493181
LG06	1295206	1298654	111.073463666667
LG06	1298785	1299404	22.1993346666667
LG06	1299492	1302623	7.84314366666667
LG06	1302596	1305208	54.8995236666667
LG06	1305827	1307136	52.9919703333333
LG06	1307290	1309662	6.79236766666667
LG06	1310504	1311601	61.1351393333333
LG06	1311734	1316833	51.638869
LG06	1317095	1317625	25.5099706666667
LG06	1317684	1318004	70.923831
LG06	1318144	1320930	5.93135166666667
LG06	1321839	1322394	1.849754
LG06	1322641	1325024	18.984555
LG06	1325548	1329084	0.041501
LG06	1339678	1342091	0
LG06	134004	135732	0
LG06	1343035	1345131	12.979944
LG06	1345506	1347385	78.0296326666667
LG06	1347406	1350223	105.465566
LG06	1350253	1353244	63.4473063333333
LG06	1354127	1355716	17.3288826666667
LG06	1356402	1363953	39.9589883333333
LG06	1364887	1366182	0.477677333333333
LG06	1366170	1367389	0.812445333333333
LG06	1367631	1369988	56.401923
LG06	1370571	1372859	20.0179816666667
LG06	1372929	1377708	2.44995833333333
LG06	1379225	1380468	0.0937183333333333
LG06	1380989	1383995	2.24106866666667
LG06	1384006	1384498	0.522743
LG06	1385084	1389567	49.0475123333333
LG06	138609	142040	0
LG06	1389654	1390205	162.754654
LG06	1390358	1392647	18.5645456666667
LG06	1392685	1394550	121.023885
LG06	1394734	1395719	75.6489183333333
LG06	1396047	1398724	23.8859103333333
LG06	1398997	1400739	1.164868
LG06	1400816	1410951	1.24490466666667
LG06	1412902	1414302	51.5658926666667
LG06	1414306	1415299	2.90764433333333
LG06	1415856	1418304	12.9522073333333
LG06	1418517	1419548	49.420161
LG06	1419656	1423926	25.2787216666667
LG06	1424029	1425516	16.8234346666667
LG06	1426007	1426627	365.062652666667
LG06	1426759	1428896	15.6866126666667
LG06	1429362	1430420	0.437266333333333
LG06	1430630	1433833	15.982836
LG06	1433957	1435272	36.4615043333333
LG06	1435411	1436953	11.1172816666667
LG06	1437073	1438600	8.222123
LG06	1438854	1440085	1.234665
LG06	1440425	1452535	15.216257
LG06	1452741	1453380	42.9487686666667
LG06	1453662	1456233	66.776052
LG06	1456263	1461108	27.7561963333333
LG06	1461558	1467750	36.7921
LG06	1470529	1471163	29.0726296666667
LG06	1471275	1473233	93.4122063333333
LG06	1473458	1478757	163.774709
LG06	1478784	1480106	9.51015366666667
LG06	1480129	1482912	294.526417666667
LG06	1485747	1489785	33.5661963333333
LG06	1489884	1492077	997.303934666667
LG06	1492169	1496404	5.24134
LG06	1496717	1499972	29.3843523333333
LG06	1500068	1502809	37.4599406666667
LG06	1504221	1506902	7.16437066666667
LG06	1508703	1509251	37.745345
LG06	1509352	1511333	16.4633993333333
LG06	1512664	1512984	0.026417
LG06	1513322	1515382	9.179436
LG06	1515933	1520255	129.083282333333
LG06	1520975	1522420	36.741366
LG06	1522629	1525207	28.3521396666667
LG06	1525408	1526372	36.2065516666667
LG06	1526610	1529187	8.22407033333333
LG06	1530837	1533503	10.0241256666667
LG06	1533918	1535471	34.3335216666667
LG06	153705	154168	7.89054633333333
LG06	1537232	1539280	72.4990383333333
LG06	1539415	1540272	45.4101433333333
LG06	1540396	1542998	19.3996073333333
LG06	1543162	1548217	25.307274
LG06	154396	155277	3.060831
LG06	1548937	1549763	85.8722256666667
LG06	1550334	1551782	6.337236
LG06	15517	17880	6.411714
LG06	1552029	1554490	57.986571
LG06	1555083	1559786	25.8233566666667
LG06	1561181	1563645	10.0001723333333
LG06	156143	158189	73.6419906666667
LG06	1564323	1566966	3.426427
LG06	1566936	1568146	236.305450666667
LG06	1568266	1571389	66.8398436666667
LG06	1571918	1573922	2.674759
LG06	1574537	1575808	86.5632576666667
LG06	1576217	1578355	25.9457303333333
LG06	1579158	1580426	3.42950333333333
LG06	1580882	1583585	9.423334
LG06	158210	160919	39.1805316666667
LG06	1583743	1586834	24.8948413333333
LG06	1586876	1588596	92.830396
LG06	1588963	1591238	13.375762
LG06	1591332	1592595	29.3718116666667
LG06	1592793	1597386	18.1953696666667
LG06	1597962	1599507	343.490946333333
LG06	1599946	1601377	65.8142726666667
LG06	1601744	1603252	24.1743003333333
LG06	1604048	1606252	21.391348
LG06	1609551	1612830	1.06011933333333
LG06	161132	162057	248.122736666667
LG06	1614631	1619758	589.397827333333
LG06	1620148	1622208	1385.158366
LG06	162074	164489	18.360781
LG06	162074	164541	104.365125
LG06	1622446	1623650	48.536311
LG06	1623890	1624432	53.641477
LG06	1624843	1629408	46.029493
LG06	1629977	1630693	55.6862743333333
LG06	1630806	1632224	27.672971
LG06	1632885	1637412	6.00692966666667
LG06	1640338	1641181	36.693507
LG06	1641235	1642474	24.208978
LG06	1642560	1649438	15.5126856666667
LG06	164565	165746	248.853815666667
LG06	1650430	1656462	2.221655
LG06	1657544	1658640	364.566793
LG06	165898	167388	1.524582
LG06	1659028	1661050	5.25585633333333
LG06	1661333	1664614	3.37830733333333
LG06	1665515	1668656	8.430051
LG06	1668900	1669877	48.482632
LG06	1670012	1671770	35.5417836666667
LG06	1671993	1673971	34.6952846666667
LG06	1674184	1675591	102.695305
LG06	1675738	1676446	0.0188423333333333
LG06	1675816	1676558	0.135895666666667
LG06	167600	170735	1.91491066666667
LG06	1676559	1677829	7.69643633333333
LG06	1678101	1682073	2.41053366666667
LG06	1682274	1684481	68.9456356666667
LG06	1684749	1687382	130.60025
LG06	1687429	1688409	56.4730453333333
LG06	1688453	1689013	283.074208666667
LG06	1689055	1690737	16.3499933333333
LG06	1690847	1693133	26.3350346666667
LG06	1693346	1696582	29.3070253333333
LG06	1696711	1698469	34.6920103333333
LG06	1699122	1700715	18.8151936666667
LG06	1701611	1702417	3.77226
LG06	1702889	1706398	5.27604466666667
LG06	1706830	1707885	0.310369333333333
LG06	1707163	1707969	0.473211
LG06	1708155	1710165	30.8657746666667
LG06	1710205	1711043	10.423081
LG06	171091	171822	44.004392
LG06	1711711	1714362	22.441132
LG06	1715658	1717508	5.02432566666667
LG06	1721054	1723215	13.631805
LG06	172252	175051	4.195231
LG06	1724013	1727310	1.83224866666667
LG06	1724016	1727310	0.071662
LG06	1740934	1741468	108.989387666667
LG06	1741773	1748571	13.127908
LG06	1748676	1750814	26.1791383333333
LG06	1751960	1755774	3.47531
LG06	175230	176684	2.34960866666667
LG06	1755987	1757305	6.56743233333333
LG06	1757419	1758959	3.685377
LG06	1759207	1761693	4.57114266666667
LG06	1761980	1762602	0.754058333333333
LG06	1764160	1765324	0.856397333333333
LG06	1765385	1767589	20.5268106666667
LG06	1767791	1769450	0.09072
LG06	1769581	1773453	4.57024
LG06	1775451	1778194	12.7281036666667
LG06	1778393	1779374	15.0256786666667
LG06	1780220	1781213	3.47495566666667
LG06	1781877	1782256	12.7810643333333
LG06	1782953	1783808	3.93908733333333
LG06	1783867	1786626	27.71541
LG06	1786715	1787361	0.913189666666667
LG06	1787746	1788436	0.443301
LG06	1790004	1790711	1.650213
LG06	1791422	1793870	4.69032
LG06	1795223	1798252	83.3761393333333
LG06	1798269	1798750	18.9555163333333
LG06	1798818	1799973	177.472727333333
LG06	1800441	1803550	3.70253833333333
LG06	1804889	1805882	26.24764
LG06	1806051	1807027	53.2149443333333
LG06	1807967	1810566	0.711692666666667
LG06	1811295	1812263	6.12750633333333
LG06	1812893	1817570	14.7152853333333
LG06	1817586	1820082	41.935243
LG06	1820366	1821381	27.254265
LG06	1821562	1825453	1.93385333333333
LG06	1825796	1826861	57.1224616666667
LG06	1826995	1828468	348.932403666667
LG06	1829141	1832711	13.4483893333333
LG06	1833787	1834491	90.0612463333333
LG06	1834784	1835930	0.531532666666667
LG06	1836932	1837853	9.373157
LG06	1838100	1844229	10.4624453333333
LG06	18410	24023	0.0266393333333333
LG06	1844314	1846028	14.7422426666667
LG06	1846194	1848422	7.16990333333333
LG06	1849747	1853392	22.179751
LG06	1853533	1854281	18.032498
LG06	1854322	1855574	41.7385536666667
LG06	1855867	1858289	22.74022
LG06	1859455	1861277	18.0502736666667
LG06	1862798	1866551	6.828691
LG06	186526	187427	0.379878
LG06	1866884	1869134	16.7151393333333
LG06	1869302	1871281	61.5772856666667
LG06	1871792	1874724	36.835889
LG06	1875287	1877587	3.892346
LG06	187642	188588	2.59946066666667
LG06	1878840	1880389	0.818034333333333
LG06	1880423	1885471	13.459416
LG06	1885418	1887443	110.746958666667
LG06	188620	190621	22.5521156666667
LG06	1887586	1888601	46.6963693333333
LG06	1888773	1890383	508.450052666667
LG06	1891155	1893187	8.31510766666667
LG06	1895295	1896709	4.17759766666667
LG06	1898178	1900086	87.9817556666667
LG06	1900479	1902112	20.0724966666667
LG06	1902820	1905703	8.715066
LG06	1904412	1905663	1.527752
LG06	1906350	1907886	12.9334766666667
LG06	190663	191250	43.6644183333333
LG06	1908143	1908471	0
LG06	1909092	1909421	0.0263093333333333
LG06	1910228	1912093	19.9750016666667
LG06	1913250	1915039	8.86224
LG06	191412	193946	12.925266
LG06	1915380	1918547	0.603995
LG06	1920800	1923171	72.2677663333333
LG06	1923681	1924061	0.115251
LG06	1924090	1925050	41.494981
LG06	1925339	1927083	45.6171276666667
LG06	1928170	1929959	7.895326
LG06	1930836	1932221	1.97970633333333
LG06	1933900	1934980	0
LG06	193956	195107	0.797409
LG06	1940565	1944988	0
LG06	1956701	1958591	0
LG06	195888	198448	8.15218433333333
LG06	1959431	1960595	0
LG06	1961125	1962503	0
LG06	1964746	1968041	2.927594
LG06	1968454	1970502	35.8530183333333
LG06	1971743	1972517	4.03419466666667
LG06	1972642	1974129	44.1049423333333
LG06	1974361	1977485	16.1963866666667
LG06	1979979	1981905	5.965559
LG06	1982953	1983607	106.975893333333
LG06	1983668	1985786	268.561493
LG06	198545	200332	18.7662863333333
LG06	1986253	1987289	0.771954666666667
LG06	1990392	1992058	15.6267796666667
LG06	1992985	1995613	15.5776143333333
LG06	1995350	1997426	0.0850393333333333
LG06	2001725	2002866	0
LG06	2003012	2004643	0.359121666666667
LG06	200479	201516	8.318152
LG06	2004896	2007698	2.32533266666667
LG06	2008690	2009617	0
LG06	2010444	2015711	7.40679066666667
LG06	201077	204955	0.372722
LG06	2016495	2019764	9.484806
LG06	2020553	2025076	4.26847066666667
LG06	2025737	2027602	6.67770133333333
LG06	2027631	2029498	6.045326
LG06	2029508	2033588	9.637326
LG06	2033468	2037624	3.73187666666667
LG06	2038365	2040347	0.256920666666667
LG06	2040543	2041700	465.060465666667
LG06	2043174	2044592	0.242943
LG06	2045339	2047414	25.6563216666667
LG06	2047863	2050353	0.352666666666667
LG06	2052939	2054117	13.6950833333333
LG06	2057422	2058964	17.8890023333333
LG06	2059029	2060486	385.061096333333
LG06	2060879	2062636	16.9487566666667
LG06	2063042	2065747	1.88035066666667
LG06	2066514	2068334	15.647167
LG06	2070188	2070885	0.52244
LG06	2071237	2073920	43.223574
LG06	2073848	2075896	9.62014233333333
LG06	2078847	2079694	177.049296
LG06	2097944	2110980	0
LG06	2115483	2116262	0
LG06	2132915	2134427	0
LG06	2135202	2136529	0
LG06	2141454	2146625	0
LG06	2149534	2152389	0
LG06	2170217	2171309	0.881636
LG06	2171977	2173356	1.87735666666667
LG06	2173369	2174640	7.98682233333333
LG06	2174736	2175871	14.3656093333333
LG06	2175872	2177078	6572.84147166667
LG06	2177138	2177899	0.380354666666667
LG06	2177518	2178159	0.02968
LG06	2204444	2207665	0
LG06	2214698	2215339	0.00787433333333333
LG06	2214893	2215747	0.331866333333333
LG06	2216052	2216620	10411.8681633333
LG06	2218462	2220843	1.687931
LG06	2224390	2232729	0
LG06	2239754	2240662	0
LG06	2242169	2243152	0
LG06	2243916	2244759	0
LG06	2246111	2251633	1204.99275733333
LG06	2251678	2252102	10.370909
LG06	2252223	2253733	60.2964896666667
LG06	2253943	2254352	358.753998
LG06	2254688	2255500	13.3796566666667
LG06	2255688	2259094	14.294645
LG06	225647	227027	0
LG06	2259285	2261621	16.3863486666667
LG06	2261711	2265439	9.28827
LG06	2265905	2267413	4.222495
LG06	2267509	2268767	0.763221
LG06	2269007	2270288	4.679787
LG06	2270884	2271276	51.6263096666667
LG06	227218	227515	0.436398333333333
LG06	2286876	2287945	0
LG06	2288462	2289276	0
LG06	228849	229421	2.00352533333333
LG06	2289427	2292084	0
LG06	2292590	2295267	8.89031033333333
LG06	2295730	2297346	0.782669333333333
LG06	229733	230593	0.859141666666667
LG06	2299331	2303438	2.889648
LG06	2304140	2304725	0.292938
LG06	2305863	2308431	1.20351566666667
LG06	2308553	2312323	1.25821366666667
LG06	2311668	2312090	0
LG06	2312772	2317039	16.339424
LG06	2317137	2319575	20.082439
LG06	2319689	2320395	151.047307333333
LG06	2320659	2321237	1.904804
LG06	2322318	2323679	1.00424166666667
LG06	2323733	2324081	0.271142333333333
LG06	2324174	2328539	52.604464
LG06	232711	237422	0
LG06	2329160	2330850	5.151303
LG06	2333122	2333601	1.92038633333333
LG06	2336110	2337972	0.769306333333333
LG06	2336600	2338060	8.336542
LG06	2338061	2340201	279.350474
LG06	2340353	2341830	124.479944666667
LG06	2341968	2342519	40.7004113333333
LG06	2343166	2343992	3.365597
LG06	2345642	2347078	0.695641666666667
LG06	2347526	2348230	0.805452333333333
LG06	2348423	2352308	13.0734393333333
LG06	2352932	2356056	5.575133
LG06	2355919	2357260	1.99329466666667
LG06	2357814	2358633	0.340832333333333
LG06	2359098	2360126	16.9334466666667
LG06	2365002	2365782	1.38226933333333
LG06	2366975	2368513	1.02421866666667
LG06	2368816	2371836	5.91893666666667
LG06	2371974	2373810	17.0901316666667
LG06	2374028	2374705	33.1799823333333
LG06	2375046	2377265	143.544642
LG06	2377242	2379179	79.7266363333333
LG06	2379432	2379942	0.252905666666667
LG06	2380361	2384916	35.228345
LG06	238101	240558	0
LG06	2385030	2386754	28.9372493333333
LG06	2387045	2388860	3.79771366666667
LG06	2389103	2391756	13.457568
LG06	2393837	2394993	4.91530933333333
LG06	2395176	2395502	0.416245
LG06	2395530	2397959	9.813945
LG06	2399028	2401861	5.448124
LG06	2402495	2405093	113.630818666667
LG06	2408856	2409827	36.3162283333333
LG06	2409932	2411726	39.4530726666667
LG06	2412296	2413286	17.4189593333333
LG06	2414002	2416732	15.29662
LG06	2417317	2420114	93.8166706666667
LG06	241746	242305	0.241971
LG06	2420376	2423215	33.0003953333333
LG06	2423921	2425415	42.2729543333333
LG06	2426295	2428424	49.208322
LG06	2428709	2431501	6.707406
LG06	243036	243535	0.150776666666667
LG06	2441184	2442193	0
LG06	2444742	2445473	0
LG06	244882	246864	18.604605
LG06	2450253	2452760	5.41124066666667
LG06	2454299	2454949	0
LG06	2455549	2456770	0
LG06	2461349	2464143	0
LG06	2465593	2465930	6.051222
LG06	247436	248124	4.44115466666667
LG06	2477020	2478223	0
LG06	2478785	2479849	0
LG06	2480152	2480943	0
LG06	2481311	2482904	0
LG06	248551	249387	0.214341
LG06	2491825	2493452	0
LG06	2494266	2495071	0
LG06	2495541	2496693	0
LG06	249818	251117	16.090921
LG06	2502919	2504543	0
LG06	2508486	2510765	36.6266046666667
LG06	2512456	2516853	0.0339036666666667
LG06	251322	252353	0.490521666666667
LG06	2519117	2520265	0
LG06	2520756	2521831	0
LG06	2523016	2524797	0
LG06	2525013	2526434	0
LG06	2529826	2530333	0
LG06	2534000	2535059	0
LG06	2535498	2537119	0
LG06	2539358	2544646	0
LG06	254412	255437	1.362942
LG06	256057	257144	1.71667
LG06	2565541	2566053	0
LG06	2573241	2573745	6.975386
LG06	2575732	2576572	0
LG06	2578855	2579927	0
LG06	2580591	2583326	0.017949
LG06	258219	261105	0
LG06	2589220	2591623	0
LG06	2592071	2593703	0
LG06	2598486	2604225	0
LG06	2609910	2610413	0
LG06	2610904	2611952	0
LG06	2617522	2618943	0
LG06	2621560	2622612	0
LG06	262241	262882	0.289407333333333
LG06	263623	266995	2.74200433333333
LG06	26386	32031	0
LG06	2644096	2645788	0
LG06	2661651	2666758	0
LG06	2669417	2672279	0
LG06	2673862	2675329	0
LG06	2678816	2679566	0
LG06	267951	269781	0.625733
LG06	2680618	2681569	0
LG06	2683518	2684407	0
LG06	2684640	2685753	0
LG06	2700129	2701878	0
LG06	2702215	2703499	0
LG06	2704928	2705699	0
LG06	2706636	2707776	0
LG06	2708988	2709715	0
LG06	2711507	2713515	0
LG06	2714058	2715286	0.453902
LG06	2716116	2716884	0.145535666666667
LG06	2720097	2720981	0.303525
LG06	272621	273775	0.246908666666667
LG06	273856	274197	0
LG06	2741992	2745497	7.56493
LG06	274554	275130	0
LG06	2747227	2750571	11.162179
LG06	2750975	2751899	1.61830266666667
LG06	2752046	2752404	0.46648
LG06	2752438	2757445	1.61846433333333
LG06	275585	276745	0.846926
LG06	2759534	2760508	5.60575966666667
LG06	2760916	2762663	4.450954
LG06	2763729	2765043	15.5504506666667
LG06	2765064	2769100	13.539198
LG06	276755	277682	2.99092666666667
LG06	2769187	2775039	0.976839
LG06	277706	281570	53.2189343333333
LG06	2777298	2777951	0.0194193333333333
LG06	2779428	2780087	0.467084
LG06	2781616	2785337	3.29303
LG06	2785422	2788078	4.00767233333333
LG06	2789164	2792727	2.457453
LG06	2795332	2796014	0
LG06	2798897	2799646	0
LG06	2799878	2800633	0.947114666666667
LG06	2800758	2801141	19.1404006666667
LG06	2802410	2803845	21.5647626666667
LG06	2805860	2806533	0.731252333333333
LG06	2807073	2808347	0.0461363333333333
LG06	2808716	2809003	0
LG06	2809934	2812565	39.9778483333333
LG06	2813166	2815769	1.73224933333333
LG06	2815881	2817711	9.60224033333333
LG06	2817901	2820661	4.163834
LG06	2823843	2824309	0
LG06	2825309	2825565	0
LG06	2825900	2827622	1.091538
LG06	282918	288249	5.43107733333333
LG06	2829726	2830473	0.258141333333333
LG06	2833108	2835767	35.326697
LG06	2840116	2844335	0
LG06	2848547	2851497	19.1368776666667
LG06	2852318	2853228	0.378491666666667
LG06	2853317	2855601	8.20798966666667
LG06	2856208	2856922	2.66201666666667
LG06	2857044	2858064	0.296235333333333
LG06	2858312	2860376	20.786611
LG06	2861012	2863726	4.44618633333333
LG06	2865108	2869857	2.17737533333333
LG06	2870710	2875069	8.92745566666667
LG06	2875962	2878694	126.931045666667
LG06	2880349	2884249	10.6579336666667
LG06	288341	290991	4.56101833333333
LG06	2886213	2887876	25.0932596666667
LG06	2889791	2891425	19.9207573333333
LG06	2892651	2893520	0.513009333333333
LG06	2893806	2895586	0.517191333333333
LG06	2895876	2896667	0.024776
LG06	2896975	2898286	0.560473333333333
LG06	2898396	2900114	0.361760666666667
LG06	2901776	2906173	0.0542026666666667
LG06	2907110	2908722	0.319609
LG06	2909102	2909772	5.53772766666667
LG06	2909975	2911167	2.622458
LG06	2911670	2913435	1.08818533333333
LG06	2915060	2916488	24.2052033333333
LG06	2917493	2920046	9.70804733333333
LG06	291811	293341	0
LG06	2920733	2921700	28.9350263333333
LG06	2921863	2925103	39.739948
LG06	2925571	2925989	1.11182433333333
LG06	2926258	2926960	1.867682
LG06	2927296	2928914	45.1462796666667
LG06	2929516	2930942	30.0200073333333
LG06	2931194	2932959	34.1329103333333
LG06	2933184	2934035	6.907499
LG06	2935229	2940886	7.364301
LG06	2941852	2942279	35.7519123333333
LG06	2943286	2948210	26.0207696666667
LG06	2949096	2949841	12.8754183333333
LG06	2950351	2953146	6.460293
LG06	2954282	2955199	5.85589566666667
LG06	2955264	2956558	113.954333
LG06	2956979	2958453	59.163007
LG06	2958988	2961811	28.698998
LG06	2963045	2963499	0
LG06	2965123	2966774	8.50376633333333
LG06	2966910	2969651	5.75117833333333
LG06	2969764	2971393	21.3245843333333
LG06	2971611	2983027	7.49361
LG06	2983269	2985177	48.5514933333333
LG06	2985251	2986370	61.343376
LG06	2986737	2989720	18.199306
LG06	2990081	2992217	27.4133706666667
LG06	2993211	2993548	0
LG06	2993856	2995347	25.827994
LG06	2995431	2999499	8.78585866666667
LG06	2998868	3003672	9.76723466666667
LG06	3003737	3005044	83.8604076666667
LG06	3005041	3007416	8.29285333333333
LG06	3008148	3009247	0.0590206666666667
LG06	300923	301920	2.383342
LG06	3011169	3012066	0.870457333333333
LG06	3012368	3014640	8.40747233333333
LG06	3014789	3015373	0.244635666666667
LG06	3015477	3016807	17.875145
LG06	3017197	3018436	5.733026
LG06	3018753	3019598	5.90367966666667
LG06	3019715	3026476	12.3106383333333
LG06	302236	303759	109.887804666667
LG06	3026726	3027120	59.53721
LG06	3027553	3029502	55.704395
LG06	3029683	3031275	20.9463626666667
LG06	3031295	3033221	4.160931
LG06	3034402	3036933	0
LG06	3038719	3041993	0
LG06	3042655	3043370	0
LG06	3043705	3045859	10.6798516666667
LG06	3045958	3047363	21.6195983333333
LG06	3048359	3048877	1.578304
LG06	3049173	3050956	122.908951
LG06	304948	307190	59.671318
LG06	3051136	3052276	74.3888853333333
LG06	3053851	3057909	0.789574333333333
LG06	3059304	3060246	14.791903
LG06	3061901	3063584	7.51405033333333
LG06	3068723	3070736	0.458089
LG06	3070787	3071322	0.545948
LG06	3072229	3073942	36.1065026666667
LG06	307380	309013	4.86626866666667
LG06	3074437	3075440	0.217039333333333
LG06	3075483	3078717	6.46449666666667
LG06	3079226	3082301	96.4898046666667
LG06	3082597	3085385	6.53036633333333
LG06	3085723	3087227	80.409452
LG06	3087599	3088169	68.4322763333333
LG06	3088575	3089192	3.11671266666667
LG06	3089640	3093215	12.676433
LG06	3093935	3095706	25.8584136666667
LG06	3096625	3098942	11.595398
LG06	3099646	3103854	0.319580333333333
LG06	3104614	3107981	1.04060866666667
LG06	3108226	3111072	0.0332206666666667
LG06	310894	312291	0.283308333333333
LG06	3114002	3117431	155.589019666667
LG06	3117789	3119831	77.3292056666667
LG06	3120377	3126513	30.721742
LG06	3126557	3128076	2.80409866666667
LG06	3129017	3131878	15.294223
LG06	3132241	3132670	0.205215666666667
LG06	313265	314759	52.7539456666667
LG06	3133252	3135974	44.4035773333333
LG06	3136132	3139781	30.3135756666667
LG06	3139791	3143368	152.919494333333
LG06	3143761	3145151	301.930064
LG06	3145484	3147522	6.90223266666667
LG06	3147566	3149687	87.2077816666667
LG06	3149904	3151723	59.9467376666667
LG06	3151725	3153179	17.1142
LG06	3155008	3156945	0.134526333333333
LG06	315512	316309	17.973638
LG06	3158223	3158849	0
LG06	3160418	3167846	12.2192923333333
LG06	316628	317764	31.4789476666667
LG06	3168194	3169595	21.060253
LG06	3170714	3171500	0
LG06	3171911	3172424	0.219834
LG06	3175931	3179191	0.0493733333333333
LG06	317800	318700	545.793965666667
LG06	3180737	3181399	0
LG06	3183325	3186670	0
LG06	318752	319074	3.884104
LG06	3187545	3189252	0.119727
LG06	3189399	3192608	46.7072346666667
LG06	3192863	3194421	55.624199
LG06	319301	321607	11.5187736666667
LG06	3195572	3195900	0.487231333333333
LG06	3196131	3199841	25.3210713333333
LG06	3199969	3202957	50.708968
LG06	3203572	3204984	1.99182666666667
LG06	3204989	3208101	33.673644
LG06	3208741	3210254	0.909291
LG06	3210682	3218065	8.26934466666667
LG06	3218400	3219984	54.554891
LG06	3220721	3222202	18.7300623333333
LG06	3222368	3225192	38.9747453333333
LG06	322268	324410	2.75138433333333
LG06	3226911	3230692	1.27627466666667
LG06	3232300	3233635	4.056181
LG06	3235105	3237632	4.07422266666667
LG06	3239431	3242530	42.33573
LG06	3243160	3244907	38.9705173333333
LG06	324444	325815	7.02808833333333
LG06	3246364	3247449	1.34826166666667
LG06	3247801	3248382	0.621320333333333
LG06	3250087	3250836	19.4271396666667
LG06	3251473	3253205	29.5825776666667
LG06	3253223	3254278	71.869934
LG06	3254359	3258260	9.207292
LG06	325818	329838	19.4866556666667
LG06	3260724	3264719	0.664335
LG06	3267541	3270306	339.190572
LG06	3270408	3270847	0
LG06	3271531	3273060	3.13341
LG06	3273483	3274914	64.5526936666667
LG06	3275530	3276814	3.283643
LG06	3277265	3280640	18.60923
LG06	3280728	3282377	26.0695153333333
LG06	3288024	3289381	41.706225
LG06	3289595	3292622	2.865322
LG06	3293092	3296679	7.804558
LG06	3297434	3306538	47.6812593333333
LG06	329977	330515	56.9746563333333
LG06	3306816	3307765	121.935452666667
LG06	3308573	3309915	15.9595103333333
LG06	3310309	3311745	21.5102043333333
LG06	3311994	3314597	34.628747
LG06	3314900	3316072	5.76350633333333
LG06	3316141	3318258	118.983520333333
LG06	3318437	3320298	63.7283413333333
LG06	3320846	3330366	84.984675
LG06	3330531	3332360	18.8426156666667
LG06	3333739	3334688	6.554808
LG06	3335691	3339920	0.0696626666666667
LG06	3341153	3342608	16.1924383333333
LG06	3343649	3344932	2.55470433333333
LG06	3345424	3348101	27.0003813333333
LG06	3348876	3351283	26.2478863333333
LG06	3351729	3354184	45.9991963333333
LG06	3354853	3360387	5.48801666666667
LG06	3360592	3362460	36.6455496666667
LG06	3362460	3364828	2.60179333333333
LG06	3365072	3369042	70.6321993333333
LG06	3369345	3370035	0.379036333333333
LG06	3370821	3371274	0
LG06	3371329	3374959	17.9922886666667
LG06	3373820	3374823	28.113961
LG06	3375045	3381221	18.045972
LG06	337931	339020	0
LG06	3381436	3387729	9.72862733333333
LG06	3388551	3390127	12.4374603333333
LG06	3390647	3391729	99.739891
LG06	3392349	3395747	23.3118656666667
LG06	3396107	3398435	29.8334526666667
LG06	3398419	3399388	57.9996376666667
LG06	3399412	3403038	26.428883
LG06	3403285	3407242	49.214381
LG06	340395	345409	0
LG06	3407719	3409304	4.69630833333333
LG06	3411430	3414275	7.28623133333333
LG06	3414680	3417942	8.78320266666667
LG06	3417966	3418493	112.33239
LG06	3418649	3419027	3.95892966666667
LG06	3419081	3419637	34.0210933333333
LG06	3419806	3421392	93.194313
LG06	3422287	3423982	158.700694
LG06	3424372	3426243	1052.29862466667
LG06	3428140	3428934	375.742584333333
LG06	3430097	3431146	347.073476
LG06	3431159	3432561	1.757827
LG06	3433862	3439283	5.57591033333333
LG06	3440222	3441536	88.341703
LG06	3442046	3443498	7.98533433333333
LG06	3443529	3446136	16.865985
LG06	3446110	3447715	22.2043033333333
LG06	3447935	3451240	209.117080666667
LG06	3451873	3455985	7.091266
LG06	3456258	3460945	10.949671
LG06	3461118	3464235	30.201142
LG06	346198	346548	0
LG06	3464235	3467665	29.2654786666667
LG06	3468054	3470395	6.04801066666667
LG06	3470478	3470744	0.103077
LG06	3475955	3481173	0
LG06	3481943	3484210	0
LG06	3485654	3486535	0
LG06	3486896	3491974	3.979035
LG06	3493850	3495608	0
LG06	349942	350724	12.9793283333333
LG06	3500707	3502125	0
LG06	3506475	3508469	0
LG06	3510792	3512470	0
LG06	3512631	3512980	0
LG06	351879	355660	3.22475066666667
LG06	3526664	3527230	0
LG06	3540855	3541616	0
LG06	3542587	3545438	0
LG06	3546511	3547298	0
LG06	3548932	3550248	0
LG06	3550496	3552973	0
LG06	3553375	3556818	0
LG06	3557269	3562590	0
LG06	355820	356466	334.548238
LG06	3574502	3575680	2.919293
LG06	3575772	3576598	0.184024333333333
LG06	3577005	3582457	4.56000066666667
LG06	357971	358692	20074.3789066667
LG06	3582542	3583621	0.966796333333333
LG06	3586072	3591740	3.40997333333333
LG06	3592490	3593852	14.4765386666667
LG06	3595122	3596205	27.7747273333333
LG06	359528	362017	21.9205393333333
LG06	3596779	3598781	13.9095216666667
LG06	3598995	3600607	14.0160696666667
LG06	3601573	3604510	3.19981533333333
LG06	3604634	3606142	2.557741
LG06	3609261	3611067	30.8156216666667
LG06	3611189	3613464	38.3572856666667
LG06	3613676	3615853	15.1506863333333
LG06	3615861	3618052	15.2704586666667
LG06	3618105	3621818	23.4163316666667
LG06	362131	363326	59.9948173333333
LG06	3622078	3623037	23.876046
LG06	3623548	3623875	0
LG06	3624072	3628363	79.7176973333333
LG06	3629049	3630693	24.9411313333333
LG06	3633183	3634681	36.3590343333333
LG06	3634862	3635361	20.0948743333333
LG06	3635825	3639773	50.694181
LG06	363708	365125	106.940737666667
LG06	3639864	3642114	70.484787
LG06	3644101	3649373	2.81600033333333
LG06	3644214	3649326	0.41718
LG06	3652473	3653593	9.965564
LG06	3655421	3656942	11.604799
LG06	3656946	3657857	16.9428513333333
LG06	3657996	3659085	20.106122
LG06	3659597	3663916	8.19020066666667
LG06	366210	367815	67.6647896666667
LG06	3664232	3665352	0.599569333333333
LG06	3664270	3665442	1.16094733333333
LG06	3665448	3667256	103.547531
LG06	3667719	3679085	19.322216
LG06	3679627	3680136	1.11584
LG06	3680353	3683190	16.2037106666667
LG06	368327	369081	1474.31958
LG06	3683562	3688288	14.349639
LG06	3688369	3689357	136.361529333333
LG06	3689334	3692232	13.938438
LG06	369135	369406	0.228521
LG06	3692428	3694653	1.21200066666667
LG06	3695062	3696094	123.114802
LG06	3696288	3697320	68.286232
LG06	3698098	3699288	42.879294
LG06	3699574	3705155	3.96785533333333
LG06	370115	370941	59.5911866666667
LG06	3705556	3707564	13.7239666666667
LG06	3709847	3712048	43.2772406666667
LG06	3710543	3713826	16.3801693333333
LG06	3714204	3715732	9.61370366666667
LG06	3716587	3718668	29.7562856666667
LG06	3718896	3722397	90.0909933333333
LG06	3722674	3727575	53.1894723333333
LG06	3727945	3730208	7.69757866666667
LG06	373374	374123	378.817576333333
LG06	3734671	3736000	511.945363333333
LG06	3736534	3737260	0.774494
LG06	3737366	3738215	1.03545233333333
LG06	3739197	3741495	8.14615133333333
LG06	3741646	3742102	0.815184
LG06	3742177	3743311	23.2970316666667
LG06	3743723	3748106	3.47874233333333
LG06	3748722	3749190	0
LG06	3749579	3753720	8.360299
LG06	3753849	3755179	11.151252
LG06	3755942	3757672	13.2390816666667
LG06	3758029	3761102	40.828181
LG06	3761279	3764374	10.3907846666667
LG06	376421	377204	20.490765
LG06	3764579	3765499	20.2510743333333
LG06	3765737	3766663	66.1149646666667
LG06	3767274	3770622	11.944529
LG06	3770687	3775418	23.4538483333333
LG06	377329	378626	18.153588
LG06	3777025	3783836	59.8091673333333
LG06	3783878	3785233	4.166372
LG06	3787308	3788680	0.922381666666667
LG06	378891	379724	0.113612666666667
LG06	3789630	3793634	83.742101
LG06	3793812	3795902	18.064651
LG06	3796135	3796485	0.150263666666667
LG06	3796563	3798882	118.477203333333
LG06	3800236	3803478	67.944743
LG06	3804477	3804985	2.09404033333333
LG06	3805443	3809122	4.28195166666667
LG06	3809517	3810426	0.305734666666667
LG06	380953	381919	99.9202396666667
LG06	3810720	3813338	41.91148
LG06	3814674	3816693	17.4059143333333
LG06	3817456	3819050	54.1884866666667
LG06	3819562	3821328	18.4017563333333
LG06	382045	383143	0.0629243333333333
LG06	3822665	3827424	2.681541
LG06	3828032	3830185	141.658238666667
LG06	3830324	3831333	1.50987333333333
LG06	3831551	3836940	8.50216033333333
LG06	383278	387374	11.339546
LG06	3837215	3838924	19.75597
LG06	3840642	3841851	0.810433333333333
LG06	3842125	3844883	9.81095
LG06	3845202	3852439	27.888061
LG06	3852602	3853957	29.8070813333333
LG06	3854088	3855504	44.0344353333333
LG06	3856186	3856765	0.393794333333333
LG06	3857359	3858719	2.39711266666667
LG06	3858938	3860582	98.183983
LG06	3860816	3862313	11.2976363333333
LG06	3864250	3865809	0
LG06	3867115	3868001	10.5677793333333
LG06	3868145	3871939	11.7283423333333
LG06	3871953	3873386	0.715788333333333
LG06	3873715	3874933	11.3585263333333
LG06	3875175	3877314	11.6870266666667
LG06	387581	391704	8.50589633333333
LG06	3877327	3880283	5.38480966666667
LG06	3880301	3880904	1.27361133333333
LG06	3881304	3881959	52.9104336666667
LG06	3882186	3885361	32.674382
LG06	3885447	3886915	3.269473
LG06	3886937	3889288	3.99743266666667
LG06	3889670	3891048	20.9281456666667
LG06	3891549	3895365	67.860378
LG06	3896703	3898647	17.2234253333333
LG06	3899779	3900402	0.132675333333333
LG06	3900057	3900660	0.194141333333333
LG06	3901548	3902576	21.5033273333333
LG06	3902660	3904392	4.857069
LG06	3904488	3905885	1.719816
LG06	3908017	3911457	41.044474
LG06	3911463	3914555	5.824826
LG06	3912735	3914385	0.78203
LG06	3915113	3916522	33.058278
LG06	3916570	3918160	58.6819496666667
LG06	3918320	3919389	13.513533
LG06	391886	392393	0.260633333333333
LG06	3920024	3921501	17.7686043333333
LG06	3922648	3929506	7.22572
LG06	3930648	3932304	7.159534
LG06	3932576	3936022	6.16601
LG06	3936857	3939122	2.17833033333333
LG06	3939460	3944517	7.584339
LG06	393958	397105	55.4368236666667
LG06	3944528	3945941	33.9144733333333
LG06	3946711	3949492	192.056447333333
LG06	3951787	3953245	2.00929266666667
LG06	3953672	3955082	11.4263443333333
LG06	3955863	3957748	1.15156466666667
LG06	3965310	3965691	0.270100666666667
LG06	3965756	3966317	0.52708
LG06	3968509	3969956	48.7001496666667
LG06	3970322	3971261	0.220699666666667
LG06	3971515	3974029	93.3518703333333
LG06	3974101	3976531	49.686676
LG06	3976579	3977892	0.488048666666667
LG06	3979497	3984618	13.255909
LG06	3985225	3987428	1.77970833333333
LG06	3986629	3987838	1.66122033333333
LG06	3988319	3989279	1.04946333333333
LG06	3989554	3994915	5.456917
LG06	3995646	3997186	76.4992573333333
LG06	399660	403087	0.0530143333333333
LG06	3997639	3998369	659.086364666667
LG06	3999119	3999855	265.227987
LG06	4000456	4001609	0.329766
LG06	4003177	4004330	4.53176333333333
LG06	4006089	4010279	5.34582533333333
LG06	4011506	4012790	13.4590033333333
LG06	4012939	4016429	21.8592963333333
LG06	4016627	4018163	29.3993333333333
LG06	4018405	4020049	2.16534233333333
LG06	4020297	4021511	2.57805666666667
LG06	4023724	4025004	17.8028683333333
LG06	4025646	4035242	14.2088703333333
LG06	403398	405682	0
LG06	4035307	4036757	15.795734
LG06	4037178	4037965	70.45414
LG06	40379	41396	0
LG06	4038221	4040137	18.9674836666667
LG06	4040908	4041841	0.803258666666667
LG06	4043457	4052570	5.44724
LG06	4052654	4054094	19.0084766666667
LG06	4055969	4056240	0
LG06	4056949	4057798	0.0521646666666667
LG06	4057514	4058428	0.199264333333333
LG06	4058872	4059783	4.37269766666667
LG06	4059936	4064336	25.083517
LG06	4064699	4065801	1.89877
LG06	4065962	4070323	37.4914753333333
LG06	4070817	4073064	67.007215
LG06	4075908	4078743	1.82632266666667
LG06	4079572	4082356	2.007348
LG06	4083596	4084924	0.439554
LG06	4085126	4089078	0
LG06	409052	409400	0
LG06	4094593	4098020	0
LG06	4098664	4102290	0.010273
LG06	4102542	4104473	0
LG06	4104636	4106770	0
LG06	411007	414405	0
LG06	4111421	4114300	4.76103233333333
LG06	4114877	4120689	39.528881
LG06	4121929	4123537	9.29793966666667
LG06	4124622	4127761	3.517048
LG06	4128207	4131037	82.706617
LG06	4131256	4133620	3.07418766666667
LG06	4134933	4135667	4.597317
LG06	4135750	4138664	7.06888333333333
LG06	4140266	4140609	0
LG06	4142124	4142504	0
LG06	4142814	4145016	126.831179
LG06	4145500	4146199	0.117526
LG06	4146532	4147124	0
LG06	4147660	4148200	0.531228666666667
LG06	414823	420733	0
LG06	4148477	4148925	0.0571446666666667
LG06	4149086	4151149	0.080808
LG06	4155354	4155842	0
LG06	4160079	4160861	0
LG06	4174320	4174892	0
LG06	4182024	4182959	0
LG06	4182978	4184683	0
LG06	4201433	4202691	0.202384
LG06	4202920	4203650	0.05885
LG06	4204199	4207934	46.2940253333333
LG06	4206788	4208812	20.3082173333333
LG06	4208984	4210076	42.63149
LG06	4210145	4212050	78.6007103333333
LG06	4212292	4213518	80.8308536666667
LG06	4215572	4216512	1205.36612933333
LG06	421590	424386	9.12077833333333
LG06	4216721	4217338	906.250203666667
LG06	4217807	4219305	358.375203333333
LG06	4219550	4221883	15.6583973333333
LG06	4222928	4226316	26.354165
LG06	4227067	4232861	24.536642
LG06	4234174	4236890	0.948195
LG06	4237087	4239405	3.93884433333333
LG06	4239687	4240719	0.643156
LG06	4241647	4243017	27.0409233333333
LG06	4243136	4245729	105.517308666667
LG06	424391	426647	5.70185966666667
LG06	4246623	4248290	9.28366266666667
LG06	4249465	4251102	3.48404266666667
LG06	4251624	4252517	2.57452266666667
LG06	4258605	4264135	32.9589336666667
LG06	4265777	4267735	12.2398623333333
LG06	4269227	4269558	0
LG06	4269677	4270627	0.240249
LG06	4270667	4271246	0
LG06	4271337	4273644	11.3138133333333
LG06	4274163	4277985	10.4079806666667
LG06	4278280	4281805	1.669709
LG06	4282786	4287375	3.481058
LG06	428459	428840	57.3643236666667
LG06	4288722	4289438	0.835635666666667
LG06	4289664	4291397	64.2803026666667
LG06	429035	431596	51.2140096666667
LG06	4291760	4295304	58.0026663333333
LG06	4295375	4299226	6.34750433333333
LG06	4299302	4300438	2.89753766666667
LG06	4300552	4302591	1.55915
LG06	4303510	4304444	519.29719
LG06	4304839	4305303	0
LG06	4305637	4307478	11.819303
LG06	4307900	4313927	16.0104753333333
LG06	4313965	4314630	2.043694
LG06	4315053	4315889	22.9372673333333
LG06	4316290	4317414	45.333721
LG06	4318671	4319860	2.18481366666667
LG06	4320077	4321730	5.845002
LG06	4321821	4323809	4.42302366666667
LG06	432235	433211	559.575236333333
LG06	4324214	4326203	37.145082
LG06	4326789	4328756	5.46293866666667
LG06	4329086	4330719	5.14704933333333
LG06	4330964	4333505	32.3172503333333
LG06	4333824	4334264	0.757430666666667
LG06	4334644	4336862	107.869331
LG06	4337995	4339683	1.55115666666667
LG06	4339730	4340060	0
LG06	4342041	4346141	10.1797573333333
LG06	4347148	4349736	0.00868233333333333
LG06	4352245	4353325	0
LG06	4354617	4355677	2.83450633333333
LG06	435507	437076	8.80715866666667
LG06	4356994	4358584	7.69547033333333
LG06	4359403	4361361	7.57806133333333
LG06	4361693	4366310	17.188808
LG06	4366939	4367972	1.38610433333333
LG06	4368645	4371740	7.940874
LG06	437077	438559	1.646131
LG06	4372758	4374440	3.58891366666667
LG06	4376354	4399983	4.238038
LG06	43882	46117	0
LG06	439350	440691	1.67325233333333
LG06	4401226	4402171	0.011511
LG06	4409372	4410417	1.779079
LG06	4410456	4412246	48.4193333333333
LG06	4412300	4414174	0.108364333333333
LG06	4412423	4413957	0.373045333333333
LG06	4414288	4416642	1.25413566666667
LG06	4417695	4419209	6.58123
LG06	4419882	4424825	10.319488
LG06	4424802	4426070	27.085049
LG06	4426599	4427534	2.73873966666667
LG06	4428450	4430102	7.44332866666667
LG06	443113	444611	9.97512866666667
LG06	4431697	4433387	0
LG06	4435351	4438776	0
LG06	4439998	4443514	0
LG06	4445714	4446325	1.39816033333333
LG06	4448676	4449550	1.68186566666667
LG06	4449653	4450907	14.423967
LG06	4451288	4460213	18.8233376666667
LG06	445493	446961	1.53374466666667
LG06	4461565	4465554	1.25854133333333
LG06	4476097	4478145	3.73133266666667
LG06	4479246	4479987	0.194630333333333
LG06	4481525	4481802	0.138378333333333
LG06	4481986	4482434	0
LG06	4482783	4490581	1.85072666666667
LG06	4491232	4491813	0
LG06	4491377	4491755	0.132604
LG06	4491959	4493407	5.152188
LG06	4493489	4495404	36.750389
LG06	4496312	4497524	0.891460333333333
LG06	4497554	4500378	35.279967
LG06	4501067	4502170	9.56996066666667
LG06	4505431	4507651	13.076067
LG06	4507643	4511366	3.45260133333333
LG06	4511910	4513720	1.84268566666667
LG06	4514241	4515886	8.736917
LG06	4515983	4517348	4.018177
LG06	4518320	4519150	0.212113
LG06	4519321	4521579	0.684445666666667
LG06	4522630	4524934	12.5924453333333
LG06	4525963	4527441	1.81988666666667
LG06	4528878	4529521	0
LG06	4534988	4540975	0
LG06	455346	455748	0.116758666666667
LG06	4559594	4567408	12.6694346666667
LG06	456430	457203	0
LG06	4567646	4571897	5.44957766666667
LG06	4572380	4581012	3.27305
LG06	4581151	4583208	35.0121766666667
LG06	4585170	4587283	63.1690266666667
LG06	4588068	4640427	57.671959
LG06	461544	464401	0
LG06	4641269	4642115	1.381922
LG06	4643119	4645114	0
LG06	4645137	4648888	2.141619
LG06	4650899	4651596	0.0517236666666667
LG06	4651847	4652616	6097.966797
LG06	4652630	4654743	6.97709933333333
LG06	4654719	4655747	0.231043666666667
LG06	4654948	4655723	0
LG06	4656698	4658445	0.305071333333333
LG06	465770	467933	70.0695343333333
LG06	4659087	4660009	47.7678833333333
LG06	4661476	4664682	15.2769916666667
LG06	4664707	4665808	14.5903713333333
LG06	4667976	4668951	15.5849453333333
LG06	4669897	4671045	188.557678
LG06	4671271	4673311	54.0265746666667
LG06	4673410	4674938	2.114651
LG06	4675675	4686008	2.395787
LG06	468029	468649	15.4368743333333
LG06	4686285	4688231	15.4634803333333
LG06	4688576	4689305	0.128987666666667
LG06	4689423	4691630	1.84485533333333
LG06	4691714	4693928	8.36360933333333
LG06	4694653	4695249	0.0798276666666667
LG06	4695661	4699834	0.109454
LG06	469680	472206	6.241892
LG06	4700468	4702886	0
LG06	4722736	4723305	0.0692383333333333
LG06	472379	475220	21.659968
LG06	4724007	4729523	4.10251633333333
LG06	4731142	4736063	23.2538253333333
LG06	4737967	4739964	28.338012
LG06	4740712	4742415	4.31077566666667
LG06	4742719	4743460	3.842818
LG06	4743509	4743886	0
LG06	4746710	4748821	0.266414333333333
LG06	475293	476039	3.44916766666667
LG06	4753180	4754219	0
LG06	4762964	4763815	0
LG06	4764612	4766107	5.124878
LG06	4766365	4767691	0.694015666666667
LG06	4767799	4773211	5.60145233333333
LG06	4774410	4776271	46.232671
LG06	477532	479926	24.17426
LG06	4779151	4783525	5.83829533333333
LG06	4783747	4786574	12.463149
LG06	4786770	4787468	0.365228333333333
LG06	4787469	4790366	70.3830566666667
LG06	4790596	4791901	56.9328193333333
LG06	4791988	4795037	82.6325506666667
LG06	4796286	4800612	0.209717666666667
LG06	4802754	4804297	5.167441
LG06	4805707	4806708	0
LG06	480670	483015	136.051406666667
LG06	4808591	4810036	0
LG06	4811940	4812251	0.544785
LG06	4815324	4816177	0
LG06	4836891	4840226	0
LG06	484019	486642	9.964103
LG06	4856369	4857448	0
LG06	4861084	4865916	1.53867433333333
LG06	4866292	4867836	1.183057
LG06	486982	491005	27.680903
LG06	4870204	4870731	0.552115666666667
LG06	4870832	4871337	0.336254
LG06	4872329	4873098	0.255471333333333
LG06	4873628	4875065	0.264589333333333
LG06	4877887	4881245	0
LG06	4882931	4886233	0
LG06	4887295	4890015	0
LG06	4892998	4894560	0
LG06	4895048	4898085	4.433841
LG06	4899198	4903633	4.59224433333333
LG06	4903932	4904276	0
LG06	4904681	4910733	10.4799986666667
LG06	4907268	4908345	1.275172
LG06	491078	491976	26.3274803333333
LG06	4910890	4915078	7.91267966666667
LG06	4915216	4915956	3.02115666666667
LG06	4915959	4917619	49.5209923333333
LG06	4917831	4919523	16.7522106666667
LG06	4919757	4920784	127.139414333333
LG06	4920890	4925794	21.8440526666667
LG06	4926422	4927993	6.597115
LG06	4929598	4942620	26.007019
LG06	4943042	4944997	789.152995
LG06	4945035	4948665	41.349945
LG06	4945062	4946385	11.4435213333333
LG06	494511	500352	10.2690126666667
LG06	4948120	4955899	21.016176
LG06	4960990	4963415	0
LG06	4964973	4965530	0
LG06	4965957	4966362	0
LG06	4966509	4967557	0
LG06	4987343	4988609	0
LG06	4988868	4991941	0
LG06	4992558	4995068	0
LG06	4996341	4998126	14.4833783333333
LG06	5005218	5008057	12.3031776666667
LG06	5008756	5013368	0.483105
LG06	500929	502476	1.436447
LG06	5013404	5014843	0.244895666666667
LG06	5020290	5020836	0
LG06	5035413	5036603	0
LG06	503708	505390	0
LG06	5037949	5041010	0
LG06	5043274	5044713	0
LG06	5052942	5053271	0
LG06	505621	506596	0.0488366666666667
LG06	5063486	5064040	0
LG06	5070276	5071127	0
LG06	507232	509589	0.46883
LG06	5075773	5095138	0
LG06	5095926	5096414	0
LG06	5099473	5099922	0
LG06	510652	512558	217.457163666667
LG06	5107217	5109347	0
LG06	5109394	5111212	0
LG06	5126190	5127203	0
LG06	512796	514193	6.30068433333333
LG06	5134201	5140548	0
LG06	5142181	5142789	0
LG06	5145156	5150032	0
LG06	514977	515870	0
LG06	5151700	5155138	0
LG06	5156017	5156580	0
LG06	5157942	5158858	0
LG06	5172617	5176404	0
LG06	5176574	5178959	0
LG06	5181988	5182467	0
LG06	5187607	5190163	0
LG06	520256	523591	0
LG06	5205627	5206420	0
LG06	52349	55724	0
LG06	5248996	5250940	1.551305
LG06	5251426	5253377	4.652995
LG06	5254069	5255460	0
LG06	5256174	5258143	1.962703
LG06	5257867	5258768	0.322878
LG06	5258913	5259592	0
LG06	5260278	5261702	2.260631
LG06	5262206	5263896	0
LG06	5265898	5266515	0.830602
LG06	5266519	5269377	53.9803886666667
LG06	5269872	5271222	2.66158966666667
LG06	5272535	5275533	12.3300666666667
LG06	5275854	5280040	8.06060333333333
LG06	5280089	5281894	4.88556033333333
LG06	5282920	5283312	0
LG06	5284545	5285713	0.753016333333333
LG06	5288079	5289105	2.03914
LG06	5290122	5293138	13.452103
LG06	5293326	5294225	0.344332
LG06	5295510	5295997	0.116128
LG06	5296815	5300826	34.7538363333333
LG06	5301351	5303727	139.030141333333
LG06	5304751	5306004	0
LG06	5308856	5314353	12.1325246666667
LG06	5318486	5322116	0
LG06	5322410	5325518	0
LG06	5325766	5328243	0
LG06	5328645	5332496	0
LG06	5333334	5340875	0
LG06	5349363	5352430	1.117527
LG06	5361386	5363154	17.8299493333333
LG06	5364282	5365830	143.106526666667
LG06	5366095	5367106	36.3973376666667
LG06	5367207	5370257	3.677966
LG06	5372679	5374929	35.4795046666667
LG06	5385084	5385660	0
LG06	5386139	5387482	0
LG06	5408705	5410647	0
LG06	5411344	5412937	0
LG06	5417532	5418551	0
LG06	5422495	5423260	0
LG06	5424731	5426688	0
LG06	5426951	5429572	0
LG06	5430767	5432880	0
LG06	5439861	5448080	0
LG06	545222	547450	0
LG06	5458397	5463569	0
LG06	5463742	5464161	0
LG06	5466565	5467502	0.0407233333333333
LG06	5489133	5492077	0
LG06	5498305	5499549	0
LG06	550513	552891	0
LG06	5505256	5506270	0
LG06	5506512	5508229	3.800646
LG06	5508315	5508971	54.8601786666667
LG06	5508977	5510327	1.31602666666667
LG06	5510170	5510921	0.261421666666667
LG06	5511349	5512595	0
LG06	5512890	5514735	9.58630866666667
LG06	5515359	5520151	15.786238
LG06	5521293	5526703	22.6348813333333
LG06	5528709	5530774	86.544978
LG06	5530892	5531429	0.152126333333333
LG06	5531719	5535283	12.645962
LG06	5535890	5536460	0.620234333333333
LG06	5537143	5538211	7.44130366666667
LG06	5539581	5540054	0
LG06	5541345	5541878	13.1048073333333
LG06	5543942	5544452	6.978822
LG06	5544817	5546895	6.04654366666667
LG06	5548189	5548557	0
LG06	5549640	5550022	20.5874066666667
LG06	5550574	5552407	7.09576466666667
LG06	5551510	5552416	0.0458806666666667
LG06	5553965	5554304	43.7645696666667
LG06	5554375	5555111	18.3990463333333
LG06	5555310	5555881	0.475319666666667
LG06	5558139	5558611	0
LG06	5558723	5564448	11.5940833333333
LG06	5564532	5566377	1.52032466666667
LG06	5567056	5567459	0.0421546666666667
LG06	5568168	5569205	0.050048
LG06	5568274	5570309	3.47173433333333
LG06	5571027	5572920	8.48657533333333
LG06	5573277	5573604	0.154934666666667
LG06	5573811	5576653	1.636464
LG06	5577567	5580252	46.5369363333333
LG06	5580824	5581821	0.320074
LG06	5582846	5592954	108.356649
LG06	5594810	5595912	2.161092
LG06	5596367	5597437	41.6609943333333
LG06	5597545	5600036	69.688769
LG06	5599041	5600005	22.6350483333333
LG06	55997	59332	0
LG06	5600116	5602881	47.1765796666667
LG06	5608684	5609958	3.75911533333333
LG06	5610466	5612388	1.96668266666667
LG06	5613041	5614156	1.18555066666667
LG06	5615100	5616819	2.183473
LG06	5617100	5618044	0.536117
LG06	5618395	5623451	10.8455886666667
LG06	5624432	5625991	1.028263
LG06	5626506	5627244	5.150448
LG06	5627429	5628716	28.395649
LG06	5630155	5632252	29.150886
LG06	5632351	5633305	22.857176
LG06	5633767	5634211	0.0854476666666667
LG06	5633853	5634232	0.0673096666666667
LG06	5634515	5635476	5.617541
LG06	5635541	5636392	1.303789
LG06	5636528	5637847	2.287652
LG06	5639722	5640708	8.53965566666667
LG06	5641126	5641811	16.040265
LG06	5641851	5642724	14.2977166666667
LG06	5643068	5645243	10.065333
LG06	5646381	5648642	17.886415
LG06	5648651	5650640	6.49461933333333
LG06	5650898	5652138	389.488037333333
LG06	5652569	5656492	15.6193773333333
LG06	5652931	5653689	0
LG06	5656553	5658085	4.09189933333333
LG06	5658347	5658820	29.2443233333333
LG06	5659151	5659612	0.107954333333333
LG06	5660480	5663088	18.3682726666667
LG06	5664508	5664878	50.5735206666667
LG06	5665126	5666577	52.4350406666667
LG06	5666856	5669830	12.216372
LG06	5670262	5671164	6.92094466666667
LG06	5672936	5673394	1.56834066666667
LG06	5673529	5675038	0.407780333333333
LG06	5678828	5679494	1.77930533333333
LG06	5680427	5681230	2.43410366666667
LG06	5681296	5682199	10.43554
LG06	5683639	5685201	6.117592
LG06	5687684	5689851	0.599495333333333
LG06	5692612	5694087	325.786529666667
LG06	5694955	5699738	24.486077
LG06	569717	576147	9.53257033333333
LG06	5700050	5701780	2.45909333333333
LG06	5702154	5703348	14.6045196666667
LG06	5704835	5708446	0.578521333333333
LG06	5708621	5710139	27.2867146666667
LG06	5710193	5712620	86.4625193333333
LG06	5714451	5715150	0.09967
LG06	5716539	5720776	393.40921
LG06	5720946	5722227	0.163551666666667
LG06	5722343	5722944	0
LG06	5725049	5729597	55.857778
LG06	5729913	5732034	84.4172033333333
LG06	5732223	5732961	71.0283153333333
LG06	5737198	5739051	0
LG06	5739858	5741494	1.708447
LG06	5742519	5743275	92.1819966666667
LG06	5743858	5745074	5.07704066666667
LG06	5745324	5747472	34.5070633333333
LG06	5747888	5750259	32.7151273333333
LG06	5750437	5752945	8.702168
LG06	5753795	5754345	2.01387466666667
LG06	5756442	5757827	79.279536
LG06	5758369	5758934	0.211004
LG06	5759108	5763476	23.9544903333333
LG06	576312	579795	21.9048856666667
LG06	5763521	5764739	1.24379866666667
LG06	5764072	5764835	0.0716916666666667
LG06	5765077	5765590	0.492001333333333
LG06	5765704	5766420	68.178075
LG06	5766733	5768031	105.328117333333
LG06	5768686	5769691	311.101369
LG06	5770080	5775367	22.513548
LG06	5775422	5776447	0.068686
LG06	5778029	5778610	0.040382
LG06	5778882	5781786	2.94681833333333
LG06	5779234	5780694	0.548056
LG06	5781769	5782424	0.55188
LG06	5782465	5785181	0.782924
LG06	5783933	5785095	0.0723483333333333
LG06	5785601	5786895	1.77604933333333
LG06	5787103	5790125	16.9077253333333
LG06	5790133	5794356	17.875943
LG06	5794589	5797949	6.35394666666667
LG06	5799001	5801526	2.17905066666667
LG06	579942	580723	0.826723666666667
LG06	5805123	5805968	8.11681933333333
LG06	5806721	5812275	15.34049
LG06	581243	581871	0.117651666666667
LG06	5814063	5816189	48.9745486666667
LG06	5816742	5817790	12.6206076666667
LG06	5818403	5820539	18.9184883333333
LG06	5821576	5822985	7.94758
LG06	5823328	5824165	194.068049
LG06	5824444	5824886	383.029113666667
LG06	582491	583545	33.128663
LG06	5825267	5826655	38.799994
LG06	5827058	5828479	35.816939
LG06	5828811	5833062	7.52553733333333
LG06	5833321	5833748	27.7999993333333
LG06	5833898	5835414	2.06551433333333
LG06	5836306	5850050	32.5604986666667
LG06	584835	585915	31.0930533333333
LG06	5850273	5852817	49.9166883333333
LG06	5853119	5856149	23.7947383333333
LG06	5856787	5858509	8.12234766666667
LG06	5858355	5859046	39.6840656666667
LG06	5859146	5861413	69.802147
LG06	5862367	5863182	3.55931066666667
LG06	5863832	5865831	82.1127753333333
LG06	5865996	5869274	42.133985
LG06	5869860	5871854	5.824021
LG06	586998	589952	57.6032486666667
LG06	5871992	5872532	1.567031
LG06	5873507	5875466	65.559648
LG06	5875502	5876699	68.3104633333333
LG06	5876949	5879899	14.2578226666667
LG06	5879972	5881203	192.434982333333
LG06	5883056	5883396	0.169686666666667
LG06	5883498	5885558	12.9799556666667
LG06	5885763	5895081	11.464518
LG06	5895567	5901485	34.2447503333333
LG06	5901567	5902160	0.821618333333333
LG06	5903416	5904839	6.19002333333333
LG06	5905122	5908268	24.1787186666667
LG06	590666	591445	1043.368978
LG06	5908967	5911508	12.6742366666667
LG06	5912712	5913100	0.141252
LG06	5913131	5917536	16.4600183333333
LG06	5917906	5921569	166.969772333333
LG06	5922721	5924976	11.9503683333333
LG06	5925443	5926080	181.481826666667
LG06	5926264	5927120	32.1429326666667
LG06	5927266	5932221	16.717942
LG06	592751	593954	0.232935666666667
LG06	5932318	5935519	17.9215476666667
LG06	5935805	5937722	12.2853243333333
LG06	5937815	5938743	5.46163933333333
LG06	5938793	5940505	85.2915193333333
LG06	594026	595624	11.4499113333333
LG06	5941059	5943619	134.498835333333
LG06	5943743	5944714	85.4684093333333
LG06	5945112	5946822	17.723916
LG06	5946988	5951098	20.5377173333333
LG06	5952468	5953024	260.644928
LG06	5953601	5954920	123.574325666667
LG06	5955358	5956965	64.69184
LG06	595551	598453	46.4410183333333
LG06	5956966	5958021	0.682837
LG06	5958199	5959709	0.202965333333333
LG06	5958735	5959749	0.236974333333333
LG06	5959861	5961478	93.174034
LG06	5961488	5963589	37.8911706666667
LG06	5965419	5966731	96.263372
LG06	5967948	5969830	4.21662033333333
LG06	5970439	5972345	3.74033833333333
LG06	5972506	5974456	7.95096566666667
LG06	5974512	5975099	45.9637043333333
LG06	5975669	5986929	27.7481906666667
LG06	5987397	5988442	20.7096826666667
LG06	5988515	5989764	24.117623
LG06	5989853	5991530	0
LG06	5991789	5993121	0
LG06	599487	600195	1.392346
LG06	5995105	5999442	17.7320313333333
LG06	6000138	6003898	58.835172
LG06	6004717	6006102	1.08957333333333
LG06	6006377	6008126	20.0682813333333
LG06	6009153	6009749	0.223584333333333
LG06	6009890	6011953	11.047035
LG06	6012086	6016932	5.792639
LG06	6017068	6017940	0.669101333333333
LG06	6018162	6018819	1.96291866666667
LG06	6018906	6020744	3.225878
LG06	6020783	6031817	43.1456413333333
LG06	6032256	6032711	7.51107366666667
LG06	6032747	6033791	8.06311766666667
LG06	6035292	6038085	34.5016683333333
LG06	6038753	6044414	24.189247
LG06	6044520	6048602	10.2995326666667
LG06	604502	606188	81.1409303333333
LG06	6048928	6050700	2.504385
LG06	6054752	6057986	2.03492566666667
LG06	6058259	6060625	42.0040143333333
LG06	6061269	6061590	3.76359833333333
LG06	6061951	6063076	2.16144033333333
LG06	6063261	6066669	13.1636456666667
LG06	606546	607076	312.751037666667
LG06	6067213	6069742	19.2075396666667
LG06	607158	608078	241.625539333333
LG06	6071768	6075213	6.85707933333333
LG06	6075558	6077923	9.27027566666667
LG06	6078681	6079333	0.461135666666667
LG06	6080385	6081730	8.45517333333333
LG06	608142	610287	27.7455883333333
LG06	6084054	6085217	46.848297
LG06	6085716	6086676	0.984576333333333
LG06	6086903	6087811	0.664494666666667
LG06	6088496	6093077	33.1655233333333
LG06	6093078	6095379	60.7260703333333
LG06	6095447	6096735	16.5998143333333
LG06	6096924	6098256	12.98345
LG06	6098918	6101506	153.760671
LG06	6102322	6103655	95.1156513333333
LG06	6105650	6106706	104.259486
LG06	6106764	6108689	63.778273
LG06	6108670	6111208	28.861306
LG06	6111308	6113648	15.8374683333333
LG06	6112900	6125728	207.739085
LG06	611751	612705	0.367639
LG06	6126217	6126793	0.429134
LG06	6127107	6128297	13.9215836666667
LG06	6130458	6131488	1.363378
LG06	6132340	6132807	1.40864366666667
LG06	6133117	6133989	266.617696333333
LG06	6133990	6135887	240.233281666667
LG06	6136467	6140748	127.293286666667
LG06	6140928	6141632	0.0110836666666667
LG06	6141329	6142371	0.152364666666667
LG06	6142617	6148414	12.8923103333333
LG06	6148493	6150368	7.26371
LG06	6150669	6152773	10.9640306666667
LG06	6153158	6153723	0.199979
LG06	6154254	6156345	209.049987666667
LG06	6156508	6160927	56.3119823333333
LG06	6161779	6162507	0.471525
LG06	616223	618900	0
LG06	6164585	6165544	1.17061866666667
LG06	6165595	6170871	9.17453333333333
LG06	6170886	6172691	29.2439206666667
LG06	6172834	6174717	458.75471
LG06	6174799	6177254	25.5876013333333
LG06	6177885	6179113	24.583444
LG06	6179437	6183448	56.8985986666667
LG06	6183525	6185412	236.079223333333
LG06	6185706	6186332	0.86356
LG06	6186471	6187765	17.2466413333333
LG06	6187818	6188887	143.790771333333
LG06	6189883	6191465	34.7803933333333
LG06	6192298	6192855	28.014705
LG06	6193121	6193945	28.773445
LG06	6194222	6197849	14.1805906666667
LG06	6199009	6202630	7.32684366666667
LG06	6202864	6204749	9.53001
LG06	6204836	6208780	18.8437963333333
LG06	6207334	6208293	0.0459676666666667
LG06	6208904	6211923	368.302246333333
LG06	6214448	6216056	6.19368033333333
LG06	6216317	6218753	8.79449266666666
LG06	6218934	6223180	169.411163333333
LG06	6223299	6225024	13.3408966666667
LG06	6225119	6230214	36.4311636666667
LG06	6230356	6232140	4.43103166666667
LG06	6232543	6234605	11.59095
LG06	6234683	6235899	79.774976
LG06	6236403	6237748	0.928900333333333
LG06	6237884	6244743	22.8294906666667
LG06	6246204	6247857	13.6929166666667
LG06	6248291	6249621	35.5925203333333
LG06	6250128	6251453	5.29459333333333
LG06	6251643	6252955	19.015051
LG06	6254118	6254758	0
LG06	6255888	6256481	0
LG06	6259585	6263310	36.4752386666667
LG06	6265004	6265955	0.139066
LG06	6266209	6272449	59.8222516666667
LG06	6274099	6275145	450.593627666667
LG06	6275676	6276759	4.22965466666667
LG06	6276848	6278329	60.8603806666667
LG06	6278854	6283180	33.550055
LG06	6283634	6286467	4.32517433333333
LG06	6286668	6289616	81.4752223333333
LG06	6289697	6290338	7.14009
LG06	6291547	6293850	6.29944933333333
LG06	6294296	6297102	384.301941
LG06	6297373	6301625	92.5421703333333
LG06	6301758	6304034	19.0309053333333
LG06	6304661	6305113	0.542592
LG06	6307741	6308373	0
LG06	6308519	6310691	60.7231536666667
LG06	6312040	6313857	8.032066
LG06	6315854	6317712	25.1901856666667
LG06	6317896	6318969	0.239423666666667
LG06	6319350	6320672	11.996796
LG06	6322599	6323753	108.622431666667
LG06	6324218	6326718	14.7340443333333
LG06	6326850	6327585	65.939546
LG06	6327969	6329049	0.687923333333333
LG06	6329092	6330979	6.77721133333333
LG06	6331473	6338644	7.10580666666667
LG06	6339166	6339585	0
LG06	6340166	6344171	19.5752373333333
LG06	6344430	6346719	22.3211896666667
LG06	6347009	6348260	0.665416666666667
LG06	6349024	6350365	0.971793666666667
LG06	6350643	6351164	9.44228733333333
LG06	6351810	6352204	0.0732116666666667
LG06	6352826	6354890	13.2695033333333
LG06	6355107	6355652	0.375875
LG06	6356764	6357389	0.322486666666667
LG06	6357489	6358180	1.52320033333333
LG06	6358561	6361597	31.2500013333333
LG06	6361767	6362216	0.213520666666667
LG06	6362340	6363872	22.3385263333333
LG06	6364028	6365080	9.82950533333334
LG06	6365772	6367335	6.68491933333333
LG06	6368795	6369193	0
LG06	6369838	6371658	5.137262
LG06	6371802	6373327	88.0209426666667
LG06	6375437	6382500	11.729228
LG06	6382624	6384402	18.798847
LG06	6384597	6385294	0.083589
LG06	6385455	6387052	1.953755
LG06	6387139	6390087	65.1880773333333
LG06	6390131	6393037	18.886079
LG06	6393146	6395303	26.275783
LG06	6395366	6397130	6.32071733333333
LG06	6397453	6398981	23.1686183333333
LG06	6399684	6400604	6.01492233333333
LG06	640181	641034	1.05224066666667
LG06	6401873	6402931	551.214314666667
LG06	6405036	6409038	31.93004
LG06	6409296	6411665	2.23171266666667
LG06	6412090	6413442	687.045613333333
LG06	6414022	6414664	0.668769
LG06	6416830	6418371	34.7984543333333
LG06	6418683	6419937	88.5544586666667
LG06	6420296	6425077	3.80182833333333
LG06	6425364	6428562	9.38723933333333
LG06	6429123	6433445	6.205836
LG06	643089	643351	0
LG06	6433905	6436894	11.1803763333333
LG06	6437539	6441034	3.03094766666667
LG06	6441231	6443946	2.316427
LG06	6444414	6450075	11.497012
LG06	644461	645313	2.73419466666667
LG06	6450594	6452331	117.907725
LG06	6452565	6453613	100.323163333333
LG06	6454208	6454602	0.763615333333333
LG06	6455174	6455939	0.202075333333333
LG06	6456632	6457538	0.00245533333333333
LG06	6458811	6460373	0.857226333333333
LG06	6461102	6462205	9.371991
LG06	6462663	6464807	6.80922933333333
LG06	6464942	6466679	33.4995016666667
LG06	6467080	6468183	22.90191
LG06	646805	648933	96.1933286666667
LG06	6468807	6470773	9.90436666666667
LG06	6470906	6474883	16.219281
LG06	6475016	6476460	5.78945866666667
LG06	6476515	6477174	163.164133333333
LG06	6477262	6478376	29.6836836666667
LG06	6479197	6483504	41.2735046666667
LG06	6483814	6485783	9.42959766666667
LG06	6486188	6489180	0.0682273333333333
LG06	6489903	6491711	0.901602
LG06	6491843	6493285	11.4061253333333
LG06	649304	650065	16.458061
LG06	6494064	6495165	0.870868666666667
LG06	6495381	6498709	4.85928533333333
LG06	6500230	6503626	0
LG06	6506998	6510392	0
LG06	6510859	6511361	0
LG06	652126	653827	44.2100793333333
LG06	6526363	6529926	0.289868666666667
LG06	6531808	6537368	1.35859033333333
LG06	6533105	6534467	0
LG06	6538224	6540282	144.977518666667
LG06	653865	655830	233.923609333333
LG06	6541965	6545233	7.68194366666667
LG06	6545300	6545969	0.472771666666667
LG06	6546455	6547736	4.37776266666667
LG06	6547805	6551162	4.40505333333333
LG06	6553070	6555974	12.8375833333333
LG06	6556041	6557726	61.9866116666667
LG06	6558343	6561064	10.0565966666667
LG06	6561016	6563328	10.7030556666667
LG06	6564427	6566048	12.2405186666667
LG06	656494	658609	12.972263
LG06	6566419	6569972	7.99100633333333
LG06	6570480	6572317	0.240690333333333
LG06	6572937	6574586	9.88968433333333
LG06	6575511	6579714	11.5524116666667
LG06	6579989	6582829	12.7069896666667
LG06	658813	659937	0.163326333333333
LG06	660135	661094	242.598658333333
LG06	6611929	6614890	3.28669366666667
LG06	661353	661932	0.284289
LG06	6614938	6616772	1.41312933333333
LG06	6617093	6646714	23.17268
LG06	662133	665014	85.8776193333333
LG06	6647463	6648670	2.80408133333333
LG06	6648776	6651005	13.867714
LG06	6651237	6652841	1.86489
LG06	6653353	6654152	45.6759073333333
LG06	6654207	6656053	43.3195726666667
LG06	6656262	6657029	0.638138333333333
LG06	6659052	6661089	0.0120113333333333
LG06	6661256	6665240	46.3718263333333
LG06	666224	669046	11.301317
LG06	6666505	6668635	3.750959
LG06	6668815	6671506	8.50379033333333
LG06	6672211	6674632	37.7693456666667
LG06	6675617	6676504	24.6584486666667
LG06	6676951	6679394	100.385366
LG06	6679564	6680603	26.453699
LG06	6682275	6684997	4.75451033333333
LG06	6687113	6692410	28.0833613333333
LG06	6692447	6694543	132.136892
LG06	6694765	6697077	31.0056153333333
LG06	669571	670401	153.804031333333
LG06	6697234	6697761	70.4796776666667
LG06	6697744	6699318	7.13047133333333
LG06	6699507	6700396	0.517632333333333
LG06	6700710	6702827	8.73514633333333
LG06	6703384	6704448	1.51192233333333
LG06	670507	670909	52.2408956666667
LG06	6706047	6707267	0
LG06	6708238	6709718	0
LG06	6709878	6711560	0
LG06	6712181	6712799	0
LG06	6713321	6715200	0
LG06	6724422	6725486	0
LG06	672514	674712	52.363102
LG06	6726773	6728504	0
LG06	6733812	6743794	0
LG06	6748670	6750556	0
LG06	674883	676378	0
LG06	6755598	6759817	0
LG06	6763373	6764007	0.742544666666667
LG06	6764213	6765166	0.294060666666667
LG06	6765361	6767714	8.96678633333333
LG06	676795	681739	0.0443906666666667
LG06	6768181	6769562	0.560108333333333
LG06	6770077	6772802	9.20372866666667
LG06	6773615	6778310	13.217555
LG06	6778606	6779237	1898.08557133333
LG06	6779425	6790672	49.4810573333333
LG06	6790782	6792901	66.4789936666667
LG06	6793064	6793380	0.145233666666667
LG06	6794352	6795492	0.183233
LG06	6795557	6796474	81.4705863333333
LG06	6796754	6799227	28.6504843333333
LG06	6800901	6803082	0
LG06	6803937	6804727	0
LG06	6806149	6809763	1.91342133333333
LG06	6811554	6811950	0.0471773333333333
LG06	6812060	6812798	0.332369333333333
LG06	6812133	6812830	1.83488033333333
LG06	6813318	6815246	19.5845476666667
LG06	6815289	6817594	6.85557366666667
LG06	6817124	6821200	11.9882673333333
LG06	6821648	6822430	3.41482
LG06	6822511	6826651	2.388304
LG06	682269	683790	0
LG06	6827679	6833302	48.4351363333333
LG06	6834206	6837485	6.192231
LG06	6837762	6838132	0
LG06	6838636	6839119	0
LG06	6839767	6841776	1.33000033333333
LG06	6841835	6843606	285.202005333333
LG06	6843714	6845201	30.1644
LG06	6845353	6847031	17.8877136666667
LG06	6847496	6848837	75.499685
LG06	6848879	6849847	153.808034
LG06	6850121	6853077	25.757195
LG06	6853186	6854110	6.732187
LG06	6854192	6855709	4.05178233333333
LG06	6856437	6857415	2.58026133333333
LG06	6857617	6858268	0
LG06	6859105	6859968	0.0587123333333333
LG06	6860459	6861523	0.00388233333333333
LG06	6863052	6864519	30.3355803333333
LG06	6864820	6867066	5.97761666666667
LG06	6867699	6869174	92.0619023333333
LG06	6872818	6879758	18.5287806666667
LG06	687539	689884	2.81982666666667
LG06	6880004	6885484	14.628701
LG06	6885597	6886906	19.365053
LG06	6888917	6889703	1.104662
LG06	6890332	6895387	19.801314
LG06	6895802	6897694	2.304809
LG06	6897842	6899167	35.6149736666667
LG06	6900172	6902381	19.8067666666667
LG06	6902810	6904882	42.5625446666667
LG06	690385	690883	0.0797706666666667
LG06	6905142	6907437	42.7064616666667
LG06	6907878	6908989	7.382821
LG06	6909305	6909675	0.130005333333333
LG06	6910574	6912846	0.861924666666667
LG06	691193	691876	36.485976
LG06	691758	694575	5.851401
LG06	6919621	6922445	1.266647
LG06	6923661	6925436	19.595375
LG06	6926128	6928217	0.65951
LG06	6928956	6930404	19.6539883333333
LG06	6930683	6931239	1.130742
LG06	6932860	6933983	1.85599766666667
LG06	6934447	6938039	68.7256826666667
LG06	6938908	6940679	16.761962
LG06	6941625	6944182	0.176891
LG06	6945112	6946314	263.444081666667
LG06	6946848	6948920	70.8068086666667
LG06	6949596	6952377	27.8392406666667
LG06	695003	698623	0.150169666666667
LG06	6952790	6954445	5.90716633333333
LG06	6955490	6959347	134.924764
LG06	6960634	6962103	4.559256
LG06	6964160	6967660	8.472114
LG06	6967354	6974067	9.25057066666667
LG06	6974906	6976442	4.531574
LG06	6977084	6978304	2.698303
LG06	6978459	6979515	0.574845666666667
LG06	6980253	6982113	0.537737
LG06	69866	73264	0.0153523333333333
LG06	701741	702755	0
LG06	703665	706495	0
LG06	706693	710089	0
LG06	713321	713768	0
LG06	714385	716940	0
LG06	717199	719349	0
LG06	719584	720717	0
LG06	723500	727698	1.18626166666667
LG06	728064	730090	8.49444833333333
LG06	735579	736376	0
LG06	73683	76469	0.010772
LG06	738874	741210	0
LG06	747399	748333	2.97323833333333
LG06	749048	752552	33.9649776666667
LG06	752771	754970	13.5685806666667
LG06	755295	758893	63.8352346666667
LG06	759774	760608	0.986706666666667
LG06	763129	764259	1.28637966666667
LG06	765549	795945	24.8667176666667
LG06	77309	77773	0.21558
LG06	796569	797213	0
LG06	797709	800067	1.51443233333333
LG06	800362	800817	0.872964
LG06	802624	805287	1.11573566666667
LG06	808071	808974	0.362957
LG06	809068	813780	3.01866666666667
LG06	813929	814808	4.87644466666667
LG06	815315	819817	5.03848733333333
LG06	820441	822385	1.019885
LG06	824031	825411	8.95798933333333
LG06	825450	825906	1.71115966666667
LG06	826491	827550	19.9450913333333
LG06	827639	829723	296.777099666667
LG06	829764	830469	44.4170073333333
LG06	830809	836081	4.95773066666667
LG06	836337	837891	4.108792
LG06	837932	839580	48.081725
LG06	839681	845783	13.6766446666667
LG06	845827	848885	72.8900196666667
LG06	850159	853129	11.2345606666667
LG06	853129	854869	8.65021
LG06	854817	858734	33.5708426666667
LG06	858893	859628	0.111678333333333
LG06	859789	861570	7.68979833333333
LG06	862290	863803	0
LG06	865570	870758	55.697638
LG06	873248	875657	0
LG06	876383	877699	0
LG06	877862	878965	0
LG06	896008	896716	0
LG06	897525	900511	15.841573
LG06	901044	901940	23.0093633333333
LG06	902901	904801	4.396665
LG06	905283	906308	1.545969
LG06	906803	908334	2.89381833333333
LG06	910462	913240	2.09800666666667
LG06	915907	920498	37.6432596666667
LG06	920775	925468	1.40309033333333
LG06	925429	926889	1.06417966666667
LG06	927943	930347	16.4094316666667
LG06	931614	933790	2.587668
LG06	934473	935184	0.0152953333333333
LG06	935492	936190	0.0580476666666667
LG06	939232	940746	1.05791233333333
LG06	942544	943102	0.220209666666667
LG06	944048	945792	146.624872666667
LG06	947063	949803	5.99430866666667
LG06	950673	953603	5.42257766666667
LG06	954525	955417	119.906712666667
LG06	955474	956555	287.087911
LG06	956601	958913	10.4298123333333
LG06	959382	961818	1.58389333333333
LG06	961877	963165	267.646352333333
LG06	963299	965509	54.102295
LG06	965967	968234	40.0769006666667
LG06	969603	970920	36.9168636666667
LG06	971215	972674	11.5813543333333
LG06	972827	977870	16.668875
LG06	978395	980645	10.94921
LG06	980696	983923	13.155955
LG06	985844	986979	163.38472
LG06	987030	990358	5.76780833333333
LG06	990450	992468	5.539423
LG06	992758	995457	21.069999
LG06	995513	997502	24.985075
LG06	997988	999762	719.970215
LG07	100391	102375	22.7735163333333
LG07	1005447	1013291	7.96486166666667
LG07	1013580	1014105	72.7299726666667
LG07	1014096	1017346	28.3868906666667
LG07	1018057	1020343	1.14421833333333
LG07	1020320	1021883	398.861847
LG07	1021811	1023172	162.921336
LG07	1023547	1024811	62.9408406666667
LG07	1025468	1028226	8.25539066666667
LG07	102832	104776	8.82985833333333
LG07	1028608	1030249	153.767028666667
LG07	1031368	1032695	37.467711
LG07	1033015	1033497	28.955546
LG07	1033676	1035948	39.949796
LG07	1036224	1038025	682.624328333333
LG07	1038529	1041264	25.0453256666667
LG07	1043043	1044496	41.941362
LG07	1045130	1046431	124.235450666667
LG07	1046457	1051297	16.1317133333333
LG07	105098	105875	1.83270333333333
LG07	1051347	1052158	110.815508333333
LG07	1052171	1053788	95.967496
LG07	1053802	1054758	160.243662333333
LG07	1055166	1058974	74.401802
LG07	105876	107714	2.686841
LG07	1059574	1061319	33.4288803333333
LG07	1061707	1066422	45.3129003333333
LG07	1066646	1068589	3.54188233333333
LG07	1068758	1072244	30.8677426666667
LG07	1072400	1075234	58.1825853333333
LG07	1075218	1078480	13.9664416666667
LG07	1078835	1094079	18.894581
LG07	1094427	1095758	56.3314653333333
LG07	1096310	1098779	33.381574
LG07	1098849	1100974	46.3041293333333
LG07	1101016	1101902	25.7729313333333
LG07	1103023	1103410	0.188474
LG07	1103641	1104464	0.710399666666667
LG07	1104667	1105162	0.256010666666667
LG07	1105642	1107959	8.15922066666667
LG07	1108800	1120264	5.78467733333333
LG07	111460	114261	68.996417
LG07	1120477	1122131	27.9891116666667
LG07	1122228	1123282	61.4388326666667
LG07	1123375	1124323	55.0996386666667
LG07	1124585	1125404	0.640594333333333
LG07	1124956	1127461	35.867698
LG07	1128131	1130566	7.90067266666667
LG07	1130928	1132141	219.126902333333
LG07	1132258	1133749	2.786425
LG07	1134037	1135042	2.65969533333333
LG07	1135447	1137404	0.457885666666667
LG07	1137606	1140567	52.8463743333333
LG07	1141214	1143112	16.9369236666667
LG07	1143936	1146095	1.575703
LG07	1147178	1150738	19.1220453333333
LG07	114760	116098	0.591425666666667
LG07	1150862	1154000	22.038207
LG07	1154238	1158892	58.9330713333333
LG07	11550	15919	2.863559
LG07	1158927	1160779	6.94480233333333
LG07	116176	116560	0.148902
LG07	1162191	1163926	73.0309373333333
LG07	1164197	1166182	3.34931666666667
LG07	1169792	1172495	127.731623333333
LG07	1172748	1177345	34.9843353333333
LG07	117411	120409	10.082216
LG07	1177422	1178929	9.58050566666667
LG07	1180356	1182458	0.125424333333333
LG07	1182776	1186401	11.031644
LG07	1186949	1189281	14.3237206666667
LG07	1189328	1191356	235.683644666667
LG07	1193344	1196692	393.411061333333
LG07	1197787	1200499	56.501593
LG07	1200534	1202061	22.4993426666667
LG07	1202417	1203339	1.25607966666667
LG07	1203909	1206070	0.594827333333333
LG07	1206147	1206565	0
LG07	1207278	1210755	7.19657066666667
LG07	120730	124919	8.611942
LG07	1211022	1213777	29.3275926666667
LG07	1214119	1215462	105.880206
LG07	1216203	1218905	25.0067853333333
LG07	1219225	1220516	5.67346033333333
LG07	1220697	1222413	15.2626433333333
LG07	1222624	1223821	15.3066453333333
LG07	1224003	1226217	55.0372263333333
LG07	1226518	1228039	35.3622923333333
LG07	1228477	1231265	36.9656663333333
LG07	1231343	1234695	19.8647233333333
LG07	1234995	1236684	38.8501356666667
LG07	1236965	1241058	43.6411183333333
LG07	1241341	1242025	7.42680866666667
LG07	1242353	1243401	68.0959396666667
LG07	1243630	1245888	13.522597
LG07	1246008	1248815	27.8993703333333
LG07	1249030	1250265	32.3742606666667
LG07	124993	126595	19.06817
LG07	1250271	1252052	16.8688666666667
LG07	1253169	1256146	1.837579
LG07	1256323	1258880	17.8063016666667
LG07	1258943	1261232	119.773346
LG07	1261393	1262978	43.9058853333333
LG07	1263045	1269553	122.404378
LG07	126665	127442	5.64725733333333
LG07	1269778	1272057	111.015711333333
LG07	1272168	1274804	43.4969116666667
LG07	1275342	1280158	71.1424513333333
LG07	1281938	1282962	1036.72479266667
LG07	1283420	1285367	36.322436
LG07	1285505	1288000	21.948777
LG07	1288054	1290770	54.6595433333333
LG07	1291506	1294159	53.0557976666667
LG07	129421	130589	0.944387333333333
LG07	1294345	1294697	0.924646666666667
LG07	1294816	1299218	31.532294
LG07	1299631	1300972	24.0846463333333
LG07	1301331	1305221	37.726396
LG07	1305535	1306078	101.957791666667
LG07	1305641	1308053	40.4888523333333
LG07	1308254	1310093	11.3599903333333
LG07	1310458	1311247	0.132548333333333
LG07	1312850	1314047	155.502014
LG07	1314259	1315900	50.8665773333333
LG07	1316808	1319601	2.31370466666667
LG07	1319812	1323295	17.0124126666667
LG07	1323423	1326880	16.5865496666667
LG07	1329508	1334634	24.4397696666667
LG07	132981	133981	1.898174
LG07	1334856	1339743	6.59524466666667
LG07	1334863	1336069	0.001234
LG07	1339887	1342016	18.5437946666667
LG07	1342160	1342989	38.266206
LG07	1343845	1345066	230.251917333333
LG07	1345313	1347861	111.357462333333
LG07	1348094	1351380	25.0501143333333
LG07	134998	137964	14.19432
LG07	1351470	1354908	27.0342203333333
LG07	1355009	1356689	13.2814976666667
LG07	1356955	1358316	22.2776916666667
LG07	1358558	1360793	5.87147566666667
LG07	1360869	1364112	9.39896566666667
LG07	1364128	1365593	33.557143
LG07	1365626	1370688	62.7908933333333
LG07	1370844	1371459	787.352946
LG07	1371771	1373085	1.45597033333333
LG07	1373551	1374510	148.296783333333
LG07	1375135	1377385	32.376126
LG07	1377830	1378316	0.0667443333333333
LG07	1378661	1380251	8.223183
LG07	1380342	1382028	58.0926743333333
LG07	1382315	1386334	25.775284
LG07	138430	139138	0.916387333333333
LG07	1386962	1388337	61.7775983333333
LG07	1389143	1391250	86.3377586666667
LG07	1391387	1394001	56.400626
LG07	1394204	1395720	19.7858716666667
LG07	1396998	1398963	79.979192
LG07	139724	140689	0.083057
LG07	1399115	1401360	2.20133233333333
LG07	1401603	1404065	12.5785283333333
LG07	140343	141263	0.0178973333333333
LG07	1404242	1405131	151.512247333333
LG07	1405126	1406352	23.3047633333333
LG07	1407017	1407928	16.9920336666667
LG07	1408140	1412131	22.970721
LG07	1412224	1412991	126.405561
LG07	1413197	1416016	45.1144676666667
LG07	1416246	1418011	82.4975483333333
LG07	141726	145745	36.4091643333333
LG07	1418359	1420136	7.85052833333333
LG07	1420243	1421448	2.33235766666667
LG07	1421715	1425074	17.8320063333333
LG07	1426203	1429513	34.0714773333333
LG07	1429958	1431109	201.925735666667
LG07	1431561	1432220	7.58317833333333
LG07	1432334	1433819	31.3937163333333
LG07	1434008	1438265	0.39662
LG07	1438634	1438998	700.685608
LG07	1439146	1439978	6.726934
LG07	1440245	1442245	17.1338433333333
LG07	1442269	1446500	187.310160333333
LG07	1447064	1451751	28.204623
LG07	1451880	1453334	18.8285843333333
LG07	1453752	1456604	12.7831136666667
LG07	1457043	1457771	147.693791666667
LG07	1457823	1458928	0.7691
LG07	1459124	1462143	7.979502
LG07	1462543	1467940	7.64497533333333
LG07	146262	148633	125.416445666667
LG07	1468837	1470450	222.358718666667
LG07	1470558	1474458	11.017236
LG07	1474601	1474957	56.3493663333333
LG07	1475183	1477431	30.1829203333333
LG07	1478082	1480541	19.6456746666667
LG07	1480583	1482304	14.3718413333333
LG07	1482736	1484834	39.7034303333333
LG07	1484957	1486190	145.161331
LG07	1486555	1487858	29.8886496666667
LG07	1487939	1489837	288.816324666667
LG07	1489945	1492259	72.3019436666667
LG07	1492757	1494954	2.61692966666667
LG07	1495412	1496370	1.12384
LG07	149647	150200	0
LG07	1496911	1500979	48.7713456666667
LG07	1501041	1502049	9.217391
LG07	1504055	1506475	38.6727436666667
LG07	1506638	1509888	13.566045
LG07	1510162	1514749	11.517113
LG07	1515313	1517147	42.476864
LG07	1518224	1519016	0.450665333333333
LG07	1520175	1522370	28.091397
LG07	1522550	1524292	9.94434133333333
LG07	1524376	1527897	7.17787333333333
LG07	1528123	1530251	191.005803333333
LG07	1530576	1532315	2.41730533333333
LG07	1532253	1535259	41.0274136666667
LG07	1535538	1537240	27.521194
LG07	1537382	1538568	27.0079243333333
LG07	153773	159256	13.2062846666667
LG07	1538651	1540682	24.842003
LG07	1540966	1542903	42.848685
LG07	1543586	1550071	20.6176953333333
LG07	1550458	1552838	135.590398333333
LG07	1553689	1554117	30.2080693333333
LG07	1554321	1555671	113.25487
LG07	1556230	1558131	55.696373
LG07	1558323	1560255	48.6818163333333
LG07	1561194	1563090	12.1407146666667
LG07	1563361	1570131	44.909412
LG07	1571045	1572846	0.909679
LG07	1572957	1575509	17.4804516666667
LG07	1575657	1579023	19.187809
LG07	1579393	1580561	10.5621193333333
LG07	1582084	1584361	19.097119
LG07	1584467	1585810	20.4138386666667
LG07	1585999	1586696	21.4922643333333
LG07	1586906	1588249	53.0114783333333
LG07	1588405	1589897	14.0406246666667
LG07	1590481	1594247	102.319508666667
LG07	1595656	1597905	29.8985023333333
LG07	1597925	1598792	0.540103
LG07	1599366	1603736	58.4270046666667
LG07	1605313	1606709	20.7244013333333
LG07	1606798	1609677	69.4049936666667
LG07	1609821	1611612	26.8555726666667
LG07	1611643	1613008	75.9860206666667
LG07	1613130	1615761	15.835229
LG07	1615829	1616200	11.5627083333333
LG07	1616465	1618543	20.0061093333333
LG07	1618908	1620175	23.2421253333333
LG07	1620418	1621700	162.155304
LG07	1622201	1625376	43.688862
LG07	1626123	1627705	28.937589
LG07	16278	16986	3.23779266666667
LG07	1628129	1628821	103.791160666667
LG07	1628828	1629903	48.0131936666667
LG07	1630621	1632813	136.034627333333
LG07	1634388	1636806	22.8288716666667
LG07	1637142	1639306	12.2784226666667
LG07	1639627	1642242	7.860787
LG07	164265	167747	0.0313656666666667
LG07	1642806	1644741	26.0443306666667
LG07	1644750	1646960	16.6347776666667
LG07	1646998	1648575	37.3441693333333
LG07	1648643	1653375	9.38742766666667
LG07	1653423	1657469	10.4094236666667
LG07	1657659	1658703	19.324138
LG07	1658846	1661370	38.285572
LG07	1661658	1662750	24.395965
LG07	1662918	1664298	10.183193
LG07	1664452	1669600	28.0491783333333
LG07	1670204	1672461	601.903116666667
LG07	1672488	1673097	1.80413633333333
LG07	1673519	1673964	0.382412333333333
LG07	1674081	1676676	17.5454366666667
LG07	1676768	1681571	6.18037766666667
LG07	1681989	1682803	421.458689666667
LG07	1682805	1684526	109.365208666667
LG07	1684601	1686395	16.8377446666667
LG07	1686484	1687217	18.7431186666667
LG07	1688203	1691841	140.609731
LG07	1691901	1693706	2.21810866666667
LG07	1692912	1693753	0.923727666666667
LG07	1693754	1696246	26.5937726666667
LG07	1696323	1698246	35.1279756666667
LG07	1698343	1701759	11.1250493333333
LG07	1701968	1703321	89.542371
LG07	1703591	1704800	33.8307693333333
LG07	1704996	1709741	4.877013
LG07	1710116	1713435	34.91965
LG07	1713500	1720950	5.048206
LG07	1721005	1722531	112.280774333333
LG07	1722679	1724334	25.281145
LG07	1724410	1728045	58.8677306666667
LG07	1728279	1729468	587.610372
LG07	1729470	1732601	48.0190453333333
LG07	1733323	1735943	36.6986416666667
LG07	1735946	1736703	1.926243
LG07	1736024	1736767	0.904908333333333
LG07	1736962	1740098	123.079559333333
LG07	1740218	1743160	6.427582
LG07	1743298	1746337	1.32010466666667
LG07	1747903	1749679	2.82475966666667
LG07	1750437	1754952	26.0699126666667
LG07	1755273	1756853	53.0385436666667
LG07	1756991	1758773	99.584498
LG07	1758953	1759789	202.243464
LG07	1759996	1760685	48.1432253333333
LG07	1760955	1761578	338.946380333333
LG07	1761964	1763136	6.58640833333333
LG07	1763364	1764395	1.136616
LG07	1765113	1767557	28.869965
LG07	1767679	1769302	2.66226566666667
LG07	1769501	1772548	18.5550336666667
LG07	1772686	1778394	18.5536653333333
LG07	1778952	1779974	0.062428
LG07	1778998	1779974	0.429426333333333
LG07	1780531	1782581	0.150581666666667
LG07	1782787	1783740	0.116603333333333
LG07	1784810	1787730	53.0588926666667
LG07	1788817	1790117	102.702181333333
LG07	17899	20089	0.764680333333333
LG07	1790342	1796534	21.701766
LG07	1796711	1800423	23.417312
LG07	1801073	1801822	1.745769
LG07	1802367	1806501	7.35103333333333
LG07	1807230	1810405	15.5771583333333
LG07	1810830	1814078	65.146211
LG07	1812524	1813387	0.024653
LG07	1814522	1815968	1269.55192066667
LG07	1816163	1817134	851.790853
LG07	1817424	1817759	24.2550303333333
LG07	1817970	1819276	64.6419946666667
LG07	1819503	1820774	7.68652566666667
LG07	1821810	1823894	46.4449423333333
LG07	1824095	1829780	11.6167993333333
LG07	1829330	1830150	10.364691
LG07	1830949	1831828	0.698521333333333
LG07	1831871	1833589	44.4051553333333
LG07	1834323	1835772	2.80767633333333
LG07	1837170	1838880	174.53212
LG07	1839305	1841887	24.161739
LG07	1842054	1843483	29.6298426666667
LG07	1843812	1845591	2.27295933333333
LG07	1845651	1846999	8.127923
LG07	1847032	1850458	22.19854
LG07	1851950	1854802	24.1119613333333
LG07	1854908	1856651	17.4488653333333
LG07	1857245	1858989	0.397106
LG07	1859969	1862513	5.26265566666667
LG07	1862860	1864251	277.420278
LG07	1864761	1866730	42.0019186666667
LG07	1866986	1868492	42.5665433333333
LG07	1868736	1869929	73.9584733333333
LG07	1869976	1871628	64.1661783333333
LG07	1871836	1873783	89.1324743333333
LG07	1874094	1874459	0.407226666666667
LG07	1874550	1875680	134.16097
LG07	1875730	1878958	15.2612513333333
LG07	1878950	1881653	5.16228233333333
LG07	1881967	1883554	6.87864333333333
LG07	188344	189437	35.245552
LG07	1883746	1887539	85.40758
LG07	1887942	1890867	41.2748246666667
LG07	1891057	1894387	9.741013
LG07	1894627	1895344	468.293884333333
LG07	1895506	1897191	22.3437453333333
LG07	1898628	1901044	7263.38492866667
LG07	190091	190470	0.680135333333333
LG07	1901576	1902913	3.21426033333333
LG07	1902927	1904708	49.0491586666667
LG07	1904755	1907201	13.648199
LG07	190542	192090	147.634028
LG07	1906992	1910152	16.4427026666667
LG07	1910699	1912303	57.6301533333333
LG07	1912721	1913963	0.101016
LG07	1912944	1913372	0
LG07	1914355	1915890	0.894615
LG07	1916751	1919121	42.8004403333333
LG07	1919251	1920340	28.5061156666667
LG07	1920458	1923233	17.0353516666667
LG07	192355	193366	38.2634223333333
LG07	1923684	1925182	4.37315766666667
LG07	1925291	1927296	35.9656806666667
LG07	1927644	1928161	6.612024
LG07	1930258	1931590	79.899737
LG07	1931724	1932345	287.383585666667
LG07	1932511	1933194	90.840668
LG07	1933421	1934948	40.0105436666667
LG07	193464	196586	6.360834
LG07	1935068	1936248	25.5108743333333
LG07	1936584	1940034	76.6903253333333
LG07	1940246	1942132	34.6871083333333
LG07	1940770	1942741	7.43291566666667
LG07	1943202	1947862	10.1076696666667
LG07	1948048	1951694	27.8226503333333
LG07	1951808	1954282	29.9011746666667
LG07	1954321	1956552	0.987670333333333
LG07	1956794	1958544	0.798843
LG07	1958724	1960022	51.009931
LG07	1960248	1962096	38.7145106666667
LG07	1962541	1963646	0.725458
LG07	1964028	1966536	34.2963843333333
LG07	1966753	1968755	12.054761
LG07	196703	197066	0
LG07	1969476	1970827	107.304771333333
LG07	1971137	1973455	21.848381
LG07	1972861	1974541	10.244514
LG07	197368	199612	60.6366956666667
LG07	1975915	1977517	0.276402666666667
LG07	1977778	1978452	5.91634133333333
LG07	1978933	1980226	23.7082656666667
LG07	1980422	1985236	17.3696073333333
LG07	1985639	1987703	49.696452
LG07	1987876	1988940	26.3878936666667
LG07	1989658	1991294	35.8573203333333
LG07	1991285	1995869	9.34585166666667
LG07	1997556	2000591	33.1617336666667
LG07	2000658	2002757	105.689654
LG07	2002920	2003743	59.7037926666667
LG07	2003851	2005793	35.1540733333333
LG07	2006276	2008006	77.308754
LG07	2008105	2010325	70.1428653333333
LG07	2010319	2013743	37.8482946666667
LG07	2013877	2014762	6.74356433333333
LG07	2015082	2017306	100.517301
LG07	2017445	2019900	16.714754
LG07	2020034	2020827	0.625165333333333
LG07	2021059	2024164	29.5547483333333
LG07	2024517	2027319	218.614466666667
LG07	2028840	2032037	0
LG07	2035260	2036595	3.49848166666667
LG07	2038636	2044343	5.02785433333333
LG07	2045034	2046060	0.23708
LG07	2046391	2052097	13.9103523333333
LG07	2053778	2055295	2.28085466666667
LG07	2056009	2057730	44.3272603333333
LG07	2058058	2067156	0.667811666666667
LG07	2059339	2063790	0.349172
LG07	2064440	2065164	0
LG07	206	6448	0.00279766666666667
LG07	2068497	2070934	0.191138333333333
LG07	2071586	2073138	0.0638
LG07	2074121	2076571	0
LG07	2076782	2080289	1.70095166666667
LG07	207708	208505	0
LG07	2081202	2082347	5.56078366666667
LG07	2083489	2087373	0
LG07	2087743	2088924	0
LG07	2091500	2092866	6.78851466666667
LG07	2093330	2097943	39.5959026666667
LG07	2098205	2099208	11.061669
LG07	2099551	2100188	71.5749563333333
LG07	2101161	2101740	0.128157333333333
LG07	2102131	2104453	35.858608
LG07	2104425	2105972	359.716532666667
LG07	2106014	2107611	3.40868133333333
LG07	2107791	2110108	20.4731763333333
LG07	2110240	2113211	14.8043873333333
LG07	2113430	2115740	84.713669
LG07	2115994	2117569	45.4833313333333
LG07	2118494	2119408	13.0444346666667
LG07	2119624	2122465	19.3016776666667
LG07	2122631	2123167	7.841763
LG07	2123340	2128543	11.9149753333333
LG07	2128683	2130507	35.6516353333333
LG07	2130636	2133352	44.3089536666667
LG07	2134115	2137203	15.7209233333333
LG07	2137253	2139262	14.7510513333333
LG07	2139488	2143024	42.531971
LG07	2143317	2145979	38.3820636666667
LG07	2147039	2149768	46.7030526666667
LG07	2150572	2151210	169.114247666667
LG07	2151356	2153362	70.1120553333333
LG07	2155226	2156332	70.128855
LG07	2158115	2159935	31.4590866666667
LG07	2160210	2161711	12.3578766666667
LG07	2161942	2162630	748.123352
LG07	2163305	2165057	1.124025
LG07	2165349	2168068	24.3619106666667
LG07	2168131	2170078	12.6372063333333
LG07	2170774	2173771	24.2362613333333
LG07	2174099	2175371	3.05475733333333
LG07	2175436	2177695	126.225839333333
LG07	2177714	2178681	0.526570333333333
LG07	2178825	2181734	20.3017073333333
LG07	2182464	2185736	19.6011606666667
LG07	2185920	2187584	766.513956666667
LG07	2188196	2190873	114.133428
LG07	2191390	2194005	47.8903186666667
LG07	2194655	2198661	2.308025
LG07	2199377	2201299	577.149780666667
LG07	2202280	2204140	7.01570866666667
LG07	2204509	2205620	5.16950666666667
LG07	2205792	2208365	65.8294513333333
LG07	2208536	2210642	2.36381733333333
LG07	2210985	2215107	25.5918426666667
LG07	2215319	2216564	84.294772
LG07	2216739	2222427	9.62890133333333
LG07	221879	222505	0
LG07	2222985	2224977	8.831338
LG07	2225069	2225808	3.07014866666667
LG07	2225811	2230446	13.852145
LG07	2230522	2234560	48.6480143333333
LG07	2234769	2238389	43.6280223333333
LG07	2238568	2238783	31.1594656666667
LG07	2238979	2239518	8.15834033333333
LG07	2239733	2241045	81.4687803333333
LG07	2241403	2242639	13.0305053333333
LG07	2242777	2243374	37.9457576666667
LG07	2243586	2244370	193.860239666667
LG07	2244966	2245423	290.230753333333
LG07	2245636	2246496	138.882263
LG07	2246625	2250774	19.9585063333333
LG07	2250886	2251382	6.45423866666667
LG07	2251632	2253209	25.8160806666667
LG07	2253696	2257844	16.846279
LG07	2258210	2259780	3.51887733333333
LG07	2261349	2262337	0.284804
LG07	2262261	2264150	185.942245333333
LG07	2265353	2267452	185.768234
LG07	2267547	2268871	18.9038026666667
LG07	2269492	2270561	46.0363186666667
LG07	2270897	2272003	70.4838386666667
LG07	2272445	2273415	1.05908166666667
LG07	2274935	2278512	20.8054256666667
LG07	2278773	2283782	37.710734
LG07	2284587	2284968	0.127519333333333
LG07	2285166	2287393	19.2101053333333
LG07	2287766	2290011	9.51010333333333
LG07	2289230	2289743	0.1203
LG07	2290666	2293747	10.9187936666667
LG07	2294325	2295601	44.2108906666667
LG07	2295834	2297523	12.184357
LG07	2300822	2302783	167.842956666667
LG07	2303427	2312991	198.245056333333
LG07	2313878	2314963	27.5026396666667
LG07	2315011	2315742	23.6656023333333
LG07	2315853	2321147	11.083316
LG07	2321826	2322465	2.088161
LG07	2322512	2325639	13.485673
LG07	2326147	2328808	1.716138
LG07	2329263	2334555	10.252282
LG07	233163	233669	0
LG07	2334618	2334973	0.523206333333333
LG07	2337237	2341295	9.407312
LG07	2341521	2344788	3.487759
LG07	2344929	2347671	12.063315
LG07	2349930	2352149	171.313802
LG07	2352665	2354780	18.444745
LG07	2354830	2357999	3.93744833333333
LG07	2359132	2361987	5.48475966666667
LG07	2363221	2366855	13.1701213333333
LG07	2367021	2368126	1.13577466666667
LG07	2369561	2373104	5.04886
LG07	2375497	2376539	90.198664
LG07	2377896	2381010	21.0191816666667
LG07	2381071	2384429	6.24641633333333
LG07	2384878	2388155	46.7321066666667
LG07	2388575	2389162	0.246857333333333
LG07	2389526	2390560	0
LG07	2392362	2401109	1.29658533333333
LG07	2405094	2409059	85.0295766666667
LG07	2409584	2410832	0.603235666666667
LG07	2416674	2420105	0
LG07	2420123	2420971	0
LG07	2431334	2434794	0.0253356666666667
LG07	2436800	2441720	2.763142
LG07	2441824	2442357	0.175330666666667
LG07	2443710	2447671	22.9079766666667
LG07	2447892	2448730	340.903727333333
LG07	2448997	2450264	66.6905796666667
LG07	2450363	2452510	34.4515173333333
LG07	2452800	2454392	13.7609896666667
LG07	2454441	2456276	11.706999
LG07	2458502	2462049	0.0545116666666667
LG07	2463088	2467287	3.484489
LG07	2467781	2469913	28.962673
LG07	2470374	2471864	14.1070383333333
LG07	2472523	2474214	8.78937233333333
LG07	2474714	2477014	53.4905166666667
LG07	2477271	2479546	1.33270766666667
LG07	2479612	2482333	43.6705716666667
LG07	2483513	2486127	16.5981116666667
LG07	2487600	2490684	14.2079273333333
LG07	2491494	2493408	0.351505333333333
LG07	2493879	2495608	9.62982633333333
LG07	2496164	2498190	2.631909
LG07	2498346	2499220	0.233473333333333
LG07	2499549	2500992	4.57836866666667
LG07	2501658	2505340	6.27603566666667
LG07	2505677	2506429	1.68250033333333
LG07	2506879	2507252	0
LG07	2512321	2513158	0.155918666666667
LG07	2514844	2515446	0.248518333333333
LG07	2515759	2517767	0
LG07	2519566	2520293	0
LG07	2521505	2524353	0
LG07	2525782	2527066	0
LG07	2527403	2528807	0
LG07	2529347	2531641	0
LG07	2531874	2533175	0
LG07	2534712	2542034	2.944528
LG07	2543167	2543917	0
LG07	2550452	2551489	0
LG07	2555973	2561080	0
LG07	2561228	2565990	8.000831
LG07	2566275	2566833	0.197161666666667
LG07	2566346	2567594	0.264036666666667
LG07	269034	270857	0
LG07	30118	33291	0
LG07	304868	307693	0
LG07	312854	313439	0
LG07	313705	314402	0
LG07	314539	315284	0
LG07	315313	315816	0
LG07	316666	318338	0
LG07	320219	320976	0
LG07	325899	326285	0
LG07	327456	330700	0
LG07	336949	337877	0
LG07	338057	340336	0
LG07	340647	342357	0
LG07	350434	355824	0
LG07	357290	359997	0
LG07	362888	363465	0
LG07	366475	372770	0
LG07	375853	381254	0
LG07	392369	393131	0
LG07	394193	396381	0
LG07	396724	397621	0
LG07	398712	399992	0
LG07	401784	403611	0
LG07	403947	406173	0
LG07	409534	410378	0
LG07	413234	413914	0
LG07	414693	415642	0
LG07	41607	44820	0
LG07	420164	421006	0
LG07	422600	423780	0
LG07	427463	430685	0
LG07	439403	443475	0
LG07	445295	445849	0
LG07	448710	450088	0
LG07	450280	452136	0
LG07	455219	455572	1.14273566666667
LG07	455728	456778	0.99776
LG07	456877	461169	1.493472
LG07	461717	462042	47.284607
LG07	462583	464342	38.699829
LG07	46363	50876	0
LG07	465712	468212	99.152644
LG07	468347	469302	796.960306666667
LG07	469822	470807	27.388054
LG07	472487	473515	50.9544333333333
LG07	473853	476093	37.7427306666667
LG07	476246	477328	18.6974663333333
LG07	478894	479533	14.4426073333333
LG07	479727	480739	28.855767
LG07	480813	482447	79.0717926666667
LG07	482687	482990	0.304717666666667
LG07	483125	486012	113.497505333333
LG07	486240	487597	32.0609943333333
LG07	487676	489523	63.984838
LG07	490596	493224	0.574220666666667
LG07	493227	496897	31.331133
LG07	497023	498412	7.065387
LG07	498523	504772	14.6277036666667
LG07	504962	506737	128.431968666667
LG07	507136	508386	49.4205806666667
LG07	508421	509472	21.2340956666667
LG07	510705	511879	21.7212566666667
LG07	513025	515117	13.7879286666667
LG07	516258	519242	0.835343
LG07	522624	524124	615.549316333333
LG07	526820	538638	79.2841213333333
LG07	53004	55993	1.04611733333333
LG07	531625	536848	1.09762866666667
LG07	539584	540136	35.4833156666667
LG07	540566	542476	82.9606806666667
LG07	543424	545255	4.54603733333333
LG07	545313	547089	143.849009
LG07	548380	549734	257.676040666667
LG07	550799	552857	9.078838
LG07	553279	555391	19.261778
LG07	557267	560143	85.4779483333333
LG07	560217	568710	95.5473376666667
LG07	568866	569899	11.6155026666667
LG07	570027	571209	25.3064616666667
LG07	57082	59835	0
LG07	571350	573484	4.71173966666667
LG07	573872	575117	1.54183966666667
LG07	575558	579233	13.608991
LG07	579900	583750	21.565575
LG07	584167	585334	12.230265
LG07	585544	586079	0.150496
LG07	587065	590026	0.173628
LG07	590428	592380	1.83381333333333
LG07	593123	594669	1.30743933333333
LG07	595228	597575	132.70754
LG07	597927	601558	3.69492633333333
LG07	599134	601595	0.476219333333333
LG07	601710	603902	10.285769
LG07	604010	605558	25.301023
LG07	605564	608309	56.0415853333333
LG07	60835	61307	0
LG07	613608	616580	0
LG07	622302	623104	0
LG07	630204	631436	0.547839666666667
LG07	635230	638593	1.043256
LG07	639172	640117	1.155967
LG07	64033	66152	0
LG07	640698	642973	0.032676
LG07	645052	645845	0
LG07	646814	650033	0
LG07	650325	650720	0
LG07	651168	653467	6.54584666666667
LG07	655584	658214	170.398223666667
LG07	658617	659326	0.153694
LG07	659742	662812	1.29921033333333
LG07	665270	667579	9.43517166666667
LG07	668564	673114	7.008145
LG07	673462	674238	11.8936946666667
LG07	675237	677175	3.81275866666667
LG07	677759	678492	0.210438666666667
LG07	679700	684448	2.10554433333333
LG07	684949	686550	5.72928266666667
LG07	68548	68924	0
LG07	686868	690228	0.693113
LG07	690563	691111	7.79714733333333
LG07	692466	693539	0
LG07	69487	71561	0.0325366666666667
LG07	698757	703928	0
LG07	706837	709839	0
LG07	720195	720728	0
LG07	73149	73832	0.226303
LG07	736331	738342	3.64719633333333
LG07	73905	74516	49.287931
LG07	739831	741351	2.87906933333333
LG07	7420	8949	32.108465
LG07	742159	743017	3.42879266666667
LG07	742868	744091	1.79376266666667
LG07	744572	748015	1.84704866666667
LG07	74520	75869	3.968833
LG07	748995	750639	8.925957
LG07	750832	754246	2.49398166666667
LG07	755666	758876	1.05800833333333
LG07	758924	760143	0.628465666666667
LG07	760707	768590	7.42757466666667
LG07	76095	78908	0.101295333333333
LG07	768592	771883	0.614323
LG07	773859	775632	28.616067
LG07	776047	782185	11.8701733333333
LG07	783999	787630	53.861651
LG07	787772	790792	29.8230293333333
LG07	795331	799451	0
LG07	809059	812389	17.017894
LG07	812609	813219	52.9132803333333
LG07	814048	818242	22.2248826666667
LG07	818636	819738	87.6189193333333
LG07	820466	822742	1.78626533333333
LG07	822803	825360	2.731151
LG07	825859	828006	3.75083433333333
LG07	829141	830104	0.453298666666667
LG07	830193	832672	21.1223556666667
LG07	832715	834897	0.247002666666667
LG07	835713	836246	22.9584953333333
LG07	836424	842887	29.5369346666667
LG07	846234	848204	19.9903146666667
LG07	848481	849267	0.101849666666667
LG07	849023	849892	0.873944
LG07	850113	850866	87.564326
LG07	85058	87714	0
LG07	850946	852170	20.3919903333333
LG07	852289	855065	17.0140253333333
LG07	855119	857279	45.4600153333333
LG07	857413	857774	28.5943476666667
LG07	858302	864033	2.55115766666667
LG07	864068	866516	20.0076616666667
LG07	869687	870635	32.833613
LG07	871110	872308	222.569885333333
LG07	872934	875447	16.3947166666667
LG07	875492	877853	22.684813
LG07	878037	878392	0.353888
LG07	878485	885004	5.16979366666667
LG07	885526	886568	0
LG07	887118	890412	3.53298
LG07	890475	893007	34.3315746666667
LG07	893044	894640	65.190651
LG07	894720	895607	0.0839016666666667
LG07	896037	901081	4.54765033333333
LG07	902191	903055	0.921627333333333
LG07	904643	906929	16.3644393333333
LG07	907011	908559	28.0462646666667
LG07	90871	92115	0
LG07	909023	914151	63.5932246666667
LG07	914421	917498	2.648337
LG07	918417	919695	38.690047
LG07	920228	921941	391.063781666667
LG07	923246	923852	13.299761
LG07	923869	924263	1.039593
LG07	925056	928253	0
LG07	931162	931785	1.518606
LG07	934127	935002	10.9870756666667
LG07	939859	944078	0
LG07	947491	948985	2.27628966666667
LG07	95022	100569	2.73913666666667
LG07	950408	951408	49.050021
LG07	952410	952898	3.78336366666667
LG07	953352	954546	6.075729
LG07	956269	957110	141.318918666667
LG07	957350	959538	15.5506666666667
LG07	959690	960892	3.23773866666667
LG07	959965	961659	15.533043
LG07	962080	963025	4.08840933333333
LG07	963026	966503	19.460373
LG07	966784	969814	1.36329066666667
LG07	970223	973310	0.924320333333333
LG07	973564	975649	33.6385206666667
LG07	975963	978470	92.2265243333333
LG07	978793	979957	21.3024476666667
LG07	980297	983325	5.91340733333333
LG07	9811	11269	13.599296
LG07	984069	987467	19.1252826666667
LG07	987631	989494	77.341095
LG07	989069	989503	0.0115413333333333
LG07	989726	993884	23.364796
LG07	992291	996701	7.05179466666667
LG07	998275	999561	345.825541333333
LG07	999797	1005374	19.6905383333333
LG08	1001891	1003707	26.5463053333333
LG08	1003821	1006627	54.100207
LG08	1006791	1010131	9.12909633333333
LG08	1010895	1014399	24.1342553333333
LG08	1015336	1015904	0.609037
LG08	1015996	1018116	232.992213
LG08	1018345	1024573	6.270991
LG08	1025295	1025768	15.8284256666667
LG08	1026178	1028433	21.6076463333333
LG08	1028547	1030094	30.835376
LG08	1031520	1033070	13.2103526666667
LG08	1033356	1035225	18.7516893333333
LG08	1035463	1038631	108.602867
LG08	1038623	1039969	2.07258633333333
LG08	1039912	1040645	506.924245
LG08	1041542	1042401	14.8537746666667
LG08	1042718	1045224	22.6304786666667
LG08	1045907	1046315	2.182695
LG08	1047390	1049924	205.768427666667
LG08	1051123	1053073	0.558653666666667
LG08	1053333	1055424	4.049108
LG08	1055941	1056835	3.40670933333333
LG08	1057063	1061577	0.254261666666667
LG08	1061749	1064748	0
LG08	1065181	1068637	0.832895333333333
LG08	1068988	1070066	773.679992666667
LG08	1070166	1072114	8.613612
LG08	1072337	1073900	6.21317933333333
LG08	1074111	1075281	6.54935133333333
LG08	1076089	1079264	23.4529113333333
LG08	1079524	1082154	71.8754653333333
LG08	1082482	1087043	14.356781
LG08	1087952	1088541	1.99808266666667
LG08	1089892	1090514	7682.11442066667
LG08	1091941	1092927	0.652855333333333
LG08	1093112	1095292	488.308829333333
LG08	1095370	1102323	18.749576
LG08	1104152	1107714	4.93498666666667
LG08	1109025	1118363	104.968536666667
LG08	1118459	1119146	39.5479226666667
LG08	1119215	1120503	40.0339993333333
LG08	1120779	1123136	3.03793
LG08	1123137	1125096	29.0133996666667
LG08	1125487	1128878	6.69946
LG08	1129478	1132559	26.5729353333333
LG08	1134982	1136917	10.873304
LG08	1137211	1145460	0.635900333333333
LG08	1145936	1146583	0.0412093333333333
LG08	1147432	1149424	0.657710333333333
LG08	1149978	1151254	5.93097333333333
LG08	1151330	1153281	10.3242926666667
LG08	1153996	1156068	21.7993696666667
LG08	1156282	1157968	28.941014
LG08	1158373	1160724	587.516276
LG08	1161431	1165997	33.050047
LG08	1166234	1167083	47.93286
LG08	1169740	1174327	10.6017236666667
LG08	1174387	1175117	380.06779
LG08	1175455	1181739	21.859085
LG08	1181873	1183361	261.206237666667
LG08	1183376	1184407	15.085257
LG08	1185105	1186127	0
LG08	1186472	1188667	2.73185466666667
LG08	1188767	1191068	7.177642
LG08	1191929	1194214	7.88185533333333
LG08	1194674	1197088	11.5494283333333
LG08	1197303	1199844	31.178678
LG08	1199975	1200347	170.348205333333
LG08	1201413	1202442	25.8692783333333
LG08	1203121	1204329	11.6110523333333
LG08	1206616	1207780	2.59083333333333
LG08	1208692	1209291	5.66872966666667
LG08	1210867	1212899	41.4669636666667
LG08	1213772	1216836	6.014763
LG08	1217620	1220037	10.0322366666667
LG08	1220246	1222058	44.45024
LG08	1222099	1224280	165.344024666667
LG08	1224945	1227104	30.6369386666667
LG08	1227907	1228700	3.22499033333333
LG08	1230551	1232606	48.2688356666667
LG08	1232628	1235068	44.4840023333333
LG08	1235166	1237204	37.7604076666667
LG08	1238828	1243713	2.22601233333333
LG08	1244245	1244868	551.844746666667
LG08	1245051	1246075	465.391785
LG08	1246052	1247750	3.11993066666667
LG08	1247651	1251208	14.832194
LG08	1251444	1253382	43.6722396666667
LG08	1254926	1257638	2.272199
LG08	1258358	1261526	16.2937503333333
LG08	1260280	1261275	31.387927
LG08	1261733	1264993	41.4836183333333
LG08	1265380	1268034	4.778496
LG08	1269380	1271716	0
LG08	1272473	1274754	16.0625996666667
LG08	1276217	1276654	24.143699
LG08	1276730	1277352	13.3388193333333
LG08	1277554	1281455	9.709273
LG08	1281679	1284353	43.4697633333333
LG08	1286380	1286891	2.84996666666667
LG08	1286923	1289672	155.058527666667
LG08	1290149	1292562	3.03646666666667
LG08	1292605	1295287	4.02650133333333
LG08	1295587	1297030	0.486638666666667
LG08	1297459	1299724	32.4030003333333
LG08	1299810	1301312	38.2274476666667
LG08	1301332	1301918	42.4459446666667
LG08	1301920	1302731	64.1776503333333
LG08	1302844	1304184	1.89278533333333
LG08	1304311	1305762	36.183483
LG08	1306529	1307267	0.286512
LG08	1307775	1310884	11.0894386666667
LG08	1311513	1313708	47.6900543333333
LG08	1313869	1316078	56.9921416666667
LG08	1317742	1320507	38.451261
LG08	1320681	1323369	2.15163
LG08	1324768	1327947	41.5690626666667
LG08	1328492	1329759	8.33343733333333
LG08	1330043	1332547	11.046136
LG08	1332952	1335056	16.0881843333333
LG08	1334976	1337370	21.44111
LG08	1337723	1339778	0.917090333333333
LG08	1340221	1344210	50.9525946666667
LG08	1344386	1346622	18.4518386666667
LG08	1346827	1347796	69.886457
LG08	1348378	1352352	39.4591166666667
LG08	1353188	1357027	7.96983133333333
LG08	1357653	1360172	33.718408
LG08	1360222	1363591	37.1920433333333
LG08	1364598	1367126	53.148426
LG08	1367438	1369308	4.67259333333333
LG08	1369713	1371451	8.80971466666667
LG08	1371566	1374790	24.380958
LG08	1375052	1376115	944.60199
LG08	1376861	1378064	41.9306513333333
LG08	1378794	1379778	6.46482233333333
LG08	1380503	1385519	12.8572266666667
LG08	1385785	1389699	18.9535436666667
LG08	1392233	1393134	110.431038
LG08	1393191	1395279	39.7162333333333
LG08	1395677	1399029	4.16910833333333
LG08	1399636	1401211	29.0013896666667
LG08	1401800	1403034	0.645727
LG08	1403185	1406713	8.05106433333333
LG08	1407332	1410832	6.60808366666667
LG08	1411134	1413255	52.9798266666667
LG08	1412178	1412905	0.244034333333333
LG08	1413803	1416584	108.961911333333
LG08	1416939	1419118	2.12018333333333
LG08	1419455	1421363	51.714873
LG08	1421640	1423169	41.5277876666667
LG08	1423322	1424360	25.617523
LG08	1424568	1425629	20.1432776666667
LG08	1425668	1426809	49.326098
LG08	1428159	1429233	12.608152
LG08	1429297	1430729	6.68936033333333
LG08	1430920	1431836	36.6791056666667
LG08	1432330	1433478	36.463085
LG08	1433862	1435078	12.9362293333333
LG08	1435269	1446608	24.7504643333333
LG08	1447230	1452073	9.601962
LG08	1452319	1454244	23.3078663333333
LG08	1454541	1455597	7.54223866666667
LG08	1456265	1457664	33.232055
LG08	1458068	1459250	9.94212966666667
LG08	1459665	1461317	75.0157473333333
LG08	1461739	1462408	0.0711366666666667
LG08	1462879	1464285	182.691498
LG08	1464299	1467391	23.4229186666667
LG08	1466910	1467251	10.8422693333333
LG08	1467908	1470351	76.1742556666667
LG08	1471624	1472464	1124.01647966667
LG08	1472647	1473399	10.4702223333333
LG08	1474688	1476914	76.2481156666667
LG08	1477070	1497394	6.00119733333333
LG08	1497681	1498768	2.09029333333333
LG08	1499215	1500140	170.424255333333
LG08	1500274	1501200	37.389198
LG08	1501962	1503956	8.01035866666667
LG08	1504064	1504715	16.325461
LG08	1504791	1507759	18.5231446666667
LG08	1507862	1511610	28.99728
LG08	1511836	1514384	6.267818
LG08	1514960	1517148	213.791249333333
LG08	1517213	1519202	23.849923
LG08	1519738	1525762	12.7478513333333
LG08	1526010	1526688	0.096526
LG08	1526757	1527128	0.260015666666667
LG08	1527513	1528102	1.35119066666667
LG08	1529744	1536482	31.5650186666667
LG08	1536501	1539055	75.108836
LG08	1539235	1541092	6.01893066666667
LG08	1541178	1544592	12.586859
LG08	1544789	1546391	87.5128833333333
LG08	1546523	1548988	44.7842266666667
LG08	1549189	1563781	31.1983313333333
LG08	155963	161119	0
LG08	1564119	1565192	0.701142333333333
LG08	1564328	1565164	0.651009333333333
LG08	1565758	1567363	13.1980193333333
LG08	1567549	1569363	13.4572346666667
LG08	1569726	1574007	47.407593
LG08	1574355	1575337	5.64910766666667
LG08	1576867	1577581	32.4077263333333
LG08	1577653	1579077	39.4569496666667
LG08	1579326	1582256	60.9618696666667
LG08	1582446	1587373	35.0960616666667
LG08	1587945	1589711	209.205729
LG08	1590211	1592911	6.752288
LG08	1594793	1596813	11.9773766666667
LG08	1597599	1600312	5.885255
LG08	1601899	1602240	5.663969
LG08	1602962	1609232	38.053655
LG08	1609584	1610771	69.121536
LG08	1612007	1613270	14.1962053333333
LG08	1613910	1615801	23.524791
LG08	1615809	1618346	2.35546633333333
LG08	1618913	1620200	1.14939733333333
LG08	1620225	1621591	46.3868776666667
LG08	1621788	1623996	21.446849
LG08	1623997	1627019	32.082875
LG08	1627300	1629293	18.5811036666667
LG08	1629637	1633757	130.378362333333
LG08	1634866	1637207	3.96174366666667
LG08	1637543	1641587	709.215502333333
LG08	1637784	1638632	0.00846466666666667
LG08	1641744	1646823	315.312876333333
LG08	1647059	1650087	42.334577
LG08	1650088	1651324	0.742138333333333
LG08	1652509	1653364	143.117290333333
LG08	1655089	1657591	13.1527713333333
LG08	1658157	1658758	0.0303926666666667
LG08	1658319	1658692	0.252090666666667
LG08	1659772	1662100	3.190341
LG08	1663345	1664354	20.8803866666667
LG08	1664645	1665915	254.952311
LG08	1666334	1668109	997.779500666667
LG08	1668488	1670720	16.96532
LG08	1670712	1673448	9.054192
LG08	1673981	1676366	8.44221566666667
LG08	1676465	1677307	1.46649966666667
LG08	1680097	1681608	0
LG08	1688281	1688928	0
LG08	1694207	1699323	0
LG08	1703936	1705703	0
LG08	1724104	1725577	0
LG08	1727629	1729102	2.602849
LG08	1729220	1730349	1.137481
LG08	1731443	1733332	0
LG08	1736939	1739207	0
LG08	1747602	1749422	0
LG08	1752232	1755483	0
LG08	1756469	1757519	0
LG08	1757581	1773357	0
LG08	1773971	1785137	5.18517933333333
LG08	1776248	1783897	0
LG08	1785525	1786210	0
LG08	1786405	1787671	0.365507
LG08	1788505	1789905	0.627845333333333
LG08	1789975	1793238	27.542354
LG08	179000	181685	0
LG08	1794759	1796490	0.237170666666667
LG08	1794979	1796490	0.364257333333333
LG08	1797567	1798126	0.121961
LG08	1798900	1801208	16.504254
LG08	1801305	1803690	10.7310023333333
LG08	1804138	1806076	42.6417183333333
LG08	1806166	1809082	27.210717
LG08	1809341	1810934	0.068044
LG08	1812079	1813476	71.9651056666667
LG08	1813813	1825896	35.3513693333333
LG08	1826080	1826847	3.19039333333333
LG08	1828775	1831620	25.3595733333333
LG08	1832079	1833230	43.421454
LG08	1833378	1837395	185.628942
LG08	1836925	1838193	79.0589343333333
LG08	1838243	1840526	10.7086343333333
LG08	1840919	1841529	1.07971266666667
LG08	1841859	1844659	1.58792666666667
LG08	1845971	1847890	3.80728066666667
LG08	1848289	1855443	43.323405
LG08	1855699	1856710	85.2327473333333
LG08	1857255	1859560	11.347499
LG08	1859783	1861326	579.951863666667
LG08	1862174	1866541	139.822174
LG08	1867104	1872917	6.10265833333333
LG08	1873343	1875738	16.3841243333333
LG08	1875915	1880910	52.2518576666667
LG08	1882001	1883961	10.9651506666667
LG08	1883984	1885674	19.77086
LG08	1885985	1887818	17.6012986666667
LG08	1887914	1893554	16.0792386666667
LG08	1896016	1896763	0
LG08	1967002	1968820	0
LG08	1970781	1973384	0
LG08	1973431	1975249	0
LG08	1976576	1979169	0
LG08	1993859	1996465	0
LG08	2001993	2002346	0
LG08	2029086	2030069	0
LG08	2037159	2037779	0
LG08	2040993	2042237	0
LG08	2051451	2051849	0
LG08	2058067	2062267	30.3259693333333
LG08	2062969	2065592	13.890622
LG08	2066223	2068679	0.213396666666667
LG08	2069019	2069782	0.792129666666667
LG08	2069996	2071486	21.7625356666667
LG08	2074085	2078509	9.62130666666667
LG08	2080228	2082816	0.379927333333333
LG08	2087023	2090047	15.8421773333333
LG08	2090247	2098846	24.233267
LG08	209927	211459	0.120746
LG08	2099869	2102658	0.290464
LG08	2103286	2104815	0
LG08	2105576	2108042	1.24616933333333
LG08	2106878	2108012	0.0250936666666667
LG08	2108786	2110442	17.457536
LG08	2112138	2113501	246.71698
LG08	2113626	2114782	31.4817246666667
LG08	2114907	2115650	1.878243
LG08	2117703	2118312	7.36040833333333
LG08	2118515	2119266	0.357725666666667
LG08	2119820	2121666	1660.47574866667
LG08	2122608	2126028	17.7915806666667
LG08	2129156	2131387	14.046412
LG08	2132733	2134385	157.851923333333
LG08	2135371	2136315	20.1979763333333
LG08	2136420	2139465	11.5285363333333
LG08	2139725	2141075	371.018453
LG08	2141120	2141500	0.509286
LG08	2141735	2144862	38.941827
LG08	2147652	2148964	6.58885933333333
LG08	2150338	2154176	16.998329
LG08	2154456	2156264	84.6584903333333
LG08	2156615	2157812	31.864257
LG08	2158304	2160649	0.0477043333333333
LG08	2173595	2176849	0
LG08	2181831	2183376	0
LG08	2185246	2187068	0.524272666666667
LG08	2187621	2189431	13.2134806666667
LG08	2190285	2191093	0
LG08	2198470	2200155	0.014673
LG08	2201061	2202080	24.433584
LG08	2202194	2207157	34.2535183333333
LG08	2208726	2209412	1.23317133333333
LG08	2210625	2211871	2.59225733333333
LG08	2213164	2214987	56.7616273333333
LG08	2215835	2218272	21.7871563333333
LG08	2219376	2220524	17.815468
LG08	2221114	2224744	34.7105356666667
LG08	2225596	2226130	0.144416333333333
LG08	2226217	2230651	14.0991313333333
LG08	2231104	2233223	36.132651
LG08	2233904	2235705	20.0760013333333
LG08	2240130	2240642	0.840288333333333
LG08	2247157	2252245	2.00133366666667
LG08	2252704	2254945	0.0855963333333333
LG08	2255327	2259461	0.657215
LG08	2261247	2262699	0
LG08	2266611	2267625	0.0582346666666667
LG08	2268239	2270422	111.532163
LG08	2272040	2277364	2.27686133333333
LG08	2277864	2278531	0.864991
LG08	2279085	2280662	2.36218533333333
LG08	2281331	2284425	2.59762066666667
LG08	2285895	2287214	0.432561666666667
LG08	2287988	2288569	132.762181666667
LG08	2288717	2290023	58.6479553333333
LG08	2290216	2292434	124.003285666667
LG08	2293554	2295756	6.929566
LG08	2295838	2296961	0.499797666666667
LG08	2297065	2298657	214.879282333333
LG08	2298766	2300160	0.114243666666667
LG08	2300293	2300751	0.142580333333333
LG08	2301015	2302361	0.174002333333333
LG08	2303763	2305233	128.312309
LG08	2306398	2309004	5.000294
LG08	2310730	2313433	7.38431833333333
LG08	2315870	2318587	12.599917
LG08	2319313	2321002	64.6193123333333
LG08	2321377	2323351	12.5181173333333
LG08	2325399	2326031	0
LG08	2327093	2327526	1.95966433333333
LG08	2328356	2333624	0
LG08	2333956	2335992	0
LG08	2336959	2337571	0.334678333333333
LG08	2338498	2338870	0
LG08	2338880	2339432	0
LG08	2340347	2341323	21.5411716666667
LG08	2341756	2342287	0.0670623333333333
LG08	2342307	2344082	4.53257933333333
LG08	2353649	2354264	9.71160766666667
LG08	2354546	2356673	1.68678066666667
LG08	2357228	2360845	3.83704266666667
LG08	2361302	2369754	4.69356366666667
LG08	2369837	2371587	5.207139
LG08	2372703	2381086	1.62574666666667
LG08	2381626	2383203	42.8581173333333
LG08	2383302	2383658	0.180279
LG08	2383803	2385539	0.316276666666667
LG08	2386387	2388131	41.3485693333333
LG08	2389990	2391616	0.130532
LG08	2392236	2394497	23.0736763333333
LG08	2394904	2396328	22.18482
LG08	2397003	2398217	6.03508766666667
LG08	2398555	2398921	0.112925
LG08	2399814	2402876	29.921147
LG08	2402958	2404919	77.8048503333333
LG08	2405021	2407104	7.27401933333333
LG08	2407810	2408810	0.20814
LG08	2409144	2410119	30.326376
LG08	2410441	2415233	15.836375
LG08	2415377	2416764	52.778965
LG08	2417898	2423014	1.07381133333333
LG08	2423407	2423943	10.0875013333333
LG08	2423971	2426293	6.50547066666667
LG08	2426411	2427749	5.22055233333333
LG08	2427835	2433139	4.719945
LG08	2433151	2434717	7.917326
LG08	2434747	2436041	8.050006
LG08	2436217	2437909	19.8378296666667
LG08	2437949	2439233	31.684311
LG08	2440013	2441605	3.63666
LG08	2441606	2441976	0.235336
LG08	2442025	2443713	19.5360833333333
LG08	2446020	2448344	18.0994216666667
LG08	2448926	2450333	42.4326513333333
LG08	2452439	2455874	38.4928423333333
LG08	2456767	2457237	15.612053
LG08	2457637	2462273	0.177683
LG08	2465742	2468246	0
LG08	2470307	2471187	0
LG08	2472019	2474558	1.07982566666667
LG08	2475278	2478262	36.1243313333333
LG08	2479775	2483543	17.7516153333333
LG08	2483751	2487733	2.848263
LG08	2490773	2491785	0
LG08	2494146	2496781	0
LG08	2497382	2497718	0
LG08	2499098	2499469	0.135851333333333
LG08	2500424	2502689	5.472784
LG08	2503194	2504636	71.2824683333333
LG08	2504722	2505772	7.93740033333333
LG08	250567	251160	0
LG08	2506340	2508695	40.6200473333333
LG08	2509618	2509947	0.034623
LG08	2510388	2511804	3.59279766666667
LG08	2511667	2512764	1.59199766666667
LG08	2514297	2515915	0.485714333333333
LG08	2515190	2515867	0.035308
LG08	2518143	2519126	10.60402
LG08	2523721	2528083	0
LG08	2531030	2532307	0
LG08	2531030	2532490	1.95792333333333
LG08	2532967	2533523	10.2319446666667
LG08	2533982	2536961	19.5259416666667
LG08	2537874	2540653	0.482454666666667
LG08	2541592	2542098	0
LG08	2542128	2546864	18.638141
LG08	2547344	2552508	0.621269666666667
LG08	2554588	2557643	14.1846036666667
LG08	2556281	2558366	22.927393
LG08	2560644	2561474	0
LG08	2568666	2569463	0
LG08	2573931	2575892	5.582949
LG08	2576277	2584008	1.19134
LG08	2584453	2586682	67.410561
LG08	2587420	2589386	28.3386783333333
LG08	2589679	2591972	9.30050966666666
LG08	2592549	2594362	4.40546566666667
LG08	2594495	2595969	11.028334
LG08	2596145	2597679	10.135885
LG08	2597948	2599454	0.224186333333333
LG08	2601409	2602621	7.72933533333333
LG08	2602902	2604556	27.5335756666667
LG08	2604752	2608199	41.103878
LG08	2608546	2608887	0.555437333333333
LG08	2609688	2614944	64.9220976666667
LG08	2615838	2616372	0.0433776666666667
LG08	2616674	2618079	2.83207933333333
LG08	2617628	2619470	77.7927476666667
LG08	2619872	2622058	36.9414673333333
LG08	2622140	2623093	2.123453
LG08	2623594	2628885	1.19326666666667
LG08	2629147	2631365	4.27087966666667
LG08	2631405	2633378	2.45728733333333
LG08	2633020	2634913	3.483954
LG08	2635082	2636539	4.98411433333333
LG08	2636813	2642168	1.04104566666667
LG08	2644091	2644979	0
LG08	2645040	2647072	0
LG08	2647857	2650704	0
LG08	2656372	2659593	0
LG08	2675339	2677241	0.153168666666667
LG08	2675654	2677852	3.87661466666667
LG08	2677920	2679224	3.65511166666667
LG08	2679485	2679811	1.92887033333333
LG08	2681739	2684721	0
LG08	2685224	2688329	0
LG08	2688897	2690421	0.861632333333333
LG08	2690714	2695729	0.720246
LG08	2695811	2700122	2.605334
LG08	2700126	2700509	3.38866733333333
LG08	2701439	2702903	0.933486
LG08	2703158	2708818	0.594351
LG08	2704456	2705038	0.022241
LG08	2709088	2711359	2.10495833333333
LG08	2711384	2713077	2.397739
LG08	2712204	2715231	1.289288
LG08	2715342	2716784	1.11077466666667
LG08	2717291	2722513	3.187685
LG08	2722640	2724570	0.172750666666667
LG08	2723079	2725083	1.617983
LG08	2725133	2728082	2.58747266666667
LG08	2726528	2730288	2.628335
LG08	2735871	2737639	8.16648666666667
LG08	2738009	2745922	3.89709433333333
LG08	2745968	2747621	6.22208
LG08	2747630	2749760	2.109487
LG08	2749896	2751556	1.086046
LG08	2751631	2754518	0.555616666666667
LG08	2753692	2755557	0.610927666666667
LG08	2755690	2756485	0.152534
LG08	2756589	2760576	0
LG08	2779434	2781898	1.08867066666667
LG08	2782020	2783466	3.37697666666667
LG08	2783572	2789257	0.931829333333333
LG08	2789283	2791211	5.198239
LG08	2793227	2793969	0
LG08	2794242	2794713	0
LG08	2794739	2796839	0
LG08	2797148	2797879	1.022511
LG08	2798480	2801959	0
LG08	2802315	2805420	0.638956666666667
LG08	2803400	2805420	0.0890836666666667
LG08	2805523	2807097	0.659212
LG08	2807273	2812620	0.491559333333333
LG08	2812942	2815337	1.89402633333333
LG08	2815547	2817470	4.345176
LG08	2817756	2818740	1.24281433333333
LG08	2818874	2823782	0.562302
LG08	2823890	2824463	0.0402393333333333
LG08	2824747	2825457	0.146496666666667
LG08	2828821	2830376	0
LG08	2831175	2839277	15.1710973333333
LG08	2841514	2845372	5.98099866666667
LG08	2845265	2850089	0.0171386666666667
LG08	2850207	2851667	2.15967733333333
LG08	2851610	2853513	2.82594233333333
LG08	2853696	2855129	2.60433133333333
LG08	2855274	2856638	0.381858666666667
LG08	2858263	2860823	0.321964
LG08	2861033	2863320	2.74975933333333
LG08	2863392	2865682	7.31506266666667
LG08	2866424	2868033	2.13986733333333
LG08	2868469	2876522	0.113799333333333
LG08	2878731	2879372	0
LG08	2879472	2880056	0
LG08	2880449	2883592	0
LG08	2885744	2887385	0.406220333333333
LG08	2887659	2889119	0.270985333333333
LG08	2892185	2896737	0
LG08	2902801	2905199	0.437686
LG08	2906082	2915992	0
LG08	2917421	2919330	0
LG08	2920015	2921853	1.595991
LG08	2922681	2928832	0
LG08	292708	297756	0
LG08	2929213	2931298	2.67040666666667
LG08	2931473	2932809	0.554202666666667
LG08	2933117	2938643	1.48785233333333
LG08	2934268	2935989	0.0163353333333333
LG08	2939593	2939985	3.94204133333333
LG08	2940816	2944278	1.94296633333333
LG08	2942957	2944684	1.51968166666667
LG08	2944847	2946303	3.26373633333333
LG08	2946700	2952047	0.887610333333333
LG08	2952048	2953180	4.88457233333333
LG08	2963642	2965733	0
LG08	2967208	2969663	4.54420833333333
LG08	2969731	2971226	2.426044
LG08	2971296	2971622	2.788952
LG08	2973316	2974862	1.019588
LG08	2975282	2980491	0.717367
LG08	2980575	2983147	2.06328933333333
LG08	2985134	2986980	0
LG08	2988183	2991146	0
LG08	2992183	2992960	0
LG08	2995754	2996457	0
LG08	3001779	3011983	0
LG08	3024617	3026185	0
LG08	3026476	3028001	0
LG08	302684	322034	0
LG08	3039335	3041175	0.363118666666667
LG08	3041635	3043619	1.217015
LG08	3043696	3045241	2.298726
LG08	3045008	3047181	3.718141
LG08	3047318	3047792	0.228998666666667
LG08	3053323	3054653	0.471987333333333
LG08	3054963	3060419	0.614736
LG08	3055208	3058487	0
LG08	3061642	3063886	2.15180233333333
LG08	3063933	3066157	5.769708
LG08	3066278	3067214	1.59884533333333
LG08	3067394	3073036	0.503421666666667
LG08	3074673	3075029	1.51214033333333
LG08	3075630	3078451	2.674723
LG08	3079013	3081791	0
LG08	3081953	3083060	0.110038333333333
LG08	3084664	3086014	0.0317693333333333
LG08	3085174	3087197	2.56665533333333
LG08	3086157	3087096	0
LG08	3087222	3088739	0.320745333333333
LG08	3088978	3096983	0.863218333333333
LG08	3096995	3098815	1.38934533333333
LG08	3098841	3100560	1.91067933333333
LG08	3100722	3102155	2.68388966666667
LG08	3102328	3107860	1.075603
LG08	3107886	3108676	1.66014566666667
LG08	3108741	3109357	0.169377333333333
LG08	3109594	3109960	0
LG08	3109629	3110186	0
LG08	3111086	3114458	0
LG08	3116609	3118718	0
LG08	3120011	3132050	0
LG08	3132992	3134285	0
LG08	3139464	3140367	0.500115666666667
LG08	3142543	3143696	0.137180333333333
LG08	3143871	3145323	1.20171633333333
LG08	3145651	3149875	0.271173333333333
LG08	3149958	3150862	0.303029
LG08	3151110	3153354	1.85395366666667
LG08	3153364	3155177	1.677476
LG08	3155298	3155849	0.711314333333333
LG08	3157235	3157572	0
LG08	3157993	3159477	0.447389666666667
LG08	3159733	3164590	0.563653666666667
LG08	3165241	3165849	1.89477933333333
LG08	3166826	3168284	0.750740333333333
LG08	3168140	3169245	0.140416666666667
LG08	3169724	3171147	0.234155666666667
LG08	3171313	3172138	0
LG08	3174948	3175850	0
LG08	3200970	3204305	0
LG08	3215812	3217386	0.153044333333333
LG08	3216816	3217357	0
LG08	3217730	3223162	0.349145666666667
LG08	3226034	3227856	5.41999966666667
LG08	3228137	3229127	0.794154333333333
LG08	3229939	3231246	0.204954666666667
LG08	3232276	3234934	2.142672
LG08	3234991	3237058	3.22080833333333
LG08	3244489	3245397	0
LG08	3248963	3249730	0.0691706666666667
LG08	3250025	3250377	0.175284333333333
LG08	3250603	3252055	0.805314333333333
LG08	3253140	3254021	0
LG08	3259074	3263318	0.272259
LG08	3263408	3264297	0.367218
LG08	3264545	3266773	2.56404933333333
LG08	3266808	3268463	1.84774866666667
LG08	3268496	3268801	0.545424333333333
LG08	3269676	3270658	0.74568
LG08	3270801	3277749	1.51473566666667
LG08	3272983	3273513	0
LG08	3278435	3280301	0.766221666666667
LG08	3282742	3283435	2.688564
LG08	3283949	3285363	0.574699
LG08	3285406	3291135	0.549199333333333
LG08	3289912	3290308	0
LG08	3291327	3293652	1.934673
LG08	3293677	3295328	3.65563333333333
LG08	3295425	3297508	1.11373266666667
LG08	3298045	3299432	15.0827396666667
LG08	3299434	3302058	2.36344033333333
LG08	3302410	3308630	1.14140466666667
LG08	3308056	3308854	1.284656
LG08	3309104	3310537	2.196543
LG08	3311096	3314009	7.01831
LG08	3314066	3315109	13.6852426666667
LG08	3315782	3317229	4.841731
LG08	3317293	3319390	12.193424
LG08	3320851	3321777	4.73040066666667
LG08	3321837	3323706	1.14345266666667
LG08	3324726	3325760	49.392946
LG08	3325169	3326851	126.153595
LG08	3327318	3329250	12.7310243333333
LG08	3329342	3329999	0.941214333333333
LG08	3330346	3334079	2.91499366666667
LG08	3334941	3335852	11.112143
LG08	3335921	3336796	2.22111633333333
LG08	3336893	3337453	0.643970333333333
LG08	3370557	3371540	0
LG08	3372945	3377033	0.0461366666666667
LG08	3377502	3378959	0
LG08	3379193	3380874	0
LG08	3382305	3385037	0
LG08	3386069	3386850	2.47991
LG08	3387179	3387842	33.1599133333333
LG08	3389271	3390546	54.8721786666667
LG08	3390783	3391818	14.060071
LG08	3391979	3393336	85.5824203333333
LG08	3396450	3399312	0.349465
LG08	3400151	3401787	0.779514333333333
LG08	3402296	3404214	0.966266
LG08	3404276	3406389	0.150410666666667
LG08	3408154	3408461	0
LG08	3409086	3410343	0.984847
LG08	3417666	3418437	0.331084666666667
LG08	3418718	3420295	2.39969633333333
LG08	3420386	3422516	2.90607933333333
LG08	3422734	3423511	0.9337
LG08	3423895	3426801	0.562062333333333
LG08	3426871	3429462	0.515971
LG08	3429821	3431356	0.785329333333333
LG08	3432559	3436882	0
LG08	3437828	3441384	0
LG08	3442471	3460816	0.149474666666667
LG08	3461067	3463515	1.437915
LG08	3463593	3469156	0.552660333333333
LG08	3469296	3470951	1.34886933333333
LG08	3471730	3472665	7.277288
LG08	3474586	3474960	2.07031633333333
LG08	3476353	3477671	1.091539
LG08	3479592	3482218	0.187720333333333
LG08	3481707	3482284	0.162488333333333
LG08	3483376	3484851	0
LG08	3488387	3489572	0
LG08	3490820	3494033	0
LG08	3494206	3500544	0
LG08	3501178	3501865	0
LG08	3502882	3507219	0
LG08	3508673	3509075	0
LG08	3512069	3514095	0
LG08	3521490	3521852	0.0190283333333333
LG08	3523032	3527911	1.811983
LG08	3533820	3552928	0
LG08	3553512	3554789	1.59172933333333
LG08	3555837	3559538	4.28663766666667
LG08	3561582	3562355	0.254298
LG08	3570290	3573376	0
LG08	3575159	3576676	1.86879766666667
LG08	3576793	3578892	0.322692333333333
LG08	3579961	3608628	4.85828933333333
LG08	3582474	3583252	0.150943333333333
LG08	3588410	3589834	0.793042333333333
LG08	3590824	3591189	2.53399666666667
LG08	3593120	3595524	2.23236433333333
LG08	3595616	3595993	0
LG08	3596215	3598215	0.0122966666666667
LG08	3601540	3603093	1.51033533333333
LG08	3603200	3604249	0.519222666666667
LG08	3604344	3605696	0.579186
LG08	3608693	3609411	0.401953666666667
LG08	3609991	3610550	0.143111333333333
LG08	3614636	3616070	0.0923873333333333
LG08	3616245	3617012	0
LG08	3616246	3617061	0
LG08	3617273	3617971	0
LG08	3618041	3618717	0
LG08	3621126	3621806	0.00935466666666667
LG08	3621848	3622922	0.010228
LG08	3623610	3625071	0.972916333333333
LG08	3625156	3627717	1.48482433333333
LG08	3629573	3631783	10.17374
LG08	3633358	3635531	0.175382333333333
LG08	3636724	3639033	7.88268066666667
LG08	3639284	3640905	2.94557866666667
LG08	3641671	3643184	6.510192
LG08	3643241	3644829	137.039789666667
LG08	3644861	3645791	1.35528633333333
LG08	3645848	3648125	6.64315466666667
LG08	3648596	3649652	1.1824
LG08	3650011	3651149	0.289198333333333
LG08	3651639	3653170	5.84835666666667
LG08	3653664	3655828	12.211209
LG08	3656083	3656889	9.80916133333333
LG08	3658780	3661741	0.285818666666667
LG08	3662226	3662911	0.681608
LG08	3663163	3671067	6.02088833333333
LG08	3671157	3673067	1.84169166666667
LG08	3673555	3677747	21.3769213333333
LG08	3678571	3681952	21.844384
LG08	3682123	3684670	32.8882063333333
LG08	3685023	3685299	0
LG08	3685497	3686462	4.34903833333333
LG08	3687778	3691665	37.2819263333333
LG08	3691667	3692132	0.897969333333333
LG08	3692452	3693819	3.74646433333333
LG08	3694866	3697109	4.567702
LG08	3697152	3697711	0.209841666666667
LG08	3698332	3699191	16.0233853333333
LG08	3700593	3701020	2.85798866666667
LG08	3702391	3704242	12.6365066666667
LG08	3704351	3705902	0.63854
LG08	3705666	3706071	0.0106973333333333
LG08	3706123	3708737	39.627965
LG08	3708813	3709375	5.51184933333333
LG08	3711653	3712740	0
LG08	3715467	3716395	0
LG08	3717929	3721980	0
LG08	3728805	3730566	0
LG08	3751184	3754348	0
LG08	3774272	3775288	0
LG08	3780333	3782729	47.1800153333333
LG08	3782785	3783190	0.010323
LG08	3782946	3784505	0.424255
LG08	3784708	3786352	12.9093576666667
LG08	3787837	3788264	0.0503463333333333
LG08	3789705	3790486	3.68431066666667
LG08	3790651	3791063	0.0657836666666667
LG08	3791146	3791705	0.06657
LG08	3791758	3794090	4.58386866666667
LG08	3795028	3796404	4.621258
LG08	3796729	3797186	0.701412666666667
LG08	3797192	3801070	36.5379703333333
LG08	3802398	3803249	1.22177833333333
LG08	3804469	3805545	0
LG08	3806422	3809002	31.5750823333333
LG08	3809298	3812602	23.0095006666667
LG08	3813401	3814395	12.2904583333333
LG08	3814518	3817568	15.2225046666667
LG08	3818154	3819990	1.63984666666667
LG08	3820080	3827978	5.46330433333333
LG08	3828219	3828923	0.295662
LG08	3829852	3832816	0.0667086666666667
LG08	3835128	3835873	11.639608
LG08	3836179	3837791	14.1068166666667
LG08	3837806	3838481	2.79744366666667
LG08	3838872	3843666	4.54860966666667
LG08	3844267	3845286	0.718632666666667
LG08	3845732	3846861	1.59523566666667
LG08	3847277	3849445	3.80139866666667
LG08	3849780	3855474	1.00604133333333
LG08	3856787	3858366	103.541516666667
LG08	3858410	3860122	6.69328733333333
LG08	3860268	3862527	7.00160766666667
LG08	3863123	3866148	0.225586333333333
LG08	3867533	3869429	4.70196866666667
LG08	3871101	3873673	3.40294366666667
LG08	3873796	3875197	0.501809
LG08	3875911	3877166	0.00635066666666667
LG08	3879087	3879554	0
LG08	3879648	3880963	0
LG08	3881163	3881943	0
LG08	3881996	3883516	0.0374766666666667
LG08	3883873	3889483	0.128312666666667
LG08	388595	390730	0
LG08	3889550	3891799	0.745513666666667
LG08	3892602	3894384	0.253396333333333
LG08	3894646	3896122	2.35041966666667
LG08	3896369	3902024	0.829379
LG08	3902129	3904522	1.512078
LG08	3905213	3907258	0.510825
LG08	3907353	3909111	1.90192633333333
LG08	390870	391858	0
LG08	3910351	3914729	0.858812666666667
LG08	3914774	3916314	1.944686
LG08	3916664	3918161	0.0938433333333333
LG08	3920394	3925553	0
LG08	392487	393895	0
LG08	3925690	3927210	2.66404566666667
LG08	3927220	3929689	8.343948
LG08	3929836	3931356	2.906541
LG08	3931721	3933032	0.198965333333333
LG08	3931911	3932823	0
LG08	3934759	3935410	0.049133
LG08	3939848	3944427	0
LG08	3945803	3949530	0
LG08	3949703	3950593	0
LG08	3953305	3954215	3.31764033333333
LG08	3954245	3956791	5.069574
LG08	3957098	3958310	0.050285
LG08	395744	397190	0
LG08	3958827	3961228	0.781838333333333
LG08	3961365	3963104	2.77050133333333
LG08	3963202	3966300	2.47991666666667
LG08	3968693	3971234	2.960146
LG08	3971551	3973733	2.519051
LG08	3973810	3975388	4.48395066666667
LG08	3975776	3981915	0
LG08	398074	398538	0
LG08	3984838	3986585	0
LG08	398703	399101	0
LG08	3989488	3995066	0.888682333333333
LG08	3995141	3998293	2.78393866666667
LG08	3998296	4000264	0.670004
LG08	4000344	4001901	4.82836133333333
LG08	4003353	4004748	0
LG08	4005655	4010353	0
LG08	4010912	4015290	0
LG08	4015727	4017954	0
LG08	4020022	4024803	0
LG08	402067	403207	0
LG08	4025500	4026294	0.166032333333333
LG08	4027759	4030197	0.369686666666667
LG08	4033777	4038020	0
LG08	4040011	4040985	0
LG08	4060416	4063472	0
LG08	4066758	4067379	0
LG08	4076938	4078039	0
LG08	4082289	4090647	0
LG08	4091359	4092340	0
LG08	4093924	4097151	0.0316093333333333
LG08	4099449	4101117	0.428011666666667
LG08	4101236	4102749	3.569851
LG08	4103121	4105112	0.179685
LG08	4103256	4108875	0.833494
LG08	4108913	4111393	5.28288633333333
LG08	4111633	4113850	1.433786
LG08	4113723	4115265	3.26872833333333
LG08	4120042	4125210	0.522349333333333
LG08	4125332	4127478	2.105781
LG08	4128638	4130639	1.74510333333333
LG08	4130697	4132266	2.79675666666667
LG08	4132761	4138109	0.84754
LG08	4138219	4140799	17.8818436666667
LG08	4141342	4142893	0.938175333333333
LG08	4143667	4146799	0.735263666666667
LG08	4147436	4148634	2.096875
LG08	4149643	4151029	47.0825283333333
LG08	4151023	4152189	14.425342
LG08	4152992	4153497	117.901916666667
LG08	4153733	4156068	17.140925
LG08	4156261	4157046	1.74025766666667
LG08	4157454	4158339	7.49275633333333
LG08	4158418	4159529	9.45091
LG08	4160191	4163924	3.94168633333333
LG08	416369	420640	0
LG08	4164198	4164933	0.297205333333333
LG08	4165012	4166981	16.4463353333333
LG08	4167467	4168083	336.357635333333
LG08	4168514	4169548	63.8535386666667
LG08	4170568	4172423	0.707848666666667
LG08	4175010	4177122	13.7554923333333
LG08	4177165	4178710	6.01418466666667
LG08	4179066	4180104	14.7167336666667
LG08	4180147	4183217	7.62359866666667
LG08	4183578	4184978	3.912826
LG08	4185305	4186095	3.14734066666667
LG08	4186132	4191739	1.406303
LG08	4191916	4193437	2.60505366666667
LG08	4195418	4197250	3.94614833333333
LG08	4197309	4199560	3.00018133333333
LG08	4199729	4205342	0.820264333333333
LG08	4205606	4207059	0.900210333333333
LG08	4207181	4208386	0.355387333333333
LG08	4213171	4215417	0
LG08	4216363	4216917	0
LG08	4218784	4222856	0
LG08	4225687	4226603	0
LG08	4228705	4230398	0
LG08	4230837	4232189	0
LG08	4234825	4235676	6.76377733333333
LG08	423775	424779	0
LG08	4239844	4240740	0.758152666666667
LG08	4241566	4242159	0.0669266666666667
LG08	4243096	4245228	1.03898533333333
LG08	4246586	4246888	0.610094
LG08	4246948	4248959	1.92448733333333
LG08	4255252	4259495	0
LG08	426082	426907	0
LG08	4266166	4267395	0
LG08	4272103	4278077	0
LG08	427334	430020	0
LG08	4282639	4283825	0.189805333333333
LG08	4285794	4286767	0.263598666666667
LG08	4286137	4287221	0.548630333333333
LG08	4287387	4288907	1.67146766666667
LG08	4289003	4291185	2.80283833333333
LG08	4290645	4292834	3.359426
LG08	4292886	4295142	5.17591866666667
LG08	4295385	4301062	1.37090366666667
LG08	4301196	4302641	0.639782666666667
LG08	4302845	4304984	2.46710566666667
LG08	430355	432598	0
LG08	4304995	4306255	1.726632
LG08	4306335	4308187	1.32540866666667
LG08	4308538	4314302	0.718569666666667
LG08	4314925	4316039	0.152583666666667
LG08	4316466	4316744	0
LG08	4318371	4318980	1.01107
LG08	4320621	4322921	1.49249833333333
LG08	4323174	4324864	0.395604
LG08	4326645	4328616	0.137113666666667
LG08	4329754	4331435	0.171818
LG08	4337095	4338569	0.602042666666667
LG08	4338713	4339439	0.350095666666667
LG08	4339788	4340503	0
LG08	4340597	4341714	0
LG08	4342035	4343201	0
LG08	4353848	4354402	0
LG08	4355684	4356172	0
LG08	4356223	4360295	0
LG08	4364731	4368941	0
LG08	4373671	4376995	5.24811
LG08	4377269	4383483	0.1023
LG08	4384413	4387536	0
LG08	4389882	4390700	0.299902333333333
LG08	4393725	4393998	0
LG08	4393871	4394690	0.163980666666667
LG08	4394751	4395204	0.263619
LG08	4394754	4395249	0
LG08	4395583	4396559	0.824762333333333
LG08	4397193	4398661	16.853355
LG08	4398914	4401479	4.43356366666667
LG08	4401901	4407329	0.583975666666667
LG08	4408007	4411182	0
LG08	4412294	4413961	0
LG08	4415924	4416610	4.80966633333333
LG08	4416807	4418887	8.14342666666667
LG08	4419136	4419438	9.871792
LG08	442064	447302	0
LG08	4421777	4423227	0
LG08	4435663	4436343	0
LG08	4437876	4440515	0
LG08	4446352	4447644	6.73583366666667
LG08	4448382	4449795	2.61211033333333
LG08	4450277	4451437	2.489392
LG08	4453322	4455140	0.835491
LG08	4456522	4461442	0
LG08	4467678	4470076	0.103055333333333
LG08	4470412	4471360	0
LG08	4471868	4474215	0
LG08	4475152	4478424	0
LG08	4488046	4490796	0
LG08	449169	450188	0
LG08	4492835	4497678	0
LG08	4513654	4517036	0
LG08	4518918	4520837	0
LG08	4522131	4524237	0
LG08	4524504	4525192	0
LG08	4525602	4528895	0
LG08	4529409	4530442	0
LG08	4531752	4534071	0
LG08	4548292	4548799	0
LG08	4550226	4551016	0
LG08	4551496	4552042	0
LG08	4552254	4553331	3.16043766666667
LG08	4553560	4555382	23.6691556666667
LG08	4555747	4558229	2.93418333333333
LG08	4558261	4561192	0.771235333333333
LG08	4561244	4563960	0.631415
LG08	4562050	4562818	0
LG08	4564691	4569865	0
LG08	4570161	4573904	4.86386266666667
LG08	4576943	4579747	0
LG08	4580643	4582993	0.711441
LG08	4585870	4586226	3.701257
LG08	4586922	4588465	7.466938
LG08	4588563	4590264	3.399567
LG08	4590864	4592950	0.518562
LG08	4594384	4595971	0.271904333333333
LG08	4600828	4602521	0
LG08	4607733	4609130	0
LG08	4610257	4611279	0
LG08	4612153	4614573	0
LG08	4632580	4640967	0
LG08	4651466	4651882	1.280402
LG08	4653070	4653768	4.07497233333333
LG08	4655892	4658154	2.582383
LG08	4662792	4663530	0
LG08	4670624	4673837	0
LG08	4685215	4686262	0
LG08	4687293	4690153	0
LG08	4690783	4692049	0
LG08	4695406	4699317	13.602439
LG08	4699924	4700715	0
LG08	4701380	4703323	0
LG08	4708467	4710232	1.973407
LG08	4711667	4716587	0
LG08	483960	495196	0.114237
LG08	499898	511373	0.382866333333333
LG08	521324	536164	0.107372
LG08	547367	548119	0
LG08	570478	581158	0.0240086666666667
LG08	579747	590229	0
LG08	58510	61361	0
LG08	622765	631697	0
LG08	624948	645904	2.24487966666667
LG08	647052	657712	0
LG08	651181	715885	0.185246333333333
LG08	689033	726740	0.121229
LG08	70876	74060	1.70365366666667
LG08	745269	764120	0.166282333333333
LG08	775265	794130	0.090178
LG08	782419	783276	0.070631
LG08	807586	809300	0.242014
LG08	810293	813724	59.869709
LG08	830105	838180	0
LG08	8424	11681	5.94182033333333
LG08	848069	849218	0
LG08	851476	855504	0
LG08	855864	858770	0
LG08	861425	863212	0
LG08	888573	890434	0
LG08	903498	904192	0
LG08	905530	906577	0
LG08	906744	907533	0
LG08	924258	925708	0
LG08	929184	933308	0
LG08	944400	946962	0
LG08	979266	980717	0
LG08	989425	990207	0
LG08	996846	998254	143.479121
LG08	999061	1001742	78.079361
LG09	1000276	1003657	35.920424
LG09	100132	100446	0.0704163333333333
LG09	1003797	1004469	90.17026
LG09	1004863	1005650	426.569661666667
LG09	1005662	1007025	46.4333076666667
LG09	1007089	1008618	612.538187666667
LG09	1008761	1010736	16.8102963333333
LG09	1010774	1012771	25.672659
LG09	1012839	1014505	23.1517926666667
LG09	1014561	1016610	46.356064
LG09	1016794	1018315	22.487778
LG09	1018332	1019198	22.6265226666667
LG09	1019346	1020232	5.73408333333333
LG09	1020525	1025765	21.3617936666667
LG09	1025953	1029187	4.43664566666667
LG09	102602	104280	3.061103
LG09	1029214	1029774	25.0791803333333
LG09	1030017	1031577	141.603169666667
LG09	1031726	1033266	18.5205733333333
LG09	1033509	1036044	13.1299433333333
LG09	1036048	1039711	31.2449183333333
LG09	1039818	1041902	210.353612333333
LG09	1042088	1049560	22.7954073333333
LG09	1049681	1052898	24.138755
LG09	1052978	1056440	29.464269
LG09	1056468	1059447	5.62188266666667
LG09	1059502	1060295	19.4635456666667
LG09	1060430	1061714	114.266721
LG09	1061961	1065195	30.5861033333333
LG09	1065366	1065725	53.1958846666667
LG09	106571	107512	3.773665
LG09	1065780	1067440	25.3908926666667
LG09	1068026	1072283	21.7650523333333
LG09	1072343	1072842	212.96198
LG09	1073101	1075993	44.5164883333333
LG09	107535	109516	27.837478
LG09	1076685	1077123	1191.10152166667
LG09	1077451	1078264	386.377421
LG09	1078399	1083359	38.8337326666667
LG09	1083516	1086445	9.45068366666667
LG09	1086759	1088639	2.73676266666667
LG09	1089557	1091048	29.9079163333333
LG09	1091186	1091823	77.9135513333333
LG09	1091910	1092537	27.491326
LG09	1092704	1103383	15.8243936666667
LG09	10975	13205	5.42519933333333
LG09	109800	114674	1.85993333333333
LG09	1103731	1104819	43.2565066666667
LG09	1105621	1112090	38.6586796666667
LG09	1112152	1113328	49.7771176666667
LG09	1113340	1114769	27.9839046666667
LG09	1114784	1116621	10.354604
LG09	1115634	1116227	2.54741866666667
LG09	1117056	1119189	7.40126533333333
LG09	1119259	1121253	637.890116333333
LG09	1121444	1122077	45.5168673333333
LG09	1122739	1125363	58.608579
LG09	1126428	1127447	30.2767463333333
LG09	1127892	1130831	54.3518486666667
LG09	1131074	1132746	16.269291
LG09	1132895	1138083	17.415137
LG09	1138269	1139474	135.924321333333
LG09	1139662	1141879	21.475211
LG09	1142108	1143538	294.010528666667
LG09	1143722	1147300	18.2912833333333
LG09	1147576	1148777	11.104813
LG09	1148871	1150966	1.79686033333333
LG09	1151300	1152285	0.835041666666667
LG09	1152828	1154711	1.23004366666667
LG09	1154780	1157500	6.98278433333333
LG09	1157476	1159377	29.019788
LG09	1159545	1159940	1.772242
LG09	1160205	1161527	46.9896796666667
LG09	116090	119990	1.17935333333333
LG09	1161875	1163338	226.089599333333
LG09	1163386	1164032	0.153753666666667
LG09	1164122	1166304	40.6162146666667
LG09	1166577	1167838	4.59638533333333
LG09	1167882	1169430	318.022267666667
LG09	1169632	1173833	14.6499476666667
LG09	1173977	1174756	11.696837
LG09	1175664	1182459	25.2991456666667
LG09	1183304	1184695	13.597879
LG09	1184933	1186388	26.8623023333333
LG09	1186454	1188656	73.5414966666667
LG09	1188812	1190486	231.279709
LG09	1190766	1191811	21.370372
LG09	1192258	1193368	431.710052333333
LG09	1193764	1196136	3.482509
LG09	1198213	1199137	0.640271666666667
LG09	1199170	1201076	78.714841
LG09	1201096	1202436	355.851186
LG09	1202531	1202987	0.172869
LG09	1203702	1206283	21.521412
LG09	120543	122958	15.413081
LG09	1206473	1208979	51.6237666666667
LG09	1209800	1215001	802.941752
LG09	1215104	1217109	19.7541816666667
LG09	1217180	1218254	10.4845326666667
LG09	1218347	1220853	0.611466
LG09	1220877	1224420	19.4172786666667
LG09	1224498	1226357	6.32397233333333
LG09	1227471	1229583	6.80353666666667
LG09	1229686	1231304	240.751409
LG09	1231436	1234216	20.570813
LG09	1234607	1235473	55.666275
LG09	1235747	1236210	40.1505953333333
LG09	1236871	1237884	2.67516166666667
LG09	1238001	1242341	18.8513196666667
LG09	1242633	1246036	55.7651023333333
LG09	124344	124997	0
LG09	124366	125664	4.418565
LG09	1246057	1247009	72.6387683333333
LG09	1247084	1249026	10.4597536666667
LG09	1249348	1255277	59.6381023333333
LG09	1255499	1259378	73.9212366666667
LG09	125762	126500	17.943389
LG09	1259601	1261091	38.274676
LG09	1261320	1262104	156.06485
LG09	1262481	1263706	53.79762
LG09	1263923	1266968	1.52878133333333
LG09	1266961	1269838	9.97218266666667
LG09	126819	127363	93.306643
LG09	1269717	1272622	0.437146333333333
LG09	1272723	1276509	18.6566613333333
LG09	127659	130254	18.6066316666667
LG09	1276619	1277331	1.38820366666667
LG09	1278111	1278908	17.8134313333333
LG09	1279152	1280327	43.825484
LG09	1280997	1282065	17.3924486666667
LG09	1282298	1283282	11.8121806666667
LG09	1283353	1285597	23.415077
LG09	1285907	1290453	11.7136096666667
LG09	1290604	1294274	23.1042893333333
LG09	1294856	1295768	0.625797333333333
LG09	1295867	1299059	30.722028
LG09	1299269	1301257	331.118683
LG09	1301915	1303676	31.3830196666667
LG09	1303783	1306778	23.314602
LG09	1307006	1309238	185.547734666667
LG09	1309531	1310850	28.8805253333333
LG09	1311162	1315659	40.9964763333333
LG09	1315799	1320598	56.336216
LG09	1320761	1322366	10.4001803333333
LG09	1322468	1324305	22.1452433333333
LG09	1324398	1325171	80.4650063333333
LG09	1325297	1326617	28.0438563333333
LG09	132643	136800	0.0841953333333333
LG09	1326938	1331448	238.274541333333
LG09	1331628	1333044	18.606184
LG09	1333017	1335886	9.62133166666667
LG09	1335928	1338807	18.9487316666667
LG09	1340142	1342084	68.3873163333333
LG09	1342390	1343143	0.499745666666667
LG09	1343387	1343957	37.228471
LG09	1344067	1345252	14.945935
LG09	1345421	1348140	13.6502873333333
LG09	1348292	1350640	39.8754033333333
LG09	1350846	1353079	27.7992466666667
LG09	1353478	1357467	21.2038113333333
LG09	1357596	1360089	5.25776766666667
LG09	1360493	1362512	34.958964
LG09	1362667	1363489	180.116913
LG09	1363651	1364342	574.894063333333
LG09	1364527	1367074	71.8874586666667
LG09	1367080	1369243	438.558197
LG09	1369569	1371932	169.135289333333
LG09	1372410	1374342	18.330965
LG09	1374831	1376098	38.6930386666667
LG09	1376201	1379026	73.3729833333333
LG09	1379505	1380696	0
LG09	1380898	1382702	18.6974483333333
LG09	1382942	1388371	11.7040356666667
LG09	1388381	1391817	20.1798546666667
LG09	1392167	1392693	0.338459
LG09	1393727	1397030	60.4064596666667
LG09	13939	15314	4.66659133333333
LG09	139401	142867	0
LG09	1398257	1403538	20.876731
LG09	1403954	1407349	277.180654
LG09	1407795	1408515	30.3061696666667
LG09	1408614	1411396	44.346499
LG09	1411586	1414390	46.304391
LG09	1415012	1423192	23.5922006666667
LG09	1423208	1425015	16.9397646666667
LG09	1425028	1431030	29.6091603333333
LG09	1431684	1432692	5.527461
LG09	1432802	1437487	15.5821773333333
LG09	1437549	1438116	157.175786333333
LG09	1439729	1440839	15.7932676666667
LG09	1440921	1442530	27.5240663333333
LG09	1442587	1446374	33.0532506666667
LG09	1442635	1443588	0
LG09	1446426	1451548	2.78987666666667
LG09	1452271	1456964	51.4171293333333
LG09	1457246	1462398	20.0472526666667
LG09	1462445	1463272	5.79105433333333
LG09	1465353	1466534	47.6474986666667
LG09	1466762	1467339	21.392171
LG09	1467367	1468042	108.229873333333
LG09	1468472	1469489	50.9807143333333
LG09	1469860	1472321	39.313118
LG09	1472933	1474431	9.80686133333333
LG09	1474481	1476560	8.669444
LG09	147618	169069	0
LG09	1478685	1481546	38.7706083333333
LG09	1481528	1484370	26.2797616666667
LG09	1484386	1486543	0.637696666666667
LG09	1487098	1488954	21.1841446666667
LG09	1489073	1490255	14.8609156666667
LG09	1490367	1494128	4.377991
LG09	1494423	1496192	3.181982
LG09	1496682	1497700	275.258697666667
LG09	1498309	1501554	18.0785273333333
LG09	1502734	1503849	1.46438433333333
LG09	1503903	1510211	24.9095423333333
LG09	1511828	1516310	171.981374
LG09	1517064	1518451	3.43711
LG09	1520033	1521650	16.1161666666667
LG09	1522715	1524346	2.594334
LG09	1524944	1525776	0
LG09	1526142	1527549	289.271281
LG09	1527779	1529968	37.5749943333333
LG09	1530040	1531364	0.707874666666667
LG09	1531903	1534763	21.9258866666667
LG09	1535203	1537662	53.680621
LG09	1538233	1541055	16.0409453333333
LG09	1541568	1545865	31.6707363333333
LG09	1546553	1547325	159.398132333333
LG09	1547672	1554883	25.207632
LG09	1555100	1559503	19.5925516666667
LG09	1562166	1563968	6.35423466666667
LG09	1564842	1565513	46.9389036666667
LG09	1565867	1568660	0.777453333333333
LG09	1568661	1569376	21.219232
LG09	1569760	1571260	73.317032
LG09	1571433	1574453	21.7161546666667
LG09	1575838	1576314	15.1112746666667
LG09	1577094	1578815	1.502115
LG09	1579076	1581176	36.4852066666667
LG09	1581948	1589122	32.0945076666667
LG09	1589822	1591158	0.501774333333333
LG09	1591651	1605910	34.948194
LG09	15954	17737	2.47877
LG09	1607117	1609291	0.757995333333333
LG09	1609997	1613051	62.5886893333333
LG09	1613556	1615472	31.603761
LG09	1615555	1620193	19.6882653333333
LG09	1620556	1622673	776.701680666667
LG09	1622764	1623465	108.315371333333
LG09	1623550	1625576	121.651018666667
LG09	1625739	1626037	371.69162
LG09	1626239	1627840	36.3130046666667
LG09	1628011	1629045	71.066111
LG09	1629742	1631381	5.002736
LG09	1631393	1633290	14.0033033333333
LG09	1633290	1637967	14.403904
LG09	1638856	1646030	63.2952816666667
LG09	1646746	1653218	39.2276266666667
LG09	1653810	1655899	116.675417666667
LG09	1656331	1658596	63.0763436666667
LG09	1658996	1660330	29.1278303333333
LG09	1661115	1662565	21.545147
LG09	1662670	1667415	52.759847
LG09	1668048	1669687	132.694789
LG09	1669841	1671225	15.9460026666667
LG09	1671498	1672908	27.7181486666667
LG09	1673216	1675014	8.578751
LG09	1675205	1676601	40.8016473333333
LG09	1677534	1680281	48.1262716666667
LG09	1680905	1681837	11.252404
LG09	1682232	1685465	15.480388
LG09	1685571	1687109	9.70861733333333
LG09	1687147	1691360	6.69961066666667
LG09	1691511	1693365	47.5207416666667
LG09	1693442	1696351	51.7565726666667
LG09	1696458	1699291	21.8544073333333
LG09	1699493	1705628	66.139379
LG09	1705772	1706912	30.956648
LG09	1707240	1709453	14.6995126666667
LG09	1709918	1712237	10.6900346666667
LG09	1712379	1714896	29.5986063333333
LG09	1715483	1717995	171.885752333333
LG09	1718009	1718358	0.271185
LG09	1718401	1721524	265.123423333333
LG09	172286	173172	0
LG09	1723539	1725468	54.714101
LG09	174556	175012	0
LG09	1756018	1757220	0
LG09	1757290	1758360	0
LG09	176176	176887	0
LG09	1764753	1765478	0
LG09	1783928	1784485	0
LG09	179357	181150	0
LG09	1797028	1797403	0
LG09	1804298	1804786	0
LG09	181740	188543	0.194008666666667
LG09	1821215	1821955	0
LG09	1828723	1830480	0
LG09	1836985	1840516	0.0237513333333333
LG09	1843531	1848280	24.178165
LG09	1848529	1850227	3387.58569333333
LG09	1850383	1853841	15.4524026666667
LG09	1854012	1858007	27.1547936666667
LG09	1858095	1860801	15.673096
LG09	1860977	1863141	30.9418443333333
LG09	1863329	1864943	22.4800586666667
LG09	1865098	1866219	47.2465553333333
LG09	1866274	1868156	10.6332406666667
LG09	1868893	1870523	38.6989413333333
LG09	1871038	1875053	16.5576773333333
LG09	18727	21730	137.487305
LG09	1875077	1876948	29.8506273333333
LG09	1878330	1878860	59.298804
LG09	1879145	1881614	17.602827
LG09	1881779	1884697	34.4862253333333
LG09	1885487	1886044	9.67883466666667
LG09	1887623	1888967	0.282866666666667
LG09	1889407	1890538	0
LG09	1892301	1893086	22.3840346666667
LG09	1893974	1901947	44.8401286666667
LG09	1903074	1906004	82.9808956666667
LG09	190593	193573	10.313315
LG09	1906324	1908415	193.795288333333
LG09	1908425	1913333	30.808756
LG09	1913487	1914571	176.685007666667
LG09	1914839	1915695	32.3226723333333
LG09	1915799	1917127	21.5862876666667
LG09	1917236	1919492	7.33189
LG09	1921189	1922593	0.206765
LG09	1923255	1926158	27.0882716666667
LG09	1926643	1933000	12.5569306666667
LG09	1933788	1934378	0.040147
LG09	1935123	1937611	22.9718176666667
LG09	1940283	1943834	24.1045866666667
LG09	1940374	1941756	0
LG09	194064	196555	4.14832133333333
LG09	1943852	1945346	22.377414
LG09	1945754	1948858	38.124808
LG09	1948953	1949552	430.598002333333
LG09	1949708	1950131	445.005615
LG09	1950652	1952978	8.249405
LG09	1954136	1956631	26.3994876666667
LG09	1957275	1958961	63.49042
LG09	1959109	1960448	127.418823333333
LG09	1960532	1961342	65.0532173333333
LG09	1961366	1962595	266.270345
LG09	1964630	1966892	2.03963866666667
LG09	196693	198441	25.6554556666667
LG09	1969772	1970482	2.16879033333333
LG09	1969808	1970476	0.924649
LG09	1970492	1973406	59.1218706666667
LG09	1973579	1974172	0.061712
LG09	1974732	1976462	17.4262106666667
LG09	1976533	1977983	0.967648333333333
LG09	1978395	1983057	0.0796
LG09	198599	203817	7.888039
LG09	1991537	1994695	0
LG09	2000232	2001913	0
LG09	2003344	2006064	0
LG09	2006694	2017356	3.53344866666667
LG09	2017482	2018204	3.15797466666667
LG09	2018890	2020319	0.595891666666667
LG09	2020369	2023255	12.4706043333333
LG09	2023367	2025564	63.9188803333333
LG09	2025868	2031258	49.1190416666667
LG09	2032353	2033557	79.738912
LG09	2034143	2038874	9.976863
LG09	2040469	2042216	0.620542333333333
LG09	2042494	2050443	165.977203333333
LG09	204478	205128	7.02739733333333
LG09	2054351	2054794	13.9038906666667
LG09	205449	208419	141.517191666667
LG09	2055290	2059329	11.9817726666667
LG09	2059403	2060863	22.1332823333333
LG09	2060930	2062502	16.60214
LG09	2062666	2064588	5.51799266666667
LG09	2065402	2066129	0.260174
LG09	2066458	2067859	25.961248
LG09	2068115	2069851	29.2628673333333
LG09	2070481	2071602	32.966618
LG09	2072321	2072593	0.770109
LG09	2073552	2076866	2.49015533333333
LG09	2077152	2078019	83.9465813333333
LG09	2078042	2079251	1.12565766666667
LG09	2078664	2079251	0.00147033333333333
LG09	2080413	2082668	14.6849123333333
LG09	2083222	2084953	23.5119273333333
LG09	2085200	2089003	45.4651476666667
LG09	208563	209097	0
LG09	2089107	2089656	0.476625666666667
LG09	2089551	2091898	0.088292
LG09	2089703	2091781	0.426224
LG09	2092446	2094302	52.1195743333333
LG09	209288	211998	0
LG09	2094421	2095500	6.15965333333333
LG09	2096578	2098875	25.21908
LG09	2099259	2099696	0.863468
LG09	2099862	2101802	451.867106
LG09	2103576	2103951	15.2025313333333
LG09	2106061	2106545	8.23608533333333
LG09	2106780	2108151	2.149789
LG09	2108155	2109474	24.482951
LG09	2109639	2111498	0.053881
LG09	2112438	2113660	44.8012036666667
LG09	2115848	2118097	1.34330766666667
LG09	2118607	2123668	0.0104906666666667
LG09	2123883	2126529	0
LG09	2127435	2129683	0.681920333333333
LG09	212959	225244	0
LG09	2130595	2131974	193.920201333333
LG09	2132032	2134072	5.21407433333333
LG09	2134147	2135168	34.0398576666667
LG09	2135695	2136332	54.640658
LG09	2136876	2137908	21.9939363333333
LG09	2138048	2139855	14.5759753333333
LG09	2140722	2143450	29.488147
LG09	2144676	2147642	9.67499666666667
LG09	2148420	2149487	154.709477666667
LG09	2149687	2152646	17.5606556666667
LG09	2152885	2154164	6.688774
LG09	2155003	2155334	0.131567333333333
LG09	2155559	2156749	0.345335666666667
LG09	2157227	2162029	2.157016
LG09	2162738	2164093	2.20768766666667
LG09	2164144	2164427	0.782371333333333
LG09	2164494	2166579	13.1965983333333
LG09	2166829	2167710	0.147195333333333
LG09	2167819	2168235	0.328926333333333
LG09	2168336	2169366	0.634792333333333
LG09	2169433	2174420	2.68815333333333
LG09	2176353	2177151	29.8717326666667
LG09	2177135	2183351	14.51112
LG09	2184572	2185331	0.0447383333333333
LG09	2185751	2187335	0.0245836666666667
LG09	2187705	2191236	0.014762
LG09	2192995	2194161	0.184150333333333
LG09	2193654	2194079	0
LG09	2194718	2194994	64.3704833333333
LG09	2195257	2196356	50.3422116666667
LG09	2196498	2199404	74.1744586666667
LG09	2199463	2200737	143.209050333333
LG09	2201288	2201922	2.34919366666667
LG09	22027	24238	6.654193
LG09	2203150	2204202	0.453429
LG09	2204728	2207055	38.5763026666667
LG09	2207395	2209676	19.5466593333333
LG09	2210675	2211405	0.26001
LG09	2211726	2212628	0.53712
LG09	2213711	2214990	6.861638
LG09	2214991	2215545	83.2894516666667
LG09	2215745	2218629	240.245905666667
LG09	2219096	2221448	6.78437933333333
LG09	2221597	2224914	95.9479193333333
LG09	2226638	2227380	57.0929066666667
LG09	2227650	2229257	4.112426
LG09	2229317	2232736	28.8588383333333
LG09	2232992	2233572	0.456401
LG09	2234333	2237874	44.740865
LG09	2238248	2240479	14.583319
LG09	2241051	2243751	155.654586666667
LG09	2244169	2245543	0.136358
LG09	2245908	2248635	8.399347
LG09	2248737	2252580	5.170615
LG09	2253000	2253719	0.114437
LG09	2254016	2256582	0.369188666666667
LG09	225478	226931	0
LG09	2257446	2259237	93.6823046666667
LG09	2259705	2262786	54.9233513333333
LG09	2263085	2263321	32.4818196666667
LG09	2264212	2267364	1.77485366666667
LG09	2268136	2270405	1.27759266666667
LG09	2270780	2272603	20.6039393333333
LG09	2272710	2274739	23.266255
LG09	2274880	2276354	47.4895386666667
LG09	2276459	2277573	36.1650976666667
LG09	228039	229661	2.222365
LG09	2281004	2281818	1.59418833333333
LG09	2282265	2287230	3.204406
LG09	2287725	2288975	0.891589
LG09	2288369	2288693	0.010788
LG09	2289038	2292654	4.41077866666667
LG09	2292803	2295290	36.4801163333333
LG09	2295393	2296063	44.8421633333333
LG09	2296447	2300850	45.8474973333333
LG09	2301099	2303964	14.022837
LG09	2304104	2305660	144.516408
LG09	230474	232022	0.363395666666667
LG09	2305850	2307762	23.980012
LG09	2307784	2308539	0.0248863333333333
LG09	2309249	2310272	30.732938
LG09	2310787	2314551	129.839266333333
LG09	2315191	2317340	6.65705966666667
LG09	2319547	2322437	16.1511906666667
LG09	2322842	2324158	10.5175496666667
LG09	2324202	2324831	0.232956333333333
LG09	2325039	2326511	82.8548176666667
LG09	2326697	2332848	3.40610433333333
LG09	232701	234379	3.80587433333333
LG09	2332936	2336784	5.65051533333333
LG09	2337137	2352177	131.210993333333
LG09	234787	236645	3.758383
LG09	2352453	2353567	0.325958666666667
LG09	2353784	2355532	15.7280756666667
LG09	2354688	2355456	0
LG09	2355618	2357507	19.6747026666667
LG09	2357939	2359453	19.4110533333333
LG09	2359833	2360849	424.713745333333
LG09	2360973	2361252	10.2971843333333
LG09	2361558	2364697	65.112971
LG09	2365261	2366135	0.100726666666667
LG09	2365486	2366015	0
LG09	2366241	2367056	0.044572
LG09	2367347	2368559	19.691627
LG09	2370641	2372972	121.361852
LG09	2373051	2375281	30.8531733333333
LG09	237341	238961	50.2815806666667
LG09	2375411	2376600	5.66324366666667
LG09	2377765	2382368	6.00659733333333
LG09	2382554	2384239	19.9625533333333
LG09	2384331	2386277	46.6063983333333
LG09	2386406	2388257	4.02677866666667
LG09	2389683	2391512	1.76230533333333
LG09	2392082	2394458	15.6792753333333
LG09	2394556	2395185	0.133215
LG09	2395404	2396306	0.235549666666667
LG09	2396532	2397249	958.064799
LG09	2397447	2397932	79.454107
LG09	2398417	2399121	11.377436
LG09	2399833	2401595	10.384814
LG09	2401607	2406900	11.86552
LG09	240525	241547	0
LG09	2406954	2407703	1.36165166666667
LG09	2408193	2411062	8.35818533333333
LG09	2414141	2417610	0.914937333333333
LG09	2418621	2424466	3.524106
LG09	2425315	2425619	1.46733766666667
LG09	2425889	2427490	2.231202
LG09	242889	243726	0
LG09	2429340	2434535	4.10069466666667
LG09	2435317	2437739	0
LG09	2438191	2439543	0.475850333333333
LG09	2442187	2445522	0
LG09	244870	252224	0
LG09	2451382	2455789	0
LG09	2456111	2456407	0
LG09	2456750	2459875	6.91004766666667
LG09	2461183	2464459	2.177355
LG09	2465348	2470513	7.10995966666667
LG09	2471249	2474644	7.69240733333333
LG09	2475266	2477787	8.35611433333333
LG09	2477877	2480787	2.08009466666667
LG09	2478338	2480476	0.0743613333333333
LG09	2480875	2483709	65.4533003333333
LG09	2484223	2486678	16.204124
LG09	24848	29851	1.999311
LG09	2486681	2488384	112.249906
LG09	2490377	2492616	9.29240733333333
LG09	2492990	2493312	0
LG09	2493244	2494123	0
LG09	2495437	2496386	13.595936
LG09	2496720	2499569	7.10119
LG09	2500569	2503778	146.126007333333
LG09	2505544	2507984	76.897217
LG09	2507992	2510379	9.758665
LG09	2510487	2514243	0.550698333333333
LG09	2514526	2515573	0.416099666666667
LG09	2516419	2518417	70.3861923333333
LG09	2518755	2520117	68.280055
LG09	2520533	2523000	12.3611876666667
LG09	2523208	2525130	3.971975
LG09	2525383	2527682	151.731628666667
LG09	252687	258191	0
LG09	2528277	2528850	49.833261
LG09	2528964	2530177	5.92766233333333
LG09	2531340	2534867	2.96321033333333
LG09	2535764	2536824	13.373495
LG09	2537006	2538776	88.4827116666667
LG09	2539591	2540617	0.220794666666667
LG09	2543066	2544127	268.592102333333
LG09	2548383	2549609	2.229404
LG09	2554828	2558838	0
LG09	2584226	2586418	4.30203633333333
LG09	258522	258778	0
LG09	2586891	2589041	9.91690266666667
LG09	2589473	2590072	4.00787
LG09	2590540	2595766	4.21659466666667
LG09	259113	260835	1.050965
LG09	2595870	2598922	1.95117366666667
LG09	2599021	2600617	7.40656733333333
LG09	2604675	2607664	0.823946
LG09	2609753	2611011	0
LG09	2612185	2615807	0
LG09	261576	262590	0.218976333333333
LG09	2616507	2619954	0
LG09	2623277	2624848	0
LG09	2625251	2626068	0
LG09	2630099	2637466	0
LG09	263184	263853	2.285142
LG09	264179	270584	22.5778183333333
LG09	2649888	2650907	0
LG09	2652217	2652807	1.07498033333333
LG09	2653942	2654200	0
LG09	2658237	2662863	3.635393
LG09	2662966	2663402	4.43802333333333
LG09	2663874	2669227	1.88844866666667
LG09	2666119	2666447	0.00197033333333333
LG09	2675788	2676567	0
LG09	2703370	2703930	0
LG09	270842	276738	0.852669
LG09	2710275	2712035	0
LG09	2716121	2716687	0
LG09	2738387	2740009	6.74965966666667
LG09	2741051	2743078	10.140668
LG09	2743149	2744202	13.1298413333333
LG09	2744525	2748870	2.979812
LG09	2755558	2759981	0
LG09	2764692	2767913	0
LG09	2770650	2771815	0.0324026666666667
LG09	2770693	2773631	7.71243733333333
LG09	277307	278622	0
LG09	2774170	2774369	3.11475333333333
LG09	2775644	2778632	2.182738
LG09	2779335	2781429	0.241565
LG09	2781777	2783086	0.0321443333333333
LG09	2783445	2784221	0.0177416666666667
LG09	2785689	2787474	34.5960716666667
LG09	2789000	2791763	13.7811813333333
LG09	2792423	2795252	7.256625
LG09	2796023	2796512	0.412409333333333
LG09	2798347	2799759	0.0231863333333333
LG09	2800418	2803202	9.29991966666667
LG09	2803402	2805016	9.782529
LG09	2806011	2811716	1.46565766666667
LG09	280675	285587	3.486622
LG09	2811774	2813572	0.132272333333333
LG09	2815171	2815686	0
LG09	2815937	2816919	0.0437646666666667
LG09	2821393	2823097	0
LG09	2840617	2842563	0
LG09	2845186	2848521	0
LG09	2854762	2857172	2.59263766666667
LG09	285713	287789	7.97220166666667
LG09	2857446	2859197	0.385516
LG09	2859723	2861031	1.99819066666667
LG09	2861297	2864791	2.080444
LG09	2865241	2865967	1.701342
LG09	2866467	2866750	3.705737
LG09	2867451	2867880	1.719527
LG09	2868021	2869324	27.736688
LG09	2870236	2872442	2.92107366666667
LG09	2873117	2873931	0.110233333333333
LG09	2873126	2874047	0.605752666666667
LG09	2874176	2876321	0.115730666666667
LG09	2877376	2880268	0
LG09	288248	289844	2.07770933333333
LG09	2882597	2883557	0
LG09	2894973	2899130	0.745311
LG09	2895867	2897143	0
LG09	2899800	2900105	0
LG09	2900192	2901979	242.730585333333
LG09	2905146	2905805	3.85529866666667
LG09	2906847	2908037	26.2156043333333
LG09	2908890	2909686	0.106822333333333
LG09	2909959	2911303	112.078715
LG09	2911415	2912983	28.5771593333333
LG09	2913203	2915024	6.540264
LG09	2915310	2917643	0
LG09	2917916	2920513	0.063992
LG09	2922154	2925632	0
LG09	2926873	2927631	0
LG09	2928009	2929352	15.741535
LG09	2929569	2930669	9.90480033333333
LG09	2931071	2931589	0.218248333333333
LG09	2931709	2935028	12.7586696666667
LG09	2935104	2938504	11.5450613333333
LG09	2938542	2940861	39.1671993333333
LG09	2941104	2943256	1.69745733333333
LG09	2948013	2950562	4.240373
LG09	2950587	2953210	5.21250866666667
LG09	2954478	2960560	2.52192966666667
LG09	2961594	2962890	0.0890383333333333
LG09	2963393	2964824	0
LG09	2966462	2971069	0.144373
LG09	2971496	2973112	0.399957
LG09	298931	300138	0
LG09	312667	313795	0
LG09	32198	33961	22.147169
LG09	327312	334337	0
LG09	334374	334934	0.315307666666667
LG09	335498	336869	1.38702433333333
LG09	336970	343188	6.88855166666667
LG09	34147	35533	0.424459
LG09	349478	350407	0
LG09	352828	357880	5.749822
LG09	35800	36564	0.172268333333333
LG09	358343	359950	13.8468786666667
LG09	360345	366463	3.19359
LG09	36784	39267	3.96882033333333
LG09	369919	374322	0
LG09	378509	384389	0
LG09	394526	397540	0
LG09	397715	398893	0
LG09	402457	403594	0
LG09	404790	407322	0
LG09	40483	44934	41.910623
LG09	414703	416375	0
LG09	419504	419814	0.0640076666666667
LG09	420526	421155	0.130614333333333
LG09	425473	426951	0.147262
LG09	434291	438510	0
LG09	441341	444559	0
LG09	44981	48512	5.29787966666667
LG09	458485	463644	2.72856766666667
LG09	458506	460627	0.00569733333333333
LG09	463793	465922	45.789192
LG09	4659	6799	11.8800746666667
LG09	467734	468040	0
LG09	468303	469322	793.893493666667
LG09	470670	471751	1.12920466666667
LG09	473101	473993	2.34321033333333
LG09	473997	477366	34.2707443333333
LG09	477673	479160	3.88124666666667
LG09	479599	482158	14.0694176666667
LG09	481664	485890	25.3622016666667
LG09	485926	486713	37.457072
LG09	48637	51405	14.575801
LG09	488806	489242	2.17640766666667
LG09	489355	493273	12.9699933333333
LG09	493480	494364	0.153157
LG09	495106	496438	0.217228666666667
LG09	497215	500420	7.54030433333333
LG09	500844	503474	33.7081373333333
LG09	503776	505229	230.413940333333
LG09	507123	508702	0.171049333333333
LG09	509081	513073	28.2486293333333
LG09	514127	514811	0
LG09	51449	52364	4.33300266666667
LG09	515998	517402	38.3772226666667
LG09	517477	517878	0.248779333333333
LG09	517928	519460	4.47923266666667
LG09	520803	522317	6.78825733333333
LG09	523480	524994	3.81991666666667
LG09	52495	55769	0.478196
LG09	525690	527306	117.233889333333
LG09	527462	527751	0.0657836666666667
LG09	528054	541002	2.35825966666667
LG09	549303	551782	1.23374233333333
LG09	549766	551814	0.411560666666667
LG09	553116	555469	9.38407933333333
LG09	556002	557884	69.5738523333333
LG09	558221	563178	1.98546633333333
LG09	55985	56511	0.286395666666667
LG09	563239	564019	1.074298
LG09	564114	569083	2.32421133333333
LG09	570255	572710	60.8701096666667
LG09	572281	573166	0.180125666666667
LG09	573754	575433	5.97854933333333
LG09	575580	577277	6.01141566666667
LG09	57651	58787	2.18686933333333
LG09	577437	580717	8.092855
LG09	580939	581931	4.50530266666667
LG09	582469	584991	11.0100786666667
LG09	585066	589936	43.167492
LG09	589975	590933	2.18728666666667
LG09	591186	594006	0.00838133333333333
LG09	594500	596644	1.863161
LG09	597865	598459	0.839894
LG09	598836	601061	1.243593
LG09	60264	61434	8.29861533333333
LG09	603279	605668	1.16168233333333
LG09	608440	609185	132.787058333333
LG09	610363	611239	371.141591333333
LG09	611763	613630	12.0424516666667
LG09	613913	615359	11.7769613333333
LG09	615839	618056	7.45414666666667
LG09	618484	620139	1.416477
LG09	621141	622010	0.0664573333333333
LG09	62193	63443	1.582448
LG09	623588	625769	13.6710966666667
LG09	626348	628183	28.0091716666667
LG09	629529	631504	35.5997416666667
LG09	632320	633123	0.103774666666667
LG09	633643	636788	1.828899
LG09	637184	638840	1.78134233333333
LG09	638901	640910	10.0731756666667
LG09	640969	642037	0.96139
LG09	642466	651601	40.613701
LG09	651665	652271	0.843692
LG09	652860	653416	0.0845626666666667
LG09	653458	655127	44.2991626666667
LG09	65400	69255	25.7847393333333
LG09	656340	657887	22.3001103333333
LG09	658353	659124	0.493742333333333
LG09	659387	660739	446.627695666667
LG09	661046	666605	280.921752666667
LG09	668145	668882	14.500567
LG09	669709	671806	13.4282923333333
LG09	672421	674266	0.999579666666667
LG09	674917	676613	84.7553076666667
LG09	677602	679261	57.5655313333333
LG09	680517	684156	14.0633876666667
LG09	684417	685981	24.7738966666667
LG09	692402	694404	0
LG09	69952	70741	0
LG09	71264	73216	0
LG09	716407	717395	0.0212223333333333
LG09	718227	718952	0
LG09	719882	722568	38.5197666666667
LG09	722765	731676	18.5377926666667
LG09	731781	734573	3.28476
LG09	734647	735119	1.167781
LG09	735198	737535	36.186773
LG09	737828	742948	22.863768
LG09	743141	744306	12.109686
LG09	744677	745023	0.256594333333333
LG09	746353	748798	96.290314
LG09	748767	751570	32.4419763333333
LG09	751634	754023	54.3819163333333
LG09	754591	755324	113.231229333333
LG09	755419	756032	0
LG09	755534	757118	0.30564
LG09	758137	761245	39.4502956666667
LG09	761396	763076	37.3213973333333
LG09	763114	764984	0.389773333333333
LG09	765342	766899	21.775861
LG09	767308	768480	0.314118
LG09	768935	777034	23.084023
LG09	778103	780305	1.09308333333333
LG09	781155	785873	22.932111
LG09	786625	788732	74.8275046666667
LG09	789267	793887	156.592758333333
LG09	794261	796819	12.7237516666667
LG09	797247	798237	0.133031
LG09	798782	799632	0.314684
LG09	799003	799947	9.58364633333333
LG09	799751	800477	0.408353666666667
LG09	800799	811557	3.979683
LG09	811797	814107	0.381186333333333
LG09	814841	817325	11.6112313333333
LG09	817442	819518	6.62808666666667
LG09	821092	824026	245.667668666667
LG09	824185	824790	0.461679
LG09	824923	827293	10.090833
LG09	827403	837942	9.18244866666667
LG09	838291	838991	32.6941263333333
LG09	839035	845979	16.5284036666667
LG09	846212	848805	37.6956063333333
LG09	84723	85285	0
LG09	848827	850707	6.42622966666667
LG09	850940	851629	3.96559333333333
LG09	852227	853521	26.6739256666667
LG09	853727	857522	12.0924023333333
LG09	857799	859905	2.55259466666667
LG09	859972	861988	7.71254666666667
LG09	862057	866294	34.2206816666667
LG09	868348	869280	233.599624666667
LG09	869576	873124	47.1978606666667
LG09	873350	874177	192.778544333333
LG09	874291	875834	2.43291533333333
LG09	876660	882194	8.462666
LG09	87926	89656	0
LG09	882560	885010	4.18024233333333
LG09	882564	884796	2.92688633333333
LG09	885083	886760	74.7070743333333
LG09	887615	888345	0.51048
LG09	888466	890809	16.9218106666667
LG09	891231	894504	11.805837
LG09	894734	898020	11.595602
LG09	898152	899813	9.493386
LG09	899988	903964	34.5705946666667
LG09	904337	906797	52.3473753333333
LG09	907024	907554	130.164103333333
LG09	908909	909633	0.0206096666666667
LG09	910489	911770	1.277679
LG09	912301	914258	7.37706633333333
LG09	914431	922273	37.6810216666667
LG09	91447	93594	0
LG09	9160	10598	12.7961936666667
LG09	923191	924456	0.912091666666667
LG09	924842	926421	190.064519
LG09	926555	928596	71.663213
LG09	928949	931098	85.0533013333333
LG09	932726	934619	66.899541
LG09	934807	936804	15.88637
LG09	938372	941006	0.716848333333333
LG09	940869	942088	15.003695
LG09	942193	947867	45.0508663333333
LG09	94345	96268	3.836009
LG09	949369	951968	39.5741933333333
LG09	952061	954249	52.059231
LG09	954358	955983	33.1678256666667
LG09	956964	960330	21.8580806666667
LG09	960858	963531	10.235677
LG09	96269	99990	29.4959893333333
LG09	963617	966375	21.2481086666667
LG09	966641	968519	15.5833703333333
LG09	968654	970118	33.946846
LG09	970211	977106	26.3597146666667
LG09	977211	979835	69.9842453333333
LG09	980061	980845	0.156309
LG09	981198	983705	106.286481
LG09	984003	985950	1.52073533333333
LG09	986152	988145	16.8861313333333
LG09	989208	993216	43.5921083333333
LG09	993491	995023	11.4438316666667
LG09	995070	995627	17.8909926666667
LG09	996000	998364	9.929454
LG09	998516	1000213	15.866362
LG10	1008903	1010762	2.29210466666667
LG10	1010780	1016826	15.620238
LG10	1018418	1023015	8.55728866666667
LG10	1023087	1023425	0.046846
LG10	1024133	1024464	0.105858666666667
LG10	1028355	1029377	0
LG10	1035249	1036040	0
LG10	1040310	1041607	18.3967926666667
LG10	1041725	1043414	2.54996033333333
LG10	1043692	1045521	6.08296
LG10	1045911	1048265	6.002893
LG10	1048399	1050716	61.9961953333333
LG10	1051438	1052743	63.976846
LG10	1053600	1055804	34.3445766666667
LG10	1068622	1080958	0
LG10	1084458	1087288	0
LG10	1087470	1090235	43.3058676666667
LG10	1090770	1094484	4.23959933333333
LG10	1094552	1095302	0.289258
LG10	1095558	1097570	41.8676746666667
LG10	1098053	1100289	19.034193
LG10	1100589	1102827	10.5155306666667
LG10	1103093	1105761	111.958369
LG10	1106774	1107415	0.257829333333333
LG10	1108463	1110123	74.9463146666667
LG10	1112134	1113273	24.699056
LG10	1113587	1114328	1.697341
LG10	1114353	1115378	10.9646536666667
LG10	1115644	1116493	5.12290066666667
LG10	1116895	1118260	7.46328333333333
LG10	1118507	1119843	11.190535
LG10	1120508	1124228	56.551777
LG10	1124878	1128122	56.6338893333333
LG10	1128446	1129158	16.502134
LG10	1129326	1129841	2.795934
LG10	1131671	1134343	0.191414666666667
LG10	1134886	1136450	5.42584566666667
LG10	1136835	1140324	19.3326096666667
LG10	1140843	1143995	7.31475633333333
LG10	1144779	1145906	7.10915766666667
LG10	1146893	1148126	67.2285283333333
LG10	1148349	1150875	121.919416
LG10	1151040	1153548	23.8643216666667
LG10	1154394	1155944	0.013478
LG10	1158931	1159725	4.06710366666667
LG10	1159955	1160519	0
LG10	1161108	1161757	2.02666433333333
LG10	1162089	1163496	84.6493836666667
LG10	1163858	1165586	32.314918
LG10	1165856	1166589	81.919698
LG10	1166710	1169732	10.511202
LG10	1170016	1172501	22.8687903333333
LG10	1172728	1174551	11.342348
LG10	1174588	1176074	14.3719886666667
LG10	1176376	1181715	13.71365
LG10	1181829	1185201	18.7925456666667
LG10	1185338	1187408	19.0323823333333
LG10	1190192	1192091	58.027228
LG10	1192082	1193175	104.426274333333
LG10	1194109	1194528	0.556149666666667
LG10	1194769	1196273	32.866675
LG10	1196351	1198138	3.532733
LG10	1198297	1198899	6.170313
LG10	1199657	1200720	1.58558466666667
LG10	1202202	1203258	0.150112333333333
LG10	1203456	1207156	11.4392956666667
LG10	1207863	1208677	0.577939
LG10	1208916	1211111	13.2553446666667
LG10	1211308	1215113	100.291974333333
LG10	1215160	1223264	7.54004433333333
LG10	1223945	1226020	85.046112
LG10	1226086	1228236	177.854055
LG10	1228267	1230314	150.875539333333
LG10	1230722	1231095	0.01487
LG10	1230756	1235046	4.818362
LG10	1233514	1234930	0.0362383333333333
LG10	1235047	1239663	17.6489466666667
LG10	1241820	1242499	1.98537766666667
LG10	1242451	1242841	0.190555666666667
LG10	1242991	1246611	2.58433833333333
LG10	1249721	1259832	13.8527293333333
LG10	1260235	1260487	1.85409933333333
LG10	1263162	1264950	7.379381
LG10	1265305	1270108	14.6371333333333
LG10	1270375	1271943	0.937132
LG10	1271972	1274692	19.3990246666667
LG10	1275766	1278202	18.153281
LG10	1278274	1283885	9.30522966666667
LG10	1283813	1286712	42.4956093333333
LG10	1287189	1287605	138.295146
LG10	1287767	1290640	41.515863
LG10	1290840	1292396	43.8429833333333
LG10	1292524	1295982	19.3690383333333
LG10	1296311	1300309	5.36385266666667
LG10	1301677	1303786	3.38136133333333
LG10	1303907	1305721	60.0800173333333
LG10	1305820	1307409	209.069102
LG10	1307680	1308699	106.601117666667
LG10	1308722	1309085	0.890441
LG10	130984	135728	0
LG10	1310247	1311193	22.9571233333333
LG10	1312814	1314037	12.4237906666667
LG10	1314474	1315368	16.1948083333333
LG10	1316845	1317603	28.2420813333333
LG10	1317968	1322345	2.48105733333333
LG10	1322372	1324543	21.0265116666667
LG10	1324555	1327287	111.096723
LG10	1327497	1329154	139.675684666667
LG10	1329506	1331887	30.7461203333333
LG10	1332334	1333296	0.471355666666667
LG10	1333880	1335622	49.0250953333333
LG10	1335798	1337101	29.8479856666667
LG10	1338085	1341572	12.0973546666667
LG10	1342472	1349010	78.605428
LG10	1350341	1351719	87.6473236666667
LG10	1353889	1356018	2.95884733333333
LG10	1357624	1359477	25.5471186666667
LG10	1360176	1369430	18.7550486666667
LG10	1369561	1371035	101.109286
LG10	1371051	1373099	20.527676
LG10	1374219	1375025	7.59494933333333
LG10	1375616	1377061	4.08443333333333
LG10	1377748	1378685	0.200732333333333
LG10	1379254	1384534	15.8263043333333
LG10	1384808	1385404	20.2176186666667
LG10	1385644	1388093	8.61678433333333
LG10	1388113	1388547	82.1981276666667
LG10	1388860	1389189	328.915089666667
LG10	1389364	1390243	10.178898
LG10	1390386	1391920	10.5962403333333
LG10	1391936	1392660	4.35493433333333
LG10	1393248	1394202	95.34184
LG10	1394263	1394980	41.846514
LG10	1395055	1396233	46.2469226666667
LG10	1396374	1397917	31.1221593333333
LG10	1400841	1402698	20.3439953333333
LG10	1403175	1404604	35.5412573333333
LG10	1405171	1409228	23.724905
LG10	1411727	1415460	0.005735
LG10	1416066	1416939	9.63867333333333
LG10	1416970	1417255	0.927496333333333
LG10	1417575	1419703	651.041972
LG10	1419913	1421168	0.250466666666667
LG10	1421925	1422745	32.607411
LG10	1422934	1423824	302.68867
LG10	1424791	1428862	28.5738303333333
LG10	1429158	1430982	35.633123
LG10	1431651	1434437	6.93045133333333
LG10	1434605	1435536	5.157835
LG10	1436786	1437183	0.284035666666667
LG10	1437736	1439774	19.6563013333333
LG10	1440594	1441838	8.035902
LG10	1441963	1442817	88.2081223333333
LG10	1442920	1444460	247.812607
LG10	1444968	1445729	0.602031666666667
LG10	1446116	1447104	62.5518126666667
LG10	1447763	1451017	123.724772
LG10	1451946	1455498	16.5260163333333
LG10	1456093	1457506	1.90532533333333
LG10	1458179	1459260	195.703643666667
LG10	1459886	1463087	152.921951
LG10	1463238	1464192	67.629439
LG10	1464260	1465360	15.5040666666667
LG10	1465520	1469269	56.966806
LG10	146812	147423	0
LG10	1470628	1472011	0
LG10	1483020	1483850	0
LG10	1496492	1499014	0
LG10	1516394	1518645	1.20318366666667
LG10	15180	16302	0
LG10	1518797	1521263	34.4098546666667
LG10	1521506	1526127	307.121856666667
LG10	1527078	1527863	24.0122643333333
LG10	1528129	1530704	22.2898433333333
LG10	1530924	1533363	37.4758593333333
LG10	1535205	1537318	127.799698
LG10	1537456	1538725	117.226443
LG10	153838	156360	0
LG10	1539010	1541080	1.25653533333333
LG10	1541477	1544093	8.52028333333333
LG10	1544575	1546591	7.39173333333333
LG10	1546846	1548537	31.365785
LG10	1549757	1551053	9.34279466666667
LG10	1551401	1552799	93.2625933333333
LG10	1552971	1556974	27.84408
LG10	1557354	1559542	8.91193266666667
LG10	1560096	1561295	7.524525
LG10	1561591	1562471	0.857598
LG10	1562781	1563718	10.725563
LG10	1564113	1565514	7.15660866666667
LG10	1565661	1566353	0.253803
LG10	1566578	1567898	24.308106
LG10	1568482	1570320	9.94762233333333
LG10	1570764	1571377	4.26693933333333
LG10	1571838	1572463	3.26122366666667
LG10	1573393	1575699	41.926894
LG10	1576179	1579599	29.89938
LG10	1579653	1582174	6.690191
LG10	1582727	1589045	41.3519273333333
LG10	1589120	1591821	21.7230963333333
LG10	1592838	1594406	0
LG10	1595086	1598013	20.682071
LG10	159628	160693	2.32219766666667
LG10	1598603	1601703	84.294235
LG10	1604209	1605095	0.330156
LG10	1604417	1605112	0.028341
LG10	1605534	1606063	0.290515333333333
LG10	1606226	1608697	6.86687666666667
LG10	1608414	1610072	6.85066166666667
LG10	1610103	1612370	44.7480366666667
LG10	1612586	1614638	0.0899213333333333
LG10	1616711	1617251	1.91266666666667
LG10	1617356	1619219	69.3438086666667
LG10	1619226	1620635	5.657456
LG10	1621015	1634226	27.9415743333333
LG10	162158	163616	3.32693333333333
LG10	1634321	1635003	47.9836896666667
LG10	1636079	1637082	0.0513896666666667
LG10	1637320	1639380	0
LG10	1641350	1644528	0
LG10	164157	166698	0
LG10	1646063	1647195	0
LG10	1648056	1648630	0
LG10	1651349	1653070	0
LG10	1653909	1660165	40.7777316666667
LG10	1661369	1663083	0.146376
LG10	1663687	1664619	4.65030466666667
LG10	1665432	1667141	26.6909626666667
LG10	1667137	1667892	76.8510716666667
LG10	1669339	1672763	2.73219766666667
LG10	1673446	1676752	36.7176626666667
LG10	1677813	1680183	28.8946823333333
LG10	167957	171423	0
LG10	1680926	1685522	1.575304
LG10	1686401	1687183	0.290171666666667
LG10	1687346	1689147	5.01418733333333
LG10	1693692	1695848	5.07358733333333
LG10	1695873	1697765	31.8193846666667
LG10	1698273	1699865	99.8965886666667
LG10	1700013	1702112	22.4537653333333
LG10	1702329	1703861	41.129135
LG10	1704573	1713250	9.75734
LG10	1715427	1718672	15.497559
LG10	1721145	1722515	16.0622523333333
LG10	1724816	1725702	0
LG10	1726416	1727796	0
LG10	1727947	1729466	1.12361133333333
LG10	1729507	1732180	5.138839
LG10	1729568	1731710	0
LG10	1732552	1736222	50.1785146666667
LG10	1734654	1735633	0.415133
LG10	1738037	1741300	73.3288856666667
LG10	1741428	1743108	1.73161066666667
LG10	1744382	1745885	1.38705333333333
LG10	1746117	1747152	0
LG10	17519	18096	0
LG10	1754201	1755952	0
LG10	1758075	1762265	0
LG10	1787513	1788391	0
LG10	1790171	1791213	0
LG10	1791711	1794195	0
LG10	1796379	1797821	0
LG10	1805052	1808171	0
LG10	1811933	1815996	0
LG10	1820032	1820855	0.166297
LG10	1822374	1824869	55.6616083333333
LG10	1824941	1826274	47.1787946666667
LG10	1828124	1830794	11.1988313333333
LG10	1831695	1832750	10.572116
LG10	183183	184510	0
LG10	1832818	1835203	8.20501833333333
LG10	1837959	1839786	0
LG10	185953	189462	0
LG10	1864428	1865287	0
LG10	1868040	1868664	0.373911
LG10	1868939	1871291	50.8366586666667
LG10	1871322	1873976	9.836443
LG10	1874255	1876345	15.437708
LG10	1876848	1878529	157.206792333333
LG10	1878793	1880360	113.893638333333
LG10	1880483	1883416	19.5070633333333
LG10	1883876	1885803	1.01598533333333
LG10	1887497	1888845	0.461344333333333
LG10	1889050	1890735	47.0941226666667
LG10	1891094	1892705	101.377828
LG10	1891	4530	0
LG10	1893077	1893846	96.7200953333333
LG10	1894001	1896119	25.4954806666667
LG10	1897102	1897972	0.401829
LG10	1898229	1899202	0.449819
LG10	1901665	1905880	0
LG10	1906159	1907578	0
LG10	1908232	1910238	99.7830403333333
LG10	1910803	1913670	20.472315
LG10	1913944	1915156	351.276794666667
LG10	1915929	1916978	12.7366593333333
LG10	1917679	1918457	0
LG10	1928722	1930911	46.4850143333333
LG10	1931887	1937193	1.91214566666667
LG10	1936261	1937117	0.436296
LG10	1938447	1941660	0
LG10	1941833	1942412	0
LG10	1948760	1949492	0
LG10	1956698	1959553	0
LG10	1960831	1962689	0.790667333333333
LG10	1963380	1966503	0
LG10	1967279	1970727	0
LG10	1974490	1979661	0
LG10	1985136	1987488	25.7493303333333
LG10	198786	199112	0
LG10	1988136	1989529	115.364832666667
LG10	1990099	1992940	1.19891266666667
LG10	1993186	1995557	8.80855533333333
LG10	1995068	1996280	0.844206
LG10	1996422	2004074	7.99049266666667
LG10	2004115	2007539	6.235137
LG10	2007672	2009356	0.823130333333333
LG10	2009683	2011286	25.0242676666667
LG10	2011566	2013517	1.465843
LG10	2013582	2014696	227.447754
LG10	2014845	2016091	12.9208406666667
LG10	2020251	2021701	11.7173493333333
LG10	2021726	2025482	197.076151333333
LG10	2026338	2027512	21.5419716666667
LG10	2028085	2029360	45.918779
LG10	2029627	2040656	0.562307
LG10	204153	205809	0
LG10	2041942	2043794	64.266642
LG10	2044087	2047790	1.1147
LG10	2048338	2048765	6.538269
LG10	2051007	2054335	1.09872433333333
LG10	2056318	2060344	6.25098133333333
LG10	2061300	2066654	10.774204
LG10	2067420	2068154	30.6663883333333
LG10	2069401	2070824	1.230823
LG10	2071236	2072844	1.71684866666667
LG10	2074040	2075219	103.119494333333
LG10	207528	213935	0
LG10	2077047	2079043	3.897537
LG10	2079855	2081899	35.071026
LG10	2083166	2084315	2.036347
LG10	2085584	2088911	9.470958
LG10	2089170	2089765	24.0008703333333
LG10	2090202	2093006	1.26807633333333
LG10	2092998	2096997	9.14061366666667
LG10	2099110	2103583	35.5920143333333
LG10	2103760	2107164	50.373655
LG10	2107297	2110831	17.4910626666667
LG10	2110901	2112302	1.49167066666667
LG10	2112373	2114142	3.23000233333333
LG10	2114178	2115374	3.35038566666667
LG10	2115395	2116046	0.0818203333333333
LG10	2118048	2128558	0
LG10	2129993	2132808	0
LG10	2133841	2135758	0
LG10	2138422	2139096	0.785886
LG10	2140271	2141247	0
LG10	2141926	2143358	0
LG10	2144101	2147006	0
LG10	2147596	2149565	0
LG10	215130	215589	0
LG10	2155495	2156425	0
LG10	2157673	2161170	0
LG10	2161369	2162470	0
LG10	2163935	2168542	0.280830333333333
LG10	2168969	2170585	1.16866233333333
LG10	217560	220020	0
LG10	221446	225431	0
LG10	229458	236951	2.11389866666667
LG10	237265	238631	0.688476
LG10	238677	239219	0.582933333333333
LG10	239617	241381	10.8256856666667
LG10	241116	241870	0.44255
LG10	24128	24575	0
LG10	245194	246695	0.068975
LG10	248925	249327	0.103891
LG10	24955	26980	0
LG10	250614	264789	686.146057
LG10	265668	268287	32.3001716666667
LG10	270529	271010	0.824405666666667
LG10	271080	273882	12.3945103333333
LG10	274302	277823	16.517609
LG10	277895	281291	3.41218033333333
LG10	27866	28594	0
LG10	281704	282100	0.189890333333333
LG10	282170	286355	58.759476
LG10	288271	290094	1.810268
LG10	290211	290828	0.202034
LG10	293062	299160	3.04311766666667
LG10	301163	301537	6.611804
LG10	302662	306621	2.15876566666667
LG10	308828	309410	7.99001766666667
LG10	311109	312828	11.949464
LG10	313701	317053	1.53282966666667
LG10	315064	316108	0.01334
LG10	31577	32257	0
LG10	316701	317041	0.00482466666666667
LG10	318390	319451	7.740714
LG10	318397	319321	4.092126
LG10	320102	322970	0.0171173333333333
LG10	323777	325037	0.966101333333333
LG10	326970	329087	2.94453833333333
LG10	329213	331032	4.37211
LG10	331414	332191	0.241593
LG10	331773	332284	0
LG10	332243	334150	3.373465
LG10	334254	337825	3.62671666666667
LG10	339010	345566	13.2215013333333
LG10	345662	347719	22.288929
LG10	34656	35387	0
LG10	348677	349938	107.328265
LG10	350299	354892	47.0178506666667
LG10	362416	369776	26.386586
LG10	371798	372966	13.2632563333333
LG10	373466	373968	3.715396
LG10	376348	380033	0
LG10	37928	39954	0
LG10	383021	383722	0
LG10	384287	386419	0
LG10	386915	387354	0
LG10	392115	393635	0
LG10	399970	400572	0.314153333333333
LG10	405009	406757	34.2282383333333
LG10	407028	423105	41.011533
LG10	423498	424823	0
LG10	429064	432231	0
LG10	434481	436569	3.987903
LG10	437218	442526	2.199317
LG10	443124	445012	5.070418
LG10	445103	445485	0
LG10	445347	447024	5.468068
LG10	461447	464878	0
LG10	468718	470142	0
LG10	480872	481251	0
LG10	481896	483815	0
LG10	485685	485974	0
LG10	486488	487682	0
LG10	486494	487682	3.10976766666667
LG10	487810	488516	0.023009
LG10	488871	490371	5.72074566666667
LG10	492670	493164	2.72204233333333
LG10	4927	6021	0
LG10	493420	493908	0.0100483333333333
LG10	493431	495495	11.7247696666667
LG10	496141	514376	3.09204333333333
LG10	516840	520745	28.9153433333333
LG10	521151	523103	19.5003206666667
LG10	523143	524223	31.215376
LG10	524396	527659	21.9156743333333
LG10	52521	53670	0
LG10	528084	529320	0.594514666666667
LG10	529725	531008	0.940523
LG10	532135	537986	41.1505026666667
LG10	541667	541938	0
LG10	541997	543899	14.8292
LG10	544002	545905	4.617704
LG10	545909	546560	0.313628666666667
LG10	546641	550069	17.531875
LG10	550393	551062	61.4727136666667
LG10	552877	555890	38.17925
LG10	556577	558387	7.815032
LG10	558720	560655	0.786857666666667
LG10	560893	562480	24.2895853333333
LG10	564193	568788	25.8895846666667
LG10	569276	570359	0.279443
LG10	570703	573663	1.92836566666667
LG10	577245	580442	308.425150666667
LG10	588191	588572	0
LG10	597357	598586	0
LG10	603144	603958	0
LG10	605771	608675	0
LG10	615993	617811	0
LG10	636404	637130	0
LG10	642869	643300	0
LG10	6526	7552	0
LG10	667621	668863	0
LG10	672982	673630	0
LG10	673648	674536	0.373041
LG10	675706	676132	0
LG10	676348	678810	5.651196
LG10	67830	70772	0
LG10	681626	682063	0
LG10	684933	686544	0
LG10	689437	692111	0
LG10	692579	693819	0
LG10	694503	698584	2.60269966666667
LG10	698900	700700	60.0465863333333
LG10	700814	701950	74.6504163333333
LG10	702187	705936	30.3380946666667
LG10	706133	706500	0.271127
LG10	706618	710252	33.7546056666667
LG10	710348	712366	39.200179
LG10	712547	714047	97.7850416666667
LG10	714826	716691	271.666494
LG10	716798	718782	18.3440036666667
LG10	719414	722456	52.5987966666667
LG10	722796	723708	0.927255
LG10	724062	767940	275.599589
LG10	7658	10965	0
LG10	769637	770622	0
LG10	771063	771775	0
LG10	772090	776391	0.081083
LG10	777163	778125	3.50844066666667
LG10	779409	782507	45.7712046666667
LG10	782982	783828	3.062579
LG10	784504	786730	145.104014
LG10	787001	788236	96.1805623333333
LG10	789946	792320	14.2276246666667
LG10	792628	794134	9.07882866666667
LG10	794239	798785	11.007964
LG10	798834	800966	2.77003566666667
LG10	801122	802831	3.30727966666667
LG10	804267	806278	2.61850166666667
LG10	806358	807583	53.8724036666667
LG10	807689	812857	9.864036
LG10	813867	822777	18.454089
LG10	823318	827888	10.6923503333333
LG10	828076	829518	10.2248623333333
LG10	829980	834044	2.602526
LG10	83319	88990	0
LG10	838379	838978	1.76097366666667
LG10	840045	845231	2.614514
LG10	845319	846608	0.781277
LG10	847867	850989	82.164345
LG10	851974	853644	16.3549293333333
LG10	853851	854262	81.72848
LG10	854448	856275	6.41486733333333
LG10	856413	857938	49.6565026666667
LG10	858164	860544	40.0076
LG10	861575	864936	1.43212
LG10	865583	867819	37.217004
LG10	867965	868719	84.9960276666666
LG10	868716	870873	105.799123
LG10	870913	871393	0.354826
LG10	871425	873752	7.14607266666667
LG10	873927	874773	14.3976343333333
LG10	874824	877611	13.9162483333333
LG10	877903	878291	0
LG10	878917	879649	0.120153666666667
LG10	881241	881973	0.120153666666667
LG10	882748	883782	0
LG10	884180	884465	0
LG10	884568	886878	16.4673046666667
LG10	887001	887966	34.765955
LG10	889221	891014	0
LG10	893484	894180	0
LG10	895359	895815	0
LG10	896401	896965	0
LG10	897397	901614	2.32959433333333
LG10	901849	902702	100.362213
LG10	903936	904837	5.06598266666667
LG10	905271	905755	0
LG10	90595	93299	0
LG10	906337	910300	4.432906
LG10	911996	912781	0
LG10	93789	96512	0
LG10	954281	955159	0.768558666666667
LG10	955538	956329	6.54693966666667
LG10	956382	957182	0.424105
LG10	957264	958252	8.528303
LG10	959509	961344	13.101195
LG10	962019	964599	12.5401346666667
LG10	965275	967487	12.5084693333333
LG10	968245	970031	39.2458393333333
LG10	970328	972715	1.596586
LG10	973920	974335	0
LG10	974860	975252	0.279327666666667
LG10	975351	977743	42.150003
LG10	978003	981527	33.3853776666667
LG10	981700	982713	31.386174
LG10	983212	984648	124.136553333333
LG10	985106	995072	28.1537983333333
LG10	99306	103525	0
LG10	995135	996774	7.44813
LG10	996997	997419	0.10448
LG10	997527	999081	7.757208
LG10	999775	1006460	7.83571933333333
LG11	1001937	1003667	1.12731566666667
LG11	1004030	1005585	7.391243
LG11	1005769	1009297	25.8584333333333
LG11	1009632	1010828	17.488749
LG11	1011030	1012764	7.29879633333333
LG11	1012922	1013844	0.297913666666667
LG11	1014543	1017429	11.952184
LG11	1017668	1019227	144.599976
LG11	1019324	1020616	280.276804666667
LG11	1020666	1023677	17.4409833333333
LG11	1023733	1025506	16.6036583333333
LG11	1025662	1027553	75.5362393333333
LG11	1029358	1030098	642.678487
LG11	1030684	1031868	121.509806
LG11	1032319	1033107	0
LG11	1032609	1033888	0.0739756666666667
LG11	1034157	1034896	28.6981013333333
LG11	1035112	1035423	99.4618073333333
LG11	1035841	1040671	39.7056033333333
LG11	1041198	1042740	15.0818156666667
LG11	1042996	1043861	27.7124766666667
LG11	1044173	1044717	164.659240666667
LG11	1045310	1047778	2.99982166666667
LG11	1047791	1049728	29.6933243333333
LG11	1049875	1051313	66.9449006666667
LG11	1051713	1052886	97.6947503333333
LG11	1053780	1055064	19.5712753333333
LG11	1055219	1056220	16.662073
LG11	1056243	1057109	4.888236
LG11	1057626	1058365	0.129072666666667
LG11	1058864	1060216	9.20791733333333
LG11	1060323	1062081	94.070305
LG11	1063029	1064374	0
LG11	106392	110469	14.828238
LG11	1065974	1066595	0
LG11	1066597	1066897	0
LG11	1066966	1068313	4.65834933333333
LG11	1069302	1071424	12.1807123333333
LG11	1071415	1073127	20.5623673333333
LG11	1073277	1073980	7.897243
LG11	1075156	1077946	62.581843
LG11	1077997	1079547	23.5489233333333
LG11	1080055	1083529	60.7311616666667
LG11	1083716	1085447	20.5592346666667
LG11	1086025	1089223	103.569959
LG11	1089190	1094597	73.7866693333333
LG11	1095709	1097099	8.88847466666667
LG11	1097143	1097871	38.8688556666667
LG11	1097980	1099799	19.1071036666667
LG11	1099917	1103139	8.995421
LG11	1103700	1104734	30.31911
LG11	1104817	1106339	24.0457606666667
LG11	110632	111312	0.196987
LG11	1106382	1107741	49.8029313333333
LG11	1107825	1109278	1.10687166666667
LG11	1109959	1113067	89.1794763333333
LG11	1114835	1115730	22.1059583333333
LG11	1115808	1121033	9.60930066666667
LG11	111837	113354	3.33242666666667
LG11	1120794	1122681	7.57822766666667
LG11	1123229	1127969	9.47298233333333
LG11	1128646	1130600	1.628051
LG11	1131201	1134116	3.09361566666667
LG11	1134174	1135363	492.215067333333
LG11	113501	117850	20.6200703333333
LG11	1135426	1137782	2.06307833333333
LG11	1138203	1140441	3.43216233333333
LG11	1143318	1147224	0
LG11	1147618	1149446	4.05384033333333
LG11	1150253	1150804	0
LG11	1151575	1156182	0.035376
LG11	1160489	1162749	0
LG11	1163356	1164085	0
LG11	1164977	1167244	0
LG11	1168015	1171350	0
LG11	1175250	1175716	0
LG11	1176407	1179379	0
LG11	118293	122055	10.244994
LG11	1184769	1192773	0
LG11	1193315	1195596	2.67550533333333
LG11	1195751	1196121	0.04512
LG11	1198684	1200183	4.42662633333333
LG11	1200412	1203856	13.40905
LG11	1202330	1205941	7.83458466666667
LG11	1207111	1207478	0.140764
LG11	1209399	1210009	0.183060666666667
LG11	1211180	1219507	135.419596
LG11	1219774	1229340	10.6488506666667
LG11	122739	123930	66.0370023333333
LG11	1229446	1230678	32.7382026666667
LG11	1231054	1234659	20.9196546666667
LG11	1234993	1238405	0.623649
LG11	1239246	1241619	46.3560623333333
LG11	124154	126453	10.411313
LG11	1241810	1246098	89.1896816666667
LG11	1247371	1248214	0.0679146666666667
LG11	1248452	1249001	0.217844
LG11	1249045	1249782	1.815339
LG11	1251045	1253659	40.0835823333333
LG11	1253881	1255495	68.7039386666667
LG11	1255709	1256824	10.51226
LG11	1257420	1263967	3.892861
LG11	1263890	1265320	35.3551456666667
LG11	1266161	1268148	0
LG11	126720	127978	21.4162176666667
LG11	1269880	1272516	262.334737333333
LG11	1273490	1274190	0.157789333333333
LG11	1274686	1275711	58.7867633333333
LG11	1276260	1277222	21.343568
LG11	1277643	1279134	24.763347
LG11	1279615	1281410	9.36142666666667
LG11	1281423	1285653	9.525267
LG11	1281566	1284126	0.530533
LG11	1285815	1290269	7.69441833333333
LG11	1290343	1292567	7.83934
LG11	1292576	1294993	178.339121666667
LG11	1295056	1296111	0.835267
LG11	1295355	1296060	0.118650666666667
LG11	1296573	1298870	4.65482033333333
LG11	1298777	1302092	10.6657253333333
LG11	1302508	1304046	1.70662266666667
LG11	130331	135035	1.61487666666667
LG11	1304788	1308592	1.518854
LG11	1309120	1309459	0.100959666666667
LG11	1309781	1323677	19.9504443333333
LG11	1313743	1315464	0.241962
LG11	13231	15388	1.15778733333333
LG11	1324108	1326082	3.724318
LG11	1327341	1328911	502.580719
LG11	1329002	1329524	0.477438
LG11	1329525	1331534	2.07596766666667
LG11	1332257	1333496	0.0369326666666667
LG11	1334610	1339336	0.523460333333333
LG11	1339743	1340644	9.815841
LG11	1341545	1344626	0.824401
LG11	1345205	1347603	6.08468666666667
LG11	1349527	1351978	4.55850233333333
LG11	1352669	1362755	31.0417776666667
LG11	135595	137089	141.555669
LG11	1362913	1365827	65.5784253333333
LG11	1366425	1367644	18.1266453333333
LG11	1369266	1373937	23.8010693333333
LG11	1374606	1375787	1.92601633333333
LG11	137740	139930	18.686063
LG11	1378271	1378987	0
LG11	1381466	1384189	0
LG11	1392663	1394792	0.974329333333333
LG11	1393501	1394793	0.0520113333333333
LG11	1399339	1404944	0
LG11	140006	142336	37.065946
LG11	1409065	1412196	0
LG11	1421925	1425042	0
LG11	1427015	1427448	0.659718
LG11	142702	144359	0.347311333333333
LG11	1427528	1428655	23.3908696666667
LG11	1428570	1430083	22.6263863333333
LG11	1430132	1433825	22.4335666666667
LG11	1430153	1430787	10.3433606666667
LG11	1434295	1436229	13.866363
LG11	1437722	1439655	59.5741426666667
LG11	1441764	1444071	19.0135816666667
LG11	1444117	1446120	13.1289856666667
LG11	1446378	1447647	88.2660443333333
LG11	1448387	1449765	0.265818
LG11	1450425	1450988	0.058961
LG11	1452215	1453375	14.4440116666667
LG11	1454094	1456638	0.465331
LG11	1457098	1458396	1989.52868666667
LG11	1458617	1460978	15.022831
LG11	1460999	1464951	48.724964
LG11	1464959	1465521	265.900583666667
LG11	1465768	1467042	79.1765366666667
LG11	1470038	1472916	0
LG11	147101	147640	0.613699
LG11	1472959	1474844	0
LG11	1476636	1477602	0
LG11	147718	149603	51.0127623333333
LG11	1478060	1480879	0
LG11	1482995	1484658	0
LG11	1486306	1488790	0
LG11	149948	151498	31.821328
LG11	1508765	1513983	0
LG11	151721	154013	29.9486826666667
LG11	153964	154700	66.7983016666667
LG11	1550617	1552435	0
LG11	1552482	1557001	0
LG11	155503	155980	1.25970333333333
LG11	1557920	1565121	0
LG11	156348	156795	0
LG11	156989	159321	13.9113653333333
LG11	1585277	1586052	0
LG11	1588510	1591854	0
LG11	159435	160553	8.170371
LG11	1596915	1603251	0
LG11	161438	162652	0.495783333333333
LG11	1615566	1621509	15.8941593333333
LG11	16172	17696	0.795159666666667
LG11	1621622	1625326	12.5699683333333
LG11	1625794	1627740	23.3916573333333
LG11	1628986	1632740	19.5142943333333
LG11	163098	166065	0.104883666666667
LG11	1632810	1634442	9.683636
LG11	1635429	1638555	70.3549246666667
LG11	1639913	1641513	0
LG11	1641917	1643025	6.79327533333333
LG11	1643936	1644445	0.0380966666666667
LG11	1646157	1648497	65.0456593333333
LG11	1648933	1650554	0
LG11	1650751	1652017	0
LG11	1653114	1657272	46.9605316666667
LG11	1658088	1659834	23.396621
LG11	1660604	1661812	1.919123
LG11	1661946	1663154	6.830326
LG11	1663972	1665085	0.523763666666667
LG11	1665877	1667144	33.807518
LG11	1667177	1668127	64.8721593333333
LG11	166767	168351	0
LG11	1668179	1671627	6.44855266666667
LG11	1671702	1672485	31.653002
LG11	1672478	1673501	16.038901
LG11	1674421	1675084	0.781958666666667
LG11	1675344	1678370	69.3755013333333
LG11	1675368	1676543	0.00266333333333333
LG11	1678391	1680125	94.9354526666667
LG11	1682113	1685045	12.8470023333333
LG11	1685586	1687944	0.739201333333333
LG11	1688099	1690775	12.1099993333333
LG11	1690924	1692345	13.0313266666667
LG11	1692392	1695330	7.721848
LG11	1695619	1699524	34.9130703333333
LG11	169663	170543	0
LG11	1700280	1702183	6.725346
LG11	1703030	1707000	1.48732033333333
LG11	170946	171370	0
LG11	171419	172278	0.264596333333333
LG11	1716630	1721698	10.1266333333333
LG11	1721907	1723458	1.03128666666667
LG11	1723934	1727295	87.601275
LG11	1728735	1732454	293.477793333333
LG11	172948	175136	8.26773266666667
LG11	1732539	1733697	1.483736
LG11	1734173	1736258	7.72108666666667
LG11	1736332	1739296	20.0167916666667
LG11	1740329	1743884	0.549105666666667
LG11	1746439	1746766	0.924051
LG11	1746996	1747939	39.8329623333333
LG11	1748341	1750949	467.979705666667
LG11	1751251	1752510	1.19725133333333
LG11	1752773	1754806	13.540236
LG11	175333	177561	15.599361
LG11	1755696	1758197	390.453277333333
LG11	1759787	1761974	5.806725
LG11	1762420	1763346	5.093984
LG11	1764389	1765223	11.4635136666667
LG11	1765339	1766351	0.121225
LG11	1766850	1771492	4.35637266666667
LG11	1771569	1773720	100.278846666667
LG11	1774211	1775559	2.48275733333333
LG11	1776297	1778319	0.384302666666667
LG11	1778724	1779466	0
LG11	1778890	1779949	0
LG11	1780157	1780935	57.6928213333333
LG11	1781022	1786231	6.69468233333333
LG11	178527	183620	2.50797233333333
LG11	1787360	1789846	0.716806666666667
LG11	1790902	1792288	66.078054
LG11	1792645	1794443	33.7765923333333
LG11	1794871	1795771	8.126671
LG11	1796065	1797344	17.8159313333333
LG11	1797670	1798723	89.824542
LG11	1799110	1801056	196.693720666667
LG11	1801328	1801786	587.340251
LG11	1801847	1803470	40.444941
LG11	1803965	1805000	5.62496666666667
LG11	1808027	1810834	112.689667
LG11	1811876	1837071	367.804962
LG11	1837089	1838868	9.214751
LG11	1841003	1841573	82.446739
LG11	1842451	1844224	73.7161076666667
LG11	1844290	1846019	31.239784
LG11	1846823	1847449	2.05890666666667
LG11	1847464	1849449	3.335704
LG11	1850146	1851357	2.71116666666667
LG11	1852174	1854546	28.750435
LG11	185333	186223	0
LG11	1854951	1857002	3.89033333333333
LG11	1858835	1859741	42.5843646666667
LG11	1860365	1861279	142.908381
LG11	1862341	1863075	0
LG11	1863959	1865276	0
LG11	188011	188763	0.150933333333333
LG11	188980	189595	10.8375036666667
LG11	1903412	1904697	0.019802
LG11	190597	191980	19.2322183333333
LG11	1906222	1907413	3.39108
LG11	1920042	1921605	2.80118866666667
LG11	1920326	1922454	8.477406
LG11	1924957	1927121	61.12543
LG11	192526	193413	1.44913766666667
LG11	19274	20186	0.405952333333333
LG11	1927681	1929619	2.77127166666667
LG11	1930169	1931411	0.602143666666667
LG11	1931488	1933656	8.377508
LG11	1933844	1936003	13.3626866666667
LG11	1935357	1936282	2.037306
LG11	193683	198001	4.64288133333333
LG11	1938371	1941583	43.0594483333333
LG11	1941804	1944253	8.19690033333333
LG11	1945173	1947562	6.436476
LG11	1948766	1951158	0.989798666666667
LG11	1952913	1956073	27.776395
LG11	1957064	1958924	15.8302843333333
LG11	1959905	1961594	0.638731333333333
LG11	1962061	1966719	11.2500223333333
LG11	1967300	1967931	3.36600533333333
LG11	1969309	1973232	5.06575366666667
LG11	1974000	1976044	53.421646
LG11	1976080	1977858	24.0470156666667
LG11	1979378	1980886	1.99060866666667
LG11	1981385	1983816	45.5043043333333
LG11	1984436	1985907	8.31656933333333
LG11	1986362	2005802	41.0975343333333
LG11	198640	198944	0.228825
LG11	199030	201278	38.6598283333333
LG11	2006386	2008533	2.29168666666667
LG11	2009401	2012087	5.81392366666667
LG11	2012397	2012714	0.136590666666667
LG11	2013094	2014824	5.20870333333333
LG11	2015051	2015579	0.745532666666667
LG11	2016341	2017454	35.515227
LG11	2020413	2021174	5.00216533333333
LG11	2022332	2023411	0
LG11	202388	202825	0.072761
LG11	2028191	2030404	0
LG11	203628	203910	0.186942666666667
LG11	204060	205882	1.53645566666667
LG11	204151	207066	1.91499333333333
LG11	2046723	2048546	0
LG11	2052017	2053732	0
LG11	206368	207063	0.000152333333333333
LG11	2068467	2069753	0
LG11	2071635	2073485	0
LG11	207337	208052	0.190720333333333
LG11	2075521	2078054	0
LG11	207594	208231	0.284525333333333
LG11	2079106	2082056	0
LG11	208262	209108	1.21223533333333
LG11	209509	210907	0.393088333333333
LG11	2096655	2099381	0
LG11	2099466	2100095	0
LG11	2105567	2106737	0
LG11	2107071	2107958	0
LG11	211306	213254	3.25301633333333
LG11	2119751	2121284	0.204088666666667
LG11	2122763	2123612	0.155644
LG11	2124357	2126235	6.76719133333333
LG11	2126317	2127047	1.976919
LG11	2127282	2140415	34.618942
LG11	2131147	2131971	5.030817
LG11	2133694	2134872	156.28361
LG11	213476	215758	438.771698
LG11	2135505	2137183	36.7357316666667
LG11	2141265	2142424	2.261864
LG11	2143672	2147928	10.5096353333333
LG11	2148394	2152102	0.719612
LG11	2153205	2153558	0.0812836666666667
LG11	2153319	2154424	11.70269
LG11	2154572	2158060	1.27925466666667
LG11	2158579	2161862	0.609711333333333
LG11	2161981	2164873	0.594553
LG11	2165549	2166751	23.7058496666667
LG11	2167247	2168773	1.052628
LG11	2170526	2173384	16.8336313333333
LG11	2173543	2174058	1.13187933333333
LG11	2174609	2177235	9.79157266666667
LG11	2177732	2180128	6.45163566666667
LG11	217871	218648	0.0219656666666667
LG11	2181060	2184010	2.99756233333333
LG11	2184051	2185639	671.087321
LG11	2186452	2188536	0.924952
LG11	2189841	2191090	0.126297666666667
LG11	2192283	2195384	5.97554633333333
LG11	2195412	2197305	6.75913433333333
LG11	219564	224272	8.900347
LG11	2198294	2199883	37.901147
LG11	2202826	2203532	0.283381333333333
LG11	2203605	2205435	0.218811666666667
LG11	2205488	2206364	0.0541766666666667
LG11	2207821	2209466	0.416492
LG11	2214782	2217568	0.0187206666666667
LG11	2217987	2223183	0.061962
LG11	2224444	2226730	2.51001066666667
LG11	2226910	2227618	4.516685
LG11	2227623	2228230	1.54897766666667
LG11	224958	226237	24.0452353333333
LG11	226280	229301	10.070308
LG11	229311	230657	3.51203933333333
LG11	231996	234195	8.034599
LG11	235058	237720	28.2232123333333
LG11	237956	239555	22.7503693333333
LG11	239735	240646	0.268558666666667
LG11	245322	246310	8.754587
LG11	246951	247938	44.0494663333333
LG11	248550	249385	7.34463733333333
LG11	249777	250779	8.431498
LG11	250955	252614	50.1975833333333
LG11	25263	27583	0
LG11	252773	254484	35.9621746666667
LG11	255863	259936	21.3053873333333
LG11	260133	260657	0.594555666666667
LG11	260749	262521	167.581980333333
LG11	262819	264787	64.586758
LG11	265308	268326	48.2339796666667
LG11	268526	273257	8.730045
LG11	273579	276274	34.288638
LG11	277738	278445	68.95665
LG11	279677	283566	80.2920966666667
LG11	283695	285250	10.318776
LG11	285510	288539	8.92599733333333
LG11	290777	293609	1.372807
LG11	293821	294721	22.2651703333333
LG11	296083	297028	87.4849853333333
LG11	297853	299962	21.6373556666667
LG11	299983	301751	64.1369996666667
LG11	301960	302934	55.6154023333333
LG11	303428	303999	354.426574333333
LG11	304827	305395	0.252863333333333
LG11	305528	306361	195.925664333333
LG11	307821	308569	364.882710666667
LG11	308753	309256	0
LG11	310067	310745	373.395935333333
LG11	312169	312838	593.141194666667
LG11	312918	313915	1.68287966666667
LG11	314306	314871	357.135986333333
LG11	316305	316870	304.893686666667
LG11	318346	318987	8.40253166666667
LG11	319681	320149	0
LG11	319683	321719	4.74646166666667
LG11	321918	329382	31.734049
LG11	329636	332438	0.041721
LG11	334244	336000	39.362334
LG11	336002	337501	7.09448566666667
LG11	33675	34701	0
LG11	339236	342683	60.3686243333333
LG11	343473	343957	0.909663666666667
LG11	346090	346925	1025.710205
LG11	347055	347351	0.286531666666667
LG11	347543	348514	2.11496266666667
LG11	349257	350125	788.295043666667
LG11	351986	352900	1217.46870933333
LG11	353619	354248	271.146271
LG11	354907	355894	87.2060393333333
LG11	357516	358445	155.573222
LG11	35801	37788	0
LG11	358597	359294	52.1002006666667
LG11	359401	360291	67.6949143333333
LG11	360447	361326	31.1895946666667
LG11	362430	363488	0.781025333333333
LG11	364225	364875	277.496989
LG11	365685	366436	1.95529433333333
LG11	368890	369945	339.970825333333
LG11	370139	371268	9.141521
LG11	371527	374247	81.0143586666667
LG11	374982	377189	0.290082
LG11	379879	383143	4.84031233333333
LG11	38101	42990	0.702876333333333
LG11	383528	387287	3150.007487
LG11	389605	390487	8005.58447266667
LG11	391375	392244	588.950968333333
LG11	393729	394897	469.041483666667
LG11	395238	397266	235.1471
LG11	397364	398229	0.442933666666667
LG11	398738	399871	37.5132826666667
LG11	400352	403298	53.8049596666667
LG11	403838	409775	24.8051383333333
LG11	41010	42990	0.0176153333333333
LG11	412354	414685	36.9259706666667
LG11	415720	420552	159.130742333333
LG11	421844	425313	109.835688333333
LG11	425388	429558	25.4127293333333
LG11	431544	435943	52.1415343333333
LG11	43479	45959	1.19803666666667
LG11	436740	438259	49.496062
LG11	438375	439527	67.2324546666667
LG11	441398	445031	45.4282353333333
LG11	445328	451680	12.2090946666667
LG11	451784	452704	8.19723066666667
LG11	453007	453583	10.667596
LG11	454066	454656	0
LG11	454827	458458	15.181502
LG11	459428	460473	5.522119
LG11	46043	48687	3.30691866666667
LG11	461348	462523	9.53682
LG11	463018	464172	2.59613733333333
LG11	464830	466046	0.499280666666667
LG11	466408	467849	35.588581
LG11	467968	471401	21.1198673333333
LG11	470245	475430	5.443233
LG11	475520	477423	20.3319006666667
LG11	478243	478905	0.707277666666667
LG11	479871	481391	0.401246333333333
LG11	481454	485340	17.6512266666667
LG11	485836	488483	5.963283
LG11	488571	489494	0.258182333333333
LG11	488689	489505	0.393018
LG11	489757	492182	6.34396733333333
LG11	492409	495168	16.67546
LG11	497149	499791	4.146108
LG11	500074	500928	0.570912
LG11	502072	502609	0.1931
LG11	502828	505417	7.35125833333333
LG11	505596	506717	16.06821
LG11	506785	509486	111.548675333333
LG11	50737	51347	0.401433666666667
LG11	509893	512532	2.05625566666667
LG11	513199	513902	13.1651486666667
LG11	514179	516098	13.9595603333333
LG11	516215	517646	5.035578
LG11	518055	519735	26.9593116666667
LG11	51840	55159	16.4780816666667
LG11	519795	522363	65.5140176666667
LG11	522477	524647	12.2540626666667
LG11	524880	527224	7.099796
LG11	528231	540261	1.70099133333333
LG11	541077	545019	0.337454666666667
LG11	547108	549447	33.517559
LG11	549738	588888	25.976677
LG11	56496	63940	20.9694073333333
LG11	589050	591139	1.22469333333333
LG11	591140	593575	4.10123533333333
LG11	594852	597995	6.75162366666667
LG11	598135	600846	20.260851
LG11	601524	601815	0.115555
LG11	602273	604644	58.671819
LG11	604963	605804	87.7126593333333
LG11	605942	607839	6.694735
LG11	609259	609881	88.647415
LG11	610347	611593	18.8404706666667
LG11	612279	615788	38.0170646666667
LG11	616432	617489	2.246742
LG11	618004	619078	0.661588666666667
LG11	619190	624206	7.94472766666667
LG11	619447	620622	0.091365
LG11	621163	622031	0.0429403333333333
LG11	624284	625494	70.2652003333333
LG11	625658	627205	11.017226
LG11	627717	629347	0.139263666666667
LG11	630129	635409	6.784969
LG11	635632	636277	19.5885026666667
LG11	636381	638435	37.432916
LG11	638881	640769	97.1891503333333
LG11	641083	641989	13.8968256666667
LG11	642465	645653	45.7147983333333
LG11	64500	69368	1.868033
LG11	646404	648331	0.434769333333333
LG11	649129	650330	16.194166
LG11	650813	653057	6.870995
LG11	653168	655603	47.4265303333333
LG11	655706	656815	10.496298
LG11	657261	657889	360.353800666667
LG11	658296	659890	10.9575836666667
LG11	660069	665258	17.795182
LG11	666005	667256	19.7298103333333
LG11	667814	671950	52.8529013333333
LG11	672037	673529	22.9532606666667
LG11	673765	676025	26.8053416666667
LG11	676668	677710	17.9813836666667
LG11	677731	681099	5.90045066666667
LG11	681627	683818	14.434124
LG11	684015	685481	43.2885553333333
LG11	685559	686584	28.6903686666667
LG11	686578	687723	8.82946666666667
LG11	688070	688782	35.5204263333333
LG11	688811	690514	39.0572866666667
LG11	691532	692248	26.858331
LG11	692661	693952	35.2176896666667
LG11	69379	69667	0.0704163333333333
LG11	694115	695374	131.966207333333
LG11	695695	701131	9.95116366666667
LG11	69839	71773	0.17283
LG11	701184	702095	9.412201
LG11	702363	703610	123.185348666667
LG11	703785	704816	76.610044
LG11	705278	705815	0.301467
LG11	706251	707071	50.2120336666667
LG11	707541	709251	99.3779323333333
LG11	709555	710583	44.841123
LG11	710766	712972	24.9243653333333
LG11	713090	713936	607.997863666667
LG11	714062	716425	23.108864
LG11	717352	723376	26.9231126666667
LG11	724628	725235	0.089337
LG11	724628	725316	0.0454956666666667
LG11	725870	726999	145.929133333333
LG11	727131	731953	18.2652703333333
LG11	729334	730899	8.909643
LG11	73001	75559	5.42251433333333
LG11	732860	735133	81.933014
LG11	735200	738069	2.962182
LG11	738406	739048	4.13431466666667
LG11	739407	741255	0.521602333333333
LG11	741312	747279	32.273902
LG11	747747	749140	14.9379893333333
LG11	749703	752484	20.7800506666667
LG11	752603	755641	33.7748286666667
LG11	756103	758036	26.977868
LG11	75664	77811	46.9994623333333
LG11	758090	763712	21.5101463333333
LG11	763870	764986	383.354675333333
LG11	765309	766469	48.8268053333333
LG11	767036	769156	26.1663536666667
LG11	770510	772939	39.2081106666667
LG11	773040	775167	18.5216913333333
LG11	776191	778531	0.409575666666667
LG11	778854	782175	30.3667666666667
LG11	782157	783880	46.4950436666667
LG11	783934	787518	11.855888
LG11	78574	78870	0.0640026666666667
LG11	787884	788800	342.657196333333
LG11	788945	791906	81.5185926666667
LG11	792148	794799	5.597437
LG11	79231	80861	0.948187
LG11	795723	800094	33.8798633333333
LG11	801200	801790	16.1967216666667
LG11	801843	802490	62.896341
LG11	802697	804706	10.2808056666667
LG11	805763	808458	27.398382
LG11	808503	811503	21.392172
LG11	811796	813098	14.4187796666667
LG11	813164	815934	76.8194553333333
LG11	816409	817633	268.261423666667
LG11	817928	821888	22.5082233333333
LG11	822337	823093	64.571879
LG11	823232	824889	28.182367
LG11	824974	825779	1.94438933333333
LG11	825892	830851	34.0309053333333
LG11	82722	95962	0
LG11	831164	831765	23.5541006666667
LG11	831943	834196	10.3841703333333
LG11	834623	835618	182.338857
LG11	835660	837459	41.657323
LG11	837495	839399	12.2525726666667
LG11	839707	843111	23.8674216666667
LG11	843232	843680	0.0842076666666667
LG11	844214	845835	60.531867
LG11	846591	848063	20.683848
LG11	848216	849418	71.9117636666667
LG11	849800	851795	35.1994846666667
LG11	852352	853385	110.272369666667
LG11	853644	855220	26.5248813333333
LG11	855389	856282	30.510048
LG11	856661	858732	50.408545
LG11	859499	860096	0.197802
LG11	860942	861930	5.370596
LG11	862461	864895	1.74266333333333
LG11	866337	867415	0.399698666666667
LG11	867625	868509	5.86021
LG11	869632	872421	19.3480283333333
LG11	874201	876168	35.7091026666667
LG11	876639	880028	58.3473856666667
LG11	880684	881335	0.510205666666667
LG11	881452	883738	14.3690696666667
LG11	884460	887615	0.868565
LG11	887934	891861	42.7430243333333
LG11	892244	894458	35.129486
LG11	894462	896656	35.832366
LG11	896898	898936	10.209062
LG11	899761	905842	16.3254966666667
LG11	906021	906782	324.376088333333
LG11	907348	908655	1159.36018866667
LG11	908808	910113	18.1466756666667
LG11	910192	913048	18.730709
LG11	913545	915032	21.6494643333333
LG11	915122	916816	12.798562
LG11	916935	920811	29.1872976666667
LG11	920969	924287	13.209825
LG11	925409	929589	22.8757653333333
LG11	929692	930236	1.730713
LG11	930230	931364	112.124117666667
LG11	931583	932861	19.3095106666667
LG11	932911	935175	26.4335243333333
LG11	936759	939304	2.64804766666667
LG11	939306	939935	3.10967
LG11	939952	941803	16.9312813333333
LG11	941871	947754	62.3905293333333
LG11	947871	949451	62.2489216666667
LG11	949477	954404	33.3947836666667
LG11	956250	958785	16.1050523333333
LG11	959270	961980	26.8967056666667
LG11	962345	963038	0.028535
LG11	963834	965790	61.1512946666667
LG11	965904	966442	12.0216936666667
LG11	966618	970167	55.319355
LG11	970453	974349	30.9332826666667
LG11	974388	975496	22.1116213333333
LG11	97532	98762	0
LG11	976173	978677	12.9140853333333
LG11	978834	983469	11.0100946666667
LG11	984170	985770	30.0902256666667
LG11	985977	990495	7.48446366666667
LG11	990621	990948	0.100077
LG11	990963	993698	25.3006583333333
LG11	994103	995659	1.83214366666667
LG11	995769	997958	27.9187776666667
LG11	997142	1001841	72.5608086666667
LG11	99877	105953	3.31859833333333
