gene_family_id	R5-3	M.roreri	B.botryosum	R0301	P.striiformis	P.oryzae	U.maydis	R10-1	R.solani	P.placenta	R1-6-1	R1-8-2
GF_1	155	0	0	172	0	0	0	139	633	0	164	159
GF_2	110	1	27	109	0	3	0	106	94	6	128	123
GF_3	3	411	0	7	0	0	1	5	211	0	3	7
GF_4	0	556	0	0	0	1	0	0	9	2	0	0
GF_5	1	20	318	1	0	0	0	1	2	4	1	1
GF_6	6	48	209	6	0	0	0	8	10	6	7	7
GF_7	0	0	0	0	0	0	0	0	0	244	0	0
GF_8	42	0	0	50	1	0	0	49	5	0	38	56
GF_9	0	0	0	0	228	0	0	0	0	0	0	0
GF_10	33	1	1	38	0	2	1	35	5	1	34	45
GF_11	0	0	0	0	0	0	0	0	192	0	0	0
GF_12	20	12	17	20	5	8	10	18	17	18	20	23
GF_13	29	0	0	28	0	0	0	29	38	0	29	32
GF_14	0	183	0	0	0	0	0	0	0	0	0	0
GF_15	10	34	51	8	1	1	1	9	6	40	9	10
GF_16	0	173	0	0	0	0	0	0	0	0	0	0
GF_17	0	143	23	0	0	0	0	0	0	5	0	1
GF_18	0	0	1	0	161	0	0	0	2	1	1	0
GF_19	24	0	0	36	0	0	0	33	7	0	24	35
GF_20	0	158	0	0	0	0	0	0	0	0	0	0
GF_21	29	0	0	30	0	0	0	29	0	0	34	35
GF_22	0	0	0	0	157	0	0	0	0	0	0	0
GF_23	0	0	145	0	0	0	0	0	0	0	0	0
GF_24	12	0	0	8	0	0	0	11	97	0	4	13
GF_25	20	0	0	17	0	1	0	16	54	0	18	19
GF_26	0	4	135	0	0	0	0	0	0	0	0	0
GF_27	0	0	1	1	132	0	0	0	0	0	0	0
GF_28	19	4	4	19	0	0	0	22	4	3	19	39
GF_29	0	132	0	0	0	0	0	0	0	0	0	0
GF_30	19	4	17	13	0	1	0	16	11	8	18	20
GF_31	16	0	0	15	0	0	1	17	36	1	18	20
GF_32	16	2	1	16	0	0	0	13	39	0	20	16
GF_33	2	79	4	1	0	0	0	2	0	27	2	2
GF_34	21	0	0	20	0	0	0	26	4	0	21	24
GF_35	0	3	16	0	86	0	0	0	0	10	0	0
GF_36	14	0	5	26	0	0	0	17	13	0	23	16
GF_37	9	3	1	3	0	0	1	13	63	0	9	10
GF_38	6	49	5	10	0	0	0	6	2	16	7	10
GF_39	0	0	107	0	0	0	0	0	0	0	0	0
GF_40	0	107	0	0	0	0	0	0	0	0	0	0
GF_41	0	0	0	0	0	0	0	0	0	103	0	0
GF_42	0	9	80	0	0	9	1	0	0	2	0	0
GF_43	23	1	5	14	0	0	0	21	1	3	16	16
GF_44	5	3	1	4	62	0	0	9	2	0	7	7
GF_45	4	2	6	9	35	0	0	12	1	1	14	13
GF_46	13	0	0	15	0	0	0	16	21	0	15	17
GF_47	8	14	0	9	0	0	0	8	14	21	7	10
GF_48	1	84	0	0	0	0	0	0	3	2	0	0
GF_49	0	6	1	0	0	0	0	0	0	82	0	0
GF_50	0	0	0	0	0	0	0	0	0	89	0	0
GF_51	0	0	0	0	0	87	0	0	0	0	0	0
GF_52	0	0	0	0	86	0	0	0	0	0	0	0
GF_53	9	26	0	9	1	6	0	9	5	2	9	9
GF_54	0	42	0	0	2	34	1	0	0	5	0	0
GF_55	0	84	0	0	0	0	0	0	0	0	0	0
GF_56	9	7	3	8	4	12	3	10	8	1	8	8
GF_57	12	1	25	8	0	0	0	13	0	0	11	9
GF_58	7	9	5	10	6	1	1	10	7	2	8	12
GF_59	0	0	0	0	0	0	0	0	0	77	0	0
GF_60	0	2	0	0	75	0	0	0	0	0	0	0
GF_61	3	24	2	3	11	0	2	4	11	2	6	7
GF_62	0	0	74	0	0	0	0	0	0	0	0	0
GF_63	3	28	2	5	2	2	2	3	9	7	3	6
GF_64	3	7	2	5	43	0	0	4	1	0	3	4
GF_65	0	0	0	0	0	0	0	0	0	71	0	0
GF_66	7	5	7	7	0	3	1	8	3	10	8	11
GF_67	6	9	7	6	4	5	5	6	5	6	5	6
GF_68	0	4	66	0	0	0	0	0	0	0	0	0
GF_69	0	0	68	0	0	0	0	0	0	0	0	0
GF_70	6	6	0	8	4	5	4	6	8	5	8	7
GF_71	0	0	25	1	34	0	0	2	0	0	1	4
GF_72	6	5	1	7	0	2	0	7	16	5	7	10
GF_73	0	0	0	0	0	0	0	0	66	0	0	0
GF_74	6	3	3	7	0	9	3	12	7	2	5	8
GF_75	0	0	0	0	0	0	0	0	0	64	0	0
GF_76	5	8	11	5	8	4	1	5	5	1	5	6
GF_77	4	22	3	6	0	5	0	6	2	1	4	9
GF_78	10	0	9	7	0	0	0	10	1	0	9	16
GF_79	0	62	0	0	0	0	0	0	0	0	0	0
GF_80	6	8	3	7	2	0	3	9	7	3	6	7
GF_81	7	0	1	9	1	0	0	8	2	2	15	15
GF_82	8	1	6	9	0	1	0	8	10	2	7	8
GF_83	9	0	3	8	0	1	1	8	8	0	10	12
GF_84	5	1	5	4	14	0	0	9	8	0	5	9
GF_85	9	4	3	6	1	3	1	9	5	1	9	9
GF_86	8	8	1	8	2	0	1	9	7	1	7	8
GF_87	4	8	7	4	1	4	3	4	6	12	3	3
GF_88	6	5	9	4	4	4	4	7	4	4	4	4
GF_89	11	0	0	14	0	0	0	11	0	0	13	10
GF_90	6	7	12	6	0	2	0	8	3	2	6	6
GF_91	12	0	0	6	0	0	0	7	10	0	14	9
GF_92	5	0	3	9	0	0	0	10	4	0	13	14
GF_93	2	0	0	13	0	0	0	13	0	0	15	15
GF_94	0	58	0	0	0	0	0	0	0	0	0	0
GF_95	0	57	0	0	0	1	0	0	0	0	0	0
GF_96	7	1	4	7	0	4	3	7	10	0	7	7
GF_97	0	0	57	0	0	0	0	0	0	0	0	0
GF_98	6	3	7	6	3	3	0	6	10	0	7	6
GF_99	4	5	10	4	2	5	3	4	5	4	5	5
GF_100	4	10	6	5	0	1	0	4	5	11	5	5
GF_101	6	3	1	6	0	3	1	7	2	9	9	9
GF_102	2	4	27	4	0	0	0	5	1	0	7	6
GF_103	9	5	7	6	0	0	0	7	1	0	11	10
GF_104	8	0	1	10	0	0	0	10	0	0	16	11
GF_105	7	8	0	6	0	0	0	5	10	1	10	9
GF_106	6	0	0	13	0	0	0	3	19	0	7	7
GF_107	0	55	0	0	0	0	0	0	0	0	0	0
GF_108	4	13	12	4	0	0	1	3	3	5	4	5
GF_109	0	2	0	1	0	0	0	1	49	0	1	0
GF_110	0	54	0	0	0	0	0	0	0	0	0	0
GF_111	0	0	53	0	0	0	0	0	0	0	0	0
GF_112	0	52	0	0	0	0	0	0	0	1	0	0
GF_113	6	12	2	6	0	2	0	6	5	1	6	6
GF_114	1	0	0	3	0	0	0	2	37	0	5	4
GF_115	0	0	0	0	52	0	0	0	0	0	0	0
GF_116	2	4	10	1	0	0	0	1	4	25	2	2
GF_117	3	11	9	5	1	1	1	5	4	1	5	5
GF_118	0	48	0	0	0	3	0	0	0	0	0	0
GF_119	8	1	2	9	0	0	0	14	1	0	4	11
GF_120	2	6	2	3	7	0	0	9	5	3	6	7
GF_121	0	0	50	0	0	0	0	0	0	0	0	0
GF_122	3	4	3	4	2	7	3	4	4	8	3	4
GF_123	4	4	4	4	4	3	4	4	4	4	5	5
GF_124	4	15	3	3	0	3	2	4	3	4	4	4
GF_125	4	0	9	5	0	0	0	7	9	0	6	9
GF_126	8	1	0	13	0	0	1	2	2	0	11	11
GF_127	4	14	4	4	0	0	0	4	10	0	4	4
GF_128	0	1	3	0	43	0	1	0	0	0	0	0
GF_129	7	0	8	9	0	0	0	8	3	1	6	6
GF_130	0	8	1	0	0	26	0	0	0	12	0	0
GF_131	5	4	4	5	5	7	0	5	0	2	5	5
GF_132	6	2	4	5	3	2	2	5	5	1	6	6
GF_133	4	7	6	4	2	1	1	4	5	5	4	4
GF_134	1	3	3	0	33	0	0	4	0	2	0	1
GF_135	4	8	3	3	4	3	3	4	4	2	4	4
GF_136	6	1	1	12	1	1	1	5	1	1	9	7
GF_137	0	43	0	0	0	0	2	0	0	1	0	0
GF_138	0	45	1	0	0	0	0	0	0	0	0	0
GF_139	0	20	14	0	0	1	0	0	0	10	0	0
GF_140	5	0	7	5	2	5	0	5	6	0	5	5
GF_141	3	6	6	3	0	0	1	3	7	7	4	4
GF_142	4	4	7	8	0	0	1	7	1	3	6	3
GF_143	0	0	0	0	44	0	0	0	0	0	0	0
GF_144	0	16	1	0	6	11	1	0	0	8	0	0
GF_145	0	0	43	0	0	0	0	0	0	0	0	0
GF_146	0	32	0	0	0	0	0	0	0	9	0	1
GF_147	2	7	3	5	0	1	0	3	2	12	3	4
GF_148	0	0	42	0	0	0	0	0	0	0	0	0
GF_149	4	5	3	4	2	2	1	4	5	2	5	5
GF_150	0	0	0	0	0	0	0	0	42	0	0	0
GF_151	5	3	2	5	1	1	1	5	8	1	5	5
GF_152	10	0	0	7	0	0	0	4	0	0	10	11
GF_153	7	1	2	7	2	0	0	7	2	1	6	7
GF_154	0	0	0	0	42	0	0	0	0	0	0	0
GF_155	9	0	0	6	0	0	0	5	0	0	10	11
GF_156	0	0	0	0	41	0	0	0	0	0	0	0
GF_157	0	0	0	0	0	0	0	0	0	40	0	0
GF_158	3	6	3	3	4	2	3	3	3	4	3	3
GF_159	5	8	0	4	0	5	0	4	4	2	4	4
GF_160	0	0	0	0	0	0	0	0	0	40	0	0
GF_161	2	6	6	3	0	6	0	8	0	0	3	6
GF_162	4	1	11	4	2	1	1	4	2	2	4	4
GF_163	4	6	2	1	1	4	3	4	2	3	5	5
GF_164	5	7	0	6	0	0	0	8	0	1	2	11
GF_165	0	39	0	0	1	0	0	0	0	0	0	0
GF_166	0	40	0	0	0	0	0	0	0	0	0	0
GF_167	4	2	6	5	0	1	0	4	4	3	4	6
GF_168	1	1	2	2	20	0	0	6	2	0	2	3
GF_169	4	4	4	4	1	5	1	4	5	0	4	3
GF_170	9	0	0	8	0	0	0	3	0	0	9	10
GF_171	0	0	0	0	37	2	0	0	0	0	0	0
GF_172	4	2	3	4	0	1	0	5	5	5	5	4
GF_173	0	0	0	0	0	0	0	0	0	38	0	0
GF_174	2	7	14	2	0	0	1	2	1	5	2	2
GF_175	3	4	10	2	0	5	0	3	3	1	3	4
GF_176	5	2	1	9	0	1	0	5	4	1	5	5
GF_177	4	1	0	4	0	2	0	4	11	0	5	7
GF_178	0	1	0	3	28	0	0	2	0	0	1	3
GF_179	0	38	0	0	0	0	0	0	0	0	0	0
GF_180	0	0	0	0	38	0	0	0	0	0	0	0
GF_181	0	34	0	0	0	0	0	0	0	3	0	0
GF_182	1	3	28	1	0	0	0	1	1	0	1	1
GF_183	2	17	4	2	0	5	0	2	0	0	2	3
GF_184	3	0	4	5	0	0	0	5	4	2	5	9
GF_185	3	1	3	3	0	9	4	3	4	1	3	3
GF_186	8	0	0	7	0	0	0	9	1	0	5	7
GF_187	2	3	11	2	2	0	1	2	3	6	2	2
GF_188	4	13	2	5	0	0	0	2	1	1	5	3
GF_189	7	0	0	5	0	0	0	6	6	0	6	6
GF_190	3	0	0	6	1	1	2	5	5	1	7	5
GF_191	8	0	0	7	0	0	0	6	1	0	7	7
GF_192	5	0	0	4	0	0	0	6	0	0	11	10
GF_193	3	0	0	5	0	0	0	5	4	0	9	10
GF_194	2	10	0	3	2	3	3	2	3	2	3	3
GF_195	0	0	0	0	36	0	0	0	0	0	0	0
GF_196	3	5	10	3	0	0	0	3	2	3	3	3
GF_197	6	0	1	8	0	0	0	7	0	0	5	8
GF_198	3	2	3	3	2	2	3	2	3	3	5	4
GF_199	5	5	4	5	0	0	0	4	3	1	4	4
GF_200	3	7	4	3	1	3	2	3	2	0	4	3
GF_201	4	3	2	4	3	2	0	4	2	3	4	4
GF_202	3	0	0	1	31	0	0	0	0	0	0	0
GF_203	7	0	0	6	0	0	0	7	0	0	7	8
GF_204	3	3	1	3	5	1	1	3	3	4	3	5
GF_205	0	0	0	0	35	0	0	0	0	0	0	0
GF_206	0	0	0	0	35	0	0	0	0	0	0	0
GF_207	1	7	0	1	8	3	2	1	1	8	1	1
GF_208	3	0	2	5	0	0	0	6	0	2	5	11
GF_209	2	6	5	2	5	1	1	3	4	0	3	2
GF_210	1	1	3	3	15	0	0	2	0	0	5	4
GF_211	0	0	0	0	0	0	0	0	34	0	0	0
GF_212	3	0	0	3	0	0	0	3	19	0	3	3
GF_213	4	0	0	8	0	1	2	4	3	0	4	8
GF_214	0	34	0	0	0	0	0	0	0	0	0	0
GF_215	3	2	2	4	0	6	0	3	3	3	3	4
GF_216	5	1	1	2	9	2	2	4	1	3	1	2
GF_217	3	2	6	3	2	2	2	3	2	2	3	3
GF_218	2	2	12	2	2	2	1	2	3	1	2	2
GF_219	4	2	8	4	0	1	0	4	2	0	4	4
GF_220	2	1	14	2	1	0	1	3	2	1	3	3
GF_221	4	5	1	3	0	0	0	3	5	0	6	6
GF_222	4	0	0	6	0	1	0	5	1	0	9	7
GF_223	8	0	0	4	0	1	1	4	5	1	7	2
GF_224	4	2	1	4	4	0	0	6	3	1	4	4
GF_225	4	3	1	4	3	0	0	4	5	1	4	4
GF_226	0	0	0	7	0	0	0	11	3	0	4	8
GF_227	0	4	0	0	25	0	0	1	0	0	2	1
GF_228	0	0	0	0	33	0	0	0	0	0	0	0
GF_229	0	33	0	0	0	0	0	0	0	0	0	0
GF_230	3	3	3	3	3	2	2	2	2	3	3	3
GF_231	2	1	10	4	0	4	0	1	1	3	2	4
GF_232	3	1	3	5	2	1	1	4	2	1	4	5
GF_233	5	4	2	4	0	0	0	5	2	1	4	5
GF_234	4	2	4	4	0	0	0	6	3	1	4	4
GF_235	1	7	0	2	3	3	2	1	10	0	1	2
GF_236	4	2	1	4	0	2	2	4	4	1	4	4
GF_237	4	2	1	4	4	0	0	4	4	1	4	4
GF_238	3	1	1	3	0	1	1	7	1	1	7	6
GF_239	3	4	2	3	3	1	2	3	3	1	3	4
GF_240	0	0	0	0	32	0	0	0	0	0	0	0
GF_241	0	0	0	0	32	0	0	0	0	0	0	0
GF_242	3	0	4	4	0	1	0	5	3	4	3	4
GF_243	3	2	4	3	2	3	1	3	2	2	3	3
GF_244	2	5	5	2	1	2	3	2	3	2	2	2
GF_245	3	4	2	4	1	1	0	3	3	3	3	4
GF_246	3	0	8	5	0	0	0	4	0	0	7	4
GF_247	3	2	6	3	2	1	1	3	2	2	3	3
GF_248	3	2	6	3	0	0	0	3	4	4	2	4
GF_249	1	18	6	1	0	0	0	1	1	1	1	1
GF_250	3	3	4	3	1	3	1	3	3	1	3	3
GF_251	2	7	3	2	0	5	0	2	6	0	2	2
GF_252	3	9	5	2	0	0	0	5	1	0	3	3
GF_253	2	8	4	1	7	1	0	2	1	2	1	2
GF_254	3	1	1	4	0	0	0	4	11	0	4	3
GF_255	7	0	0	6	0	0	0	3	2	0	7	6
GF_256	3	5	2	3	2	1	2	3	2	2	3	3
GF_257	3	3	2	4	1	1	1	4	2	2	4	4
GF_258	3	1	2	3	1	2	2	4	2	2	5	4
GF_259	4	1	1	4	1	1	0	4	3	1	3	8
GF_260	2	2	2	3	1	2	2	4	3	2	4	4
GF_261	3	1	1	7	1	1	1	3	4	1	2	6
GF_262	3	1	1	3	0	9	0	3	3	2	3	3
GF_263	0	31	0	0	0	0	0	0	0	0	0	0
GF_264	0	31	0	0	0	0	0	0	0	0	0	0
GF_265	0	0	0	0	0	0	0	0	0	30	0	0
GF_266	2	3	4	4	2	1	1	2	2	3	2	4
GF_267	1	0	18	1	0	2	1	1	1	3	1	1
GF_268	2	2	13	2	0	0	0	3	4	0	2	2
GF_269	0	1	28	0	0	0	0	0	0	1	0	0
GF_270	1	19	0	1	0	1	1	1	3	1	1	1
GF_271	6	0	0	4	0	0	0	7	0	0	6	7
GF_272	4	3	1	3	3	0	0	4	2	1	4	5
GF_273	6	1	1	4	0	0	0	6	1	1	8	2
GF_274	5	0	0	7	0	0	0	5	2	0	5	6
GF_275	4	0	0	6	0	1	1	4	6	0	4	4
GF_276	3	8	1	3	2	0	0	3	1	0	3	6
GF_277	0	0	0	0	0	0	0	0	30	0	0	0
GF_278	2	3	2	2	1	1	1	2	8	1	2	5
GF_279	0	0	0	0	30	0	0	0	0	0	0	0
GF_280	0	0	0	0	30	0	0	0	0	0	0	0
GF_281	4	2	1	4	0	1	0	4	1	4	4	4
GF_282	2	3	3	2	1	2	1	2	7	2	2	2
GF_283	0	1	0	0	0	0	0	0	0	28	0	0
GF_284	3	2	1	3	2	2	1	3	3	3	3	3
GF_285	0	0	27	0	0	2	0	0	0	0	0	0
GF_286	4	1	3	4	0	2	2	3	2	1	3	4
GF_287	2	1	11	2	2	0	2	2	2	1	2	2
GF_288	3	7	2	2	2	2	0	2	2	3	2	2
GF_289	4	0	1	3	0	0	0	7	4	0	3	7
GF_290	4	2	1	4	1	1	1	4	2	1	4	4
GF_291	5	0	0	5	0	0	0	5	4	0	5	5
GF_292	2	4	1	2	5	4	1	2	4	0	2	2
GF_293	3	0	0	8	0	0	0	4	0	0	7	7
GF_294	4	1	1	4	0	0	1	4	4	1	4	5
GF_295	3	2	0	4	3	1	0	4	3	1	4	4
GF_296	2	5	1	3	2	0	5	2	2	2	2	3
GF_297	0	28	0	0	0	0	0	0	1	0	0	0
GF_298	1	3	0	1	17	0	1	1	1	1	1	2
GF_299	0	29	0	0	0	0	0	0	0	0	0	0
GF_300	1	4	3	2	4	2	1	2	2	4	1	2
GF_301	3	2	3	3	0	1	1	3	3	3	3	3
GF_302	2	1	2	2	3	2	2	1	1	5	3	4
GF_303	2	1	3	2	5	1	2	2	1	4	3	2
GF_304	1	11	4	1	2	2	0	1	2	1	1	2
GF_305	0	6	21	0	0	0	0	0	0	1	0	0
GF_306	3	1	8	3	0	0	0	3	3	1	3	3
GF_307	3	1	2	4	0	4	0	3	4	0	3	4
GF_308	2	1	15	2	0	0	0	2	2	0	2	2
GF_309	3	5	0	2	1	1	2	2	6	0	3	3
GF_310	5	1	1	4	0	0	0	2	2	1	7	5
GF_311	4	0	0	5	1	0	0	4	4	0	4	6
GF_312	4	2	0	3	0	2	0	4	4	2	4	3
GF_313	3	1	1	3	0	3	1	5	1	1	6	3
GF_314	2	3	2	3	1	1	1	5	3	2	3	2
GF_315	4	0	0	3	0	0	0	7	0	0	1	13
GF_316	3	0	0	7	0	0	0	9	0	0	0	9
GF_317	1	1	1	3	1	1	1	6	2	1	6	4
GF_318	3	3	2	2	4	1	2	3	2	1	3	2
GF_319	0	0	0	0	28	0	0	0	0	0	0	0
GF_320	0	0	0	0	0	0	0	0	0	27	0	0
GF_321	2	2	2	2	2	4	2	2	2	3	2	2
GF_322	3	1	3	3	0	1	1	2	2	6	2	3
GF_323	3	4	3	3	2	0	0	3	1	2	3	3
GF_324	3	3	1	3	0	1	1	3	2	4	3	3
GF_325	2	2	6	2	2	1	1	2	2	3	2	2
GF_326	2	1	1	4	1	1	1	2	2	7	2	3
GF_327	1	0	2	1	0	2	0	1	1	17	1	1
GF_328	3	2	3	3	0	1	0	3	3	3	3	3
GF_329	2	3	5	3	1	1	1	2	2	2	2	3
GF_330	0	0	27	0	0	0	0	0	0	0	0	0
GF_331	1	6	3	1	1	3	2	2	1	5	1	1
GF_332	3	1	4	3	0	1	1	3	4	1	3	3
GF_333	0	11	16	0	0	0	0	0	0	0	0	0
GF_334	2	3	5	2	2	3	1	2	2	1	2	2
GF_335	3	3	2	2	0	2	2	3	3	1	3	3
GF_336	2	1	1	4	1	0	1	4	6	1	3	3
GF_337	1	1	4	1	7	0	0	2	2	6	2	1
GF_338	2	6	5	2	1	1	0	2	3	1	2	2
GF_339	2	3	3	2	2	1	1	2	3	3	3	2
GF_340	4	1	1	4	1	1	1	4	2	1	4	3
GF_341	5	0	0	4	0	0	0	8	1	0	3	6
GF_342	4	0	0	7	0	0	0	4	0	0	6	6
GF_343	3	0	0	6	0	0	0	5	3	0	5	5
GF_344	0	26	0	0	0	0	0	0	0	1	0	0
GF_345	0	25	0	0	0	0	0	0	0	2	0	0
GF_346	0	27	0	0	0	0	0	0	0	0	0	0
GF_347	4	11	0	2	0	0	0	2	3	1	2	2
GF_348	0	5	2	0	20	0	0	0	0	0	0	0
GF_349	0	1	1	0	24	0	0	0	0	1	0	0
GF_350	0	0	0	0	27	0	0	0	0	0	0	0
GF_351	0	0	0	0	27	0	0	0	0	0	0	0
GF_352	0	0	0	0	27	0	0	0	0	0	0	0
GF_353	2	2	5	2	1	1	2	2	3	2	2	2
GF_354	2	2	2	2	4	1	2	2	2	3	2	2
GF_355	3	5	0	3	0	1	1	3	2	2	3	3
GF_356	2	2	1	2	0	1	1	2	4	7	2	2
GF_357	0	6	0	0	0	9	0	0	0	11	0	0
GF_358	2	2	2	3	2	2	2	2	2	2	2	3
GF_359	1	6	3	1	1	2	1	2	1	4	2	2
GF_360	2	3	3	2	0	6	1	1	2	3	2	1
GF_361	1	1	4	6	0	0	0	4	0	2	3	5
GF_362	3	3	4	3	0	2	0	3	1	1	3	3
GF_363	2	4	5	2	0	5	0	2	2	0	2	2
GF_364	3	2	3	4	1	3	1	2	1	2	2	2
GF_365	2	3	5	2	2	1	1	2	2	2	2	2
GF_366	3	1	2	3	0	0	0	3	0	3	5	6
GF_367	1	3	4	2	2	2	2	2	2	2	2	2
GF_368	2	1	3	2	0	0	0	7	0	0	3	8
GF_369	2	6	4	2	0	1	1	3	2	1	2	2
GF_370	2	3	3	2	1	3	2	2	2	2	2	2
GF_371	0	0	0	0	0	0	0	0	26	0	0	0
GF_372	2	0	0	0	0	0	0	4	7	0	5	8
GF_373	3	2	1	3	0	4	2	4	2	0	2	3
GF_374	2	0	0	5	0	1	0	5	3	1	4	5
GF_375	3	1	3	3	0	1	1	4	1	3	3	3
GF_376	4	1	1	4	0	2	1	3	1	1	4	4
GF_377	4	0	0	3	0	0	0	7	0	0	3	9
GF_378	3	5	1	3	0	1	1	4	1	3	2	2
GF_379	3	0	0	8	0	0	0	7	2	0	0	6
GF_380	3	2	2	3	0	1	1	3	2	1	3	5
GF_381	2	2	2	2	5	2	1	2	3	1	2	2
GF_382	0	26	0	0	0	0	0	0	0	0	0	0
GF_383	0	26	0	0	0	0	0	0	0	0	0	0
GF_384	0	5	0	0	0	21	0	0	0	0	0	0
GF_385	0	1	0	0	25	0	0	0	0	0	0	0
GF_386	0	26	0	0	0	0	0	0	0	0	0	0
GF_387	0	0	0	0	26	0	0	0	0	0	0	0
GF_388	2	2	0	2	0	5	3	2	1	4	2	2
GF_389	2	4	4	2	0	0	0	2	2	5	2	2
GF_390	2	2	4	3	1	0	2	2	2	2	2	3
GF_391	2	3	2	2	1	2	2	2	2	3	2	2
GF_392	1	4	4	1	3	3	1	1	2	3	1	1
GF_393	2	2	0	2	0	0	1	2	2	10	2	2
GF_394	2	2	2	2	2	2	2	3	2	2	2	2
GF_395	2	3	3	2	0	3	1	2	2	3	2	2
GF_396	3	2	4	3	0	0	0	3	4	0	3	3
GF_397	0	22	2	0	0	1	0	0	0	0	0	0
GF_398	2	2	2	2	3	2	2	2	2	2	2	2
GF_399	3	1	2	3	0	0	0	3	5	1	4	3
GF_400	1	2	4	3	2	3	3	1	2	1	2	1
GF_401	2	1	5	2	0	3	5	2	1	0	2	2
GF_402	1	0	19	1	0	0	0	1	1	0	1	1
GF_403	2	0	6	6	0	0	0	2	0	0	7	2
GF_404	3	1	3	3	0	2	1	4	1	1	3	3
GF_405	1	0	4	2	3	7	1	3	1	0	1	2
GF_406	2	0	0	2	0	0	0	5	12	0	1	3
GF_407	3	2	2	3	0	0	0	3	7	0	3	2
GF_408	3	1	1	4	0	0	0	4	3	1	4	4
GF_409	5	1	1	5	0	0	0	3	1	0	6	3
GF_410	4	0	0	5	0	0	0	4	3	0	4	5
GF_411	2	4	1	2	2	3	1	2	3	1	2	2
GF_412	3	1	0	4	0	0	0	3	6	1	3	4
GF_413	4	2	2	3	0	0	2	2	3	1	4	2
GF_414	4	0	1	0	0	7	0	4	1	0	4	4
GF_415	2	3	2	1	2	2	1	1	2	2	5	2
GF_416	2	0	0	2	0	0	0	7	8	0	2	4
GF_417	3	0	0	6	0	0	0	7	0	0	2	7
GF_418	2	2	2	2	1	3	2	2	3	2	2	2
GF_419	0	25	0	0	0	0	0	0	0	0	0	0
GF_420	0	25	0	0	0	0	0	0	0	0	0	0
GF_421	1	6	3	1	2	3	2	1	2	2	1	1
GF_422	0	0	0	0	25	0	0	0	0	0	0	0
GF_423	0	6	0	0	0	3	0	0	0	15	0	0
GF_424	2	2	2	4	0	2	0	2	2	2	2	4
GF_425	2	2	2	2	2	2	2	2	2	2	2	2
GF_426	2	2	2	2	1	1	1	2	2	5	2	2
GF_427	0	0	3	1	14	2	0	0	2	2	0	0
GF_428	1	3	9	1	0	0	0	1	1	6	1	1
GF_429	2	2	2	2	2	2	2	2	2	2	2	2
GF_430	2	3	3	2	0	3	1	2	2	2	2	2
GF_431	2	4	3	2	0	1	1	2	2	3	2	2
GF_432	2	7	1	2	0	1	0	2	2	3	2	2
GF_433	2	2	2	3	0	1	2	2	3	2	2	3
GF_434	3	1	3	3	0	1	1	3	2	1	3	3
GF_435	2	2	5	2	1	1	1	2	2	2	2	2
GF_436	2	4	2	2	3	1	1	2	2	1	2	2
GF_437	0	0	24	0	0	0	0	0	0	0	0	0
GF_438	2	2	3	2	2	1	1	2	2	1	2	4
GF_439	3	1	1	3	1	1	1	3	3	1	3	3
GF_440	4	0	0	5	0	0	0	3	0	0	7	5
GF_441	3	3	1	1	0	3	0	3	4	0	3	3
GF_442	4	0	0	7	0	0	0	5	0	0	5	3
GF_443	0	0	0	4	0	0	0	10	0	0	3	7
GF_444	1	2	2	3	3	2	2	2	1	2	1	3
GF_445	0	24	0	0	0	0	0	0	0	0	0	0
GF_446	0	24	0	0	0	0	0	0	0	0	0	0
GF_447	0	22	1	0	0	0	0	0	0	1	0	0
GF_448	0	23	0	0	0	0	0	0	0	0	1	0
GF_449	2	3	1	2	0	7	2	2	3	0	1	1
GF_450	0	0	0	0	24	0	0	0	0	0	0	0
GF_451	0	0	0	0	24	0	0	0	0	0	0	0
GF_452	0	0	0	0	24	0	0	0	0	0	0	0
GF_453	2	2	2	1	2	2	2	2	2	2	3	2
GF_454	2	2	2	2	2	2	2	2	2	2	2	2
GF_455	0	0	0	0	0	0	0	0	0	24	0	0
GF_456	0	0	24	0	0	0	0	0	0	0	0	0
GF_457	0	14	0	0	2	2	2	0	0	3	0	0
GF_458	0	20	0	0	0	0	0	0	0	3	0	0
GF_459	1	3	5	2	0	1	1	1	1	5	1	2
GF_460	0	0	0	0	0	0	0	0	0	23	0	0
GF_461	0	0	0	0	0	0	0	0	0	23	0	0
GF_462	2	2	2	2	2	1	2	2	2	2	2	2
GF_463	2	2	2	2	1	2	2	2	2	2	2	2
GF_464	2	2	1	2	0	1	1	2	4	4	2	2
GF_465	0	2	17	0	0	0	0	0	0	4	0	0
GF_466	1	3	5	1	1	3	1	1	1	4	1	1
GF_467	0	1	6	0	11	1	1	0	0	3	0	0
GF_468	2	1	1	2	3	2	1	2	2	3	2	2
GF_469	3	3	2	3	0	1	0	3	2	0	3	3
GF_470	2	3	2	2	0	2	0	2	3	2	3	2
GF_471	2	0	4	2	0	0	1	3	2	0	5	4
GF_472	2	4	3	2	0	1	1	2	2	2	2	2
GF_473	3	0	2	3	1	0	1	3	3	1	3	3
GF_474	3	1	2	3	2	1	1	3	1	0	3	3
GF_475	2	3	3	2	1	0	1	2	4	1	2	2
GF_476	1	1	5	1	1	5	2	1	3	1	1	1
GF_477	1	3	10	1	0	0	0	1	2	3	1	1
GF_478	1	0	0	1	3	0	1	1	14	0	1	1
GF_479	2	2	1	2	1	1	0	2	5	2	3	2
GF_480	0	0	0	0	0	0	0	0	23	0	0	0
GF_481	1	2	10	2	0	0	0	1	3	1	1	2
GF_482	2	4	3	2	0	0	1	2	0	3	2	4
GF_483	2	2	2	2	3	1	1	2	2	2	2	2
GF_484	3	2	2	3	0	1	1	3	2	1	3	2
GF_485	2	6	2	2	0	2	0	4	1	1	2	1
GF_486	3	2	2	3	0	1	2	3	1	0	3	3
GF_487	5	0	0	0	0	0	0	7	0	0	5	6
GF_488	3	1	1	3	1	2	1	3	1	1	3	3
GF_489	2	2	1	3	1	1	1	3	2	1	3	3
GF_490	3	0	1	4	2	0	0	6	1	0	3	3
GF_491	3	0	0	3	0	5	1	5	0	0	3	3
GF_492	2	2	2	3	1	1	1	3	2	1	2	3
GF_493	2	4	1	3	2	0	1	3	1	1	2	3
GF_494	4	1	1	4	0	0	0	4	1	1	3	4
GF_495	1	2	1	1	4	3	0	2	2	3	2	2
GF_496	1	0	3	7	0	0	0	4	0	1	4	3
GF_497	1	5	2	1	2	1	2	1	2	4	1	1
GF_498	2	3	2	1	2	2	2	2	2	2	2	1
GF_499	2	2	2	2	2	1	2	2	2	2	2	2
GF_500	2	2	2	1	2	2	2	2	3	2	1	2
GF_501	0	0	0	0	0	0	23	0	0	0	0	0
GF_502	2	2	2	2	2	1	2	2	2	2	2	2
GF_503	2	1	2	2	2	2	2	2	2	2	2	2
GF_504	2	2	2	2	2	2	2	2	1	2	2	2
GF_505	1	1	2	1	1	2	2	3	2	2	3	3
GF_506	2	5	0	2	2	0	1	2	1	3	2	2
GF_507	1	3	5	1	0	0	0	2	1	7	1	1
GF_508	1	5	3	1	0	1	1	1	1	5	1	2
GF_509	2	2	2	2	2	1	1	2	2	2	2	2
GF_510	2	2	0	3	2	1	1	2	1	2	4	2
GF_511	3	1	1	3	0	0	1	3	2	2	3	3
GF_512	3	1	1	1	1	1	2	3	1	2	3	3
GF_513	0	17	0	0	0	0	0	0	0	5	0	0
GF_514	1	1	5	1	0	10	0	1	0	1	1	1
GF_515	2	2	8	1	0	1	1	2	1	1	1	2
GF_516	1	12	2	1	0	0	0	2	0	0	2	2
GF_517	2	1	4	2	0	1	2	4	2	0	2	2
GF_518	0	6	6	0	10	0	0	0	0	0	0	0
GF_519	2	3	5	1	7	0	0	1	0	0	2	1
GF_520	2	2	2	2	1	2	1	2	3	1	2	2
GF_521	3	1	3	3	0	0	0	3	1	2	3	3
GF_522	1	2	5	1	2	2	1	2	1	3	1	1
GF_523	0	0	0	1	0	0	0	1	17	0	2	1
GF_524	2	0	0	3	0	0	0	2	11	0	2	2
GF_525	2	5	1	2	0	1	1	2	3	1	2	2
GF_526	4	0	0	2	0	0	0	4	0	0	8	4
GF_527	3	4	1	3	0	2	1	2	1	0	2	3
GF_528	2	5	1	1	0	1	1	2	2	4	1	2
GF_529	4	0	0	5	0	0	0	5	0	0	1	7
GF_530	3	1	1	3	0	0	2	3	1	2	3	3
GF_531	3	0	1	3	1	2	1	3	2	0	3	3
GF_532	4	0	0	7	0	0	0	3	0	0	6	2
GF_533	4	0	0	4	0	0	0	4	2	0	4	4
GF_534	3	1	1	3	1	1	1	3	2	1	2	3
GF_535	3	2	0	5	0	0	0	3	1	0	2	6
GF_536	3	0	0	4	0	0	0	4	0	0	4	7
GF_537	2	2	2	2	0	2	1	2	2	2	2	3
GF_538	0	22	0	0	0	0	0	0	0	0	0	0
GF_539	0	22	0	0	0	0	0	0	0	0	0	0
GF_540	1	2	2	2	3	6	0	1	1	2	1	1
GF_541	0	0	0	0	22	0	0	0	0	0	0	0
GF_542	0	0	0	0	22	0	0	0	0	0	0	0
GF_543	2	2	2	2	3	1	2	1	2	2	1	2
GF_544	1	2	2	1	6	2	2	1	2	1	1	1
GF_545	0	0	22	0	0	0	0	0	0	0	0	0
GF_546	0	0	0	0	22	0	0	0	0	0	0	0
GF_547	1	2	2	2	2	2	2	2	2	1	2	2
GF_548	1	2	2	2	1	2	2	1	3	2	3	1
GF_549	1	2	2	2	1	2	2	1	3	2	1	3
GF_550	1	12	0	1	0	5	0	0	0	2	0	0
GF_551	1	4	4	1	0	1	0	1	1	6	1	1
GF_552	2	0	1	2	0	0	0	1	9	3	2	1
GF_553	2	2	2	2	1	1	1	3	1	2	2	2
GF_554	2	2	2	2	1	1	1	2	1	3	2	2
GF_555	2	1	3	2	2	1	0	1	3	1	2	3
GF_556	2	1	2	3	0	1	0	2	2	2	3	3
GF_557	2	2	2	2	1	1	1	2	1	2	3	2
GF_558	2	2	1	2	3	1	1	2	2	1	2	2
GF_559	0	18	2	0	0	0	0	0	0	1	0	0
GF_560	2	1	3	1	1	1	1	2	1	1	4	3
GF_561	0	1	2	0	7	2	1	2	2	1	2	1
GF_562	2	2	2	2	1	2	2	2	1	2	1	2
GF_563	2	3	1	2	1	1	1	2	2	2	2	2
GF_564	3	3	0	4	0	1	0	3	2	0	2	3
GF_565	3	0	0	4	0	0	0	3	0	0	7	4
GF_566	2	2	1	2	1	2	2	2	2	1	2	2
GF_567	2	1	1	3	1	1	1	4	1	1	2	3
GF_568	3	1	1	2	1	1	1	3	1	1	3	3
GF_569	1	2	1	2	1	1	1	1	3	1	3	4
GF_570	3	1	2	1	0	0	0	5	0	1	2	6
GF_571	0	0	0	0	0	0	0	0	21	0	0	0
GF_572	2	5	0	2	0	0	1	3	3	0	2	3
GF_573	1	1	1	2	3	5	2	1	1	1	1	2
GF_574	1	2	2	1	2	1	2	1	4	2	1	2
GF_575	0	21	0	0	0	0	0	0	0	0	0	0
GF_576	0	19	1	0	0	1	0	0	0	0	0	0
GF_577	0	17	0	0	0	1	2	0	0	1	0	0
GF_578	2	2	2	2	2	1	1	2	2	1	2	2
GF_579	0	21	0	0	0	0	0	0	0	0	0	0
GF_580	2	2	1	2	3	1	1	2	2	1	2	2
GF_581	1	2	2	2	1	3	1	2	2	2	2	1
GF_582	1	1	2	1	2	1	1	4	1	1	4	2
GF_583	0	0	0	0	21	0	0	0	0	0	0	0
GF_584	1	1	2	2	3	1	2	2	2	2	2	1
GF_585	1	3	2	1	2	1	2	2	1	2	2	2
GF_586	2	1	2	2	2	2	2	2	2	2	1	1
GF_587	1	2	2	2	2	1	1	2	2	2	2	2
GF_588	1	2	2	1	2	2	2	2	2	2	2	1
GF_589	1	2	2	2	2	2	1	2	1	2	2	2
GF_590	1	2	2	1	2	2	2	2	2	2	1	2
GF_591	1	3	2	1	1	1	2	2	2	3	1	2
GF_592	1	1	1	1	0	2	2	2	2	6	1	1
GF_593	1	1	7	1	0	0	2	1	1	3	2	1
GF_594	2	1	2	2	0	2	1	2	2	2	2	2
GF_595	1	1	3	1	4	1	2	1	1	3	1	1
GF_596	2	2	0	2	0	2	1	2	2	3	2	2
GF_597	2	1	4	2	1	2	0	1	1	2	2	2
GF_598	1	4	2	2	0	1	2	1	1	3	1	2
GF_599	1	2	3	1	0	4	0	1	4	2	1	1
GF_600	2	1	2	2	0	2	1	2	2	2	2	2
GF_601	1	5	5	1	0	1	0	1	2	2	1	1
GF_602	2	2	2	2	0	2	0	2	2	2	2	2
GF_603	2	2	1	1	0	1	0	2	1	6	2	2
GF_604	1	3	5	2	0	0	0	3	1	3	1	1
GF_605	0	10	1	0	0	1	1	0	0	7	0	0
GF_606	0	0	5	0	12	0	0	0	0	3	0	0
GF_607	2	4	0	1	3	0	0	2	1	3	2	2
GF_608	0	1	19	0	0	0	0	0	0	0	0	0
GF_609	2	2	2	2	0	1	1	2	2	2	2	2
GF_610	1	4	3	2	0	3	1	1	1	1	1	2
GF_611	2	1	6	2	0	1	0	2	1	1	2	2
GF_612	3	1	2	3	0	2	1	2	2	0	2	2
GF_613	1	2	5	1	2	0	1	1	1	4	1	1
GF_614	2	1	5	2	0	0	0	2	3	1	2	2
GF_615	2	3	2	2	1	1	1	2	1	1	2	2
GF_616	2	1	4	2	0	1	0	3	0	1	3	3
GF_617	2	2	2	2	0	2	1	2	1	2	2	2
GF_618	2	2	3	2	0	2	1	3	1	2	1	1
GF_619	1	1	6	1	0	2	1	1	5	0	1	1
GF_620	2	1	3	2	2	1	1	2	1	1	2	2
GF_621	3	1	3	3	0	0	0	3	1	0	3	3
GF_622	2	1	0	3	0	0	0	1	11	0	0	2
GF_623	3	0	0	10	0	0	0	2	0	0	1	4
GF_624	6	0	0	1	0	0	0	4	0	0	3	6
GF_625	5	0	0	3	0	0	0	3	0	0	5	4
GF_626	2	1	0	3	1	3	1	2	2	0	2	3
GF_627	2	3	1	2	0	1	1	2	2	1	2	3
GF_628	3	2	0	6	0	0	0	2	0	0	4	3
GF_629	4	0	0	4	0	0	0	4	0	0	4	4
GF_630	2	0	0	2	0	0	0	4	4	0	3	5
GF_631	3	2	1	2	0	0	0	3	1	2	2	4
GF_632	2	3	1	2	1	0	1	2	2	1	2	3
GF_633	2	3	1	2	1	1	1	2	2	1	2	2
GF_634	1	0	1	2	0	0	0	3	1	1	3	8
GF_635	2	0	0	6	0	0	0	4	5	0	1	2
GF_636	1	5	2	1	2	1	2	1	2	1	1	1
GF_637	1	5	1	1	0	4	2	1	1	2	1	1
GF_638	1	9	1	1	1	0	2	1	1	1	1	1
GF_639	1	9	0	1	0	2	2	1	1	1	1	1
GF_640	2	2	1	2	0	2	2	2	2	1	2	2
GF_641	2	1	1	2	2	2	1	2	2	1	2	2
GF_642	1	2	0	1	4	3	1	1	2	3	1	1
GF_643	2	1	2	1	2	2	1	2	2	1	2	2
GF_644	1	2	2	1	3	2	2	1	1	2	2	1
GF_645	0	0	0	0	20	0	0	0	0	0	0	0
GF_646	1	2	2	1	3	1	1	2	2	2	2	1
GF_647	0	0	0	0	20	0	0	0	0	0	0	0
GF_648	0	0	0	0	20	0	0	0	0	0	0	0
GF_649	1	2	2	2	1	1	2	2	2	2	2	1
GF_650	2	1	2	3	1	0	1	2	3	1	1	3
GF_651	1	2	2	2	1	1	2	2	2	2	1	2
GF_652	2	1	2	2	1	2	1	2	1	1	2	3
GF_653	1	2	2	2	2	2	2	1	2	2	1	1
GF_654	1	2	2	1	2	1	2	2	1	2	2	2
GF_655	1	3	2	2	1	1	0	1	3	1	1	4
GF_656	1	2	2	1	2	2	2	1	1	2	2	2
GF_657	1	0	0	1	0	0	0	1	2	12	1	1
GF_658	2	3	1	1	0	1	0	3	2	2	2	2
GF_659	2	3	1	1	0	1	1	2	2	2	2	2
GF_660	0	0	0	0	0	0	0	0	0	19	0	0
GF_661	0	6	11	0	0	0	0	0	0	2	0	0
GF_662	3	3	0	1	0	0	0	3	0	4	4	1
GF_663	1	2	1	2	1	1	0	2	2	3	2	2
GF_664	1	2	3	1	1	0	1	1	1	6	1	1
GF_665	2	2	1	2	0	1	1	2	2	2	2	2
GF_666	2	0	1	2	1	0	2	2	2	3	2	2
GF_667	0	5	1	0	0	2	0	0	0	11	0	0
GF_668	2	4	2	1	1	0	0	2	1	1	3	2
GF_669	0	1	18	0	0	0	0	0	0	0	0	0
GF_670	2	2	4	2	0	0	0	2	1	0	3	3
GF_671	2	1	3	2	1	1	2	2	0	1	2	2
GF_672	1	1	5	2	0	2	1	2	1	1	2	1
GF_673	0	0	3	0	16	0	0	0	0	0	0	0
GF_674	2	1	2	2	0	4	0	2	1	1	2	2
GF_675	0	7	4	0	0	6	1	0	0	1	0	0
GF_676	2	1	3	1	1	1	1	2	2	1	2	2
GF_677	1	1	5	1	2	1	1	1	2	1	1	2
GF_678	3	2	4	3	0	0	0	2	2	0	2	1
GF_679	1	1	3	1	5	3	0	1	1	1	1	1
GF_680	2	1	2	3	1	0	1	3	2	1	1	2
GF_681	2	1	1	2	1	1	1	2	2	1	2	3
GF_682	3	1	0	1	1	0	1	3	1	0	5	3
GF_683	5	0	0	7	0	0	0	3	0	0	1	3
GF_684	2	2	1	2	2	0	2	2	1	1	2	2
GF_685	6	0	0	2	0	0	0	2	0	0	5	4
GF_686	4	0	0	4	0	0	0	4	0	0	3	4
GF_687	3	1	1	4	0	0	0	2	1	1	3	3
GF_688	2	1	1	2	0	2	1	2	3	1	2	2
GF_689	3	0	0	5	0	0	0	4	1	0	1	5
GF_690	2	3	0	2	0	1	1	2	1	1	3	3
GF_691	2	1	1	2	1	2	1	2	1	1	2	3
GF_692	2	2	1	2	1	1	1	2	2	1	2	2
GF_693	3	1	1	3	1	1	1	1	1	1	2	3
GF_694	2	2	1	2	1	1	1	2	1	1	2	3
GF_695	2	1	1	3	0	0	1	2	1	1	3	4
GF_696	2	2	1	2	1	2	1	2	1	1	2	2
GF_697	2	1	1	2	2	0	1	2	2	1	2	3
GF_698	1	0	0	4	0	0	0	5	1	0	6	2
GF_699	1	0	0	8	0	0	0	3	2	0	1	4
GF_700	1	2	2	2	2	2	1	1	2	1	1	2
GF_701	2	1	1	2	1	1	1	2	2	1	2	3
GF_702	2	0	0	3	0	0	0	6	2	0	3	3
GF_703	2	1	1	2	1	1	1	2	3	1	2	2
GF_704	1	6	2	1	3	1	0	1	2	0	1	1
GF_705	1	7	1	1	2	1	1	1	1	1	1	1
GF_706	1	2	1	1	6	0	1	1	3	1	1	1
GF_707	1	3	2	1	2	2	2	1	1	1	2	1
GF_708	0	0	0	0	19	0	0	0	0	0	0	0
GF_709	2	1	1	2	4	2	0	2	1	0	2	2
GF_710	1	2	2	1	4	1	1	1	2	2	1	1
GF_711	2	1	1	2	2	1	1	2	1	2	2	2
GF_712	1	2	2	1	2	1	2	1	1	2	2	2
GF_713	2	2	2	2	1	1	1	1	1	2	2	2
GF_714	1	2	2	1	1	1	1	2	2	3	2	1
GF_715	1	2	2	2	1	1	2	2	1	1	2	2
GF_716	2	2	2	2	1	1	1	1	2	2	1	2
GF_717	1	2	2	1	2	2	2	1	2	2	1	1
GF_718	1	3	2	1	1	2	1	1	2	3	1	1
GF_719	1	2	2	2	1	1	1	2	1	2	2	2
GF_720	1	2	2	1	2	2	2	1	2	2	1	1
GF_721	1	2	2	1	2	1	2	2	2	2	1	1
GF_722	1	2	2	1	2	2	2	1	2	2	1	1
GF_723	2	1	2	3	1	0	1	2	2	1	2	2
GF_724	2	1	2	1	1	1	1	2	2	2	2	2
GF_725	1	2	2	1	1	2	2	2	2	2	1	1
GF_726	1	1	2	2	2	1	1	2	2	2	1	2
GF_727	0	7	3	0	0	1	0	0	4	3	0	0
GF_728	0	0	0	0	0	0	0	0	0	18	0	0
GF_729	0	4	0	0	0	2	7	0	0	5	0	0
GF_730	1	1	3	1	0	1	1	1	1	5	1	2
GF_731	0	2	7	0	2	1	0	0	0	6	0	0
GF_732	1	7	0	1	0	2	0	1	2	2	1	1
GF_733	2	1	3	2	0	0	0	2	1	3	2	2
GF_734	2	0	1	1	0	0	1	2	1	3	2	5
GF_735	2	1	2	1	2	1	1	2	2	2	1	1
GF_736	2	2	2	1	0	1	3	1	1	3	1	1
GF_737	1	4	1	2	0	0	1	1	1	4	1	2
GF_738	1	6	0	1	0	4	0	1	1	2	1	1
GF_739	0	6	2	0	6	1	0	0	0	3	0	0
GF_740	1	1	4	1	0	3	0	1	3	2	1	1
GF_741	1	3	4	1	2	1	0	1	1	2	1	1
GF_742	2	3	3	2	0	0	0	2	2	0	2	2
GF_743	0	1	1	0	10	5	0	0	0	1	0	0
GF_744	3	0	2	2	1	0	0	3	2	0	3	2
GF_745	2	1	2	2	0	1	1	2	2	1	2	2
GF_746	1	7	2	1	0	3	0	1	1	0	1	1
GF_747	2	3	2	2	0	1	1	2	0	1	2	2
GF_748	2	2	3	2	0	0	1	2	1	1	2	2
GF_749	0	1	5	1	0	0	0	6	0	1	1	3
GF_750	1	4	3	2	0	0	1	1	2	2	1	1
GF_751	2	1	2	2	1	1	1	2	1	1	2	2
GF_752	1	0	0	2	0	0	0	3	5	0	3	4
GF_753	1	2	2	1	1	2	1	2	3	1	1	1
GF_754	2	2	2	2	0	0	0	2	2	2	2	2
GF_755	5	3	2	1	0	0	0	2	0	0	4	1
GF_756	4	0	0	6	0	0	0	1	0	0	6	1
GF_757	3	2	1	1	1	2	1	1	2	2	1	1
GF_758	3	0	0	3	0	0	0	4	2	0	3	3
GF_759	3	0	0	1	0	0	0	5	0	0	2	7
GF_760	2	1	1	2	0	1	1	2	2	2	2	2
GF_761	2	1	0	2	4	1	1	2	1	0	2	2
GF_762	2	1	1	2	0	1	1	4	1	1	2	2
GF_763	2	2	1	2	1	1	1	2	1	1	2	2
GF_764	2	0	0	4	0	0	0	4	0	0	4	4
GF_765	4	0	0	3	0	0	0	3	1	0	2	5
GF_766	2	1	1	2	0	2	1	2	2	1	2	2
GF_767	2	1	1	2	1	1	1	2	2	1	2	2
GF_768	2	1	1	5	0	1	1	2	1	1	2	1
GF_769	2	1	0	2	0	5	0	2	1	0	2	3
GF_770	2	2	1	1	2	1	1	2	1	1	2	2
GF_771	3	0	0	0	0	0	0	5	2	0	1	7
GF_772	2	2	1	2	1	1	1	2	1	2	2	1
GF_773	2	0	0	2	0	0	0	4	0	0	3	7
GF_774	2	0	0	3	0	0	0	3	2	0	4	4
GF_775	1	1	1	2	5	1	1	1	1	1	1	2
GF_776	0	18	0	0	0	0	0	0	0	0	0	0
GF_777	1	5	1	1	1	3	1	1	1	1	1	1
GF_778	0	18	0	0	0	0	0	0	0	0	0	0
GF_779	1	3	1	2	0	1	1	1	2	2	2	2
GF_780	2	4	0	2	1	1	0	2	1	1	2	2
GF_781	1	5	1	1	2	2	1	1	1	1	1	1
GF_782	1	7	1	1	0	2	1	1	1	1	1	1
GF_783	2	2	2	2	1	0	1	2	1	2	1	2
GF_784	1	2	2	1	2	2	2	1	1	2	1	1
GF_785	1	2	2	1	3	1	1	1	2	2	1	1
GF_786	1	2	1	1	3	2	2	1	1	2	1	1
GF_787	1	2	2	1	2	1	2	1	1	2	1	2
GF_788	2	2	2	2	0	0	1	2	3	0	2	2
GF_789	0	18	0	0	0	0	0	0	0	0	0	0
GF_790	0	0	0	0	18	0	0	0	0	0	0	0
GF_791	0	0	0	0	18	0	0	0	0	0	0	0
GF_792	0	0	0	0	18	0	0	0	0	0	0	0
GF_793	0	0	0	0	18	0	0	0	0	0	0	0
GF_794	2	1	1	2	1	1	1	2	2	2	1	2
GF_795	1	2	2	1	2	1	2	1	2	2	1	1
GF_796	2	2	1	1	1	2	1	2	2	2	1	1
GF_797	1	2	2	2	1	1	2	1	2	2	1	1
GF_798	1	2	2	1	1	1	1	2	1	2	2	2
GF_799	1	2	1	2	1	1	1	1	3	1	2	2
GF_800	2	2	2	1	1	1	1	1	1	2	2	2
GF_801	1	1	2	2	2	1	1	2	2	1	1	2
GF_802	1	1	1	1	2	1	2	2	2	2	1	2
GF_803	2	2	2	1	1	2	1	1	1	2	1	2
GF_804	2	2	1	2	1	0	1	2	1	2	2	2
GF_805	1	2	2	1	2	2	2	1	1	2	1	1
GF_806	2	1	1	2	1	1	1	2	2	1	2	2
GF_807	2	1	2	2	1	1	1	2	1	1	2	2
GF_808	2	2	1	2	0	1	2	2	1	1	2	2
GF_809	1	2	2	1	2	2	2	1	2	1	1	1
GF_810	2	1	1	2	1	1	1	2	2	1	2	2
GF_811	1	2	2	2	1	1	2	1	2	2	1	1
GF_812	1	1	2	1	2	2	2	1	2	2	1	1
GF_813	1	2	1	2	1	1	1	2	1	2	2	2
GF_814	1	2	2	1	2	2	2	1	1	2	1	1
GF_815	0	0	3	1	0	0	0	5	0	2	2	4
GF_816	0	0	0	0	0	0	0	0	0	17	0	0
GF_817	0	2	5	0	1	2	0	0	0	7	0	0
GF_818	0	3	2	1	2	1	1	1	1	3	1	1
GF_819	1	1	3	1	2	2	1	1	1	2	1	1
GF_820	1	8	1	1	0	0	0	1	1	2	1	1
GF_821	2	1	1	2	1	0	0	1	1	5	2	1
GF_822	2	2	1	2	0	1	0	2	1	2	2	2
GF_823	1	1	5	1	1	1	1	1	2	1	1	1
GF_824	2	0	5	2	0	0	0	2	2	0	2	2
GF_825	1	3	2	1	0	1	2	1	1	3	1	1
GF_826	1	1	5	1	0	0	2	1	3	1	1	1
GF_827	2	1	2	2	0	0	0	2	2	2	2	2
GF_828	0	7	8	0	0	0	0	0	0	2	0	0
GF_829	1	0	4	1	1	1	1	1	3	2	1	1
GF_830	1	1	3	1	3	3	0	1	1	1	1	1
GF_831	1	4	3	2	1	0	0	1	1	1	1	2
GF_832	2	0	7	1	0	0	0	2	1	0	2	2
GF_833	2	1	2	0	1	0	1	2	3	1	2	2
GF_834	2	0	8	2	0	0	0	2	1	0	1	1
GF_835	0	9	8	0	0	0	0	0	0	0	0	0
GF_836	1	5	2	2	0	0	0	1	1	2	1	2
GF_837	1	4	2	1	2	1	0	1	1	2	1	1
GF_838	2	1	3	2	0	1	0	2	1	1	2	2
GF_839	1	6	3	1	0	0	0	1	2	1	1	1
GF_840	2	1	3	2	0	1	0	2	2	0	2	2
GF_841	2	3	2	1	0	0	0	2	1	2	2	2
GF_842	1	7	2	1	0	1	0	1	1	1	1	1
GF_843	1	0	0	2	0	0	0	2	9	0	1	2
GF_844	0	0	0	0	0	0	0	0	17	0	0	0
GF_845	0	3	3	1	2	2	1	0	3	2	0	0
GF_846	1	1	3	2	0	1	1	2	2	1	1	2
GF_847	2	0	0	2	1	4	0	2	1	1	2	2
GF_848	6	0	0	4	0	0	0	2	0	0	5	0
GF_849	2	4	0	1	0	0	0	2	2	0	2	4
GF_850	2	1	1	2	1	1	1	2	1	1	2	2
GF_851	2	1	1	2	0	1	0	2	3	1	2	2
GF_852	3	0	0	3	0	1	0	3	2	0	2	3
GF_853	2	3	0	3	0	0	0	3	2	0	2	2
GF_854	2	1	1	2	1	1	1	2	1	1	2	2
GF_855	3	0	0	4	0	0	0	3	0	0	3	4
GF_856	2	1	1	2	0	2	1	2	1	1	2	2
GF_857	2	1	1	2	1	1	1	2	1	1	2	2
GF_858	2	1	1	2	1	1	1	2	1	1	2	2
GF_859	4	0	0	4	0	0	0	3	0	0	3	3
GF_860	2	0	0	2	1	3	0	2	2	0	3	2
GF_861	2	2	1	2	0	1	1	2	1	1	2	2
GF_862	2	0	0	2	2	1	1	2	2	0	2	3
GF_863	2	1	1	2	1	1	1	2	1	1	2	2
GF_864	2	1	0	2	2	3	1	2	1	0	1	2
GF_865	2	1	1	3	0	0	1	2	1	1	2	3
GF_866	2	3	2	2	0	1	0	2	1	0	2	2
GF_867	2	1	1	2	2	1	0	2	1	1	1	3
GF_868	1	3	1	3	0	0	1	1	2	1	1	3
GF_869	0	0	0	3	0	0	0	5	1	0	3	5
GF_870	1	2	1	2	1	2	1	2	1	1	1	2
GF_871	1	2	1	2	0	0	1	1	3	2	2	2
GF_872	1	3	2	1	0	2	1	1	3	2	0	1
GF_873	1	5	1	2	1	0	1	1	1	1	1	2
GF_874	2	5	0	2	0	0	0	2	1	0	3	2
GF_875	0	15	0	0	0	0	0	0	0	2	0	0
GF_876	2	2	1	2	1	0	0	2	2	1	2	2
GF_877	2	2	1	2	0	2	0	2	2	0	2	2
GF_878	2	2	1	2	0	1	0	2	2	1	2	2
GF_879	0	17	0	0	0	0	0	0	0	0	0	0
GF_880	1	1	1	1	7	1	1	1	0	1	1	1
GF_881	1	1	1	1	6	1	1	1	1	1	1	1
GF_882	1	3	0	1	4	2	1	1	1	1	1	1
GF_883	1	2	2	1	4	0	1	1	1	2	1	1
GF_884	1	1	1	2	2	1	1	2	1	1	2	2
GF_885	1	1	1	2	2	1	1	2	1	1	2	2
GF_886	2	1	1	2	0	1	0	2	2	2	2	2
GF_887	1	0	1	1	0	0	0	2	0	10	1	1
GF_888	0	0	0	0	0	0	0	0	0	17	0	0
GF_889	0	17	0	0	0	0	0	0	0	0	0	0
GF_890	0	0	0	0	17	0	0	0	0	0	0	0
GF_891	0	0	0	0	17	0	0	0	0	0	0	0
GF_892	2	2	2	1	1	0	1	1	2	2	2	1
GF_893	1	1	1	2	1	1	1	2	2	1	2	2
GF_894	1	2	1	1	1	2	1	2	2	1	1	2
GF_895	2	1	1	2	1	2	1	2	2	1	1	1
GF_896	1	1	1	2	1	1	1	2	2	1	2	2
GF_897	1	2	2	1	1	1	1	1	2	3	1	1
GF_898	2	1	1	2	1	1	1	2	1	1	2	2
GF_899	2	1	1	2	0	1	1	2	2	1	2	2
GF_900	2	1	1	2	1	1	1	1	2	1	2	2
GF_901	1	2	2	1	1	2	2	1	1	2	1	1
GF_902	2	1	1	2	1	1	1	2	1	1	2	2
GF_903	1	2	2	1	1	2	1	1	3	1	1	1
GF_904	1	1	1	2	1	1	1	2	2	1	2	2
GF_905	1	1	2	1	1	1	1	2	1	2	2	2
GF_906	1	3	0	1	0	0	0	1	4	3	2	1
GF_907	1	2	1	1	1	2	1	1	1	3	1	1
GF_908	0	0	0	0	0	0	0	0	0	16	0	0
GF_909	1	1	1	1	1	1	1	2	1	3	2	1
GF_910	1	1	0	1	0	0	0	1	1	9	1	1
GF_911	1	2	3	1	1	1	1	1	1	2	1	1
GF_912	0	2	0	0	0	0	0	0	0	14	0	0
GF_913	2	4	0	2	0	0	0	2	0	2	2	2
GF_914	1	4	0	1	0	2	2	1	1	2	1	1
GF_915	1	3	1	2	0	1	1	1	1	3	1	1
GF_916	0	7	0	0	0	0	0	0	0	9	0	0
GF_917	1	1	1	2	1	1	1	1	1	3	1	2
GF_918	0	1	9	0	0	0	0	0	0	6	0	0
GF_919	1	3	1	2	0	1	1	1	1	2	1	2
GF_920	1	5	1	1	0	0	1	1	1	3	1	1
GF_921	1	2	1	2	1	1	0	1	2	2	1	2
GF_922	0	13	0	0	0	0	0	0	0	3	0	0
GF_923	0	5	6	0	0	0	0	0	0	5	0	0
GF_924	0	0	16	0	0	0	0	0	0	0	0	0
GF_925	2	1	2	2	0	0	0	2	2	0	3	2
GF_926	0	5	11	0	0	0	0	0	0	0	0	0
GF_927	1	1	7	1	0	0	0	1	1	2	1	1
GF_928	0	2	13	0	0	0	0	0	0	1	0	0
GF_929	1	2	3	1	0	1	2	1	2	1	1	1
GF_930	1	2	3	1	0	2	1	1	2	1	1	1
GF_931	1	2	3	1	1	1	1	1	1	2	1	1
GF_932	0	1	14	0	0	0	0	0	0	1	0	0
GF_933	0	1	12	0	3	0	0	0	0	0	0	0
GF_934	1	2	2	2	0	1	0	2	1	2	2	1
GF_935	0	0	16	0	0	0	0	0	0	0	0	0
GF_936	2	0	2	2	0	1	0	3	2	0	2	2
GF_937	1	1	3	1	1	1	1	2	1	1	2	1
GF_938	1	1	2	3	0	1	0	1	2	0	4	1
GF_939	0	0	0	0	0	0	0	0	16	0	0	0
GF_940	2	2	0	2	0	2	0	2	2	0	2	2
GF_941	2	0	0	2	0	1	0	2	3	2	2	2
GF_942	1	1	2	1	1	1	1	1	2	1	2	2
GF_943	2	1	1	2	1	1	1	2	1	1	2	1
GF_944	2	5	1	1	0	1	1	1	1	1	1	1
GF_945	5	0	0	2	0	0	0	3	0	0	3	3
GF_946	3	0	0	2	0	1	0	3	1	0	3	3
GF_947	2	1	1	2	1	0	0	2	2	1	2	2
GF_948	3	0	0	4	0	0	0	3	0	0	3	3
GF_949	3	0	0	3	0	0	0	3	1	0	3	3
GF_950	6	0	0	3	0	0	0	2	0	0	3	2
GF_951	2	1	1	2	1	1	1	2	1	1	2	1
GF_952	2	1	1	1	2	1	1	2	1	1	2	1
GF_953	2	1	1	2	0	0	1	3	1	1	2	2
GF_954	2	0	2	2	0	0	1	2	2	1	2	2
GF_955	2	0	0	1	0	0	0	3	0	0	6	4
GF_956	2	1	0	2	3	0	0	2	1	1	2	2
GF_957	3	0	0	1	0	0	0	3	0	0	3	6
GF_958	3	0	0	3	0	0	0	3	1	0	3	3
GF_959	1	1	1	1	2	2	0	1	3	1	1	2
GF_960	1	1	1	2	3	1	1	1	1	1	1	2
GF_961	2	0	0	3	0	0	0	2	1	0	3	5
GF_962	1	2	0	2	0	3	1	1	3	0	1	2
GF_963	1	0	0	2	1	3	0	2	3	0	2	2
GF_964	1	1	1	2	3	1	1	1	1	1	1	2
GF_965	0	14	0	0	0	2	0	0	0	0	0	0
GF_966	0	16	0	0	0	0	0	0	0	0	0	0
GF_967	0	15	0	0	0	0	0	0	0	1	0	0
GF_968	0	16	0	0	0	0	0	0	0	0	0	0
GF_969	1	5	1	1	1	1	1	1	1	1	1	1
GF_970	1	3	2	0	0	1	1	2	2	2	1	1
GF_971	0	2	2	1	1	1	2	2	1	1	2	1
GF_972	1	3	1	1	3	1	1	1	1	1	1	1
GF_973	2	3	1	1	0	1	0	2	2	0	2	2
GF_974	1	3	1	1	2	1	1	1	1	2	1	1
GF_975	1	4	1	1	1	1	1	1	1	2	1	1
GF_976	0	6	2	1	0	3	0	0	2	0	1	1
GF_977	1	2	1	1	4	1	1	1	1	1	1	1
GF_978	1	4	0	1	0	1	1	1	2	3	1	1
GF_979	1	5	1	1	0	2	1	1	1	1	1	1
GF_980	1	1	1	1	3	3	1	1	1	1	1	1
GF_981	0	2	1	0	2	3	1	1	2	1	1	2
GF_982	1	1	1	1	5	1	1	1	1	1	1	1
GF_983	1	1	1	1	2	1	1	1	3	1	1	2
GF_984	1	1	1	1	5	1	1	1	1	1	1	1
GF_985	0	0	0	0	16	0	0	0	0	0	0	0
GF_986	2	0	1	1	6	1	1	1	1	0	1	1
GF_987	1	1	1	1	5	1	1	1	1	1	1	1
GF_988	1	1	1	1	4	1	1	1	1	2	1	1
GF_989	0	0	0	0	16	0	0	0	0	0	0	0
GF_990	0	0	0	0	16	0	0	0	0	0	0	0
GF_991	1	1	1	2	2	2	1	2	1	1	1	1
GF_992	1	2	2	1	2	1	2	1	1	1	1	1
GF_993	1	2	1	1	2	1	2	1	1	2	1	1
GF_994	1	1	1	1	5	1	1	1	1	1	1	1
GF_995	1	2	2	1	2	0	2	1	2	1	1	1
GF_996	1	1	1	1	2	2	2	1	2	1	1	1
GF_997	1	1	1	2	2	1	1	2	1	1	1	2
GF_998	1	2	1	1	0	1	1	1	5	1	1	1
GF_999	2	1	0	3	0	0	0	3	0	2	4	1
GF_1000	1	1	1	1	1	1	2	2	2	2	1	1
GF_1001	1	1	3	1	1	0	1	2	1	3	1	1
GF_1002	1	2	1	2	0	0	0	1	1	2	4	2
GF_1003	2	1	0	2	0	1	1	2	3	0	2	2
GF_1004	1	1	2	1	0	1	1	1	3	2	1	2
GF_1005	0	16	0	0	0	0	0	0	0	0	0	0
GF_1006	0	0	0	0	0	16	0	0	0	0	0	0
GF_1007	0	0	0	0	15	0	1	0	0	0	0	0
GF_1008	1	2	2	1	2	2	1	1	1	1	1	1
GF_1009	1	2	2	1	1	1	2	1	1	1	1	2
GF_1010	2	1	1	2	1	1	1	1	2	1	2	1
GF_1011	1	1	1	2	1	0	1	2	1	2	2	2
GF_1012	1	2	2	1	1	1	2	1	1	2	1	1
GF_1013	1	1	1	2	1	1	1	2	1	1	2	2
GF_1014	1	1	2	1	2	2	1	1	1	1	1	2
GF_1015	1	2	2	1	0	2	1	1	2	2	1	1
GF_1016	1	2	2	1	2	1	1	1	1	2	1	1
GF_1017	1	2	2	1	0	0	1	2	2	2	1	2
GF_1018	1	2	2	1	1	0	1	1	2	2	1	2
GF_1019	1	2	2	1	1	2	1	1	1	2	1	1
GF_1020	2	1	1	2	1	1	1	2	1	1	2	1
GF_1021	1	2	1	2	1	2	2	1	1	1	1	1
GF_1022	1	2	2	1	1	2	1	1	1	2	1	1
GF_1023	1	1	1	2	1	0	1	2	2	1	2	2
GF_1024	2	1	1	2	1	1	1	1	1	1	2	2
GF_1025	0	2	1	0	0	0	0	0	0	12	0	0
GF_1026	0	5	0	0	0	0	0	0	0	10	0	0
GF_1027	0	1	0	0	0	0	0	0	0	14	0	0
GF_1028	0	0	0	0	0	0	0	0	0	15	0	0
GF_1029	0	3	0	0	0	0	1	0	0	11	0	0
GF_1030	0	7	0	0	0	0	0	0	0	8	0	0
GF_1031	0	0	8	0	0	0	0	0	0	7	0	0
GF_1032	1	5	1	1	0	0	0	1	2	2	1	1
GF_1033	0	4	3	0	1	0	1	0	2	4	0	0
GF_1034	1	2	1	1	0	0	0	1	1	4	2	2
GF_1035	2	0	10	0	0	0	0	0	0	2	1	0
GF_1036	0	6	2	0	0	0	0	0	0	7	0	0
GF_1037	1	1	3	1	1	0	1	1	1	2	1	2
GF_1038	1	3	1	1	1	1	1	1	1	2	1	1
GF_1039	2	0	3	1	0	0	0	1	3	3	1	1
GF_1040	0	0	0	0	0	0	0	0	0	15	0	0
GF_1041	0	2	8	0	0	0	0	0	0	5	0	0
GF_1042	1	2	0	1	2	1	1	1	1	3	1	1
GF_1043	1	3	1	1	1	1	1	1	1	2	1	1
GF_1044	1	1	2	1	0	2	0	1	1	4	1	1
GF_1045	0	11	0	0	0	1	0	0	0	3	0	0
GF_1046	1	1	1	1	0	2	2	1	1	3	1	1
GF_1047	2	2	1	2	0	0	0	2	0	3	1	2
GF_1048	1	1	4	1	1	1	1	1	1	1	1	1
GF_1049	1	1	5	1	0	0	1	1	2	1	1	1
GF_1050	1	1	2	1	1	1	1	2	1	1	2	1
GF_1051	1	1	6	1	0	0	1	1	1	1	1	1
GF_1052	1	1	3	1	1	1	1	1	1	2	1	1
GF_1053	1	0	9	1	0	0	0	1	1	0	1	1
GF_1054	1	1	3	1	0	2	1	1	2	1	1	1
GF_1055	1	2	3	2	0	1	0	1	1	1	1	2
GF_1056	0	0	14	0	0	0	0	0	0	1	0	0
GF_1057	1	1	3	1	0	1	1	2	2	1	1	1
GF_1058	1	3	3	1	0	1	0	1	3	0	1	1
GF_1059	1	1	2	1	2	1	1	1	0	1	2	2
GF_1060	1	1	2	2	0	1	1	1	2	1	1	2
GF_1061	0	13	2	0	0	0	0	0	0	0	0	0
GF_1062	1	3	3	1	0	0	0	1	3	1	1	1
GF_1063	1	1	2	1	0	1	2	1	2	2	1	1
GF_1064	1	1	2	1	1	3	1	1	1	1	1	1
GF_1065	1	1	4	2	0	0	0	2	1	0	3	1
GF_1066	1	2	2	1	1	1	1	1	1	1	1	2
GF_1067	1	1	3	1	1	1	1	1	1	1	1	2
GF_1068	0	0	15	0	0	0	0	0	0	0	0	0
GF_1069	1	1	3	1	2	1	1	1	1	1	1	1
GF_1070	1	1	2	1	3	1	1	1	1	1	1	1
GF_1071	1	1	2	1	1	2	1	1	1	2	1	1
GF_1072	0	0	3	1	0	0	0	2	5	0	1	3
GF_1073	0	0	0	0	0	0	0	1	14	0	0	0
GF_1074	2	1	1	1	1	1	1	1	3	1	1	1
GF_1075	1	0	0	3	0	0	0	1	6	0	2	2
GF_1076	1	1	3	1	2	3	0	1	1	0	1	1
GF_1077	1	2	3	1	1	1	1	1	1	1	1	1
GF_1078	1	3	3	1	0	1	1	1	1	1	1	1
GF_1079	2	1	1	2	0	1	1	2	1	1	2	1
GF_1080	4	0	0	5	0	0	0	1	0	0	3	2
GF_1081	2	1	0	2	0	1	1	2	2	0	2	2
GF_1082	3	0	0	2	0	0	0	3	0	0	4	3
GF_1083	2	0	0	5	0	0	0	4	0	0	1	3
GF_1084	4	1	0	2	0	0	0	2	2	0	2	2
GF_1085	2	1	1	2	0	1	0	2	2	0	2	2
GF_1086	2	0	0	5	0	0	0	3	1	0	1	3
GF_1087	2	1	1	2	0	1	1	2	1	1	2	1
GF_1088	2	1	1	2	0	1	0	2	1	1	2	2
GF_1089	2	1	1	2	1	0	0	2	1	1	2	2
GF_1090	1	1	1	2	2	1	1	1	1	1	1	2
GF_1091	1	1	1	2	2	1	1	1	1	1	1	2
GF_1092	1	1	1	2	1	2	1	1	1	1	1	2
GF_1093	1	1	1	2	2	1	1	1	1	1	1	2
GF_1094	1	3	1	2	0	1	1	1	1	1	1	2
GF_1095	1	1	1	3	0	0	0	2	2	0	2	3
GF_1096	1	0	0	2	2	2	1	1	3	0	1	2
GF_1097	1	1	1	1	3	1	1	1	1	1	1	2
GF_1098	1	5	1	1	0	2	0	1	1	0	1	2
GF_1099	1	0	0	3	0	0	0	4	1	0	3	3
GF_1100	2	0	0	6	0	0	0	2	0	0	2	3
GF_1101	1	1	1	1	1	1	1	1	1	1	3	2
GF_1102	1	1	1	2	2	1	1	1	1	1	1	2
GF_1103	1	1	1	2	1	1	1	1	2	1	1	2
GF_1104	1	1	1	2	1	1	1	1	2	1	1	2
GF_1105	1	1	1	2	2	1	1	1	1	1	1	2
GF_1106	1	1	0	2	2	1	1	1	1	1	1	3
GF_1107	1	1	1	1	2	1	1	1	2	1	1	2
GF_1108	1	1	1	1	2	1	1	1	2	1	1	2
GF_1109	1	1	1	2	0	1	1	2	1	1	2	2
GF_1110	0	15	0	0	0	0	0	0	0	0	0	0
GF_1111	1	7	1	1	0	1	0	1	1	0	1	1
GF_1112	1	2	1	1	1	1	1	1	3	1	1	1
GF_1113	1	3	1	1	1	1	1	1	1	2	1	1
GF_1114	1	4	1	1	1	1	1	1	1	1	1	1
GF_1115	1	2	1	1	1	1	1	2	1	1	2	1
GF_1116	0	5	0	0	0	0	0	0	0	10	0	0
GF_1117	1	3	0	1	1	3	0	1	1	2	1	1
GF_1118	1	4	1	1	1	1	1	1	1	1	1	1
GF_1119	0	15	0	0	0	0	0	0	0	0	0	0
GF_1120	0	15	0	0	0	0	0	0	0	0	0	0
GF_1121	1	4	1	1	1	1	1	1	1	1	1	1
GF_1122	1	2	2	1	1	1	1	1	2	1	1	1
GF_1123	1	0	1	1	0	2	1	1	5	1	1	1
GF_1124	1	4	1	1	0	2	1	1	2	0	1	1
GF_1125	1	3	1	1	1	1	1	1	1	2	1	1
GF_1126	1	2	1	2	1	1	1	1	1	2	1	1
GF_1127	1	4	1	1	0	1	1	1	1	2	1	1
GF_1128	1	2	1	1	2	1	1	2	1	1	1	1
GF_1129	1	5	1	1	0	1	1	1	1	1	1	1
GF_1130	0	15	0	0	0	0	0	0	0	0	0	0
GF_1131	1	1	1	1	1	4	1	1	1	1	1	1
GF_1132	1	1	1	1	2	2	1	1	1	2	1	1
GF_1133	1	1	1	1	2	3	1	1	1	1	1	1
GF_1134	1	1	1	1	3	2	1	1	1	1	1	1
GF_1135	1	1	1	1	2	2	1	1	1	2	1	1
GF_1136	1	1	1	1	3	2	1	1	1	1	1	1
GF_1137	0	0	0	0	15	0	0	0	0	0	0	0
GF_1138	1	2	1	1	2	2	0	1	1	2	1	1
GF_1139	1	1	1	1	2	1	1	2	2	1	1	1
GF_1140	1	1	0	1	7	1	0	1	1	0	1	1
GF_1141	1	1	1	1	3	1	1	2	1	1	1	1
GF_1142	1	1	1	1	3	2	1	1	1	1	1	1
GF_1143	1	1	1	1	4	1	1	1	1	1	1	1
GF_1144	1	1	1	1	2	2	2	1	1	1	1	1
GF_1145	0	0	0	0	15	0	0	0	0	0	0	0
GF_1146	1	1	1	1	4	1	1	1	1	1	1	1
GF_1147	1	1	1	1	2	2	1	1	2	1	1	1
GF_1148	1	1	1	1	4	1	1	1	1	1	1	1
GF_1149	1	1	1	1	4	1	1	1	1	1	1	1
GF_1150	1	1	1	1	4	1	1	1	1	1	1	1
GF_1151	1	1	1	2	2	1	1	1	1	1	1	2
GF_1152	1	2	2	1	2	0	1	1	1	2	1	1
GF_1153	1	1	1	1	4	1	1	1	1	1	1	1
GF_1154	1	2	2	1	2	0	0	1	2	2	1	1
GF_1155	2	0	0	2	0	0	0	4	0	0	6	1
GF_1156	1	1	2	1	1	1	1	3	1	1	1	1
GF_1157	1	1	0	2	0	0	1	2	1	1	4	2
GF_1158	2	1	1	1	1	1	1	1	2	1	2	1
GF_1159	1	0	0	1	0	0	0	1	1	9	1	1
GF_1160	1	0	1	1	0	0	0	1	1	8	1	1
GF_1161	1	1	2	1	2	0	2	1	1	2	1	1
GF_1162	0	0	15	0	0	0	0	0	0	0	0	0
GF_1163	0	0	15	0	0	0	0	0	0	0	0	0
GF_1164	0	0	0	0	15	0	0	0	0	0	0	0
GF_1165	0	0	0	0	15	0	0	0	0	0	0	0
GF_1166	1	1	1	1	1	2	2	1	1	2	1	1
GF_1167	1	1	1	2	1	1	1	2	1	1	2	1
GF_1168	1	1	1	1	2	2	1	1	1	1	1	2
GF_1169	1	1	1	1	1	1	1	2	2	1	1	2
GF_1170	2	1	1	2	1	1	1	1	1	1	1	2
GF_1171	1	1	2	1	1	1	1	1	2	1	1	2
GF_1172	1	2	2	1	1	1	1	1	1	2	1	1
GF_1173	1	1	2	2	1	0	1	1	1	1	2	2
GF_1174	1	1	1	1	1	1	1	2	2	2	1	1
GF_1175	2	1	1	1	1	1	1	2	1	1	1	2
GF_1176	1	2	2	1	1	0	2	2	1	1	1	1
GF_1177	1	2	2	1	1	1	1	1	1	2	1	1
GF_1178	1	2	2	1	1	1	1	1	1	2	1	1
GF_1179	1	1	2	1	1	2	2	1	1	1	1	1
GF_1180	1	1	1	2	1	1	1	3	1	1	0	2
GF_1181	2	2	1	2	0	0	0	2	2	2	1	1
GF_1182	1	2	2	1	1	2	1	1	1	1	1	1
GF_1183	1	1	1	2	1	0	0	2	2	1	2	2
GF_1184	1	1	1	2	1	0	0	2	2	1	2	2
GF_1185	1	1	2	1	1	0	2	1	2	2	1	1
GF_1186	1	2	2	1	1	1	1	1	1	2	1	1
GF_1187	1	1	1	1	1	1	1	2	1	1	2	2
GF_1188	1	2	2	1	1	1	1	1	1	2	1	1
GF_1189	1	1	1	1	1	1	1	2	2	1	1	2
GF_1190	1	2	1	1	1	1	2	1	1	2	1	1
GF_1191	2	1	1	2	0	1	0	2	1	1	2	2
GF_1192	2	2	1	1	0	1	1	1	2	2	1	1
GF_1193	1	2	3	1	0	0	0	1	1	3	1	1
GF_1194	1	1	2	1	0	0	0	1	1	5	1	1
GF_1195	0	2	0	0	0	1	7	0	0	4	0	0
GF_1196	1	2	1	1	1	1	1	1	1	2	1	1
GF_1197	0	0	1	0	0	0	0	0	0	13	0	0
GF_1198	1	0	1	1	0	0	0	1	4	3	1	2
GF_1199	1	1	1	2	0	1	1	1	1	3	1	1
GF_1200	0	10	0	0	0	1	0	0	0	3	0	0
GF_1201	1	1	2	1	1	1	1	1	1	2	1	1
GF_1202	1	1	2	0	2	1	1	1	1	2	1	1
GF_1203	1	2	1	1	1	1	1	1	1	2	1	1
GF_1204	1	1	0	1	2	2	0	1	2	2	1	1
GF_1205	1	1	0	1	1	2	1	1	1	3	1	1
GF_1206	1	1	3	1	1	0	1	1	1	2	1	1
GF_1207	1	1	1	1	1	1	1	1	1	3	1	1
GF_1208	1	1	1	1	1	1	1	1	1	2	2	1
GF_1209	0	0	0	0	0	0	0	0	0	14	0	0
GF_1210	0	0	8	0	0	0	0	0	1	5	0	0
GF_1211	1	1	2	1	0	1	1	1	2	1	1	2
GF_1212	0	1	10	0	0	1	2	0	0	0	0	0
GF_1213	0	0	14	0	0	0	0	0	0	0	0	0
GF_1214	0	0	14	0	0	0	0	0	0	0	0	0
GF_1215	1	1	4	1	0	1	1	1	1	1	1	1
GF_1216	1	1	2	1	1	1	1	1	2	1	1	1
GF_1217	1	1	2	1	0	2	1	1	1	2	1	1
GF_1218	1	1	2	1	2	1	1	1	1	1	1	1
GF_1219	1	1	3	2	0	0	1	1	2	1	1	1
GF_1220	1	2	4	1	0	1	0	1	2	0	1	1
GF_1221	1	2	2	1	1	1	1	1	1	1	1	1
GF_1222	1	1	2	1	1	2	1	1	1	1	1	1
GF_1223	1	1	2	1	1	1	1	1	2	1	1	1
GF_1224	2	1	2	2	0	1	0	1	1	0	1	3
GF_1225	1	1	4	1	1	0	1	1	1	1	1	1
GF_1226	1	1	3	1	1	1	1	1	1	1	1	1
GF_1227	1	0	2	2	1	0	1	1	2	1	1	2
GF_1228	1	1	2	1	2	2	0	1	1	1	1	1
GF_1229	1	1	2	1	0	2	1	1	2	0	2	1
GF_1230	1	1	2	1	0	3	1	1	1	1	1	1
GF_1231	1	0	3	1	1	1	2	1	1	1	1	1
GF_1232	1	1	2	0	1	2	2	1	1	1	1	1
GF_1233	1	1	2	2	0	1	1	1	1	1	1	2
GF_1234	1	2	2	1	1	1	1	1	1	1	1	1
GF_1235	1	2	2	1	1	1	1	1	1	1	1	1
GF_1236	1	0	8	1	0	0	0	1	1	0	1	1
GF_1237	1	2	2	1	1	1	1	1	1	1	1	1
GF_1238	1	1	2	1	2	1	1	1	1	1	1	1
GF_1239	1	2	2	1	0	1	0	1	4	0	1	1
GF_1240	1	1	3	1	0	2	0	1	2	1	1	1
GF_1241	1	1	2	1	0	0	1	1	4	1	1	1
GF_1242	0	12	2	0	0	0	0	0	0	0	0	0
GF_1243	1	2	4	1	0	0	0	1	2	1	1	1
GF_1244	2	0	0	1	0	0	0	2	1	0	4	4
GF_1245	2	0	1	1	0	0	0	4	3	0	1	2
GF_1246	1	1	1	1	1	1	1	1	3	1	1	1
GF_1247	2	1	0	3	0	0	0	2	2	0	2	2
GF_1248	0	0	0	0	0	0	0	0	14	0	0	0
GF_1249	2	0	0	2	0	0	2	2	2	0	2	2
GF_1250	1	0	0	1	3	1	1	1	4	0	1	1
GF_1251	1	1	4	2	0	0	0	1	1	1	1	2
GF_1252	1	1	4	1	0	0	0	1	2	2	1	1
GF_1253	1	2	2	1	1	1	1	1	1	1	1	1
GF_1254	1	3	2	1	0	1	1	1	1	1	1	1
GF_1255	1	1	2	1	1	1	1	2	1	1	1	1
GF_1256	1	1	2	1	0	1	2	2	1	1	1	1
GF_1257	2	0	1	2	1	0	1	2	1	1	2	1
GF_1258	2	0	0	2	0	0	0	2	2	1	1	4
GF_1259	2	2	1	1	0	0	0	2	1	2	1	2
GF_1260	3	0	0	3	0	0	0	2	1	0	2	3
GF_1261	3	0	0	2	0	0	0	3	0	0	3	3
GF_1262	2	4	0	2	0	0	0	1	1	1	2	1
GF_1263	2	3	1	1	0	0	1	1	1	1	2	1
GF_1264	2	1	0	2	0	0	0	3	1	1	2	2
GF_1265	2	0	0	2	0	1	0	2	3	0	2	2
GF_1266	2	0	1	2	0	1	0	2	1	1	2	2
GF_1267	2	0	0	3	0	0	0	5	1	0	1	2
GF_1268	2	1	0	4	0	0	0	2	0	0	3	2
GF_1269	2	1	1	2	0	1	0	2	0	1	2	2
GF_1270	2	0	1	2	0	0	0	2	3	0	2	2
GF_1271	2	0	0	2	0	1	1	2	2	0	2	2
GF_1272	2	0	0	2	0	0	0	2	2	0	2	4
GF_1273	3	0	0	2	0	0	0	4	0	0	2	3
GF_1274	2	1	0	2	0	1	0	2	1	0	2	3
GF_1275	2	0	0	3	0	1	0	1	2	0	2	3
GF_1276	2	0	1	2	0	0	0	2	1	1	2	3
GF_1277	1	1	1	1	1	1	1	1	1	1	2	2
GF_1278	1	1	1	1	1	1	1	1	2	1	1	2
GF_1279	1	1	1	1	1	1	1	1	2	1	1	2
GF_1280	1	1	1	1	1	1	1	1	2	1	1	2
GF_1281	1	1	1	2	0	1	1	1	2	1	1	2
GF_1282	1	1	1	1	1	1	1	1	1	1	2	2
GF_1283	1	1	1	1	1	1	1	1	1	1	1	3
GF_1284	1	1	1	1	1	1	2	1	1	1	1	2
GF_1285	1	1	1	2	1	1	1	1	1	1	1	2
GF_1286	1	1	1	2	1	1	1	1	1	1	1	2
GF_1287	1	1	1	2	1	1	1	1	1	1	1	2
GF_1288	1	1	1	2	1	1	1	1	1	1	1	2
GF_1289	1	1	1	2	2	0	1	1	1	1	1	2
GF_1290	1	1	1	2	1	1	1	1	1	1	1	2
GF_1291	1	1	1	2	2	0	1	1	1	1	1	2
GF_1292	1	1	1	2	1	1	1	1	1	1	1	2
GF_1293	1	1	1	2	1	1	1	1	1	1	1	2
GF_1294	1	1	1	2	1	1	1	1	1	1	1	2
GF_1295	1	1	1	2	1	1	1	1	1	1	1	2
GF_1296	1	1	1	2	1	1	1	1	1	1	1	2
GF_1297	1	1	1	2	1	1	1	1	1	1	1	2
GF_1298	1	1	1	2	2	1	1	1	0	1	1	2
GF_1299	1	1	1	2	1	1	1	1	1	1	1	2
GF_1300	1	1	1	2	1	1	1	1	1	1	1	2
GF_1301	1	1	1	2	1	1	1	1	1	1	1	2
GF_1302	1	1	1	2	1	1	1	1	1	1	1	2
GF_1303	1	1	1	1	2	1	1	1	1	1	1	2
GF_1304	1	1	1	1	2	1	1	1	1	1	1	2
GF_1305	0	0	0	1	0	0	0	5	2	0	2	4
GF_1306	1	1	1	1	1	0	1	1	0	1	3	3
GF_1307	1	2	1	1	0	1	1	1	1	1	2	2
GF_1308	1	1	1	2	1	1	1	1	1	1	1	2
GF_1309	1	1	1	2	1	1	1	1	1	1	1	2
GF_1310	2	0	0	1	0	1	0	2	2	0	4	2
GF_1311	1	1	0	1	0	0	0	1	2	6	1	1
GF_1312	1	1	0	2	0	3	0	1	3	0	1	2
GF_1313	1	0	0	2	0	0	0	4	3	0	2	2
GF_1314	1	0	0	1	0	0	0	1	8	0	1	2
GF_1315	1	2	1	1	1	1	1	1	1	1	1	2
GF_1316	1	2	1	1	1	1	1	1	1	1	1	2
GF_1317	1	1	1	1	1	1	1	1	1	2	1	2
GF_1318	1	1	1	2	1	1	1	1	1	1	1	2
GF_1319	1	1	1	2	2	1	1	1	0	1	1	2
GF_1320	1	1	1	2	1	1	1	1	1	1	1	2
GF_1321	1	1	1	2	3	0	0	1	1	1	1	2
GF_1322	1	1	1	2	1	1	1	1	1	1	1	2
GF_1323	1	1	1	2	1	1	1	1	1	1	1	2
GF_1324	1	1	1	2	1	1	1	1	1	1	1	2
GF_1325	1	1	1	2	1	1	1	1	1	1	1	2
GF_1326	1	1	1	2	1	1	1	1	1	1	1	2
GF_1327	1	1	1	2	1	1	1	1	1	1	1	2
GF_1328	1	1	1	2	1	1	1	1	1	1	1	2
GF_1329	1	1	1	2	1	1	1	1	1	1	1	2
GF_1330	1	1	1	2	1	1	1	1	1	1	1	2
GF_1331	1	1	1	2	1	1	1	1	1	1	1	2
GF_1332	1	1	1	2	1	1	0	1	2	1	1	2
GF_1333	1	1	1	2	1	1	1	1	1	1	1	2
GF_1334	1	1	1	2	1	1	1	1	1	1	1	2
GF_1335	1	1	1	3	0	2	0	1	1	1	1	2
GF_1336	1	1	1	2	1	1	1	1	1	1	1	2
GF_1337	1	1	1	2	2	0	1	1	1	1	1	2
GF_1338	1	1	1	2	1	1	1	1	1	1	1	2
GF_1339	1	1	1	2	1	1	1	1	1	1	1	2
GF_1340	1	1	1	2	1	1	1	1	1	1	1	2
GF_1341	1	1	1	2	1	1	1	1	1	1	1	2
GF_1342	1	1	1	1	1	1	1	1	2	1	1	2
GF_1343	1	1	1	1	1	1	1	1	2	1	1	2
GF_1344	1	0	1	2	1	0	1	2	1	0	2	3
GF_1345	2	1	0	2	0	1	1	2	0	0	1	4
GF_1346	2	0	0	2	0	0	0	5	1	0	2	2
GF_1347	1	1	1	2	1	1	1	1	1	1	1	2
GF_1348	1	1	1	2	1	1	1	1	1	1	1	2
GF_1349	1	1	1	2	1	0	1	2	1	1	1	2
GF_1350	1	1	1	2	1	1	1	1	1	1	1	2
GF_1351	1	2	1	1	0	2	1	1	1	1	1	2
GF_1352	1	1	1	1	2	1	1	1	1	1	1	2
GF_1353	1	2	1	1	1	1	1	1	1	1	1	2
GF_1354	0	14	0	0	0	0	0	0	0	0	0	0
GF_1355	0	10	0	0	0	0	0	0	0	4	0	0
GF_1356	1	6	1	1	0	0	0	1	1	1	1	1
GF_1357	1	3	1	1	1	1	1	1	1	1	1	1
GF_1358	0	14	0	0	0	0	0	0	0	0	0	0
GF_1359	1	2	1	1	2	2	0	1	1	1	1	1
GF_1360	1	3	1	1	1	1	1	1	1	1	1	1
GF_1361	0	14	0	0	0	0	0	0	0	0	0	0
GF_1362	1	3	1	1	0	1	1	2	1	1	1	1
GF_1363	0	14	0	0	0	0	0	0	0	0	0	0
GF_1364	1	2	1	1	2	1	1	1	1	1	1	1
GF_1365	1	2	1	1	1	1	1	1	2	1	1	1
GF_1366	1	2	1	1	1	2	1	1	1	1	1	1
GF_1367	1	2	1	1	1	1	1	2	1	1	1	1
GF_1368	1	1	1	1	2	1	1	1	1	1	2	1
GF_1369	1	2	2	1	2	1	0	1	1	1	1	1
GF_1370	1	2	1	1	2	1	1	1	1	1	1	1
GF_1371	1	3	1	1	1	1	1	1	1	1	1	1
GF_1372	2	2	0	2	0	0	0	2	1	1	2	2
GF_1373	1	2	1	1	0	3	1	1	1	1	1	1
GF_1374	1	3	1	1	0	1	1	2	1	1	1	1
GF_1375	1	2	1	1	1	1	1	1	1	2	1	1
GF_1376	2	2	1	2	1	1	0	1	0	1	2	1
GF_1377	1	2	1	1	2	1	1	1	1	1	1	1
GF_1378	1	2	2	1	1	1	1	1	1	1	1	1
GF_1379	1	3	1	1	1	1	1	1	1	1	1	1
GF_1380	1	1	1	1	1	4	1	1	0	1	1	1
GF_1381	1	1	1	1	2	2	1	1	1	1	1	1
GF_1382	1	1	1	1	0	4	1	1	1	1	1	1
GF_1383	1	1	1	1	1	3	1	1	1	1	1	1
GF_1384	1	1	1	1	1	3	1	1	1	1	1	1
GF_1385	1	1	1	1	2	2	1	1	1	1	1	1
GF_1386	1	2	1	1	1	2	1	1	1	1	1	1
GF_1387	1	1	1	1	0	1	1	1	3	1	2	1
GF_1388	1	1	1	1	1	2	2	1	1	1	1	1
GF_1389	1	1	1	1	3	1	1	1	1	1	1	1
GF_1390	1	1	1	1	3	1	1	1	1	1	1	1
GF_1391	1	1	1	1	3	1	1	1	1	1	1	1
GF_1392	0	0	0	0	14	0	0	0	0	0	0	0
GF_1393	1	1	1	1	3	1	1	1	1	1	1	1
GF_1394	0	0	0	0	14	0	0	0	0	0	0	0
GF_1395	1	1	1	1	3	1	1	1	1	1	1	1
GF_1396	1	0	1	1	5	1	1	1	0	1	1	1
GF_1397	1	1	1	1	2	1	1	1	1	1	2	1
GF_1398	1	1	1	1	3	1	1	1	1	1	1	1
GF_1399	1	1	1	1	2	1	1	1	1	1	2	1
GF_1400	0	0	0	0	14	0	0	0	0	0	0	0
GF_1401	0	0	0	0	14	0	0	0	0	0	0	0
GF_1402	1	1	1	1	3	1	1	1	1	1	1	1
GF_1403	1	1	1	1	2	1	1	1	1	1	2	1
GF_1404	1	1	1	1	2	2	1	1	1	1	1	1
GF_1405	1	1	1	1	3	1	1	1	1	1	1	1
GF_1406	1	1	1	1	3	1	1	1	1	1	1	1
GF_1407	1	1	1	1	3	1	1	1	1	1	1	1
GF_1408	1	1	1	1	2	1	1	1	1	2	1	1
GF_1409	1	1	1	1	2	1	1	2	1	1	1	1
GF_1410	1	1	1	1	3	1	1	1	1	1	1	1
GF_1411	1	1	1	1	3	1	1	1	1	1	1	1
GF_1412	1	1	1	1	3	0	1	1	2	1	1	1
GF_1413	1	1	1	1	3	1	1	1	1	1	1	1
GF_1414	1	1	1	1	3	1	1	1	1	1	1	1
GF_1415	1	1	1	1	3	1	1	1	1	1	1	1
GF_1416	1	1	1	1	2	1	2	1	1	1	1	1
GF_1417	1	1	1	1	3	1	1	1	1	1	1	1
GF_1418	1	2	1	1	2	0	1	1	1	2	1	1
GF_1419	1	2	1	1	2	1	1	1	1	1	1	1
GF_1420	1	1	1	1	4	0	1	1	1	1	1	1
GF_1421	1	1	1	1	2	1	1	1	1	2	1	1
GF_1422	1	0	1	2	2	1	1	2	0	1	2	1
GF_1423	1	1	1	1	2	2	1	1	1	1	1	1
GF_1424	1	1	1	1	2	1	1	1	2	1	1	1
GF_1425	1	1	1	1	2	1	1	1	2	1	1	1
GF_1426	1	1	1	1	2	1	1	1	1	1	2	1
GF_1427	1	1	1	1	2	1	1	1	1	2	1	1
GF_1428	1	1	1	1	3	1	1	1	1	1	1	1
GF_1429	1	1	1	2	2	1	1	1	1	1	1	1
GF_1430	1	1	1	1	3	1	1	1	1	1	1	1
GF_1431	1	1	1	1	2	0	1	1	2	1	2	1
GF_1432	1	1	1	1	3	1	1	1	1	1	1	1
GF_1433	1	1	1	1	2	2	1	1	1	1	1	1
GF_1434	1	1	1	1	2	1	1	1	2	1	1	1
GF_1435	1	1	1	1	2	1	1	1	2	1	1	1
GF_1436	1	1	1	1	3	1	1	1	1	1	1	1
GF_1437	1	1	1	1	3	1	1	1	1	1	1	1
GF_1438	1	1	1	2	1	1	1	1	1	1	1	2
GF_1439	1	1	1	1	1	1	1	1	3	1	1	1
GF_1440	1	1	1	2	0	1	1	2	1	1	2	1
GF_1441	1	1	1	2	1	1	1	1	1	1	1	2
GF_1442	1	1	1	2	1	1	1	1	1	1	2	1
GF_1443	2	0	1	2	0	0	2	2	1	1	2	1
GF_1444	1	1	1	1	1	1	1	2	1	1	2	1
GF_1445	1	1	1	1	1	1	1	2	1	1	2	1
GF_1446	1	1	1	1	1	1	1	2	1	1	2	1
GF_1447	1	1	1	1	1	1	1	2	1	1	2	1
GF_1448	1	2	1	1	1	1	1	1	1	1	2	1
GF_1449	1	2	1	1	1	0	1	1	1	2	2	1
GF_1450	1	1	1	1	1	1	1	1	1	3	1	1
GF_1451	1	1	1	1	1	1	1	1	1	3	1	1
GF_1452	0	0	0	0	0	0	0	0	0	14	0	0
GF_1453	0	0	14	0	0	0	0	0	0	0	0	0
GF_1454	0	0	14	0	0	0	0	0	0	0	0	0
GF_1455	0	14	0	0	0	0	0	0	0	0	0	0
GF_1456	1	3	1	1	1	1	1	1	1	1	1	1
GF_1457	0	0	0	0	14	0	0	0	0	0	0	0
GF_1458	0	0	0	0	14	0	0	0	0	0	0	0
GF_1459	0	0	0	0	14	0	0	0	0	0	0	0
GF_1460	1	2	1	1	1	1	1	1	1	2	1	1
GF_1461	1	1	1	1	1	1	1	1	2	1	1	2
GF_1462	1	1	3	1	1	1	1	1	1	1	1	1
GF_1463	1	1	1	1	1	1	1	1	2	2	1	1
GF_1464	2	1	1	2	0	1	1	1	2	1	1	1
GF_1465	1	1	2	1	1	1	1	1	1	2	1	1
GF_1466	1	2	1	1	1	1	1	1	1	2	1	1
GF_1467	1	1	1	2	1	1	1	2	1	1	1	1
GF_1468	1	1	1	1	1	1	1	1	2	2	1	1
GF_1469	2	1	1	1	1	1	1	2	1	1	1	1
GF_1470	1	1	1	1	0	1	1	2	2	1	2	1
GF_1471	1	1	2	1	1	2	1	1	1	1	1	1
GF_1472	1	1	1	1	1	2	1	1	1	2	1	1
GF_1473	1	2	1	1	1	2	1	1	1	1	1	1
GF_1474	1	1	1	1	1	1	1	2	2	1	1	1
GF_1475	1	1	2	2	0	1	0	2	1	1	1	2
GF_1476	1	2	2	1	1	1	1	1	1	1	1	1
GF_1477	1	2	2	1	1	1	1	1	1	1	1	1
GF_1478	1	2	1	1	1	2	1	1	1	1	1	1
GF_1479	1	1	1	1	1	1	1	1	2	1	1	2
GF_1480	1	1	1	2	0	0	1	2	1	1	2	2
GF_1481	1	2	1	1	1	1	1	2	1	1	1	1
GF_1482	1	1	0	1	1	2	1	1	1	2	1	1
GF_1483	1	2	0	1	0	1	1	1	2	2	1	1
GF_1484	1	1	2	1	0	2	0	1	1	2	1	1
GF_1485	1	1	1	1	1	1	1	1	1	2	1	1
GF_1486	0	0	2	1	0	0	0	1	0	9	0	0
GF_1487	1	1	1	1	1	1	1	1	0	3	1	1
GF_1488	1	2	1	2	0	1	0	1	1	2	1	1
GF_1489	0	2	1	1	1	0	1	1	0	2	2	2
GF_1490	1	1	1	1	1	1	1	1	1	2	1	1
GF_1491	1	1	1	1	1	1	1	1	1	2	1	1
GF_1492	1	3	0	1	0	1	0	1	2	2	1	1
GF_1493	1	2	1	1	0	1	1	1	1	2	1	1
GF_1494	1	1	1	1	1	1	1	1	1	2	1	1
GF_1495	1	1	1	1	1	1	1	1	1	2	1	1
GF_1496	1	1	1	1	2	0	0	1	1	2	1	2
GF_1497	1	1	1	1	2	0	1	1	1	2	1	1
GF_1498	1	1	1	1	1	0	1	1	1	3	1	1
GF_1499	1	1	1	1	1	1	1	1	1	2	1	1
GF_1500	1	1	1	1	1	1	1	1	1	2	1	1
GF_1501	0	2	0	0	0	1	1	1	1	5	1	1
GF_1502	1	1	1	1	0	1	0	1	1	4	1	1
GF_1503	0	8	0	0	0	0	0	0	0	5	0	0
GF_1504	1	1	1	1	1	1	1	1	1	2	1	1
GF_1505	1	1	1	1	0	0	0	1	1	5	1	1
GF_1506	1	4	3	1	0	0	0	1	0	1	1	1
GF_1507	1	1	2	1	1	1	1	1	1	1	1	1
GF_1508	1	2	2	1	0	2	0	1	1	1	1	1
GF_1509	1	1	3	1	0	1	1	1	1	1	1	1
GF_1510	1	1	2	1	1	1	1	1	1	1	1	1
GF_1511	1	1	3	1	1	1	0	1	1	1	1	1
GF_1512	1	1	2	1	1	1	1	1	1	1	1	1
GF_1513	0	0	13	0	0	0	0	0	0	0	0	0
GF_1514	1	1	2	1	1	1	1	1	1	1	1	1
GF_1515	1	0	2	1	0	0	0	3	0	0	4	2
GF_1516	0	6	7	0	0	0	0	0	0	0	0	0
GF_1517	0	1	9	0	0	1	0	0	0	2	0	0
GF_1518	1	0	4	1	0	0	0	3	0	0	2	2
GF_1519	0	0	13	0	0	0	0	0	0	0	0	0
GF_1520	1	1	2	1	1	1	1	1	1	1	1	1
GF_1521	1	1	3	1	0	1	1	1	1	1	1	1
GF_1522	1	1	2	2	0	1	1	1	1	0	1	2
GF_1523	1	1	2	1	2	2	0	1	0	1	1	1
GF_1524	1	1	2	1	1	1	1	1	1	1	1	1
GF_1525	1	1	2	1	1	1	1	1	1	1	1	1
GF_1526	1	1	2	1	1	1	1	1	1	1	1	1
GF_1527	1	1	2	1	1	1	1	1	1	1	1	1
GF_1528	1	1	2	1	1	1	1	1	1	1	1	1
GF_1529	1	1	2	1	1	1	1	1	1	1	1	1
GF_1530	0	3	10	0	0	0	0	0	0	0	0	0
GF_1531	1	1	2	1	1	1	1	1	1	1	1	1
GF_1532	1	2	3	1	0	0	0	1	2	1	1	1
GF_1533	1	1	2	1	0	0	1	2	1	1	2	1
GF_1534	1	1	2	1	0	1	1	2	1	1	1	1
GF_1535	1	1	3	1	1	0	1	1	1	1	1	1
GF_1536	0	0	0	0	0	0	0	0	13	0	0	0
GF_1537	1	1	1	1	1	1	1	1	2	1	1	1
GF_1538	0	1	0	2	0	0	0	4	2	0	3	1
GF_1539	3	0	0	3	0	0	0	3	2	0	1	1
GF_1540	1	1	1	1	0	3	0	1	3	0	1	1
GF_1541	1	1	1	1	1	1	1	1	2	1	1	1
GF_1542	1	1	1	1	1	1	1	1	2	1	1	1
GF_1543	1	1	1	1	1	1	1	1	2	1	1	1
GF_1544	1	1	2	1	1	1	1	1	1	1	1	1
GF_1545	1	1	2	1	1	2	1	1	1	0	1	1
GF_1546	1	1	2	1	1	1	1	1	1	1	1	1
GF_1547	1	1	2	1	2	0	1	1	1	1	1	1
GF_1548	1	1	2	1	1	1	1	1	1	1	1	1
GF_1549	1	2	2	1	0	1	1	1	1	1	1	1
GF_1550	1	2	2	1	2	0	0	1	0	1	2	1
GF_1551	1	1	2	1	1	1	1	1	1	1	1	1
GF_1552	1	1	2	1	1	1	1	1	1	1	1	1
GF_1553	2	1	2	1	0	0	1	2	1	0	1	2
GF_1554	2	0	1	0	0	0	1	4	0	1	0	4
GF_1555	1	1	1	1	2	2	1	1	0	1	1	1
GF_1556	3	0	0	2	0	0	0	2	1	0	3	2
GF_1557	2	0	0	4	0	0	0	2	1	0	3	1
GF_1558	2	1	0	2	0	0	0	2	2	0	2	2
GF_1559	2	0	0	1	0	0	0	1	2	0	4	3
GF_1560	2	0	0	2	0	2	0	2	1	0	2	2
GF_1561	2	0	0	2	0	0	0	3	0	0	4	2
GF_1562	1	1	1	1	1	2	1	1	1	1	1	1
GF_1563	3	0	0	2	0	0	0	3	0	0	2	3
GF_1564	2	1	1	1	1	1	1	1	1	1	1	1
GF_1565	2	1	1	2	0	0	0	2	2	0	1	2
GF_1566	2	1	0	2	0	1	1	1	1	0	2	2
GF_1567	2	0	1	2	1	0	0	2	1	0	2	2
GF_1568	2	0	0	3	0	0	0	1	1	0	2	4
GF_1569	1	0	0	2	0	0	0	3	2	0	2	3
GF_1570	1	1	1	1	1	1	1	1	1	1	1	2
GF_1571	1	1	1	1	1	1	1	1	1	1	1	2
GF_1572	1	1	1	1	1	1	1	1	1	1	1	2
GF_1573	1	1	1	1	0	1	1	1	2	1	1	2
GF_1574	1	1	1	1	1	0	1	1	2	1	1	2
GF_1575	1	0	1	1	0	3	1	1	1	1	1	2
GF_1576	1	1	1	1	0	1	1	1	2	1	1	2
GF_1577	1	1	1	1	1	1	1	1	1	1	1	2
GF_1578	1	1	1	1	0	1	1	1	1	1	2	2
GF_1579	1	1	1	1	1	1	1	1	0	1	2	2
GF_1580	1	1	1	1	1	1	1	1	1	1	1	2
GF_1581	1	1	1	1	1	1	1	1	1	1	1	2
GF_1582	1	1	1	1	1	1	1	1	1	1	1	2
GF_1583	1	1	1	1	1	1	1	1	1	1	1	2
GF_1584	1	1	1	1	1	1	1	1	1	1	1	2
GF_1585	1	1	1	1	0	0	1	1	2	2	1	2
GF_1586	1	1	1	2	0	1	1	1	1	1	1	2
GF_1587	1	1	1	2	0	1	1	1	1	1	1	2
GF_1588	1	1	0	2	1	1	1	1	1	1	1	2
GF_1589	1	1	1	2	0	1	1	1	1	1	1	2
GF_1590	1	1	1	2	1	1	1	1	1	0	1	2
GF_1591	1	1	1	2	0	1	1	1	1	1	1	2
GF_1592	1	1	1	2	0	1	1	1	1	1	1	2
GF_1593	1	2	1	2	0	1	1	1	0	1	1	2
GF_1594	1	1	1	2	1	1	1	1	0	1	1	2
GF_1595	1	1	0	2	3	0	0	1	1	1	1	2
GF_1596	0	1	1	2	1	1	1	1	1	1	1	2
GF_1597	1	1	1	2	0	1	1	1	1	1	1	2
GF_1598	1	2	0	2	1	1	0	1	1	1	1	2
GF_1599	1	0	1	2	1	1	1	1	1	1	1	2
GF_1600	1	1	1	1	1	1	1	1	1	1	1	2
GF_1601	1	1	1	1	1	1	1	1	1	1	1	2
GF_1602	1	1	1	1	1	1	1	1	1	1	1	2
GF_1603	1	1	1	1	1	1	1	1	1	1	1	2
GF_1604	1	1	1	1	1	1	1	1	1	1	1	2
GF_1605	1	1	1	1	1	1	1	1	1	1	1	2
GF_1606	1	1	1	1	1	1	1	1	1	1	1	2
GF_1607	1	1	1	1	1	1	1	1	1	1	1	2
GF_1608	2	0	0	2	0	0	0	2	2	0	2	3
GF_1609	1	1	1	1	1	1	1	1	1	1	1	2
GF_1610	1	1	1	1	1	1	1	1	1	1	1	2
GF_1611	1	1	1	1	1	1	1	1	1	1	1	2
GF_1612	1	1	1	1	1	1	1	1	1	1	1	2
GF_1613	1	1	1	1	1	1	1	1	0	1	2	2
GF_1614	1	1	0	1	0	0	0	3	0	0	3	4
GF_1615	2	1	0	2	0	1	0	2	1	0	2	2
GF_1616	2	0	0	3	0	0	0	3	0	0	2	3
GF_1617	0	0	0	0	8	0	0	0	2	0	3	0
GF_1618	1	2	0	4	0	0	0	1	3	0	1	1
GF_1619	1	1	1	1	0	0	0	2	3	0	2	2
GF_1620	1	1	1	1	1	1	1	1	1	1	1	2
GF_1621	1	1	1	1	1	1	1	1	1	1	1	2
GF_1622	1	1	1	1	2	0	1	1	1	1	1	2
GF_1623	1	1	1	1	1	1	1	1	1	1	1	2
GF_1624	1	1	1	1	1	1	1	1	1	1	1	2
GF_1625	1	1	1	1	1	1	1	1	1	1	1	2
GF_1626	1	1	1	1	2	0	1	1	1	1	1	2
GF_1627	1	1	1	1	1	1	1	1	1	1	1	2
GF_1628	1	1	1	1	1	1	1	1	1	1	1	2
GF_1629	1	1	1	1	1	1	1	1	1	1	1	2
GF_1630	1	1	1	1	1	1	1	1	1	1	1	2
GF_1631	1	1	1	2	1	1	1	1	1	0	1	2
GF_1632	1	1	1	2	0	1	1	1	1	1	1	2
GF_1633	1	1	1	2	0	1	1	1	1	1	1	2
GF_1634	1	1	1	2	1	1	0	1	1	1	1	2
GF_1635	1	1	1	2	1	0	1	1	1	1	1	2
GF_1636	1	1	1	2	1	0	1	1	1	1	1	2
GF_1637	1	1	1	2	0	1	1	1	1	1	1	2
GF_1638	1	1	1	2	0	1	1	1	1	1	1	2
GF_1639	1	1	1	2	0	1	1	1	1	1	1	2
GF_1640	1	1	1	2	0	1	1	1	1	1	1	2
GF_1641	1	1	1	2	0	1	1	1	1	1	1	2
GF_1642	1	1	1	2	0	1	1	1	1	1	1	2
GF_1643	1	1	1	2	1	0	1	1	1	1	1	2
GF_1644	1	1	1	2	0	1	1	1	1	1	1	2
GF_1645	1	1	0	2	1	1	1	1	1	1	1	2
GF_1646	1	1	1	2	0	1	1	1	1	1	1	2
GF_1647	1	1	1	1	1	1	1	1	1	1	1	2
GF_1648	0	1	1	2	1	1	1	1	1	1	1	2
GF_1649	1	0	0	1	0	0	0	3	0	0	5	3
GF_1650	1	1	1	1	0	0	1	1	3	1	1	2
GF_1651	1	1	1	1	2	0	1	1	1	1	1	2
GF_1652	1	1	1	1	1	1	1	1	1	1	1	2
GF_1653	1	1	1	1	1	1	1	1	1	1	1	2
GF_1654	1	1	1	1	0	1	1	1	2	1	1	2
GF_1655	1	1	1	1	1	1	1	1	1	1	1	2
GF_1656	1	1	1	1	1	1	1	1	1	1	1	2
GF_1657	1	1	1	1	1	1	1	1	1	1	1	2
GF_1658	1	1	1	1	1	1	1	1	1	1	1	2
GF_1659	1	1	1	1	1	1	1	1	1	1	1	2
GF_1660	1	1	1	1	1	1	1	1	1	1	1	2
GF_1661	1	1	1	1	1	1	1	1	1	1	1	2
GF_1662	1	1	1	1	2	0	1	1	1	1	1	2
GF_1663	1	1	1	1	1	1	1	1	1	1	1	2
GF_1664	1	1	1	2	0	1	1	1	1	1	1	2
GF_1665	1	1	1	1	1	1	1	1	1	1	1	2
GF_1666	1	1	1	1	1	1	1	1	1	1	1	2
GF_1667	1	1	1	1	1	1	1	1	1	1	1	2
GF_1668	0	13	0	0	0	0	0	0	0	0	0	0
GF_1669	0	12	0	0	0	1	0	0	0	0	0	0
GF_1670	1	2	1	1	1	1	1	1	1	1	1	1
GF_1671	1	3	1	1	0	1	1	1	1	1	1	1
GF_1672	1	2	1	1	1	1	1	1	1	1	1	1
GF_1673	1	2	1	1	1	1	1	1	1	1	1	1
GF_1674	1	6	0	1	0	0	0	1	2	0	1	1
GF_1675	1	2	1	1	0	0	0	2	2	0	2	2
GF_1676	1	2	1	1	0	2	1	1	1	1	1	1
GF_1677	1	2	1	1	1	1	2	1	1	0	1	1
GF_1678	1	2	1	1	1	0	2	1	1	1	1	1
GF_1679	1	3	1	1	1	0	1	1	1	1	1	1
GF_1680	1	4	1	1	0	1	1	1	0	1	1	1
GF_1681	1	1	1	1	1	2	1	1	2	0	1	1
GF_1682	2	0	0	3	0	0	0	2	3	0	1	2
GF_1683	2	0	0	2	0	1	1	2	2	0	1	2
GF_1684	2	0	0	2	0	0	0	2	2	0	3	2
GF_1685	1	2	1	1	1	0	1	1	2	1	1	1
GF_1686	1	0	0	4	0	0	0	2	2	0	2	2
GF_1687	1	3	1	1	1	0	1	1	1	1	1	1
GF_1688	1	2	1	1	1	1	1	1	1	1	1	1
GF_1689	1	2	1	1	1	1	1	1	1	1	1	1
GF_1690	1	2	1	1	1	1	1	1	1	1	1	1
GF_1691	1	6	1	1	0	0	0	1	1	0	1	1
GF_1692	1	2	1	1	1	2	1	1	1	0	1	1
GF_1693	1	2	1	1	1	1	1	1	1	1	1	1
GF_1694	0	3	1	0	1	2	1	0	0	5	0	0
GF_1695	1	2	1	1	1	1	1	1	1	1	1	1
GF_1696	1	4	1	1	0	0	0	1	3	0	1	1
GF_1697	1	2	1	1	1	1	1	1	1	1	1	1
GF_1698	1	2	1	1	1	1	1	1	1	1	1	1
GF_1699	1	2	1	1	1	1	1	1	1	1	1	1
GF_1700	1	2	1	1	0	2	1	1	1	1	1	1
GF_1701	1	2	1	1	1	1	1	1	1	1	1	1
GF_1702	1	2	1	1	1	1	1	1	1	1	1	1
GF_1703	1	2	1	1	1	1	1	1	1	1	1	1
GF_1704	1	2	1	1	1	1	1	1	1	1	1	1
GF_1705	0	0	0	0	0	13	0	0	0	0	0	0
GF_1706	1	1	1	1	1	2	1	1	1	1	1	1
GF_1707	1	1	0	1	1	2	2	1	1	1	1	1
GF_1708	1	1	1	1	1	2	1	1	1	1	1	1
GF_1709	1	1	1	1	0	3	1	1	1	1	1	1
GF_1710	1	1	1	1	0	2	1	2	1	0	2	1
GF_1711	1	1	1	1	0	4	0	1	1	1	1	1
GF_1712	0	0	0	0	0	13	0	0	0	0	0	0
GF_1713	1	1	1	1	0	3	1	1	1	1	1	1
GF_1714	1	1	1	1	1	2	1	1	1	1	1	1
GF_1715	1	2	1	1	0	2	1	1	1	1	1	1
GF_1716	1	1	2	1	1	2	0	1	1	1	1	1
GF_1717	0	0	0	0	0	13	0	0	0	0	0	0
GF_1718	1	1	1	1	1	2	1	1	1	1	1	1
GF_1719	1	1	1	1	0	4	1	1	1	0	1	1
GF_1720	1	1	1	1	1	2	1	1	1	1	1	1
GF_1721	1	1	1	1	0	2	1	1	2	1	1	1
GF_1722	1	1	1	1	2	1	1	1	1	1	1	1
GF_1723	1	1	1	1	2	1	1	1	1	1	1	1
GF_1724	1	1	1	1	2	1	1	1	1	1	1	1
GF_1725	1	1	0	1	3	1	1	1	1	1	1	1
GF_1726	1	1	1	1	2	1	1	1	1	1	1	1
GF_1727	1	1	1	1	2	1	1	1	1	1	1	1
GF_1728	1	1	1	1	2	1	1	1	1	1	1	1
GF_1729	1	1	1	1	2	1	1	1	1	1	1	1
GF_1730	1	1	1	1	2	1	1	1	1	1	1	1
GF_1731	1	0	1	1	2	1	1	2	1	1	1	1
GF_1732	1	1	1	1	2	1	1	1	1	1	1	1
GF_1733	1	1	1	1	2	1	1	1	1	1	1	1
GF_1734	1	1	1	1	2	1	1	1	1	1	1	1
GF_1735	1	1	1	1	2	1	1	1	1	1	1	1
GF_1736	1	1	1	1	2	1	1	1	1	1	1	1
GF_1737	1	1	1	1	2	1	1	1	1	1	1	1
GF_1738	1	1	1	1	2	1	1	1	1	1	1	1
GF_1739	1	0	2	1	3	0	1	1	1	1	1	1
GF_1740	1	1	1	1	2	1	1	1	1	1	1	1
GF_1741	1	1	1	1	2	1	1	1	1	1	1	1
GF_1742	1	1	1	1	2	0	1	1	2	1	1	1
GF_1743	1	1	1	1	2	1	1	1	1	1	1	1
GF_1744	1	1	1	1	2	1	1	1	1	1	1	1
GF_1745	1	1	1	1	2	0	2	1	1	1	1	1
GF_1746	1	1	1	1	2	1	1	1	1	1	1	1
GF_1747	1	1	1	1	2	1	1	1	1	1	1	1
GF_1748	0	0	1	0	12	0	0	0	0	0	0	0
GF_1749	1	1	1	1	3	0	1	1	1	1	1	1
GF_1750	1	1	1	1	2	1	1	1	1	1	1	1
GF_1751	1	1	1	1	2	1	1	1	1	1	1	1
GF_1752	1	1	1	1	2	1	1	1	1	1	1	1
GF_1753	1	1	1	1	2	1	1	1	1	1	1	1
GF_1754	1	1	1	1	2	1	1	1	1	1	1	1
GF_1755	1	0	1	1	3	1	1	1	1	1	1	1
GF_1756	1	1	1	1	2	1	1	1	1	1	1	1
GF_1757	1	1	1	1	2	1	1	1	1	1	1	1
GF_1758	1	0	1	1	3	1	1	1	1	1	1	1
GF_1759	1	1	1	1	2	1	1	1	1	1	1	1
GF_1760	1	1	1	1	2	1	1	1	1	1	1	1
GF_1761	1	1	1	1	2	1	1	1	1	1	1	1
GF_1762	0	0	0	0	13	0	0	0	0	0	0	0
GF_1763	1	1	1	1	2	1	1	1	1	1	1	1
GF_1764	1	1	1	1	3	1	1	1	0	1	1	1
GF_1765	1	1	1	1	2	1	1	1	1	1	1	1
GF_1766	1	1	1	1	3	0	1	1	1	1	1	1
GF_1767	1	1	1	1	2	1	1	1	1	1	1	1
GF_1768	1	1	1	1	2	1	1	1	1	1	1	1
GF_1769	1	1	1	1	2	1	1	1	1	1	1	1
GF_1770	1	1	1	1	2	1	1	1	1	1	1	1
GF_1771	1	1	1	1	2	1	1	1	1	1	1	1
GF_1772	1	1	1	1	2	1	1	1	1	1	1	1
GF_1773	1	1	1	1	2	1	1	1	1	1	1	1
GF_1774	1	1	1	1	2	1	1	1	1	1	1	1
GF_1775	1	1	1	1	3	1	1	1	1	0	1	1
GF_1776	1	1	1	1	3	0	1	1	1	1	1	1
GF_1777	1	1	1	1	2	1	1	1	1	1	1	1
GF_1778	1	1	1	1	2	1	1	1	1	1	1	1
GF_1779	1	1	1	1	2	1	1	1	1	1	1	1
GF_1780	0	0	0	0	13	0	0	0	0	0	0	0
GF_1781	1	1	1	1	2	1	1	1	1	1	1	1
GF_1782	1	1	1	1	2	1	1	1	1	1	1	1
GF_1783	1	1	1	1	2	1	1	1	1	1	1	1
GF_1784	1	1	1	1	2	1	1	1	1	1	1	1
GF_1785	1	1	1	1	2	1	1	1	1	1	1	1
GF_1786	1	1	1	1	2	1	1	1	1	1	1	1
GF_1787	1	1	1	1	2	1	1	1	1	1	1	1
GF_1788	1	1	1	1	2	0	1	2	1	1	1	1
GF_1789	1	1	1	1	2	1	1	1	1	1	1	1
GF_1790	1	1	1	1	2	1	1	1	1	1	1	1
GF_1791	1	1	1	1	2	1	1	1	1	1	1	1
GF_1792	1	1	1	1	2	1	1	1	1	1	1	1
GF_1793	1	1	1	1	2	1	1	1	1	1	1	1
GF_1794	1	1	1	1	2	1	1	1	1	1	1	1
GF_1795	1	1	1	1	2	1	1	1	1	1	1	1
GF_1796	1	1	1	1	2	1	1	1	1	1	1	1
GF_1797	1	1	1	1	2	1	1	1	1	1	1	1
GF_1798	1	1	1	1	2	1	1	1	1	1	1	1
GF_1799	1	1	1	1	2	1	1	1	1	1	1	1
GF_1800	1	1	1	1	2	1	1	1	1	1	1	1
GF_1801	1	1	1	1	2	1	1	1	1	1	1	1
GF_1802	1	1	1	1	2	1	1	1	1	1	1	1
GF_1803	1	1	1	1	2	1	1	1	1	1	1	1
GF_1804	1	1	1	1	2	1	1	1	1	1	1	1
GF_1805	1	1	1	1	2	1	1	1	1	1	1	1
GF_1806	1	1	1	1	2	1	1	1	1	1	1	1
GF_1807	1	1	1	1	2	1	1	1	1	1	1	1
GF_1808	1	1	0	1	3	1	0	1	1	1	1	2
GF_1809	1	1	1	1	2	1	1	1	1	1	1	1
GF_1810	1	1	1	1	2	1	1	1	1	1	1	1
GF_1811	1	1	1	1	2	1	1	1	1	1	1	1
GF_1812	1	1	1	1	2	0	2	1	1	1	1	1
GF_1813	1	1	1	1	2	1	1	1	1	1	1	1
GF_1814	1	1	1	1	2	1	1	1	1	1	1	1
GF_1815	1	1	1	1	2	1	1	1	1	1	1	1
GF_1816	1	1	1	1	2	1	1	1	1	1	1	1
GF_1817	1	1	1	1	2	1	1	1	0	2	1	1
GF_1818	1	1	1	1	2	1	1	1	1	1	1	1
GF_1819	1	1	1	1	2	1	1	1	1	1	1	1
GF_1820	1	1	1	1	2	1	1	1	1	1	1	1
GF_1821	1	1	1	1	2	1	1	1	1	1	1	1
GF_1822	1	1	1	1	2	1	1	1	1	1	1	1
GF_1823	0	1	1	1	4	1	0	1	1	1	1	1
GF_1824	1	1	1	1	2	1	1	1	1	1	1	1
GF_1825	1	1	1	1	2	1	1	1	1	1	1	1
GF_1826	1	1	1	1	2	1	1	1	1	1	1	1
GF_1827	1	1	1	1	2	1	1	1	1	1	1	1
GF_1828	1	1	1	1	2	1	1	1	1	1	1	1
GF_1829	1	1	1	1	2	1	1	1	1	1	1	1
GF_1830	1	1	1	1	2	1	1	1	1	1	1	1
GF_1831	1	1	1	1	2	1	1	1	1	1	1	1
GF_1832	1	1	1	1	2	1	1	1	1	1	1	1
GF_1833	1	1	1	1	2	1	1	1	1	1	1	1
GF_1834	1	1	1	1	2	1	1	1	1	1	1	1
GF_1835	1	1	1	1	2	1	1	1	1	1	1	1
GF_1836	1	1	1	1	2	1	1	1	1	1	1	1
GF_1837	1	1	1	1	2	1	1	1	1	1	1	1
GF_1838	1	1	1	1	2	1	1	1	1	1	1	1
GF_1839	1	1	1	1	2	1	1	1	1	1	1	1
GF_1840	1	1	1	1	2	1	1	1	1	1	1	1
GF_1841	1	1	1	1	2	1	1	1	1	1	1	1
GF_1842	1	1	1	1	2	1	1	1	1	1	1	1
GF_1843	1	1	1	1	2	1	1	1	1	1	1	1
GF_1844	1	1	1	1	2	1	1	1	1	1	1	1
GF_1845	1	1	1	1	2	1	1	1	1	1	1	1
GF_1846	1	1	1	1	2	1	1	1	1	1	1	1
GF_1847	1	1	1	1	2	1	1	1	1	1	1	1
GF_1848	1	1	1	1	2	1	1	1	1	1	1	1
GF_1849	1	1	1	1	2	1	1	1	1	1	1	1
GF_1850	1	1	1	1	2	1	1	1	1	1	1	1
GF_1851	1	1	1	1	2	1	1	1	1	1	1	1
GF_1852	1	1	1	1	2	1	1	1	1	1	1	1
GF_1853	1	1	1	1	2	1	1	1	1	1	1	1
GF_1854	1	1	1	1	2	1	1	1	1	1	1	1
GF_1855	1	1	1	1	2	1	1	1	1	1	1	1
GF_1856	1	1	1	1	2	0	1	1	1	2	1	1
GF_1857	1	1	1	1	2	1	1	1	1	1	1	1
GF_1858	1	1	1	1	2	1	1	1	1	1	1	1
GF_1859	1	1	1	1	2	1	1	1	1	1	1	1
GF_1860	1	1	1	1	2	1	1	2	0	1	1	1
GF_1861	1	1	1	1	2	1	1	1	1	1	1	1
GF_1862	1	1	1	1	2	1	1	1	1	1	1	1
GF_1863	1	1	1	1	2	1	1	1	1	1	1	1
GF_1864	1	1	1	1	2	1	1	1	1	1	1	1
GF_1865	1	1	1	1	2	1	1	1	1	1	1	1
GF_1866	1	1	1	1	2	1	1	1	1	1	1	1
GF_1867	1	1	1	1	2	1	1	1	1	1	1	1
GF_1868	1	1	1	1	2	1	1	1	1	1	1	1
GF_1869	1	1	1	1	2	1	1	1	1	1	1	1
GF_1870	1	1	1	1	3	0	1	1	1	1	1	1
GF_1871	1	1	1	1	2	1	1	1	1	1	1	1
GF_1872	1	1	1	1	2	1	1	1	1	1	1	1
GF_1873	1	1	1	1	2	1	1	1	1	1	1	1
GF_1874	1	1	1	1	2	1	1	1	1	1	1	1
GF_1875	1	1	1	1	2	1	1	1	1	1	1	1
GF_1876	1	1	1	1	2	1	1	1	1	1	1	1
GF_1877	1	1	1	1	2	1	1	1	1	1	1	1
GF_1878	1	1	1	1	2	1	1	1	1	1	1	1
GF_1879	1	1	1	1	2	1	1	1	1	1	1	1
GF_1880	1	1	1	1	2	1	1	1	1	1	1	1
GF_1881	1	1	1	1	2	1	1	1	1	1	1	1
GF_1882	1	1	1	1	2	1	1	1	1	1	1	1
GF_1883	1	1	1	1	2	0	1	1	1	1	2	1
GF_1884	1	1	1	1	2	1	1	1	1	1	1	1
GF_1885	1	1	1	1	2	1	1	1	1	1	1	1
GF_1886	1	1	1	1	2	1	1	1	1	1	1	1
GF_1887	1	1	1	1	2	1	1	1	1	1	1	1
GF_1888	1	1	1	1	2	1	1	1	1	1	1	1
GF_1889	1	1	1	1	3	0	1	1	1	1	1	1
GF_1890	1	1	1	1	2	1	1	1	1	1	1	1
GF_1891	1	1	1	1	2	1	1	1	1	1	1	1
GF_1892	1	1	1	1	2	1	1	1	1	1	1	1
GF_1893	1	1	1	1	2	1	1	1	1	1	1	1
GF_1894	1	1	1	1	2	1	1	1	1	1	1	1
GF_1895	1	1	1	1	2	1	1	1	1	0	2	1
GF_1896	1	1	1	1	2	1	1	1	1	1	1	1
GF_1897	1	1	1	1	2	2	0	1	1	1	1	1
GF_1898	1	1	1	1	2	1	1	1	1	1	1	1
GF_1899	1	1	1	1	2	1	1	1	1	1	1	1
GF_1900	1	1	1	1	2	1	1	1	1	1	1	1
GF_1901	1	1	1	1	2	1	1	1	1	1	1	1
GF_1902	1	1	1	1	2	1	1	1	1	1	1	1
GF_1903	1	1	1	1	2	1	1	1	1	1	1	1
GF_1904	1	1	1	1	2	1	1	1	1	1	1	1
GF_1905	1	1	1	1	2	1	1	1	1	1	1	1
GF_1906	1	1	1	1	2	1	1	1	1	1	1	1
GF_1907	1	1	1	1	2	1	1	1	1	1	1	1
GF_1908	1	1	1	1	2	1	1	1	1	1	1	1
GF_1909	1	1	1	1	2	1	1	1	1	1	1	1
GF_1910	1	1	1	1	2	1	1	1	1	1	1	1
GF_1911	1	1	1	1	2	1	1	1	1	1	1	1
GF_1912	1	0	1	1	3	1	1	1	1	1	1	1
GF_1913	1	1	1	1	2	1	1	1	1	1	1	1
GF_1914	1	1	1	1	2	1	1	1	1	1	1	1
GF_1915	1	1	1	1	2	1	1	1	1	1	1	1
GF_1916	1	1	1	1	2	1	1	1	1	1	1	1
GF_1917	1	1	1	1	2	1	1	1	1	1	1	1
GF_1918	1	1	1	1	2	1	1	1	1	1	1	1
GF_1919	1	1	1	1	2	1	1	1	1	1	1	1
GF_1920	1	1	1	1	2	1	1	1	1	1	1	1
GF_1921	1	1	1	1	2	1	1	1	1	1	1	1
GF_1922	1	1	1	1	2	1	1	1	1	1	1	1
GF_1923	1	1	1	1	2	1	1	1	1	1	1	1
GF_1924	1	1	1	1	2	1	1	1	1	1	1	1
GF_1925	1	1	1	1	2	1	1	1	1	1	1	1
GF_1926	1	1	1	1	2	1	1	1	1	1	1	1
GF_1927	1	1	1	1	2	1	1	1	1	1	1	1
GF_1928	1	1	1	1	2	1	1	1	1	1	1	1
GF_1929	1	1	1	1	2	1	1	1	1	1	1	1
GF_1930	1	1	1	1	2	1	1	1	1	1	1	1
GF_1931	1	1	1	1	2	1	1	1	1	1	1	1
GF_1932	1	1	1	1	2	1	1	1	1	1	1	1
GF_1933	1	1	1	1	2	1	1	1	1	1	1	1
GF_1934	1	1	1	1	2	1	1	1	1	1	1	1
GF_1935	1	1	1	1	2	1	1	1	1	1	1	1
GF_1936	1	1	1	1	2	1	1	1	1	1	1	1
GF_1937	1	1	1	1	2	1	1	1	1	1	1	1
GF_1938	1	1	1	1	2	1	1	1	1	1	1	1
GF_1939	1	1	1	1	2	1	1	1	1	1	1	1
GF_1940	1	1	1	1	2	1	1	1	1	1	1	1
GF_1941	1	1	2	1	2	1	1	1	1	0	1	1
GF_1942	1	1	1	1	2	1	1	1	1	1	1	1
GF_1943	1	1	1	1	3	0	1	1	1	1	1	1
GF_1944	1	1	1	1	2	1	1	1	1	1	1	1
GF_1945	1	1	1	1	2	1	1	1	1	1	1	1
GF_1946	1	1	1	1	2	1	1	1	1	1	1	1
GF_1947	1	1	1	2	1	0	1	1	1	1	1	2
GF_1948	2	0	0	3	0	0	0	2	0	1	3	2
GF_1949	1	1	1	2	1	1	1	1	1	1	1	1
GF_1950	2	0	0	4	0	0	0	3	1	0	2	1
GF_1951	1	1	1	1	1	1	1	1	2	1	1	1
GF_1952	1	1	1	1	0	1	1	1	3	1	1	1
GF_1953	1	0	0	1	0	0	0	2	7	0	1	1
GF_1954	1	1	1	1	1	1	1	1	2	1	1	1
GF_1955	1	1	1	1	1	1	1	1	2	1	1	1
GF_1956	1	1	1	1	1	1	1	1	2	1	1	1
GF_1957	1	1	1	2	0	1	0	3	1	1	1	1
GF_1958	1	1	1	2	1	1	1	1	1	1	1	1
GF_1959	1	1	1	2	1	1	1	1	1	1	1	1
GF_1960	1	1	1	2	1	1	1	1	1	1	1	1
GF_1961	1	1	1	2	1	1	1	1	1	1	1	1
GF_1962	1	1	1	2	0	1	1	1	1	1	1	2
GF_1963	1	1	1	2	1	1	1	1	1	1	1	1
GF_1964	1	1	1	2	1	1	1	1	1	1	1	1
GF_1965	2	0	0	3	0	0	0	3	0	0	3	2
GF_1966	1	1	1	2	1	1	1	1	1	1	1	1
GF_1967	1	1	1	2	0	1	1	1	1	1	2	1
GF_1968	1	1	1	2	1	1	1	1	1	1	1	1
GF_1969	1	1	1	2	1	1	1	1	1	1	1	1
GF_1970	1	1	1	1	1	1	1	2	1	1	1	1
GF_1971	1	1	1	1	1	1	1	2	1	1	1	1
GF_1972	1	1	1	1	1	1	1	2	1	1	1	1
GF_1973	1	1	1	1	1	1	1	2	1	1	1	1
GF_1974	1	1	1	1	0	1	1	3	1	1	1	1
GF_1975	1	1	1	1	1	1	1	2	1	1	1	1
GF_1976	1	1	1	1	1	1	1	2	1	1	1	1
GF_1977	1	1	1	1	1	1	1	2	1	1	1	1
GF_1978	1	1	1	2	0	0	1	2	1	1	2	1
GF_1979	1	1	1	1	1	1	1	2	1	1	1	1
GF_1980	1	1	1	1	1	1	1	2	1	1	1	1
GF_1981	1	1	1	1	1	1	1	2	1	1	1	1
GF_1982	1	1	1	1	1	1	1	2	1	1	1	1
GF_1983	1	1	1	1	1	1	1	2	1	1	1	1
GF_1984	1	1	1	1	1	1	1	2	1	1	1	1
GF_1985	1	1	1	1	1	1	1	2	1	1	1	1
GF_1986	1	1	1	1	1	1	1	2	1	1	1	1
GF_1987	1	1	1	1	1	1	1	2	1	1	1	1
GF_1988	1	1	1	1	1	1	1	1	1	1	2	1
GF_1989	1	1	1	1	1	1	1	1	1	1	2	1
GF_1990	1	1	1	1	1	1	1	1	1	1	2	1
GF_1991	1	1	1	1	1	1	1	1	1	1	2	1
GF_1992	1	1	1	1	1	1	1	1	1	1	2	1
GF_1993	1	1	1	1	1	1	1	1	1	1	2	1
GF_1994	1	1	1	1	1	1	1	1	1	1	2	1
GF_1995	1	1	1	1	1	1	1	1	1	1	2	1
GF_1996	1	1	1	1	1	1	1	1	1	1	2	1
GF_1997	1	1	1	1	1	1	1	1	1	1	2	1
GF_1998	1	1	1	1	1	1	1	1	1	1	2	1
GF_1999	1	1	1	1	1	1	1	1	1	1	2	1
GF_2000	1	1	1	1	1	1	1	1	1	1	2	1
GF_2001	1	1	1	1	1	1	1	1	1	1	2	1
GF_2002	1	1	1	1	1	1	1	1	1	1	2	1
GF_2003	1	1	1	1	1	1	1	1	1	1	2	1
GF_2004	1	1	1	1	1	1	1	1	1	1	2	1
GF_2005	1	1	1	1	1	1	1	1	1	1	2	1
GF_2006	1	1	1	1	1	1	1	1	1	1	2	1
GF_2007	1	1	1	1	1	1	1	1	1	1	2	1
GF_2008	1	1	1	1	1	1	1	1	1	1	2	1
GF_2009	1	1	1	1	1	1	1	1	1	1	2	1
GF_2010	1	1	1	1	1	1	1	1	1	1	2	1
GF_2011	1	1	1	1	1	1	1	1	1	1	2	1
GF_2012	1	1	1	1	1	1	1	1	1	1	2	1
GF_2013	1	1	1	1	1	1	1	1	1	1	2	1
GF_2014	1	1	1	1	1	1	1	1	1	1	2	1
GF_2015	1	1	1	1	1	1	1	1	1	1	2	1
GF_2016	1	1	2	1	1	0	1	1	1	1	2	1
GF_2017	1	1	1	1	1	1	1	1	2	0	2	1
GF_2018	1	1	1	1	1	1	1	1	1	1	2	1
GF_2019	1	1	1	1	1	1	1	1	1	1	2	1
GF_2020	1	1	1	1	1	1	1	1	1	1	2	1
GF_2021	1	1	1	1	1	1	2	1	1	1	1	1
GF_2022	1	1	1	1	1	1	2	1	1	1	1	1
GF_2023	0	0	0	0	0	0	13	0	0	0	0	0
GF_2024	1	1	1	1	1	1	2	1	1	1	1	1
GF_2025	1	1	1	1	1	1	2	1	1	1	1	1
GF_2026	1	1	1	1	1	1	1	1	1	2	1	1
GF_2027	1	1	1	1	1	1	2	1	1	1	1	1
GF_2028	1	1	1	1	1	1	1	1	1	2	1	1
GF_2029	1	1	2	1	1	1	0	1	1	2	1	1
GF_2030	1	1	1	1	1	1	1	1	1	2	1	1
GF_2031	1	1	1	1	1	1	1	1	1	2	1	1
GF_2032	1	1	1	1	1	1	1	1	1	2	1	1
GF_2033	1	1	1	1	1	1	1	1	1	2	1	1
GF_2034	0	0	0	0	0	0	0	0	0	13	0	0
GF_2035	1	2	1	1	1	1	0	1	1	2	1	1
GF_2036	0	0	0	0	0	0	0	0	0	13	0	0
GF_2037	0	0	13	0	0	0	0	0	0	0	0	0
GF_2038	0	0	13	0	0	0	0	0	0	0	0	0
GF_2039	0	13	0	0	0	0	0	0	0	0	0	0
GF_2040	0	0	0	0	13	0	0	0	0	0	0	0
GF_2041	0	0	0	0	13	0	0	0	0	0	0	0
GF_2042	0	0	0	0	13	0	0	0	0	0	0	0
GF_2043	0	0	0	0	13	0	0	0	0	0	0	0
GF_2044	1	2	1	1	1	1	1	1	1	1	1	1
GF_2045	0	0	0	0	13	0	0	0	0	0	0	0
GF_2046	0	0	0	0	13	0	0	0	0	0	0	0
GF_2047	1	1	1	1	3	1	1	1	1	0	1	1
GF_2048	1	1	1	1	2	1	1	1	1	1	1	1
GF_2049	1	1	2	1	1	1	1	1	1	1	1	1
GF_2050	1	1	1	1	1	1	1	1	1	2	1	1
GF_2051	1	1	1	1	1	1	1	1	2	1	1	1
GF_2052	1	1	1	1	1	1	1	1	2	1	1	1
GF_2053	1	1	1	1	1	1	1	1	2	1	1	1
GF_2054	1	1	1	1	1	1	1	1	2	1	1	1
GF_2055	1	1	1	1	1	1	1	1	1	1	2	1
GF_2056	1	1	1	1	1	1	1	1	2	1	1	1
GF_2057	1	1	1	1	1	1	1	1	2	1	1	1
GF_2058	1	1	1	1	1	1	1	1	2	1	1	1
GF_2059	1	1	1	1	1	1	1	1	1	1	2	1
GF_2060	1	1	1	1	1	1	1	1	1	2	1	1
GF_2061	2	1	1	1	1	1	1	1	1	1	1	1
GF_2062	1	1	1	1	1	1	2	1	1	1	1	1
GF_2063	1	1	1	2	0	0	0	1	2	1	2	2
GF_2064	1	1	1	1	1	1	1	1	1	1	2	1
GF_2065	1	2	1	1	1	1	1	1	1	1	1	1
GF_2066	1	1	1	1	1	1	1	1	1	1	1	2
GF_2067	1	1	1	1	1	1	1	1	1	1	1	2
GF_2068	1	1	1	1	1	1	1	1	1	1	1	2
GF_2069	1	1	1	1	1	0	1	1	2	1	1	2
GF_2070	1	1	1	1	1	1	1	1	1	1	2	1
GF_2071	1	1	1	1	1	1	1	1	1	1	2	1
GF_2072	0	2	1	2	1	1	1	1	1	1	1	1
GF_2073	1	1	1	1	1	1	1	1	2	1	1	1
GF_2074	1	2	1	1	1	1	1	1	1	1	1	1
GF_2075	1	2	1	1	2	0	1	1	1	1	1	1
GF_2076	1	1	1	1	1	1	2	1	1	1	1	1
GF_2077	1	1	1	1	0	2	2	1	1	1	1	1
GF_2078	1	2	1	1	1	1	1	1	1	1	1	1
GF_2079	1	2	2	1	0	0	1	1	1	2	1	1
GF_2080	1	1	1	1	0	1	0	1	2	2	2	1
GF_2081	1	1	1	1	1	1	1	2	1	1	1	1
GF_2082	1	1	1	1	1	0	0	2	1	1	2	2
GF_2083	1	1	1	1	1	1	1	1	1	2	1	1
GF_2084	1	2	1	1	1	1	1	1	1	1	1	1
GF_2085	2	1	1	1	1	1	1	1	1	1	1	1
GF_2086	1	1	1	2	0	0	0	1	2	1	2	2
GF_2087	1	1	2	1	1	1	1	1	1	1	1	1
GF_2088	1	1	1	1	1	2	1	1	1	1	1	1
GF_2089	1	1	1	2	0	1	1	1	1	1	1	2
GF_2090	1	2	1	0	1	2	1	1	1	1	1	1
GF_2091	1	1	1	1	2	1	1	1	1	1	1	1
GF_2092	1	1	1	1	0	2	1	1	1	2	1	1
GF_2093	1	2	2	1	0	0	1	1	1	2	1	1
GF_2094	1	1	1	1	1	1	1	1	2	1	1	1
GF_2095	1	1	1	1	2	1	1	1	1	1	1	1
GF_2096	1	1	1	1	1	1	1	1	2	1	1	1
GF_2097	1	1	1	1	1	1	1	1	1	2	1	1
GF_2098	1	2	1	1	0	1	1	1	1	2	1	1
GF_2099	1	1	1	2	0	0	0	2	1	1	2	2
GF_2100	1	1	1	1	1	1	1	1	2	1	1	1
GF_2101	1	1	1	2	1	1	1	1	1	1	1	1
GF_2102	1	2	1	1	1	1	1	1	1	1	1	1
GF_2103	2	1	1	1	1	1	1	1	1	1	1	1
GF_2104	1	1	1	1	1	2	1	1	1	1	1	1
GF_2105	1	1	1	1	1	1	1	1	2	1	1	1
GF_2106	1	1	2	1	1	1	1	1	1	1	1	1
GF_2107	1	2	1	1	1	1	1	1	1	1	1	1
GF_2108	1	1	1	1	1	1	1	1	2	1	1	1
GF_2109	1	2	1	1	1	1	1	1	1	1	1	1
GF_2110	1	1	2	1	0	2	1	1	1	1	1	1
GF_2111	1	2	1	1	1	1	1	1	1	1	1	1
GF_2112	1	1	1	1	2	1	1	1	1	1	1	1
GF_2113	1	1	1	1	2	1	1	1	1	1	1	1
GF_2114	1	2	1	1	1	1	1	1	1	1	1	1
GF_2115	1	2	1	1	1	1	1	1	1	1	1	1
GF_2116	1	1	1	1	1	1	1	1	2	1	1	1
GF_2117	1	1	1	1	0	2	2	1	1	1	1	1
GF_2118	1	1	1	1	1	2	1	1	1	1	1	1
GF_2119	1	2	1	1	0	1	1	1	1	2	1	1
GF_2120	1	1	1	1	1	2	1	1	1	1	1	1
GF_2121	1	1	1	1	1	1	1	2	1	1	1	1
GF_2122	1	2	2	1	0	1	1	1	1	1	1	1
GF_2123	1	1	1	2	0	1	1	1	2	1	1	1
GF_2124	1	1	1	1	0	1	1	1	2	2	1	1
GF_2125	2	1	1	1	1	0	1	1	1	0	2	2
GF_2126	1	1	2	1	1	0	1	1	2	1	1	1
GF_2127	1	1	1	1	1	2	1	1	1	1	1	1
GF_2128	1	1	0	2	0	1	0	2	2	0	2	2
GF_2129	1	1	0	2	0	0	1	2	1	1	2	2
GF_2130	1	1	0	2	0	1	0	1	2	1	2	2
GF_2131	0	0	1	0	0	0	0	0	0	11	0	0
GF_2132	0	1	7	0	0	0	0	0	0	4	0	0
GF_2133	0	2	8	0	0	0	0	0	0	2	0	0
GF_2134	0	0	0	0	0	0	0	0	0	12	0	0
GF_2135	0	0	1	0	0	2	0	0	0	9	0	0
GF_2136	1	1	0	1	0	0	0	1	1	4	2	1
GF_2137	1	3	0	1	0	0	0	1	2	2	1	1
GF_2138	1	1	1	1	0	1	1	1	1	2	1	1
GF_2139	1	2	1	1	0	0	0	1	2	2	1	1
GF_2140	1	1	1	1	1	0	1	1	1	2	1	1
GF_2141	1	1	1	1	0	1	1	1	1	2	1	1
GF_2142	1	1	1	1	1	1	1	1	1	1	1	1
GF_2143	1	1	1	1	1	1	0	1	1	2	1	1
GF_2144	0	0	0	0	0	0	0	0	0	12	0	0
GF_2145	1	1	0	1	0	1	1	1	2	2	1	1
GF_2146	1	1	1	1	0	1	0	2	1	2	1	1
GF_2147	1	1	1	1	1	1	0	1	1	2	1	1
GF_2148	1	2	2	1	0	0	0	1	1	2	1	1
GF_2149	1	1	1	1	1	1	1	1	0	2	1	1
GF_2150	1	1	2	1	0	0	0	1	1	3	1	1
GF_2151	1	1	1	1	1	0	1	1	1	2	1	1
GF_2152	1	1	0	1	1	0	1	1	1	3	1	1
GF_2153	1	2	1	1	0	1	0	1	1	2	1	1
GF_2154	1	2	0	1	0	0	1	2	1	2	1	1
GF_2155	1	1	0	1	1	1	1	1	1	2	1	1
GF_2156	1	3	1	1	0	0	0	1	1	1	2	1
GF_2157	1	1	1	1	0	1	1	1	1	1	2	1
GF_2158	0	1	4	0	0	1	0	1	1	1	2	1
GF_2159	0	0	12	0	0	0	0	0	0	0	0	0
GF_2160	0	0	12	0	0	0	0	0	0	0	0	0
GF_2161	1	0	5	1	0	0	0	1	2	0	1	1
GF_2162	1	1	2	1	1	1	0	1	1	1	1	1
GF_2163	1	2	2	1	1	1	0	1	0	1	1	1
GF_2164	1	1	2	1	1	1	1	1	1	0	1	1
GF_2165	1	2	2	1	1	2	0	1	0	0	1	1
GF_2166	1	1	2	1	0	1	1	1	1	1	1	1
GF_2167	0	8	3	0	0	0	0	0	0	1	0	0
GF_2168	0	2	8	0	0	1	0	0	0	1	0	0
GF_2169	1	1	2	1	1	0	1	1	1	1	1	1
GF_2170	1	1	4	1	0	0	0	1	2	0	1	1
GF_2171	1	1	2	1	1	1	0	1	1	1	1	1
GF_2172	1	1	4	1	0	1	0	1	1	0	1	1
GF_2173	1	1	2	1	0	1	1	1	1	1	1	1
GF_2174	0	1	2	1	1	1	1	1	1	1	1	1
GF_2175	1	1	2	1	0	1	1	1	1	1	1	1
GF_2176	2	0	2	1	0	0	0	2	0	0	4	1
GF_2177	1	1	3	1	1	0	0	1	1	1	1	1
GF_2178	1	1	2	1	1	0	1	1	1	1	1	1
GF_2179	1	1	2	1	0	1	1	1	1	1	1	1
GF_2180	0	10	2	0	0	0	0	0	0	0	0	0
GF_2181	1	1	2	1	0	0	0	1	3	1	1	1
GF_2182	1	1	2	1	0	2	0	1	1	1	1	1
GF_2183	1	1	2	1	0	1	1	1	1	1	1	1
GF_2184	1	1	2	2	0	1	0	1	1	0	1	2
GF_2185	0	1	2	1	1	1	1	1	1	1	1	1
GF_2186	1	1	2	1	0	1	1	1	1	1	1	1
GF_2187	1	1	2	1	0	0	1	1	1	1	1	2
GF_2188	1	3	2	1	0	1	1	1	0	0	1	1
GF_2189	1	0	3	1	0	0	0	2	2	0	2	1
GF_2190	1	1	2	1	1	1	1	1	0	1	1	1
GF_2191	1	0	2	1	1	1	1	1	1	1	1	1
GF_2192	1	0	4	1	0	1	0	1	1	0	2	1
GF_2193	0	0	0	0	0	0	0	0	12	0	0	0
GF_2194	1	1	1	1	1	1	0	1	3	0	1	1
GF_2195	1	5	2	1	0	0	0	1	0	0	1	1
GF_2196	1	3	2	1	0	1	0	1	1	0	1	1
GF_2197	0	10	2	0	0	0	0	0	0	0	0	0
GF_2198	1	1	3	1	0	0	1	1	1	1	1	1
GF_2199	1	0	3	1	1	1	1	1	1	0	1	1
GF_2200	1	1	2	1	1	1	0	1	1	1	1	1
GF_2201	1	1	2	1	0	0	1	1	1	1	1	2
GF_2202	1	1	2	1	0	1	1	1	1	0	1	2
GF_2203	2	1	1	1	1	0	1	1	1	1	1	1
GF_2204	2	0	1	2	0	0	0	2	1	0	2	2
GF_2205	2	0	0	2	0	0	0	2	2	0	2	2
GF_2206	5	0	0	2	0	0	0	1	0	0	3	1
GF_2207	2	0	0	2	0	0	0	4	1	0	1	2
GF_2208	2	0	0	2	0	1	0	2	1	0	2	2
GF_2209	3	0	0	3	0	0	0	2	0	0	2	2
GF_2210	2	0	0	2	0	0	0	2	2	0	2	2
GF_2211	2	0	0	2	0	0	0	2	1	1	2	2
GF_2212	3	0	0	6	0	0	0	1	0	0	2	0
GF_2213	2	0	0	2	0	0	0	2	1	1	2	2
GF_2214	3	0	0	2	0	0	0	1	1	0	3	2
GF_2215	2	0	0	3	0	0	0	2	1	0	2	2
GF_2216	2	0	0	2	0	0	0	2	2	0	2	2
GF_2217	2	0	0	2	0	0	0	2	0	0	2	4
GF_2218	2	0	0	2	0	0	0	2	0	0	2	4
GF_2219	2	0	0	2	0	0	0	2	0	1	2	3
GF_2220	2	0	0	2	0	0	0	2	2	0	2	2
GF_2221	2	0	0	1	1	0	1	2	1	0	2	2
GF_2222	2	0	0	2	0	0	0	4	0	0	2	2
GF_2223	2	0	0	4	0	0	0	2	1	0	1	2
GF_2224	1	1	1	1	0	1	1	1	0	1	2	2
GF_2225	1	1	1	1	0	1	1	1	0	1	2	2
GF_2226	1	1	1	1	0	1	1	1	1	1	1	2
GF_2227	1	1	1	1	0	2	1	1	1	0	1	2
GF_2228	1	1	1	1	1	0	1	1	1	1	1	2
GF_2229	1	1	1	1	1	0	1	1	1	1	1	2
GF_2230	1	1	1	2	0	0	1	1	1	1	1	2
GF_2231	1	0	1	2	1	0	1	1	1	1	1	2
GF_2232	1	1	1	2	1	0	0	1	1	1	1	2
GF_2233	1	1	1	2	0	1	1	1	1	0	1	2
GF_2234	1	1	1	2	0	1	0	1	1	1	1	2
GF_2235	1	1	1	2	0	0	1	1	1	1	1	2
GF_2236	1	1	1	1	1	0	1	1	1	1	1	2
GF_2237	1	1	1	1	0	1	1	1	1	1	1	2
GF_2238	1	1	1	1	1	1	1	1	0	1	1	2
GF_2239	1	1	1	1	1	0	1	1	1	1	1	2
GF_2240	1	1	1	1	1	0	1	1	0	1	2	2
GF_2241	1	0	0	2	0	0	0	2	0	0	3	4
GF_2242	1	0	0	1	0	0	0	3	0	0	3	4
GF_2243	1	0	0	1	0	0	0	1	7	0	1	1
GF_2244	1	1	1	1	0	1	1	1	2	1	1	1
GF_2245	1	0	0	3	0	0	0	0	2	0	4	2
GF_2246	1	1	1	1	1	1	0	1	1	1	1	2
GF_2247	1	0	0	5	0	0	0	3	0	0	0	3
GF_2248	1	1	1	1	1	0	1	1	1	1	1	2
GF_2249	1	1	1	1	0	1	1	1	1	1	1	2
GF_2250	1	1	1	2	0	1	0	1	1	1	1	2
GF_2251	1	1	1	2	0	0	1	1	1	1	1	2
GF_2252	1	1	1	2	0	0	1	1	1	1	1	2
GF_2253	1	1	1	2	1	1	0	1	0	1	1	2
GF_2254	1	1	0	2	1	0	1	1	1	1	1	2
GF_2255	1	1	1	2	0	1	1	1	1	0	1	2
GF_2256	1	1	1	2	1	0	0	1	1	1	1	2
GF_2257	1	1	1	2	0	1	1	1	0	1	1	2
GF_2258	1	1	1	2	0	0	1	1	1	1	1	2
GF_2259	1	1	0	2	1	1	1	1	1	0	1	2
GF_2260	0	0	0	2	0	0	0	3	0	0	3	4
GF_2261	2	0	0	2	0	1	1	2	0	0	2	2
GF_2262	1	1	1	1	1	0	1	1	1	1	1	2
GF_2263	1	1	1	1	1	1	0	1	0	2	1	2
GF_2264	1	0	1	1	0	0	1	1	3	1	1	2
GF_2265	1	1	1	1	1	1	1	1	1	0	1	2
GF_2266	1	1	1	1	1	1	0	1	1	1	1	2
GF_2267	1	1	1	1	0	1	1	1	1	1	1	2
GF_2268	1	1	1	1	0	1	1	1	1	1	1	2
GF_2269	1	1	1	1	0	1	1	1	1	1	1	2
GF_2270	1	1	1	1	0	1	1	1	1	1	1	2
GF_2271	1	1	1	1	1	0	1	1	1	1	1	2
GF_2272	1	0	0	2	0	0	0	3	0	0	4	2
GF_2273	1	1	1	2	0	1	0	1	1	1	1	2
GF_2274	1	1	1	1	1	0	1	1	1	1	1	2
GF_2275	1	1	1	1	0	1	1	1	1	1	1	2
GF_2276	1	1	1	1	0	1	1	1	1	1	1	2
GF_2277	1	1	1	1	0	1	1	1	1	1	1	2
GF_2278	1	1	1	1	1	1	1	1	1	0	1	2
GF_2279	1	1	1	1	0	1	1	1	1	1	1	2
GF_2280	1	1	1	1	0	1	1	1	1	1	1	2
GF_2281	0	11	0	0	0	0	0	0	0	1	0	0
GF_2282	1	3	0	1	0	1	1	1	1	1	1	1
GF_2283	0	11	0	0	0	0	1	0	0	0	0	0
GF_2284	0	12	0	0	0	0	0	0	0	0	0	0
GF_2285	0	12	0	0	0	0	0	0	0	0	0	0
GF_2286	1	2	1	1	2	0	0	1	1	1	1	1
GF_2287	1	2	0	1	0	0	1	1	4	0	1	1
GF_2288	1	2	1	1	0	1	1	1	1	1	1	1
GF_2289	0	12	0	0	0	0	0	0	0	0	0	0
GF_2290	1	4	1	1	0	0	1	1	1	0	1	1
GF_2291	0	10	0	0	0	1	1	0	0	0	0	0
GF_2292	0	12	0	0	0	0	0	0	0	0	0	0
GF_2293	0	7	1	1	0	0	0	1	1	0	0	1
GF_2294	1	3	0	1	0	0	1	1	1	2	1	1
GF_2295	1	3	0	1	0	3	0	1	1	0	1	1
GF_2296	1	3	0	1	1	0	0	1	1	2	1	1
GF_2297	1	2	0	2	0	0	0	2	2	0	1	2
GF_2298	1	3	0	1	0	1	0	1	2	1	1	1
GF_2299	1	3	1	1	0	1	1	1	1	0	1	1
GF_2300	1	1	1	1	1	1	1	1	1	1	1	1
GF_2301	1	1	1	1	1	1	1	1	1	1	1	1
GF_2302	0	12	0	0	0	0	0	0	0	0	0	0
GF_2303	1	3	1	1	0	1	1	1	1	0	1	1
GF_2304	1	5	1	1	0	0	0	1	1	0	1	1
GF_2305	1	2	1	1	0	1	1	1	1	1	1	1
GF_2306	1	2	1	1	0	1	1	1	1	1	1	1
GF_2307	1	2	1	1	0	1	1	1	1	1	1	1
GF_2308	1	1	1	1	0	1	1	1	2	1	1	1
GF_2309	1	0	0	2	0	0	0	1	8	0	0	0
GF_2310	1	0	0	1	0	0	0	1	7	0	1	1
GF_2311	0	0	0	0	0	0	0	0	12	0	0	0
GF_2312	1	1	0	1	1	2	1	1	2	0	1	1
GF_2313	1	2	1	1	1	0	1	1	1	1	1	1
GF_2314	1	2	1	1	0	1	1	1	1	1	1	1
GF_2315	1	1	1	1	2	1	1	1	0	1	1	1
GF_2316	1	2	1	1	0	1	1	1	1	1	1	1
GF_2317	1	3	1	1	0	1	1	1	1	0	1	1
GF_2318	1	2	1	1	0	0	1	2	1	1	1	1
GF_2319	1	2	2	1	1	0	0	1	1	1	1	1
GF_2320	1	2	1	1	1	0	1	1	1	1	1	1
GF_2321	1	2	1	1	0	1	1	1	1	1	1	1
GF_2322	1	2	1	1	0	1	1	1	1	1	1	1
GF_2323	1	2	1	1	1	1	0	1	1	1	1	1
GF_2324	1	3	1	1	0	0	0	1	1	2	1	1
GF_2325	0	2	1	1	1	1	1	1	1	1	1	1
GF_2326	0	12	0	0	0	0	0	0	0	0	0	0
GF_2327	1	2	1	2	0	1	1	1	1	0	1	1
GF_2328	1	1	1	1	0	2	0	1	1	2	1	1
GF_2329	1	0	1	1	1	2	1	1	1	1	1	1
GF_2330	0	1	1	1	1	2	1	1	1	1	1	1
GF_2331	1	1	0	1	0	3	1	1	1	1	1	1
GF_2332	1	1	1	1	1	2	1	1	0	1	1	1
GF_2333	1	1	1	1	0	3	1	1	1	0	1	1
GF_2334	1	1	0	1	0	3	0	1	1	1	2	1
GF_2335	2	0	0	2	0	0	0	1	4	0	1	2
GF_2336	1	1	1	1	1	1	1	1	1	1	1	1
GF_2337	1	1	1	1	2	0	1	1	1	1	1	1
GF_2338	1	1	1	1	2	1	1	1	0	1	1	1
GF_2339	0	1	1	1	3	1	1	1	1	1	0	1
GF_2340	1	1	1	1	2	1	1	1	1	1	0	1
GF_2341	1	1	1	1	2	1	0	1	1	1	1	1
GF_2342	1	1	1	1	3	1	1	1	1	0	0	1
GF_2343	1	1	1	1	2	1	0	1	1	1	1	1
GF_2344	1	1	1	1	2	1	1	1	0	1	1	1
GF_2345	1	1	1	1	2	1	1	1	0	1	1	1
GF_2346	1	1	1	1	2	0	1	1	1	1	1	1
GF_2347	0	1	1	1	4	1	1	0	1	1	0	1
GF_2348	1	0	1	1	2	1	1	1	1	1	1	1
GF_2349	1	1	1	1	2	0	1	1	1	1	1	1
GF_2350	1	0	1	1	2	1	1	1	1	1	1	1
GF_2351	0	0	0	0	11	0	0	0	0	1	0	0
GF_2352	1	1	1	1	2	0	1	1	1	1	1	1
GF_2353	0	1	0	1	4	2	0	1	1	1	0	1
GF_2354	1	2	0	1	2	0	0	1	3	0	1	1
GF_2355	1	1	1	1	2	0	1	1	1	1	1	1
GF_2356	1	1	1	1	2	0	1	1	1	1	1	1
GF_2357	0	0	0	0	12	0	0	0	0	0	0	0
GF_2358	1	1	1	1	2	0	1	1	1	1	1	1
GF_2359	1	1	1	0	2	1	1	1	1	1	1	1
GF_2360	1	1	1	1	2	1	1	1	1	0	1	1
GF_2361	1	1	1	1	2	1	1	1	0	1	1	1
GF_2362	1	0	1	1	3	1	1	1	1	0	1	1
GF_2363	1	1	1	1	2	1	1	1	0	1	1	1
GF_2364	1	1	1	1	2	0	1	1	1	1	1	1
GF_2365	1	1	2	1	2	0	0	1	1	1	1	1
GF_2366	1	1	1	1	2	1	1	1	1	0	1	1
GF_2367	1	1	1	1	2	0	1	1	1	1	1	1
GF_2368	1	1	1	1	2	1	1	1	1	0	1	1
GF_2369	1	1	0	1	2	0	0	2	2	1	1	1
GF_2370	1	1	1	1	2	1	1	1	0	1	1	1
GF_2371	1	0	1	1	2	1	1	1	1	1	1	1
GF_2372	1	1	1	1	2	0	1	1	1	1	1	1
GF_2373	0	0	0	0	12	0	0	0	0	0	0	0
GF_2374	1	1	1	1	2	1	0	1	1	1	1	1
GF_2375	1	0	1	1	2	1	1	1	1	1	1	1
GF_2376	1	1	1	1	2	0	1	1	1	1	1	1
GF_2377	1	1	0	1	2	1	1	1	1	1	1	1
GF_2378	1	1	1	1	2	1	1	1	0	1	1	1
GF_2379	1	1	1	1	2	1	1	1	1	0	1	1
GF_2380	1	1	1	1	2	1	1	1	1	1	1	0
GF_2381	1	1	1	1	2	1	0	1	1	1	1	1
GF_2382	1	1	1	1	3	0	1	1	1	0	1	1
GF_2383	1	1	1	1	2	1	0	1	1	1	1	1
GF_2384	1	1	1	1	3	0	0	1	1	1	1	1
GF_2385	1	1	1	1	2	1	0	1	1	1	1	1
GF_2386	1	1	1	0	2	1	1	1	1	1	1	1
GF_2387	1	1	1	1	2	1	1	1	1	0	1	1
GF_2388	1	1	1	1	2	0	1	1	1	1	1	1
GF_2389	1	1	1	1	2	0	1	1	1	1	1	1
GF_2390	1	0	1	1	2	1	1	1	1	1	1	1
GF_2391	1	1	1	0	2	1	1	1	1	1	1	1
GF_2392	1	0	1	1	2	1	1	1	1	1	1	1
GF_2393	1	1	1	1	2	0	1	1	1	1	1	1
GF_2394	1	0	1	1	3	1	1	1	1	0	1	1
GF_2395	1	1	1	1	2	0	1	1	1	1	1	1
GF_2396	1	1	1	1	2	1	1	1	1	0	1	1
GF_2397	0	0	0	0	12	0	0	0	0	0	0	0
GF_2398	1	1	1	1	2	0	1	1	1	1	1	1
GF_2399	1	1	1	1	2	1	1	1	1	1	1	0
GF_2400	1	1	1	0	2	1	1	1	1	1	1	1
GF_2401	0	0	0	0	12	0	0	0	0	0	0	0
GF_2402	1	1	1	1	2	0	1	1	1	1	1	1
GF_2403	1	1	1	0	2	1	1	1	1	1	1	1
GF_2404	1	1	0	2	2	1	0	1	1	1	1	1
GF_2405	1	1	1	1	2	0	1	1	1	1	1	1
GF_2406	1	1	1	1	2	0	1	1	1	1	1	1
GF_2407	1	1	1	1	2	1	1	1	0	1	1	1
GF_2408	1	1	1	1	2	1	1	1	1	0	1	1
GF_2409	1	1	1	1	2	1	1	1	1	0	1	1
GF_2410	1	0	1	1	2	1	1	1	1	1	1	1
GF_2411	1	1	1	1	2	1	0	1	1	1	1	1
GF_2412	1	1	1	1	2	0	0	1	1	2	1	1
GF_2413	1	1	1	1	2	0	1	1	1	1	1	1
GF_2414	1	1	1	1	2	0	1	1	1	1	1	1
GF_2415	1	1	1	1	2	0	1	1	1	1	1	1
GF_2416	1	1	1	1	2	1	0	1	1	1	1	1
GF_2417	1	1	1	1	2	1	1	1	0	1	1	1
GF_2418	1	1	1	0	2	1	1	1	1	1	1	1
GF_2419	1	1	1	1	2	1	0	1	1	1	1	1
GF_2420	1	1	1	2	0	0	1	1	1	1	1	2
GF_2421	1	1	1	1	0	1	1	1	2	1	1	1
GF_2422	1	1	1	1	1	1	1	1	2	0	1	1
GF_2423	1	1	1	2	1	1	1	1	0	1	1	1
GF_2424	1	1	1	2	0	1	1	1	1	1	1	1
GF_2425	1	1	1	2	1	0	1	1	1	1	1	1
GF_2426	1	1	1	2	0	1	1	1	1	1	1	1
GF_2427	0	0	0	4	0	0	0	2	0	0	5	1
GF_2428	1	1	1	2	1	1	1	1	1	1	0	1
GF_2429	1	1	1	2	0	1	1	1	1	1	1	1
GF_2430	1	1	1	2	0	0	1	1	1	1	2	1
GF_2431	1	1	1	1	1	0	1	2	1	1	1	1
GF_2432	1	1	1	1	1	0	1	2	1	1	1	1
GF_2433	1	1	1	1	0	1	1	2	1	1	1	1
GF_2434	1	1	1	1	1	1	1	2	1	1	0	1
GF_2435	3	0	0	2	0	0	0	2	0	0	2	3
GF_2436	1	1	1	1	0	1	1	1	2	1	1	1
GF_2437	1	0	1	1	1	1	1	2	1	1	1	1
GF_2438	1	1	1	1	0	1	1	2	1	1	1	1
GF_2439	1	1	1	1	0	1	1	2	1	1	1	1
GF_2440	1	1	1	1	0	1	1	2	1	1	1	1
GF_2441	1	1	1	1	0	1	1	2	1	1	1	1
GF_2442	1	1	1	1	1	1	1	2	0	1	1	1
GF_2443	1	1	1	1	1	0	1	2	1	1	1	1
GF_2444	1	1	1	1	0	2	1	1	1	1	1	1
GF_2445	1	1	1	1	1	0	1	1	1	1	2	1
GF_2446	1	1	1	1	1	0	1	1	1	1	2	1
GF_2447	1	1	1	1	1	1	1	1	1	0	2	1
GF_2448	1	1	1	1	0	1	1	1	1	1	2	1
GF_2449	1	1	1	1	1	0	1	1	1	1	2	1
GF_2450	1	1	1	1	1	0	1	1	1	1	2	1
GF_2451	1	1	1	1	1	0	1	1	1	1	2	1
GF_2452	1	1	1	1	0	1	1	1	1	1	2	1
GF_2453	1	0	1	1	1	1	1	1	1	1	2	1
GF_2454	1	1	1	1	1	1	1	1	1	0	2	1
GF_2455	1	1	1	0	1	1	1	1	1	1	2	1
GF_2456	1	1	1	1	1	1	1	1	0	1	2	1
GF_2457	1	1	1	1	1	1	1	1	0	1	2	1
GF_2458	1	1	1	1	1	0	1	1	1	1	2	1
GF_2459	1	1	1	1	0	1	1	1	1	1	2	1
GF_2460	1	1	1	1	0	1	1	1	1	1	2	1
GF_2461	1	1	1	1	1	0	1	1	1	1	2	1
GF_2462	1	1	1	1	0	1	1	1	1	1	2	1
GF_2463	1	1	1	1	1	0	1	1	1	1	2	1
GF_2464	1	1	1	1	0	1	1	1	1	1	2	1
GF_2465	1	1	1	1	0	1	1	1	1	1	2	1
GF_2466	1	1	1	1	1	1	1	1	0	1	2	1
GF_2467	1	1	1	1	0	1	1	1	1	1	2	1
GF_2468	1	1	0	1	0	1	3	2	1	0	1	1
GF_2469	1	1	1	1	0	1	2	1	1	1	1	1
GF_2470	2	0	0	1	0	0	0	2	3	0	2	2
GF_2471	1	0	1	1	1	1	1	1	1	2	1	1
GF_2472	1	1	1	0	1	1	1	1	1	2	1	1
GF_2473	1	1	2	1	0	1	0	1	1	2	1	1
GF_2474	0	0	0	0	0	0	0	0	0	12	0	0
GF_2475	0	12	0	0	0	0	0	0	0	0	0	0
GF_2476	0	12	0	0	0	0	0	0	0	0	0	0
GF_2477	0	0	0	0	0	12	0	0	0	0	0	0
GF_2478	0	0	0	0	12	0	0	0	0	0	0	0
GF_2479	0	0	0	0	12	0	0	0	0	0	0	0
GF_2480	0	0	0	0	12	0	0	0	0	0	0	0
GF_2481	0	0	0	0	12	0	0	0	0	0	0	0
GF_2482	0	0	0	0	12	0	0	0	0	0	0	0
GF_2483	0	0	0	0	12	0	0	0	0	0	0	0
GF_2484	0	0	0	0	12	0	0	0	0	0	0	0
GF_2485	0	0	0	0	12	0	0	0	0	0	0	0
GF_2486	0	0	0	0	12	0	0	0	0	0	0	0
GF_2487	0	0	0	0	12	0	0	0	0	0	0	0
GF_2488	0	0	0	0	12	0	0	0	0	0	0	0
GF_2489	0	0	0	0	12	0	0	0	0	0	0	0
GF_2490	0	0	0	0	12	0	0	0	0	0	0	0
GF_2491	0	0	0	0	12	0	0	0	0	0	0	0
GF_2492	1	1	1	1	1	1	1	1	1	1	1	1
GF_2493	1	1	1	1	1	1	1	1	1	1	1	1
GF_2494	1	1	1	1	1	1	1	1	1	1	1	1
GF_2495	1	1	1	1	1	1	1	1	1	1	1	1
GF_2496	1	1	1	1	1	1	1	1	1	1	1	1
GF_2497	1	1	1	1	1	1	1	1	1	1	1	1
GF_2498	1	1	1	1	1	1	1	1	1	1	1	1
GF_2499	1	1	1	1	1	1	1	1	1	1	1	1
GF_2500	1	1	1	1	1	1	1	1	1	1	1	1
GF_2501	1	1	1	1	1	1	1	1	1	1	1	1
GF_2502	1	1	1	1	1	1	1	1	1	1	1	1
GF_2503	1	1	1	1	1	1	1	1	1	1	1	1
GF_2504	1	1	1	1	1	1	1	1	1	1	1	1
GF_2505	1	1	1	1	1	1	1	1	1	1	1	1
GF_2506	1	1	1	1	1	1	1	1	1	1	1	1
GF_2507	1	1	1	1	1	1	1	1	1	1	1	1
GF_2508	1	1	1	1	1	1	1	1	1	1	1	1
GF_2509	1	1	1	1	1	1	1	1	1	1	1	1
GF_2510	1	1	1	1	1	1	1	1	1	1	1	1
GF_2511	1	1	1	1	1	1	1	1	1	1	1	1
GF_2512	1	1	1	1	1	1	1	1	1	1	1	1
GF_2513	1	1	1	1	1	1	1	1	1	1	1	1
GF_2514	1	1	1	1	1	1	1	1	1	1	1	1
GF_2515	1	1	1	1	1	1	1	1	1	1	1	1
GF_2516	1	1	1	1	1	1	1	1	1	1	1	1
GF_2517	1	1	1	1	1	1	1	1	1	1	1	1
GF_2518	1	1	1	1	1	1	1	1	1	1	1	1
GF_2519	1	1	1	1	1	1	1	1	1	1	1	1
GF_2520	1	1	1	1	1	1	1	1	1	1	1	1
GF_2521	1	1	1	1	1	1	1	1	1	1	1	1
GF_2522	1	1	1	1	1	1	1	1	1	1	1	1
GF_2523	1	1	1	1	1	1	1	1	1	1	1	1
GF_2524	1	1	1	1	1	1	1	1	1	1	1	1
GF_2525	1	1	1	1	1	1	1	1	1	1	1	1
GF_2526	1	1	1	1	1	1	1	1	1	1	1	1
GF_2527	1	1	1	1	1	1	1	1	1	1	1	1
GF_2528	1	1	1	1	1	1	1	1	1	1	1	1
GF_2529	1	1	1	1	1	1	1	1	1	1	1	1
GF_2530	1	1	1	1	1	1	1	1	1	1	1	1
GF_2531	1	1	1	1	1	1	1	1	1	1	1	1
GF_2532	1	1	1	1	1	1	1	1	1	1	1	1
GF_2533	1	1	1	1	1	1	1	1	1	1	1	1
GF_2534	1	1	1	1	1	1	1	1	1	1	1	1
GF_2535	1	1	1	1	1	1	1	1	1	1	1	1
GF_2536	1	1	1	1	1	1	1	1	1	1	1	1
GF_2537	1	1	1	1	1	1	1	1	1	1	1	1
GF_2538	1	1	1	1	1	1	1	1	1	1	1	1
GF_2539	1	1	1	1	1	1	1	1	1	1	1	1
GF_2540	1	1	1	1	1	1	1	1	1	1	1	1
GF_2541	1	1	1	1	1	1	1	1	1	1	1	1
GF_2542	1	1	1	1	1	1	1	1	1	1	1	1
GF_2543	1	1	1	1	1	1	1	1	1	1	1	1
GF_2544	1	1	1	1	1	1	1	1	1	1	1	1
GF_2545	1	1	1	1	1	1	1	1	1	1	1	1
GF_2546	1	1	1	1	1	1	1	1	1	1	1	1
GF_2547	1	1	1	1	1	1	1	1	1	1	1	1
GF_2548	1	1	1	1	1	1	1	1	1	1	1	1
GF_2549	1	1	1	1	1	1	1	1	1	1	1	1
GF_2550	1	1	1	1	1	1	1	1	1	1	1	1
GF_2551	1	1	1	1	1	1	1	1	1	1	1	1
GF_2552	1	1	1	1	1	1	1	1	1	1	1	1
GF_2553	1	1	1	1	1	1	1	1	1	1	1	1
GF_2554	1	1	1	1	1	1	1	1	1	1	1	1
GF_2555	1	1	1	1	1	1	1	1	1	1	1	1
GF_2556	1	1	1	1	1	1	1	1	1	1	1	1
GF_2557	1	1	1	1	1	1	1	1	1	1	1	1
GF_2558	1	1	1	1	1	1	1	1	1	1	1	1
GF_2559	1	1	1	1	1	1	1	1	1	1	1	1
GF_2560	1	1	1	1	1	1	1	1	1	1	1	1
GF_2561	1	1	1	1	1	1	1	1	1	1	1	1
GF_2562	1	1	1	1	1	1	1	1	1	1	1	1
GF_2563	1	1	1	1	1	1	1	1	1	1	1	1
GF_2564	1	1	1	1	1	1	1	1	1	1	1	1
GF_2565	1	1	1	1	1	1	1	1	1	1	1	1
GF_2566	1	1	1	1	1	1	1	1	1	1	1	1
GF_2567	1	1	1	1	1	1	1	1	1	1	1	1
GF_2568	1	1	1	1	1	1	1	1	1	1	1	1
GF_2569	1	1	1	1	1	1	1	1	1	1	1	1
GF_2570	1	1	1	1	1	1	1	1	1	1	1	1
GF_2571	1	1	1	1	1	1	1	1	1	1	1	1
GF_2572	1	1	1	1	1	1	1	1	1	1	1	1
GF_2573	1	1	1	1	1	1	1	1	1	1	1	1
GF_2574	1	1	1	1	1	1	1	1	1	1	1	1
GF_2575	1	1	1	1	1	1	1	1	1	1	1	1
GF_2576	1	1	1	1	2	1	0	1	1	1	1	1
GF_2577	1	1	1	1	1	1	1	1	1	1	1	1
GF_2578	1	1	1	1	1	1	1	1	1	1	1	1
GF_2579	1	1	1	1	1	1	1	1	1	1	1	1
GF_2580	1	1	1	1	1	1	1	1	1	1	1	1
GF_2581	1	1	1	1	1	1	1	1	1	1	1	1
GF_2582	1	1	1	1	1	1	1	1	1	1	1	1
GF_2583	1	1	1	1	1	1	1	1	1	1	1	1
GF_2584	1	1	1	1	1	1	1	1	1	1	1	1
GF_2585	1	1	1	1	1	1	1	1	1	1	1	1
GF_2586	1	1	1	1	1	1	1	1	1	1	1	1
GF_2587	1	1	1	1	1	1	1	1	1	1	1	1
GF_2588	1	1	1	1	1	1	1	1	1	1	1	1
GF_2589	1	1	1	1	1	1	1	1	1	1	1	1
GF_2590	1	1	1	1	1	1	1	1	1	1	1	1
GF_2591	1	1	1	1	1	1	1	1	1	1	1	1
GF_2592	1	1	1	1	1	1	1	1	1	1	1	1
GF_2593	1	1	1	1	1	1	1	1	1	1	1	1
GF_2594	1	1	1	1	1	1	1	1	1	1	1	1
GF_2595	1	1	1	1	1	1	1	1	1	1	1	1
GF_2596	1	1	1	1	1	1	1	1	1	1	1	1
GF_2597	1	1	1	1	1	1	1	1	1	1	1	1
GF_2598	1	1	1	1	1	1	1	1	1	1	1	1
GF_2599	1	1	1	1	1	1	1	1	1	1	1	1
GF_2600	1	1	1	1	1	1	1	1	1	1	1	1
GF_2601	1	1	1	1	1	1	1	1	1	1	1	1
GF_2602	1	1	1	1	1	1	1	1	1	1	1	1
GF_2603	1	1	1	1	1	1	1	1	1	1	1	1
GF_2604	1	1	1	1	1	1	1	1	1	1	1	1
GF_2605	1	1	1	1	1	1	1	1	1	1	1	1
GF_2606	1	1	1	1	1	1	1	1	1	1	1	1
GF_2607	1	1	1	1	1	1	1	1	1	1	1	1
GF_2608	1	1	1	1	1	1	1	1	1	1	1	1
GF_2609	1	1	1	1	1	1	1	1	1	1	1	1
GF_2610	1	1	1	1	1	1	1	1	1	1	1	1
GF_2611	1	1	1	1	1	1	1	1	1	1	1	1
GF_2612	1	1	1	1	1	1	1	1	1	1	1	1
GF_2613	1	1	1	1	1	1	1	1	1	1	1	1
GF_2614	1	1	1	1	1	1	1	1	1	1	1	1
GF_2615	1	1	1	1	1	1	1	1	1	1	1	1
GF_2616	1	1	1	1	1	1	1	1	1	1	1	1
GF_2617	1	1	1	1	1	1	1	1	1	1	1	1
GF_2618	1	1	1	1	1	1	1	1	1	1	1	1
GF_2619	1	1	1	1	1	1	1	1	1	1	1	1
GF_2620	1	1	1	1	1	1	1	1	1	1	1	1
GF_2621	1	1	1	1	1	1	1	1	1	1	1	1
GF_2622	1	1	1	1	1	1	0	1	1	2	1	1
GF_2623	1	1	1	1	1	1	1	1	1	1	1	1
GF_2624	1	1	1	1	1	1	1	1	1	1	1	1
GF_2625	1	1	1	1	1	1	1	1	1	1	1	1
GF_2626	1	1	1	1	1	1	1	1	1	1	1	1
GF_2627	1	1	1	1	1	1	1	1	1	1	1	1
GF_2628	1	1	1	1	1	1	1	1	1	1	1	1
GF_2629	1	1	1	1	1	1	1	1	1	1	1	1
GF_2630	1	1	1	1	1	1	1	1	1	1	1	1
GF_2631	1	1	1	1	1	1	1	1	1	1	1	1
GF_2632	1	1	1	1	1	1	1	1	1	1	1	1
GF_2633	1	1	1	1	1	1	1	1	1	1	1	1
GF_2634	1	1	1	1	1	1	1	1	1	1	1	1
GF_2635	1	1	1	1	1	1	1	1	1	1	1	1
GF_2636	1	1	1	1	1	1	1	1	1	1	1	1
GF_2637	1	1	1	1	1	1	1	1	1	1	1	1
GF_2638	1	1	1	1	1	1	1	1	1	1	1	1
GF_2639	1	1	1	1	1	1	1	1	1	1	1	1
GF_2640	1	1	1	1	1	1	1	1	1	1	1	1
GF_2641	1	1	1	1	1	1	1	1	1	1	1	1
GF_2642	1	1	1	1	1	1	1	1	1	1	1	1
GF_2643	1	1	1	1	1	1	1	1	1	1	1	1
GF_2644	1	1	1	1	1	1	1	1	1	1	1	1
GF_2645	1	1	1	1	1	1	1	1	1	1	1	1
GF_2646	1	1	1	1	1	1	1	1	1	1	1	1
GF_2647	1	1	1	1	1	1	1	1	1	1	1	1
GF_2648	1	1	1	1	1	1	1	1	1	1	1	1
GF_2649	1	1	1	1	1	1	1	1	1	1	1	1
GF_2650	1	1	1	1	1	1	1	1	1	1	1	1
GF_2651	1	1	1	1	1	1	1	1	1	1	1	1
GF_2652	1	1	1	1	1	1	1	1	1	1	1	1
GF_2653	1	1	1	1	1	1	1	1	1	1	1	1
GF_2654	1	1	1	1	1	1	1	1	1	1	1	1
GF_2655	1	1	1	1	1	1	1	1	1	1	1	1
GF_2656	1	1	1	1	1	1	1	1	1	1	1	1
GF_2657	1	1	1	1	1	1	1	1	1	1	1	1
GF_2658	1	1	1	1	1	1	1	1	1	1	1	1
GF_2659	1	1	1	1	1	1	1	1	1	1	1	1
GF_2660	1	1	1	1	1	1	1	1	1	1	1	1
GF_2661	1	1	1	1	1	1	1	1	1	1	1	1
GF_2662	1	1	1	1	1	1	1	1	1	1	1	1
GF_2663	1	1	1	1	1	1	1	1	1	1	1	1
GF_2664	1	1	1	1	1	1	1	1	1	1	1	1
GF_2665	1	1	1	1	1	1	1	1	1	1	1	1
GF_2666	1	1	1	1	1	1	1	1	1	1	1	1
GF_2667	1	1	1	1	1	1	1	1	1	1	1	1
GF_2668	1	1	1	1	1	1	1	1	1	1	1	1
GF_2669	1	1	1	1	1	1	1	1	1	1	1	1
GF_2670	1	1	1	1	1	1	1	1	1	1	1	1
GF_2671	1	1	1	1	1	1	1	1	1	1	1	1
GF_2672	1	1	1	1	1	1	1	1	1	1	1	1
GF_2673	1	1	1	1	1	1	1	1	1	1	1	1
GF_2674	1	1	1	1	1	1	1	1	1	1	1	1
GF_2675	1	1	1	1	1	1	1	1	1	1	1	1
GF_2676	1	1	1	1	1	1	1	1	1	1	1	1
GF_2677	1	1	1	1	1	1	1	1	1	1	1	1
GF_2678	1	1	1	1	1	1	1	1	1	1	1	1
GF_2679	1	1	1	1	1	1	1	1	1	1	1	1
GF_2680	1	1	1	1	1	1	1	1	1	1	1	1
GF_2681	1	1	1	1	1	1	1	1	1	1	1	1
GF_2682	1	1	1	1	1	1	1	1	1	1	1	1
GF_2683	1	1	1	1	1	1	1	1	1	1	1	1
GF_2684	1	1	1	1	1	1	1	1	1	1	1	1
GF_2685	1	1	2	1	1	0	1	1	1	1	1	1
GF_2686	1	1	1	1	1	1	1	1	1	1	1	1
GF_2687	1	1	1	1	1	1	1	1	1	1	1	1
GF_2688	1	0	1	1	1	1	1	1	1	1	2	1
GF_2689	1	1	1	1	1	1	1	1	1	1	1	1
GF_2690	1	1	1	1	1	1	1	1	1	1	1	1
GF_2691	1	1	1	1	1	1	1	1	1	1	1	1
GF_2692	1	1	1	1	1	1	1	1	1	1	1	1
GF_2693	1	1	1	1	1	1	1	1	1	1	1	1
GF_2694	1	1	1	1	1	1	1	1	1	1	1	1
GF_2695	1	1	1	1	1	1	1	1	1	1	1	1
GF_2696	1	1	1	1	1	1	1	1	1	1	1	1
GF_2697	1	1	1	1	1	1	1	1	1	1	1	1
GF_2698	1	1	1	1	1	1	1	1	1	1	1	1
GF_2699	1	1	1	1	1	1	1	1	1	1	1	1
GF_2700	1	1	1	1	1	1	1	1	1	1	1	1
GF_2701	1	1	1	1	1	1	1	1	1	1	1	1
GF_2702	1	1	1	1	1	1	1	1	1	1	1	1
GF_2703	1	1	1	1	1	1	1	1	1	1	1	1
GF_2704	1	1	1	1	1	1	1	1	1	1	1	1
GF_2705	1	1	1	1	1	1	1	1	1	1	1	1
GF_2706	1	1	1	1	1	1	1	1	1	1	1	1
GF_2707	1	1	1	1	1	1	1	1	1	1	1	1
GF_2708	1	1	1	1	1	1	1	1	1	1	1	1
GF_2709	1	1	1	1	1	1	1	1	1	1	1	1
GF_2710	1	1	1	1	1	1	1	1	1	1	1	1
GF_2711	1	1	1	1	1	1	1	1	1	1	1	1
GF_2712	1	1	1	1	1	1	1	1	1	1	1	1
GF_2713	1	1	1	1	1	1	1	1	1	1	1	1
GF_2714	1	1	1	1	1	1	1	1	1	1	1	1
GF_2715	1	1	1	1	1	1	1	1	1	1	1	1
GF_2716	1	1	1	1	1	1	1	1	1	1	1	1
GF_2717	1	1	1	1	1	1	1	1	1	1	1	1
GF_2718	1	1	3	1	1	0	0	1	1	1	1	1
GF_2719	1	1	1	1	1	1	1	1	1	1	1	1
GF_2720	1	1	1	1	1	1	1	1	1	1	1	1
GF_2721	1	1	1	1	1	1	1	1	1	1	1	1
GF_2722	1	1	1	1	1	1	1	1	1	1	1	1
GF_2723	1	1	1	1	1	1	1	1	1	1	1	1
GF_2724	1	1	1	1	1	1	1	1	1	1	1	1
GF_2725	1	1	1	1	1	1	1	1	1	1	1	1
GF_2726	1	1	1	1	1	1	1	1	1	1	1	1
GF_2727	1	1	1	1	1	1	1	1	1	1	1	1
GF_2728	1	1	1	1	1	1	1	1	1	1	1	1
GF_2729	1	1	1	1	1	1	1	1	1	1	1	1
GF_2730	1	1	1	1	1	1	1	1	1	1	1	1
GF_2731	1	1	1	1	1	1	1	1	1	1	1	1
GF_2732	1	1	1	1	1	1	1	1	1	1	1	1
GF_2733	1	1	1	1	1	1	1	1	1	1	1	1
GF_2734	1	1	1	1	1	1	1	1	1	1	1	1
GF_2735	1	1	1	1	1	1	1	1	1	1	1	1
GF_2736	1	1	1	1	1	1	1	1	1	1	1	1
GF_2737	1	1	1	1	1	1	1	1	1	1	1	1
GF_2738	1	1	1	1	1	1	1	1	1	1	1	1
GF_2739	1	1	1	1	1	1	1	1	1	1	1	1
GF_2740	1	1	1	1	1	1	1	1	1	1	1	1
GF_2741	1	1	1	1	1	1	1	1	1	1	1	1
GF_2742	1	1	1	1	1	1	1	1	1	1	1	1
GF_2743	1	1	1	1	1	1	1	1	1	1	1	1
GF_2744	1	1	1	1	1	1	1	1	1	1	1	1
GF_2745	1	1	1	1	1	1	1	1	1	1	1	1
GF_2746	1	1	1	1	1	1	1	1	1	1	1	1
GF_2747	1	1	1	1	1	1	1	1	1	1	1	1
GF_2748	1	1	1	1	1	1	1	1	1	1	1	1
GF_2749	1	1	1	1	1	1	1	1	1	1	1	1
GF_2750	1	1	1	1	1	1	1	1	1	1	1	1
GF_2751	1	1	1	1	1	1	1	1	1	1	1	1
GF_2752	1	1	1	1	1	1	1	1	1	1	1	1
GF_2753	1	1	1	1	1	1	1	1	1	1	1	1
GF_2754	1	1	1	1	1	1	1	1	1	1	1	1
GF_2755	1	1	1	1	1	1	1	1	1	1	1	1
GF_2756	1	1	1	1	1	1	1	1	1	1	1	1
GF_2757	1	1	1	1	1	1	1	1	1	1	1	1
GF_2758	1	1	1	1	1	1	1	1	1	1	1	1
GF_2759	1	1	1	1	1	1	1	1	1	1	1	1
GF_2760	1	1	1	1	1	1	1	1	1	1	1	1
GF_2761	1	1	1	1	1	1	1	1	1	1	1	1
GF_2762	1	1	1	1	1	1	1	1	1	1	1	1
GF_2763	1	1	1	1	1	1	1	1	1	1	1	1
GF_2764	1	1	1	1	1	1	1	1	1	1	1	1
GF_2765	1	1	1	1	1	1	1	1	1	1	1	1
GF_2766	1	1	1	1	1	1	1	1	1	1	1	1
GF_2767	1	1	1	1	1	1	1	1	1	1	1	1
GF_2768	1	1	1	1	1	1	1	1	1	1	1	1
GF_2769	1	1	1	1	1	1	1	1	1	1	1	1
GF_2770	1	1	1	1	1	1	1	1	1	1	1	1
GF_2771	1	1	1	1	1	1	1	1	1	1	1	1
GF_2772	1	1	1	1	1	1	1	1	1	1	1	1
GF_2773	1	1	1	1	1	1	1	1	1	1	1	1
GF_2774	1	1	1	1	1	1	1	1	1	1	1	1
GF_2775	1	1	1	1	1	1	1	1	1	1	1	1
GF_2776	1	1	1	1	1	1	1	1	1	1	1	1
GF_2777	1	1	1	1	1	1	1	1	1	1	1	1
GF_2778	1	1	1	1	1	1	1	1	1	1	1	1
GF_2779	1	1	1	1	1	1	1	1	1	1	1	1
GF_2780	1	1	1	1	1	1	1	1	1	1	1	1
GF_2781	1	1	1	1	1	1	1	1	1	1	1	1
GF_2782	1	1	1	1	1	1	1	1	1	1	1	1
GF_2783	1	1	1	1	1	1	1	1	1	1	1	1
GF_2784	1	1	1	1	1	1	1	1	1	1	1	1
GF_2785	1	1	1	1	1	1	1	1	1	1	1	1
GF_2786	1	1	1	1	1	1	1	1	1	1	1	1
GF_2787	1	1	1	1	1	1	1	1	1	1	1	1
GF_2788	1	1	1	1	1	1	1	1	1	1	1	1
GF_2789	1	1	1	1	1	1	1	1	1	1	1	1
GF_2790	1	1	1	1	1	1	1	1	1	1	1	1
GF_2791	1	1	1	1	1	1	1	1	1	1	1	1
GF_2792	1	1	1	1	1	1	1	1	1	1	1	1
GF_2793	1	1	1	1	1	1	1	1	1	1	1	1
GF_2794	1	1	1	1	1	1	1	1	1	1	1	1
GF_2795	1	1	1	1	1	1	1	1	1	1	1	1
GF_2796	1	1	1	1	1	1	1	1	1	1	1	1
GF_2797	1	1	1	1	1	1	1	1	1	1	1	1
GF_2798	1	1	1	1	1	1	1	1	1	1	1	1
GF_2799	1	1	1	1	1	1	1	1	1	1	1	1
GF_2800	1	1	1	1	1	1	1	1	1	1	1	1
GF_2801	1	1	1	1	1	1	1	1	1	1	1	1
GF_2802	1	1	1	1	1	1	1	1	1	1	1	1
GF_2803	1	1	1	1	1	1	1	1	1	1	1	1
GF_2804	1	1	1	1	1	1	1	1	1	1	1	1
GF_2805	1	1	1	1	1	1	1	1	1	1	1	1
GF_2806	1	1	1	1	1	1	1	1	1	1	1	1
GF_2807	1	1	1	1	1	1	1	1	1	1	1	1
GF_2808	1	1	1	1	1	1	1	1	1	1	1	1
GF_2809	1	1	1	1	1	1	1	1	1	1	1	1
GF_2810	1	1	1	1	1	1	1	1	1	1	1	1
GF_2811	1	1	1	1	1	1	1	1	1	1	1	1
GF_2812	1	1	1	1	1	1	1	1	1	1	1	1
GF_2813	1	1	1	1	1	1	1	1	1	1	1	1
GF_2814	1	1	1	1	1	1	1	1	1	1	1	1
GF_2815	1	1	1	1	1	1	1	1	1	1	1	1
GF_2816	1	1	1	1	1	1	1	1	1	1	1	1
GF_2817	1	1	1	1	1	1	1	1	1	1	1	1
GF_2818	1	1	1	1	1	1	1	1	1	1	1	1
GF_2819	1	1	1	1	1	1	1	1	1	1	1	1
GF_2820	1	1	1	1	1	1	1	1	1	1	1	1
GF_2821	1	1	1	1	1	1	1	1	1	1	1	1
GF_2822	1	1	1	1	1	1	1	1	1	1	1	1
GF_2823	1	1	1	1	1	1	1	1	1	1	1	1
GF_2824	1	1	1	1	1	1	1	1	1	1	1	1
GF_2825	1	1	1	1	1	1	1	1	1	1	1	1
GF_2826	1	1	1	1	1	1	1	1	1	1	1	1
GF_2827	1	1	1	1	1	1	1	1	1	1	1	1
GF_2828	1	1	1	1	1	1	1	1	1	1	1	1
GF_2829	1	1	1	1	1	1	1	1	1	1	1	1
GF_2830	1	1	1	1	1	1	1	1	1	1	1	1
GF_2831	1	1	1	1	1	1	1	1	1	1	1	1
GF_2832	1	1	1	1	1	1	1	1	1	1	1	1
GF_2833	1	1	1	1	1	1	1	1	1	1	1	1
GF_2834	1	1	1	1	1	1	1	1	1	1	1	1
GF_2835	1	1	1	1	1	1	1	1	1	1	1	1
GF_2836	1	1	1	1	1	1	1	1	1	1	1	1
GF_2837	1	1	1	1	1	1	1	1	1	1	1	1
GF_2838	1	2	1	1	1	0	1	1	1	1	1	1
GF_2839	1	1	1	1	1	1	1	1	1	1	1	1
GF_2840	1	1	1	1	1	1	1	1	1	1	1	1
GF_2841	1	1	1	1	1	1	1	1	1	1	1	1
GF_2842	1	1	1	1	1	1	1	1	1	1	1	1
GF_2843	1	1	1	1	1	1	1	1	1	1	1	1
GF_2844	1	1	1	1	1	1	1	1	1	1	1	1
GF_2845	1	1	1	1	1	1	1	1	1	1	1	1
GF_2846	1	1	1	1	1	1	1	1	1	1	1	1
GF_2847	1	1	1	1	1	1	1	1	1	1	1	1
GF_2848	1	1	1	1	1	1	1	1	1	1	1	1
GF_2849	1	1	1	1	1	1	1	1	1	1	1	1
GF_2850	1	1	1	1	1	1	1	1	1	1	1	1
GF_2851	1	1	1	1	1	1	1	1	1	1	1	1
GF_2852	1	1	1	1	1	1	1	1	1	1	1	1
GF_2853	1	1	1	1	1	0	1	1	2	1	1	1
GF_2854	1	1	1	1	1	1	1	1	1	1	1	1
GF_2855	1	1	1	1	1	1	1	1	1	1	1	1
GF_2856	1	1	1	1	1	1	1	1	1	1	1	1
GF_2857	1	1	1	1	1	1	1	1	1	1	1	1
GF_2858	1	1	1	1	1	1	1	1	1	1	1	1
GF_2859	1	1	1	1	1	1	1	1	1	1	1	1
GF_2860	1	1	1	1	1	1	1	1	1	1	1	1
GF_2861	1	1	1	1	1	1	1	1	1	1	1	1
GF_2862	1	1	1	1	1	1	1	1	1	1	1	1
GF_2863	1	1	1	1	1	1	1	1	1	1	1	1
GF_2864	1	1	1	1	1	1	1	1	1	1	1	1
GF_2865	1	1	1	1	1	1	1	1	1	1	1	1
GF_2866	1	1	1	1	1	1	1	1	1	1	1	1
GF_2867	1	1	1	1	1	1	1	1	1	1	1	1
GF_2868	1	1	1	1	1	1	1	1	1	1	1	1
GF_2869	1	1	1	1	1	1	1	1	1	1	1	1
GF_2870	1	1	1	1	1	1	1	1	1	1	1	1
GF_2871	1	1	1	1	1	1	1	1	1	1	1	1
GF_2872	1	0	1	1	1	1	1	2	1	1	1	1
GF_2873	1	1	1	1	1	1	1	1	1	1	1	1
GF_2874	1	1	1	1	1	1	1	1	1	1	1	1
GF_2875	1	1	1	1	1	1	1	1	1	1	1	1
GF_2876	1	1	1	1	1	1	1	1	1	1	1	1
GF_2877	1	1	1	1	1	1	1	1	1	1	1	1
GF_2878	1	1	1	1	1	1	1	1	1	1	1	1
GF_2879	1	1	1	1	1	1	1	1	1	1	1	1
GF_2880	1	1	1	1	1	1	1	1	1	1	1	1
GF_2881	1	1	1	1	1	1	1	1	1	1	1	1
GF_2882	1	1	1	1	1	1	1	1	1	1	1	1
GF_2883	1	1	1	1	1	1	1	1	1	1	1	1
GF_2884	1	1	1	1	1	1	1	1	1	1	1	1
GF_2885	1	1	1	1	1	1	1	1	1	1	1	1
GF_2886	1	1	1	1	1	1	1	1	1	1	1	1
GF_2887	1	1	1	1	1	1	1	1	1	1	1	1
GF_2888	1	1	1	1	1	1	1	1	1	1	1	1
GF_2889	1	1	1	1	1	1	1	1	1	1	1	1
GF_2890	1	1	1	1	1	1	1	1	1	1	1	1
GF_2891	1	1	1	1	1	1	1	1	1	1	1	1
GF_2892	1	1	1	1	1	1	1	1	1	1	1	1
GF_2893	1	1	1	1	1	1	1	1	1	1	1	1
GF_2894	1	1	1	1	1	1	1	1	1	1	1	1
GF_2895	1	1	1	1	1	1	1	1	1	1	1	1
GF_2896	1	1	1	1	1	1	1	1	1	1	1	1
GF_2897	1	1	1	1	1	1	1	1	1	1	1	1
GF_2898	1	1	1	1	1	1	1	1	1	1	1	1
GF_2899	1	1	1	1	1	1	1	1	1	1	1	1
GF_2900	1	1	1	1	1	1	1	1	1	1	1	1
GF_2901	1	1	1	1	1	1	1	1	1	1	1	1
GF_2902	1	1	1	1	1	1	1	1	1	1	1	1
GF_2903	1	1	1	1	1	1	1	1	1	1	1	1
GF_2904	1	1	1	1	1	1	1	1	1	1	1	1
GF_2905	1	1	1	1	1	1	1	1	1	1	1	1
GF_2906	1	1	1	1	1	1	1	1	1	1	1	1
GF_2907	1	1	1	1	1	1	1	1	1	1	1	1
GF_2908	1	1	1	1	1	1	1	1	1	1	1	1
GF_2909	1	1	1	1	1	1	1	1	1	1	1	1
GF_2910	1	1	1	1	1	1	1	1	1	1	1	1
GF_2911	1	1	1	1	1	1	1	1	1	1	1	1
GF_2912	1	1	1	1	1	1	1	1	1	1	1	1
GF_2913	1	1	1	1	1	1	1	1	1	1	1	1
GF_2914	1	1	1	1	1	1	1	1	1	1	1	1
GF_2915	1	1	1	1	1	1	1	1	1	1	1	1
GF_2916	1	1	1	1	1	1	1	1	1	1	1	1
GF_2917	1	1	1	1	1	1	1	1	1	1	1	1
GF_2918	1	1	1	1	1	1	1	1	1	1	1	1
GF_2919	1	1	1	1	1	1	1	1	1	1	1	1
GF_2920	1	1	1	1	1	1	1	1	1	1	1	1
GF_2921	1	1	1	1	1	1	1	1	1	1	1	1
GF_2922	1	1	1	1	1	1	1	1	1	1	1	1
GF_2923	1	1	1	1	1	1	1	1	1	1	1	1
GF_2924	1	1	1	1	1	1	1	1	1	1	1	1
GF_2925	1	1	1	1	1	1	1	1	1	1	1	1
GF_2926	1	1	1	1	1	1	1	1	1	1	1	1
GF_2927	1	1	1	1	1	1	1	1	1	1	1	1
GF_2928	1	1	1	1	1	1	1	1	1	1	1	1
GF_2929	1	1	1	1	1	1	1	1	1	1	1	1
GF_2930	1	1	1	1	1	1	1	1	1	1	1	1
GF_2931	1	1	1	1	1	1	1	1	1	1	1	1
GF_2932	1	1	1	1	1	1	1	1	1	1	1	1
GF_2933	1	1	1	1	1	1	1	1	1	1	1	1
GF_2934	1	1	1	1	1	1	1	1	1	1	1	1
GF_2935	1	1	1	1	1	1	1	1	1	1	1	1
GF_2936	1	1	1	1	1	1	1	1	1	1	1	1
GF_2937	1	1	1	1	1	1	1	1	1	1	1	1
GF_2938	1	1	1	1	1	1	1	1	1	1	1	1
GF_2939	1	1	1	1	1	1	1	1	1	1	1	1
GF_2940	1	1	1	1	1	1	1	1	1	1	1	1
GF_2941	1	1	1	1	1	1	1	1	1	1	1	1
GF_2942	1	1	1	1	1	1	1	1	1	1	1	1
GF_2943	1	1	1	1	1	1	1	1	1	1	1	1
GF_2944	1	1	1	1	1	1	1	1	1	1	1	1
GF_2945	1	1	1	1	1	1	1	1	1	1	1	1
GF_2946	1	1	1	1	1	1	1	1	1	1	1	1
GF_2947	1	1	1	1	1	1	1	1	1	1	1	1
GF_2948	1	1	1	1	1	1	1	1	1	1	1	1
GF_2949	1	1	1	1	1	1	1	1	1	1	1	1
GF_2950	1	1	1	1	1	1	1	1	1	1	1	1
GF_2951	1	1	1	1	1	1	1	1	1	1	1	1
GF_2952	1	1	1	1	1	1	1	1	1	1	1	1
GF_2953	1	1	1	1	1	1	1	1	1	1	1	1
GF_2954	1	1	1	1	1	1	1	1	1	1	1	1
GF_2955	1	1	1	1	1	1	1	1	1	1	1	1
GF_2956	1	1	1	1	1	1	1	1	1	1	1	1
GF_2957	1	1	1	1	1	1	1	1	1	1	1	1
GF_2958	1	1	1	1	1	1	1	1	1	1	1	1
GF_2959	1	1	1	1	1	1	1	1	1	1	1	1
GF_2960	1	1	1	1	1	1	1	1	1	1	1	1
GF_2961	1	1	1	1	1	1	1	1	1	1	1	1
GF_2962	1	1	1	1	1	1	1	1	1	1	1	1
GF_2963	1	1	1	1	1	1	1	1	1	1	1	1
GF_2964	1	1	1	1	1	1	1	1	1	1	1	1
GF_2965	1	1	1	1	1	1	1	1	1	1	1	1
GF_2966	1	1	1	1	1	1	1	1	1	1	1	1
GF_2967	1	0	2	1	1	1	1	1	1	1	1	1
GF_2968	1	1	1	1	1	1	1	1	1	1	1	1
GF_2969	1	1	1	1	1	1	1	1	1	1	1	1
GF_2970	1	1	1	1	1	1	1	1	1	1	1	1
GF_2971	1	1	1	1	1	1	1	1	1	1	1	1
GF_2972	1	1	1	1	1	1	1	1	1	1	1	1
GF_2973	1	1	1	1	1	1	1	1	1	1	1	1
GF_2974	2	1	1	1	1	0	1	1	1	0	2	1
GF_2975	1	1	1	1	1	1	1	1	1	1	1	1
GF_2976	1	1	1	1	1	1	1	1	1	1	1	1
GF_2977	1	1	1	1	1	1	1	1	1	1	1	1
GF_2978	1	1	1	1	1	1	1	1	1	1	1	1
GF_2979	1	1	1	1	1	1	1	1	1	1	1	1
GF_2980	1	1	1	1	1	1	1	1	1	1	1	1
GF_2981	1	1	1	1	1	1	1	1	1	1	1	1
GF_2982	1	1	1	1	1	1	1	1	1	1	1	1
GF_2983	1	1	1	1	1	1	1	1	1	1	1	1
GF_2984	1	1	1	1	1	1	1	1	1	1	1	1
GF_2985	1	1	1	1	1	1	1	1	1	1	1	1
GF_2986	1	1	1	1	1	1	1	1	1	1	1	1
GF_2987	1	1	1	1	1	1	1	1	1	1	1	1
GF_2988	1	1	1	1	1	1	1	1	1	1	1	1
GF_2989	1	1	1	1	1	1	1	1	1	1	1	1
GF_2990	1	1	1	1	1	1	1	1	1	1	1	1
GF_2991	1	1	1	1	1	1	1	1	1	1	1	1
GF_2992	1	1	1	1	1	1	1	1	1	1	1	1
GF_2993	1	1	1	1	1	1	1	1	1	1	1	1
GF_2994	1	1	1	1	1	1	1	1	1	1	1	1
GF_2995	1	1	1	1	1	1	1	1	1	1	1	1
GF_2996	1	1	1	1	1	1	1	1	1	1	1	1
GF_2997	1	1	1	1	1	1	1	1	1	1	1	1
GF_2998	1	1	1	1	1	1	1	1	1	1	1	1
GF_2999	1	1	1	1	1	1	1	1	1	1	1	1
GF_3000	1	1	1	1	1	1	1	1	1	1	1	1
GF_3001	1	1	1	1	1	1	1	1	1	1	1	1
GF_3002	1	1	1	1	1	1	1	1	1	1	1	1
GF_3003	1	1	1	1	1	1	1	1	1	1	1	1
GF_3004	1	1	1	1	1	1	1	1	1	1	1	1
GF_3005	1	1	1	1	1	1	1	1	1	1	1	1
GF_3006	1	1	1	1	1	1	1	1	1	1	1	1
GF_3007	1	1	1	1	1	1	1	1	1	1	1	1
GF_3008	1	1	1	1	1	1	1	1	1	1	1	1
GF_3009	1	1	1	1	1	1	1	1	1	1	1	1
GF_3010	1	1	1	1	1	1	1	1	1	1	1	1
GF_3011	1	1	1	1	1	1	1	1	1	1	1	1
GF_3012	1	1	1	1	1	1	1	1	1	1	1	1
GF_3013	1	1	1	1	1	1	1	1	1	1	1	1
GF_3014	1	1	1	1	1	1	1	1	1	1	1	1
GF_3015	1	1	1	1	1	1	1	1	1	1	1	1
GF_3016	1	1	1	1	1	1	1	1	1	1	1	1
GF_3017	1	1	1	1	1	1	1	1	1	1	1	1
GF_3018	1	1	1	1	1	1	1	1	1	1	1	1
GF_3019	1	1	1	1	1	1	1	1	1	1	1	1
GF_3020	1	1	1	1	1	1	1	1	1	1	1	1
GF_3021	1	1	1	1	1	1	1	1	1	1	1	1
GF_3022	1	1	1	1	1	1	1	1	1	1	1	1
GF_3023	1	1	1	1	1	1	1	1	1	1	1	1
GF_3024	1	1	1	1	1	1	1	1	1	1	1	1
GF_3025	1	1	1	1	1	1	1	1	1	1	1	1
GF_3026	1	1	1	1	1	1	1	1	1	1	1	1
GF_3027	1	1	1	1	1	1	1	1	1	1	1	1
GF_3028	1	1	1	1	1	1	1	1	1	1	1	1
GF_3029	1	1	1	1	1	1	1	1	1	1	1	1
GF_3030	1	1	1	1	1	1	1	1	1	1	1	1
GF_3031	1	1	1	1	1	1	1	1	1	1	1	1
GF_3032	1	1	1	1	1	1	1	1	1	1	1	1
GF_3033	1	1	1	1	1	1	1	1	1	1	1	1
GF_3034	1	1	1	1	1	1	1	1	1	1	1	1
GF_3035	1	1	1	1	0	1	1	1	2	1	1	1
GF_3036	1	1	1	1	1	1	1	1	1	1	1	1
GF_3037	1	1	1	1	1	1	1	1	1	1	1	1
GF_3038	1	1	1	1	1	1	1	1	1	1	1	1
GF_3039	1	1	1	1	1	1	1	1	1	1	1	1
GF_3040	1	1	1	1	1	1	1	1	1	1	1	1
GF_3041	1	1	1	1	1	1	1	1	1	1	1	1
GF_3042	1	1	1	1	1	1	1	1	1	1	1	1
GF_3043	1	1	1	1	1	1	1	1	1	1	1	1
GF_3044	1	1	1	1	1	1	1	1	1	1	1	1
GF_3045	1	1	1	1	1	1	1	1	1	1	1	1
GF_3046	1	1	1	1	1	1	1	1	1	1	1	1
GF_3047	1	1	1	1	1	1	1	1	1	1	1	1
GF_3048	1	1	1	1	1	1	1	1	1	1	1	1
GF_3049	1	1	1	1	1	1	1	1	1	1	1	1
GF_3050	1	1	1	1	1	1	1	1	1	1	1	1
GF_3051	1	1	1	1	1	1	1	1	1	1	1	1
GF_3052	1	1	1	1	1	1	1	1	1	1	1	1
GF_3053	1	1	1	1	1	1	1	1	1	1	1	1
GF_3054	1	1	1	1	1	1	1	1	1	1	1	1
GF_3055	1	1	1	1	1	1	1	1	1	1	1	1
GF_3056	1	1	1	1	1	1	1	1	1	1	1	1
GF_3057	1	1	2	1	1	0	1	1	1	1	1	1
GF_3058	1	1	1	1	1	1	1	1	1	1	1	1
GF_3059	1	1	1	1	1	1	1	1	1	1	1	1
GF_3060	1	1	1	1	1	1	1	1	1	1	1	1
GF_3061	1	1	1	1	1	1	1	1	1	1	1	1
GF_3062	1	1	1	1	1	1	1	1	1	1	1	1
GF_3063	1	1	1	1	1	1	1	1	1	1	1	1
GF_3064	1	1	1	1	1	1	1	1	1	1	1	1
GF_3065	1	1	1	1	1	1	1	1	1	1	1	1
GF_3066	1	1	1	1	1	1	1	1	1	1	1	1
GF_3067	1	1	1	1	1	1	1	1	1	1	1	1
GF_3068	1	1	1	1	1	1	1	1	1	1	1	1
GF_3069	1	1	1	1	1	1	1	1	1	1	1	1
GF_3070	1	1	1	1	1	1	1	1	1	1	1	1
GF_3071	1	1	1	1	1	1	1	1	1	1	1	1
GF_3072	1	1	1	1	1	1	1	1	1	1	1	1
GF_3073	1	1	1	1	1	1	1	1	1	1	1	1
GF_3074	1	1	1	1	1	1	1	1	1	1	1	1
GF_3075	1	1	1	1	1	1	1	1	1	1	1	1
GF_3076	1	1	1	1	1	1	1	1	1	1	1	1
GF_3077	1	1	1	1	1	1	1	1	1	1	1	1
GF_3078	1	1	1	1	1	1	1	1	1	1	1	1
GF_3079	1	1	1	1	1	1	1	1	1	1	1	1
GF_3080	1	1	1	1	1	1	1	1	1	1	1	1
GF_3081	1	1	1	1	1	1	1	1	1	1	1	1
GF_3082	1	1	1	2	1	0	0	1	2	0	2	1
GF_3083	1	1	1	1	0	1	1	1	1	1	1	2
GF_3084	1	1	1	1	1	1	1	1	1	1	1	1
GF_3085	1	1	1	1	1	1	1	1	1	1	1	1
GF_3086	2	1	1	1	0	0	0	2	1	1	1	2
GF_3087	1	1	1	1	1	1	1	1	1	1	1	1
GF_3088	1	1	1	1	1	1	1	1	1	1	1	1
GF_3089	1	1	1	1	1	1	1	1	1	1	1	1
GF_3090	1	1	1	1	1	1	1	1	1	1	1	1
GF_3091	1	1	1	1	1	1	1	1	1	1	1	1
GF_3092	1	1	1	1	1	1	1	1	1	1	1	1
GF_3093	1	1	1	1	1	1	1	1	1	1	1	1
GF_3094	1	1	1	1	1	1	1	1	1	1	1	1
GF_3095	1	1	1	1	1	1	1	1	1	1	1	1
GF_3096	1	1	1	1	1	1	1	1	1	1	1	1
GF_3097	1	1	1	1	1	1	1	1	1	1	1	1
GF_3098	1	1	1	1	1	1	1	1	1	1	1	1
GF_3099	1	1	1	1	1	1	1	1	1	1	1	1
GF_3100	1	1	1	1	1	1	1	1	1	1	1	1
GF_3101	1	1	1	1	1	1	1	1	1	1	1	1
GF_3102	1	1	1	1	1	1	1	1	1	1	1	1
GF_3103	1	1	1	1	1	1	1	1	1	1	1	1
GF_3104	1	1	1	1	1	1	1	1	1	1	1	1
GF_3105	1	1	1	1	1	1	1	1	1	1	1	1
GF_3106	1	1	1	1	1	1	1	1	1	1	1	1
GF_3107	1	1	1	1	1	1	1	1	1	1	1	1
GF_3108	1	1	1	1	1	1	1	1	1	1	1	1
GF_3109	1	1	1	1	1	1	1	1	1	1	1	1
GF_3110	1	1	1	1	1	1	1	1	1	1	1	1
GF_3111	1	1	1	1	1	1	1	1	1	1	1	1
GF_3112	1	1	1	2	1	1	0	1	1	0	1	2
GF_3113	1	1	1	1	1	1	1	1	1	1	1	1
GF_3114	1	1	1	1	1	1	1	1	1	1	1	1
GF_3115	1	1	1	1	1	1	1	1	1	1	1	1
GF_3116	1	1	1	1	1	1	1	1	1	1	1	1
GF_3117	1	1	1	1	1	1	1	1	1	1	1	1
GF_3118	1	1	1	1	1	1	1	1	1	1	1	1
GF_3119	1	1	1	1	1	0	1	1	1	2	1	1
GF_3120	1	1	1	1	0	1	1	1	2	1	1	1
GF_3121	1	1	1	1	1	1	1	1	1	1	1	1
GF_3122	1	1	1	1	1	1	1	1	1	1	1	1
GF_3123	1	1	1	1	1	1	1	1	1	1	1	1
GF_3124	1	1	1	1	1	1	1	1	1	1	1	1
GF_3125	1	2	1	1	1	1	0	1	1	1	1	1
GF_3126	1	1	1	1	1	1	1	1	1	1	1	1
GF_3127	1	1	1	1	1	1	1	1	1	1	1	1
GF_3128	1	1	1	1	1	1	1	1	1	1	1	1
GF_3129	1	1	1	1	1	1	1	1	1	1	1	1
GF_3130	1	1	1	1	1	1	1	1	1	1	1	1
GF_3131	1	1	1	1	1	1	1	1	1	1	1	1
GF_3132	1	1	1	1	1	1	1	1	1	1	1	1
GF_3133	1	1	1	1	1	1	1	1	1	1	1	1
GF_3134	1	1	1	1	1	1	1	1	1	1	1	1
GF_3135	1	1	1	1	1	1	1	1	1	1	1	1
GF_3136	1	1	1	1	1	1	1	1	1	1	1	1
GF_3137	1	1	1	1	1	1	1	1	1	1	1	1
GF_3138	1	1	1	1	1	1	1	1	1	1	1	1
GF_3139	1	1	1	1	1	1	1	1	1	1	1	1
GF_3140	1	1	1	1	1	1	1	1	1	1	1	1
GF_3141	1	1	1	1	1	1	1	1	1	1	1	1
GF_3142	1	1	1	1	1	1	1	1	1	1	1	1
GF_3143	1	1	1	1	1	1	1	1	1	1	1	1
GF_3144	1	1	1	1	1	1	1	1	1	1	1	1
GF_3145	1	1	1	1	1	1	1	1	1	1	1	1
GF_3146	1	1	1	1	1	1	1	1	1	1	1	1
GF_3147	1	1	1	1	1	1	1	1	1	1	1	1
GF_3148	1	1	1	1	1	1	1	1	1	1	1	1
GF_3149	1	1	1	1	1	1	1	1	1	1	1	1
GF_3150	1	1	1	1	1	1	1	1	1	1	1	1
GF_3151	1	1	1	1	1	1	1	1	1	1	1	1
GF_3152	1	1	1	1	1	1	1	1	1	1	1	1
GF_3153	1	1	1	1	1	1	1	1	1	1	1	1
GF_3154	1	1	1	1	1	1	1	1	1	1	1	1
GF_3155	1	1	1	1	1	1	1	1	1	1	1	1
GF_3156	1	1	1	1	1	1	1	1	1	1	1	1
GF_3157	1	1	1	1	1	1	1	1	1	1	1	1
GF_3158	1	1	1	1	1	1	1	1	1	1	1	1
GF_3159	1	1	1	1	1	1	1	1	1	1	1	1
GF_3160	1	1	1	1	1	1	1	1	1	1	1	1
GF_3161	1	1	1	1	1	1	1	1	1	1	1	1
GF_3162	1	1	1	1	1	1	1	1	1	1	1	1
GF_3163	1	1	1	1	1	1	1	1	1	1	1	1
GF_3164	1	1	1	1	1	1	1	1	1	1	1	1
GF_3165	1	1	1	1	1	1	1	1	1	1	1	1
GF_3166	1	1	1	1	1	1	1	1	1	1	1	1
GF_3167	1	1	1	1	1	1	1	1	1	1	1	1
GF_3168	1	1	1	1	1	1	1	1	1	1	1	1
GF_3169	1	1	1	1	1	1	1	1	1	1	1	1
GF_3170	1	1	1	1	1	1	1	1	1	1	1	1
GF_3171	1	1	1	1	1	1	1	1	1	1	1	1
GF_3172	1	1	1	1	1	1	1	1	1	1	1	1
GF_3173	1	1	1	1	1	1	1	1	1	1	1	1
GF_3174	1	1	2	1	0	1	1	1	1	1	1	1
GF_3175	1	1	1	1	1	1	1	1	1	1	1	1
GF_3176	1	2	1	1	0	0	1	1	1	2	1	1
GF_3177	1	1	1	1	0	1	1	1	2	1	1	1
GF_3178	1	1	1	1	1	1	1	1	1	1	1	1
GF_3179	1	1	1	1	1	1	1	1	1	1	1	1
GF_3180	1	1	1	1	1	1	1	1	1	1	1	1
GF_3181	1	1	1	2	0	1	1	1	1	1	1	1
GF_3182	1	1	1	1	1	1	1	1	1	1	1	1
GF_3183	1	1	1	1	1	1	1	1	1	1	1	1
GF_3184	1	1	1	1	1	1	1	1	1	1	1	1
GF_3185	1	1	1	1	1	1	1	1	1	1	1	1
GF_3186	1	1	1	1	1	1	1	1	1	1	1	1
GF_3187	1	1	1	1	1	1	1	1	1	1	1	1
GF_3188	1	1	1	1	1	1	1	1	1	1	1	1
GF_3189	1	1	1	1	1	1	1	1	1	1	1	1
GF_3190	1	1	1	1	1	1	1	1	1	1	1	1
GF_3191	1	1	1	1	1	1	1	1	1	1	1	1
GF_3192	1	1	1	1	1	1	1	1	1	1	1	1
GF_3193	1	1	1	1	1	1	1	1	1	1	1	1
GF_3194	1	1	1	1	1	1	1	1	1	1	1	1
GF_3195	1	1	1	1	1	1	1	1	1	1	1	1
GF_3196	1	1	1	1	1	1	1	1	1	1	1	1
GF_3197	1	1	1	1	1	1	1	1	1	1	1	1
GF_3198	1	1	1	1	1	1	1	1	1	1	1	1
GF_3199	1	1	1	1	1	1	1	1	1	1	1	1
GF_3200	1	1	1	1	1	1	1	1	1	1	1	1
GF_3201	1	1	1	1	1	1	1	1	1	1	1	1
GF_3202	1	1	1	1	1	1	1	1	1	1	1	1
GF_3203	1	1	1	1	1	1	1	1	1	1	1	1
GF_3204	1	1	1	1	1	1	1	1	1	1	1	1
GF_3205	1	1	1	1	1	1	1	1	1	1	1	1
GF_3206	1	1	1	1	1	1	1	1	1	1	1	1
GF_3207	1	1	1	1	1	1	1	1	1	1	1	1
GF_3208	1	1	1	1	0	0	0	2	2	1	1	2
GF_3209	1	1	1	1	1	1	0	1	1	2	1	1
GF_3210	1	1	1	1	1	1	1	1	1	1	1	1
GF_3211	1	1	1	1	1	1	1	1	1	1	1	1
GF_3212	1	1	1	1	1	1	1	1	1	1	1	1
GF_3213	1	1	1	1	1	1	1	1	1	1	1	1
GF_3214	1	1	1	1	1	1	1	1	1	1	1	1
GF_3215	1	1	1	1	1	1	1	1	1	1	1	1
GF_3216	1	1	1	1	1	1	1	1	1	1	1	1
GF_3217	1	1	1	1	1	1	1	1	1	1	1	1
GF_3218	1	1	1	1	1	1	1	1	1	1	1	1
GF_3219	1	1	1	1	1	1	1	1	1	1	1	1
GF_3220	1	2	1	1	0	0	1	1	1	2	1	1
GF_3221	1	1	1	1	1	1	1	1	1	1	1	1
GF_3222	1	1	1	1	1	1	1	1	1	1	1	1
GF_3223	1	1	1	1	1	1	1	1	1	1	1	1
GF_3224	1	1	1	1	1	1	1	1	1	1	1	1
GF_3225	1	1	1	1	1	1	1	1	1	1	1	1
GF_3226	1	1	1	1	1	1	1	1	1	1	1	1
GF_3227	1	1	1	1	1	1	1	1	1	1	1	1
GF_3228	1	1	1	1	1	1	1	1	1	1	1	1
GF_3229	1	1	1	1	1	1	1	1	1	1	1	1
GF_3230	1	1	1	1	1	1	1	1	2	0	1	1
GF_3231	1	1	1	1	1	1	1	1	1	1	1	1
GF_3232	1	2	1	1	1	0	1	1	1	1	1	1
GF_3233	1	1	1	1	1	1	1	1	1	1	1	1
GF_3234	1	1	1	1	1	1	1	1	1	1	1	1
GF_3235	1	1	1	1	1	1	1	1	1	1	1	1
GF_3236	1	1	1	1	0	1	2	1	1	1	1	1
GF_3237	1	1	1	1	1	1	1	1	1	1	1	1
GF_3238	1	1	1	1	1	1	1	1	1	1	1	1
GF_3239	1	1	1	1	1	1	1	1	1	1	1	1
GF_3240	1	1	1	1	1	1	1	1	1	1	1	1
GF_3241	1	1	1	1	1	1	1	1	1	1	1	1
GF_3242	1	1	1	1	1	1	1	1	1	1	1	1
GF_3243	1	1	1	1	1	1	1	1	1	1	1	1
GF_3244	1	1	1	1	1	1	1	1	1	1	1	1
GF_3245	1	1	1	1	1	1	1	1	1	1	1	1
GF_3246	1	1	1	1	1	1	1	1	1	1	1	1
GF_3247	1	1	1	1	1	1	1	1	1	1	1	1
GF_3248	1	1	1	1	1	1	1	1	1	1	1	1
GF_3249	1	1	1	1	1	1	1	1	1	1	1	1
GF_3250	1	1	1	1	1	1	1	1	1	1	1	1
GF_3251	1	1	1	1	1	1	1	1	1	1	1	1
GF_3252	1	1	1	1	1	1	1	1	1	1	1	1
GF_3253	1	1	1	1	1	1	1	1	1	1	1	1
GF_3254	1	1	1	1	1	1	1	1	1	1	1	1
GF_3255	1	1	1	1	1	1	1	1	1	1	1	1
GF_3256	1	2	1	1	1	1	0	1	1	1	1	1
GF_3257	1	1	1	1	1	1	1	1	1	1	1	1
GF_3258	1	1	1	1	1	1	1	1	1	1	1	1
GF_3259	1	1	1	1	1	1	1	1	1	1	1	1
GF_3260	1	1	1	1	1	1	1	1	1	1	1	1
GF_3261	1	1	1	1	1	1	1	1	1	1	1	1
GF_3262	1	1	1	1	1	1	1	1	1	1	1	1
GF_3263	1	1	1	1	1	1	1	1	1	1	1	1
GF_3264	1	1	1	1	1	1	1	1	1	1	1	1
GF_3265	1	1	1	1	1	1	1	1	1	1	1	1
GF_3266	1	1	1	1	1	1	1	1	1	1	1	1
GF_3267	1	1	1	1	1	1	1	1	1	1	1	1
GF_3268	1	1	1	1	1	1	1	1	1	1	1	1
GF_3269	1	1	1	1	1	1	1	1	1	1	1	1
GF_3270	1	1	1	1	1	1	1	1	1	1	1	1
GF_3271	1	1	1	1	1	1	1	1	1	1	1	1
GF_3272	1	1	1	1	1	1	1	1	1	1	1	1
GF_3273	1	1	1	1	1	1	1	1	1	1	1	1
GF_3274	1	1	1	1	1	1	1	1	1	1	1	1
GF_3275	1	1	1	1	1	1	1	1	1	1	1	1
GF_3276	1	1	1	1	1	1	1	1	1	1	1	1
GF_3277	1	1	1	1	1	1	1	1	1	1	1	1
GF_3278	1	1	1	1	1	1	1	1	1	1	1	1
GF_3279	1	1	1	1	0	1	1	1	2	1	1	1
GF_3280	1	1	1	1	1	1	1	1	1	1	1	1
GF_3281	1	1	1	1	1	1	1	1	1	1	1	1
GF_3282	1	1	1	1	1	1	1	1	1	1	1	1
GF_3283	1	1	1	1	1	1	1	1	1	1	1	1
GF_3284	1	1	1	1	1	1	1	1	1	1	1	1
GF_3285	1	1	1	1	1	1	1	1	1	1	1	1
GF_3286	1	1	1	1	1	1	1	1	1	1	1	1
GF_3287	1	1	1	1	1	1	1	1	1	1	1	1
GF_3288	1	1	1	1	1	0	1	1	2	1	1	1
GF_3289	1	1	1	1	1	1	1	1	1	1	1	1
GF_3290	1	1	1	1	1	1	1	1	1	1	1	1
GF_3291	1	1	1	1	1	1	1	1	1	1	1	1
GF_3292	1	0	1	2	1	1	1	1	1	1	1	1
GF_3293	1	1	1	1	1	1	1	1	1	1	1	1
GF_3294	1	1	1	1	1	1	1	1	1	1	1	1
GF_3295	1	1	1	1	1	1	1	1	1	1	1	1
GF_3296	1	1	1	1	1	1	1	1	1	1	1	1
GF_3297	1	1	1	1	1	1	1	1	1	1	1	1
GF_3298	1	1	1	1	1	1	1	1	1	1	1	1
GF_3299	1	1	1	1	1	1	1	1	1	1	1	1
GF_3300	1	1	1	1	1	1	1	1	1	1	1	1
GF_3301	1	1	1	1	1	1	1	1	1	1	1	1
GF_3302	1	1	1	1	1	1	1	1	1	1	1	1
GF_3303	1	1	1	1	1	1	1	1	1	1	1	1
GF_3304	2	1	1	1	0	1	1	1	1	1	1	1
GF_3305	1	1	1	1	1	1	1	1	1	1	1	1
GF_3306	1	1	1	1	1	1	1	1	1	1	1	1
GF_3307	1	1	1	1	1	1	1	1	1	1	1	1
GF_3308	1	1	1	1	1	1	1	1	1	1	1	1
GF_3309	1	1	1	1	1	1	1	1	1	1	1	1
GF_3310	1	1	1	1	1	1	1	1	1	1	1	1
GF_3311	1	1	1	1	1	1	1	1	1	1	1	1
GF_3312	1	1	1	1	1	1	1	1	1	1	1	1
GF_3313	1	1	1	1	1	1	1	1	1	1	1	1
GF_3314	1	1	1	1	1	1	1	1	1	1	1	1
GF_3315	1	1	1	1	1	1	1	1	1	1	1	1
GF_3316	1	1	1	1	1	1	1	1	1	1	1	1
GF_3317	1	1	1	1	1	1	1	1	1	1	1	1
GF_3318	1	1	1	1	1	1	1	1	1	1	1	1
GF_3319	1	1	1	1	1	1	1	1	1	1	1	1
GF_3320	1	1	1	1	1	1	1	1	1	1	1	1
GF_3321	1	1	1	1	1	1	1	1	1	1	1	1
GF_3322	1	1	1	1	1	1	1	1	1	1	1	1
GF_3323	1	1	1	1	1	1	1	1	1	1	1	1
GF_3324	1	1	1	1	1	1	1	1	1	1	1	1
GF_3325	1	1	1	1	1	1	1	1	1	1	1	1
GF_3326	1	1	1	1	1	1	1	1	1	1	1	1
GF_3327	1	1	1	1	1	1	1	1	1	1	1	1
GF_3328	1	1	1	1	1	1	1	1	1	1	1	1
GF_3329	1	1	1	1	1	1	1	1	1	1	1	1
GF_3330	1	1	1	1	1	1	1	1	1	1	1	1
GF_3331	1	1	1	1	1	1	1	1	1	1	1	1
GF_3332	1	1	1	1	0	1	1	1	2	1	1	1
GF_3333	1	2	1	1	0	1	1	1	1	1	1	1
GF_3334	1	1	1	1	1	1	1	1	1	1	1	1
GF_3335	1	1	1	1	1	1	1	1	1	1	1	1
GF_3336	1	1	1	1	1	1	1	1	1	1	1	1
GF_3337	1	1	1	1	1	1	1	1	1	1	1	1
GF_3338	1	1	1	1	1	1	1	1	1	1	1	1
GF_3339	1	1	1	1	1	1	1	1	1	1	1	1
GF_3340	1	1	1	1	1	1	1	1	1	1	1	1
GF_3341	1	1	1	1	1	1	1	1	1	1	1	1
GF_3342	1	1	1	1	1	1	1	1	1	1	1	1
GF_3343	1	1	1	1	1	1	1	1	1	1	1	1
GF_3344	1	1	1	1	1	1	1	1	1	1	1	1
GF_3345	1	1	1	1	1	1	1	1	1	1	1	1
GF_3346	1	1	1	1	1	1	1	1	1	1	1	1
GF_3347	1	1	1	1	1	1	1	1	1	1	1	1
GF_3348	1	1	1	1	1	1	1	1	1	1	1	1
GF_3349	1	1	1	1	1	1	1	1	1	1	1	1
GF_3350	1	1	1	1	1	1	1	1	1	1	1	1
GF_3351	1	1	1	1	1	1	1	1	1	1	1	1
GF_3352	1	1	1	1	1	1	1	1	1	1	1	1
GF_3353	1	1	1	1	1	1	1	1	1	1	1	1
GF_3354	1	1	1	1	1	1	1	1	1	1	1	1
GF_3355	1	1	1	1	1	1	1	1	1	1	1	1
GF_3356	1	1	1	1	1	1	1	1	1	1	1	1
GF_3357	1	1	1	1	1	1	1	1	1	1	1	1
GF_3358	1	1	1	2	0	1	0	1	1	0	2	2
GF_3359	1	1	1	1	1	1	1	1	1	1	1	1
GF_3360	1	1	1	1	1	1	1	1	1	1	1	1
GF_3361	1	1	1	1	1	1	1	1	1	1	1	1
GF_3362	1	1	1	1	1	1	1	1	1	1	1	1
GF_3363	1	1	1	1	1	1	1	1	1	1	1	1
GF_3364	1	1	1	1	1	1	1	1	1	1	1	1
GF_3365	1	1	1	1	1	1	1	1	1	1	1	1
GF_3366	1	1	1	1	1	1	1	1	1	1	1	1
GF_3367	1	1	1	1	0	1	1	1	1	1	2	1
GF_3368	1	1	1	1	1	1	1	1	1	1	1	1
GF_3369	1	1	1	1	1	1	1	1	1	1	1	1
GF_3370	1	1	1	1	1	1	1	1	1	1	1	1
GF_3371	1	1	1	1	1	1	1	1	1	1	1	1
GF_3372	1	1	1	1	1	1	1	1	1	1	1	1
GF_3373	1	1	1	1	1	1	1	1	1	1	1	1
GF_3374	1	1	1	1	1	1	1	1	1	1	1	1
GF_3375	1	1	1	1	1	1	1	1	1	1	1	1
GF_3376	1	1	1	1	1	1	1	1	1	1	1	1
GF_3377	1	1	1	1	1	1	1	1	1	1	1	1
GF_3378	1	1	1	1	1	1	1	1	1	1	1	1
GF_3379	1	1	1	1	1	1	1	1	1	1	1	1
GF_3380	1	1	1	1	1	1	1	1	1	1	1	1
GF_3381	1	1	1	1	1	1	1	1	1	1	1	1
GF_3382	1	1	1	1	1	1	1	1	1	1	1	1
GF_3383	1	1	1	1	1	1	1	1	1	1	1	1
GF_3384	1	1	1	1	1	1	1	1	1	1	1	1
GF_3385	1	1	1	1	1	1	1	1	1	1	1	1
GF_3386	1	1	1	1	0	1	1	1	2	1	1	1
GF_3387	1	1	1	1	1	1	1	1	1	1	1	1
GF_3388	1	1	1	1	1	1	1	1	1	1	1	1
GF_3389	1	1	1	1	1	1	1	1	1	1	1	1
GF_3390	1	1	1	1	1	1	1	1	1	1	1	1
GF_3391	1	1	1	1	1	1	1	1	1	1	1	1
GF_3392	1	1	1	1	1	1	1	1	1	1	1	1
GF_3393	1	1	1	1	1	1	1	1	1	1	1	1
GF_3394	1	1	1	1	1	1	1	1	1	1	1	1
GF_3395	1	1	1	1	1	1	1	1	1	1	1	1
GF_3396	1	1	1	1	1	1	1	1	1	1	1	1
GF_3397	1	1	1	1	1	1	1	1	1	1	1	1
GF_3398	1	1	1	1	1	1	1	1	1	1	1	1
GF_3399	1	1	1	1	1	1	1	1	1	1	1	1
GF_3400	1	1	1	1	1	1	1	1	1	1	1	1
GF_3401	1	1	1	1	1	1	1	1	1	1	1	1
GF_3402	1	1	1	1	1	1	1	1	1	1	1	1
GF_3403	1	1	1	1	1	1	1	1	1	1	1	1
GF_3404	1	1	1	1	1	1	1	1	1	1	1	1
GF_3405	1	1	1	1	1	1	1	1	1	1	1	1
GF_3406	1	1	1	1	1	1	1	1	1	1	1	1
GF_3407	1	1	1	1	1	1	1	1	1	1	1	1
GF_3408	1	3	1	1	0	1	0	1	1	1	1	1
GF_3409	1	1	1	1	1	1	1	1	1	1	1	1
GF_3410	1	1	1	1	1	1	1	1	1	1	1	1
GF_3411	1	1	1	1	1	1	1	1	1	1	1	1
GF_3412	1	1	1	1	1	1	1	1	1	1	1	1
GF_3413	1	1	1	1	1	1	1	1	1	1	1	1
GF_3414	1	1	1	1	1	1	1	1	1	1	1	1
GF_3415	1	1	1	1	1	1	1	1	1	1	1	1
GF_3416	1	1	1	1	1	1	1	1	1	1	1	1
GF_3417	1	1	1	1	1	1	1	1	1	1	1	1
GF_3418	1	1	1	1	1	1	1	1	1	1	1	1
GF_3419	1	1	1	1	1	1	1	1	1	1	1	1
GF_3420	1	1	1	1	1	1	1	1	1	1	1	1
GF_3421	1	1	1	1	1	1	1	1	1	1	1	1
GF_3422	1	1	1	1	1	1	1	1	1	1	1	1
GF_3423	1	1	1	1	1	1	1	1	1	1	1	1
GF_3424	1	1	1	1	1	1	1	1	1	1	1	1
GF_3425	1	1	1	1	1	1	1	1	1	1	1	1
GF_3426	1	1	1	1	1	1	1	1	1	1	1	1
GF_3427	1	1	1	1	1	1	1	1	1	1	1	1
GF_3428	1	1	1	1	0	1	1	1	2	1	1	1
GF_3429	1	1	1	1	1	1	1	1	1	1	1	1
GF_3430	1	1	1	1	1	1	1	1	1	1	1	1
GF_3431	1	1	1	1	1	1	1	1	1	1	1	1
GF_3432	1	1	1	1	1	1	1	1	1	1	1	1
GF_3433	1	1	1	1	1	1	1	1	1	1	1	1
GF_3434	1	1	1	1	0	1	1	2	1	1	1	1
GF_3435	1	1	1	1	1	1	1	1	1	1	1	1
GF_3436	1	1	1	1	1	0	0	1	1	1	2	2
GF_3437	1	1	1	1	1	1	1	1	1	1	1	1
GF_3438	1	1	1	1	1	1	1	1	1	1	1	1
GF_3439	1	1	1	1	1	1	1	1	1	1	1	1
GF_3440	1	1	1	1	1	1	1	1	1	1	1	1
GF_3441	1	1	1	1	1	1	1	1	1	1	1	1
GF_3442	1	1	1	1	1	1	1	1	1	1	1	1
GF_3443	1	1	1	1	1	1	1	1	1	1	1	1
GF_3444	1	1	1	1	1	1	1	1	1	1	1	1
GF_3445	1	1	1	1	1	0	1	1	2	1	1	1
GF_3446	1	1	1	1	1	1	1	1	1	1	1	1
GF_3447	1	1	1	1	1	1	1	1	1	1	1	1
GF_3448	1	1	1	1	1	1	1	1	1	1	1	1
GF_3449	1	1	1	1	1	1	1	1	1	1	1	1
GF_3450	1	1	1	1	1	1	1	1	1	1	1	1
GF_3451	1	1	1	1	1	1	1	1	1	1	1	1
GF_3452	1	1	1	1	1	1	1	1	1	1	1	1
GF_3453	1	1	1	1	1	1	1	1	1	1	1	1
GF_3454	1	1	1	1	1	1	1	1	1	1	1	1
GF_3455	1	1	1	1	1	2	1	1	1	0	1	1
GF_3456	1	1	1	1	1	1	1	1	1	1	1	1
GF_3457	1	1	1	1	1	1	1	1	1	1	1	1
GF_3458	1	1	1	1	1	1	1	1	1	1	1	1
GF_3459	1	1	1	1	1	1	1	1	1	1	1	1
GF_3460	1	1	1	1	1	1	1	1	1	1	1	1
GF_3461	1	1	1	1	1	1	1	1	1	1	1	1
GF_3462	1	1	1	1	1	1	1	1	1	1	1	1
GF_3463	1	1	1	1	1	1	1	1	1	1	1	1
GF_3464	1	1	1	1	1	1	1	1	1	1	1	1
GF_3465	1	1	1	1	1	1	1	1	1	1	1	1
GF_3466	1	1	1	1	1	1	1	1	1	1	1	1
GF_3467	1	1	1	1	1	1	1	1	1	1	1	1
GF_3468	1	1	1	1	1	1	1	1	1	1	1	1
GF_3469	1	1	1	1	1	1	1	1	1	1	1	1
GF_3470	1	1	1	1	1	1	1	1	1	1	1	1
GF_3471	1	1	1	1	1	1	1	1	1	1	1	1
GF_3472	1	1	1	1	1	1	1	1	1	1	1	1
GF_3473	1	1	1	1	1	1	1	1	1	1	1	1
GF_3474	1	1	1	1	1	1	1	1	1	1	1	1
GF_3475	1	1	1	1	1	1	1	1	1	1	1	1
GF_3476	1	1	1	1	1	1	1	1	1	1	1	1
GF_3477	1	1	1	1	1	1	1	1	1	1	1	1
GF_3478	1	1	1	1	1	1	1	1	1	1	1	1
GF_3479	1	1	1	1	1	1	1	1	1	1	1	1
GF_3480	1	1	1	2	0	1	1	1	1	1	1	1
GF_3481	1	1	1	1	1	1	1	1	1	1	1	1
GF_3482	1	1	1	1	1	1	1	1	1	1	1	1
GF_3483	1	1	1	1	1	1	1	1	1	1	1	1
GF_3484	1	1	1	1	1	1	1	1	1	1	1	1
GF_3485	1	1	1	1	1	1	1	1	1	1	1	1
GF_3486	1	1	1	1	0	1	1	1	1	2	1	1
GF_3487	1	1	1	1	1	1	1	1	1	1	1	1
GF_3488	1	1	1	1	1	1	1	1	1	1	1	1
GF_3489	1	1	1	1	1	1	1	1	1	1	1	1
GF_3490	1	1	1	1	1	1	1	1	1	1	1	1
GF_3491	1	1	1	1	1	1	1	1	1	1	1	1
GF_3492	1	2	1	1	0	1	1	1	1	1	1	1
GF_3493	1	1	1	1	1	1	1	1	1	1	1	1
GF_3494	1	1	1	1	1	1	1	1	1	1	1	1
GF_3495	1	1	1	1	0	1	1	1	2	1	1	1
GF_3496	1	1	1	1	1	1	1	1	1	1	1	1
GF_3497	1	1	1	1	1	1	1	1	1	1	1	1
GF_3498	1	1	1	1	1	1	1	1	1	1	1	1
GF_3499	1	1	1	1	1	1	1	1	1	1	1	1
GF_3500	1	1	1	1	1	1	1	1	1	1	1	1
GF_3501	1	1	1	1	1	1	1	1	1	1	1	1
GF_3502	1	1	1	1	1	1	1	1	1	1	1	1
GF_3503	1	1	1	1	1	1	1	1	1	1	1	1
GF_3504	1	1	1	1	1	1	1	1	1	1	1	1
GF_3505	1	1	1	1	1	1	1	1	1	1	1	1
GF_3506	1	1	1	1	1	1	1	1	1	1	1	1
GF_3507	1	1	1	1	1	1	1	1	1	1	1	1
GF_3508	1	1	1	1	1	1	1	1	1	1	1	1
GF_3509	1	1	1	1	1	1	1	1	1	1	1	1
GF_3510	1	1	1	1	1	1	1	1	1	1	1	1
GF_3511	1	1	1	1	1	1	1	1	1	1	1	1
GF_3512	1	1	1	1	1	1	1	1	1	1	1	1
GF_3513	1	1	1	1	1	1	1	1	1	1	1	1
GF_3514	1	1	1	1	1	1	1	1	1	1	1	1
GF_3515	1	1	1	1	1	1	1	1	1	1	1	1
GF_3516	1	1	1	1	1	1	1	1	1	1	1	1
GF_3517	1	1	1	1	1	1	1	1	1	1	1	1
GF_3518	1	1	1	1	1	1	1	1	1	1	1	1
GF_3519	1	1	1	1	1	1	1	1	1	1	1	1
GF_3520	1	1	1	1	1	1	1	1	1	1	1	1
GF_3521	1	1	1	1	1	1	1	1	1	1	1	1
GF_3522	1	1	1	1	1	1	1	1	1	1	1	1
GF_3523	1	1	1	1	1	1	1	1	1	1	1	1
GF_3524	1	1	1	1	1	1	1	1	1	1	1	1
GF_3525	1	1	1	1	1	1	1	1	1	1	1	1
GF_3526	1	1	1	1	1	1	1	1	1	1	1	1
GF_3527	1	1	1	1	1	1	1	1	1	1	1	1
GF_3528	1	1	1	1	1	1	1	1	1	1	1	1
GF_3529	1	1	1	1	1	1	1	1	1	1	1	1
GF_3530	1	1	1	1	1	1	1	1	1	1	1	1
GF_3531	1	1	1	1	1	1	1	1	1	1	1	1
GF_3532	1	2	1	1	0	0	0	1	1	2	1	1
GF_3533	0	0	0	0	0	0	0	0	0	11	0	0
GF_3534	0	6	0	0	0	2	0	0	0	3	0	0
GF_3535	0	0	10	0	0	0	0	0	0	1	0	0
GF_3536	0	0	0	0	0	0	0	0	0	11	0	0
GF_3537	1	0	0	1	0	0	0	1	1	5	1	1
GF_3538	0	1	1	1	0	0	0	1	1	4	1	1
GF_3539	0	0	0	0	0	1	1	0	0	9	0	0
GF_3540	1	0	1	1	2	0	1	1	0	2	1	1
GF_3541	0	2	7	0	0	0	0	0	0	2	0	0
GF_3542	0	2	2	0	0	0	0	0	0	7	0	0
GF_3543	1	1	1	1	0	0	0	1	1	3	1	1
GF_3544	1	1	1	1	0	0	1	1	1	2	1	1
GF_3545	0	2	1	0	0	3	0	0	2	3	0	0
GF_3546	0	0	0	0	0	0	0	0	0	11	0	0
GF_3547	0	1	1	1	1	1	1	1	1	2	1	0
GF_3548	1	0	1	1	1	0	1	1	1	2	1	1
GF_3549	1	0	1	1	0	0	0	1	1	4	1	1
GF_3550	1	1	1	1	0	0	0	1	1	3	1	1
GF_3551	0	1	7	0	0	0	0	1	0	1	0	1
GF_3552	1	1	2	1	0	0	0	1	1	1	2	1
GF_3553	1	1	2	1	0	0	1	1	1	1	1	1
GF_3554	0	0	11	0	0	0	0	0	0	0	0	0
GF_3555	1	1	2	0	1	1	1	1	0	1	1	1
GF_3556	1	1	2	1	0	1	0	1	1	1	1	1
GF_3557	1	0	2	1	0	1	1	1	1	1	1	1
GF_3558	1	1	2	1	0	0	1	1	1	1	1	1
GF_3559	0	1	10	0	0	0	0	0	0	0	0	0
GF_3560	1	1	2	1	0	1	0	1	1	1	1	1
GF_3561	0	1	10	0	0	0	0	0	0	0	0	0
GF_3562	1	1	3	1	0	0	1	1	0	1	1	1
GF_3563	1	1	2	1	0	2	0	1	1	0	1	1
GF_3564	1	0	5	1	0	0	0	1	1	0	1	1
GF_3565	1	1	3	1	0	0	0	1	1	1	1	1
GF_3566	1	1	2	1	0	1	0	1	1	1	1	1
GF_3567	1	0	5	1	0	0	0	1	1	0	1	1
GF_3568	0	2	8	0	0	0	0	0	0	1	0	0
GF_3569	1	1	3	1	0	0	1	1	1	0	1	1
GF_3570	1	1	2	1	0	0	1	1	1	1	1	1
GF_3571	1	1	2	1	0	1	0	1	1	1	1	1
GF_3572	2	0	2	2	0	0	0	2	1	0	1	1
GF_3573	1	1	2	1	0	1	0	1	1	1	1	1
GF_3574	0	0	11	0	0	0	0	0	0	0	0	0
GF_3575	1	0	4	1	0	0	0	1	1	0	1	2
GF_3576	1	0	2	1	0	1	1	1	1	1	1	1
GF_3577	0	0	0	0	0	0	0	0	11	0	0	0
GF_3578	1	1	1	1	1	1	0	1	1	1	1	1
GF_3579	1	2	1	1	0	0	0	1	3	0	1	1
GF_3580	1	0	0	3	0	0	0	1	3	0	2	1
GF_3581	0	0	0	0	0	0	0	0	11	0	0	0
GF_3582	0	0	0	0	0	0	0	0	11	0	0	0
GF_3583	0	1	1	1	1	1	1	1	1	1	1	1
GF_3584	0	0	11	0	0	0	0	0	0	0	0	0
GF_3585	1	1	2	1	0	0	0	2	1	0	2	1
GF_3586	1	1	2	1	0	0	0	2	1	1	1	1
GF_3587	1	1	4	1	0	0	0	1	1	0	1	1
GF_3588	1	0	2	2	0	1	0	1	1	0	2	1
GF_3589	4	0	0	1	0	0	0	0	0	0	4	2
GF_3590	2	1	1	1	0	1	0	1	1	1	1	1
GF_3591	2	0	1	1	0	0	1	2	1	1	1	1
GF_3592	4	0	0	2	0	0	0	3	0	0	1	1
GF_3593	2	0	0	1	0	0	0	3	0	0	2	3
GF_3594	2	0	0	2	0	0	0	2	1	0	2	2
GF_3595	2	0	0	3	0	0	0	2	0	0	2	2
GF_3596	2	0	0	2	0	0	0	2	1	0	2	2
GF_3597	2	0	0	2	0	0	0	2	1	0	2	2
GF_3598	2	0	0	2	0	0	0	2	1	0	2	2
GF_3599	2	0	0	3	0	0	0	2	0	0	1	3
GF_3600	2	0	0	2	0	0	0	2	0	0	2	3
GF_3601	2	0	0	2	0	0	0	2	1	0	2	2
GF_3602	2	0	0	2	0	0	0	3	0	0	2	2
GF_3603	2	0	0	2	0	0	0	2	1	0	2	2
GF_3604	2	0	0	2	0	0	0	2	1	0	2	2
GF_3605	2	0	0	2	0	0	0	2	1	0	2	2
GF_3606	2	0	0	2	0	0	0	3	0	0	1	3
GF_3607	2	0	0	2	0	0	0	1	0	0	2	4
GF_3608	2	0	0	2	0	0	0	2	0	0	3	2
GF_3609	2	0	0	2	0	0	0	2	1	0	2	2
GF_3610	1	1	1	1	0	0	0	1	2	1	1	2
GF_3611	1	0	1	1	0	1	0	1	2	1	1	2
GF_3612	1	1	1	1	0	0	0	1	1	1	2	2
GF_3613	1	0	0	2	0	0	0	3	0	0	2	3
GF_3614	1	0	0	1	0	0	0	3	0	0	0	6
GF_3615	1	1	1	1	0	1	0	1	1	1	1	2
GF_3616	2	0	0	2	0	0	0	1	0	0	2	4
GF_3617	1	1	1	2	0	0	0	1	1	1	1	2
GF_3618	1	1	1	2	0	0	0	1	1	1	1	2
GF_3619	1	1	1	2	0	0	1	1	1	0	1	2
GF_3620	1	1	1	2	0	0	0	1	1	1	1	2
GF_3621	1	1	1	2	0	0	0	1	1	1	1	2
GF_3622	1	0	1	2	0	0	1	1	1	1	1	2
GF_3623	1	1	1	2	0	0	0	1	1	1	1	2
GF_3624	1	2	1	2	0	0	0	1	0	1	1	2
GF_3625	1	1	1	2	0	0	0	1	1	1	1	2
GF_3626	1	1	1	1	0	1	0	1	1	1	1	2
GF_3627	1	1	1	1	0	0	1	1	1	1	1	2
GF_3628	1	1	0	1	0	2	0	1	1	1	1	2
GF_3629	1	1	1	1	0	0	1	1	1	1	1	2
GF_3630	1	1	1	1	1	0	1	1	1	0	1	2
GF_3631	1	0	1	1	1	1	1	1	0	1	1	2
GF_3632	1	1	1	1	0	1	1	0	1	1	1	2
GF_3633	1	1	1	1	1	0	1	1	1	0	1	2
GF_3634	1	1	1	1	0	1	0	1	1	1	1	2
GF_3635	1	2	1	1	0	0	0	1	2	0	1	2
GF_3636	1	1	0	1	0	1	1	1	1	1	1	2
GF_3637	1	1	1	1	0	1	0	1	1	1	1	2
GF_3638	0	0	0	5	0	0	0	3	0	0	0	3
GF_3639	0	0	0	5	0	0	0	3	0	0	0	3
GF_3640	1	0	0	2	0	0	1	1	2	0	2	2
GF_3641	1	1	1	2	0	0	1	1	1	0	1	2
GF_3642	1	1	1	1	0	1	1	1	1	1	1	1
GF_3643	1	0	0	1	0	2	0	1	4	0	1	1
GF_3644	2	0	0	0	0	0	0	2	2	0	1	4
GF_3645	1	0	0	2	0	0	0	2	0	0	2	4
GF_3646	1	1	1	1	0	1	0	1	1	1	1	2
GF_3647	1	0	1	1	1	1	1	1	1	0	1	2
GF_3648	1	1	1	1	1	0	0	1	1	1	1	2
GF_3649	1	1	1	1	1	0	0	1	1	1	1	2
GF_3650	1	1	1	2	0	0	0	1	1	1	1	2
GF_3651	1	1	0	2	0	0	1	1	1	1	1	2
GF_3652	1	1	1	2	0	0	0	1	1	1	1	2
GF_3653	1	1	1	2	0	0	0	1	1	1	1	2
GF_3654	1	1	1	2	0	0	0	1	1	1	1	2
GF_3655	1	0	0	2	0	1	1	1	1	1	1	2
GF_3656	2	0	0	2	0	0	0	2	1	0	2	2
GF_3657	2	0	0	2	0	0	0	2	1	0	2	2
GF_3658	1	1	1	1	0	0	0	1	2	1	1	2
GF_3659	2	0	0	2	0	0	0	1	0	0	2	4
GF_3660	1	1	1	1	0	0	0	1	2	1	1	2
GF_3661	1	1	1	1	0	0	0	1	2	1	1	2
GF_3662	1	1	1	1	0	0	0	1	2	1	1	2
GF_3663	1	1	1	1	1	1	0	1	1	0	1	2
GF_3664	1	1	1	1	1	0	0	1	1	1	1	2
GF_3665	1	2	0	1	1	0	0	1	1	1	1	2
GF_3666	1	0	0	1	0	0	0	5	0	0	1	3
GF_3667	1	1	1	1	0	0	0	2	1	1	1	2
GF_3668	2	0	0	2	0	0	0	2	0	1	2	2
GF_3669	2	0	0	2	0	0	0	3	0	0	2	2
GF_3670	1	1	1	1	0	1	0	1	1	1	1	2
GF_3671	1	1	1	1	0	1	0	1	1	1	1	2
GF_3672	0	11	0	0	0	0	0	0	0	0	0	0
GF_3673	0	10	0	0	0	0	0	0	0	1	0	0
GF_3674	1	2	1	1	0	0	0	1	1	1	2	1
GF_3675	0	11	0	0	0	0	0	0	0	0	0	0
GF_3676	0	11	0	0	0	0	0	0	0	0	0	0
GF_3677	1	3	1	1	0	0	0	1	1	1	1	1
GF_3678	1	3	1	1	0	0	0	1	1	1	1	1
GF_3679	1	2	1	1	0	1	0	1	1	1	1	1
GF_3680	0	4	0	0	0	7	0	0	0	0	0	0
GF_3681	1	2	1	1	1	0	1	1	0	1	1	1
GF_3682	0	11	0	0	0	0	0	0	0	0	0	0
GF_3683	1	5	0	1	0	0	0	1	1	0	1	1
GF_3684	0	11	0	0	0	0	0	0	0	0	0	0
GF_3685	0	11	0	0	0	0	0	0	0	0	0	0
GF_3686	2	3	0	1	0	0	0	2	0	0	2	1
GF_3687	1	0	0	1	0	0	0	1	3	2	2	1
GF_3688	1	1	1	1	1	0	0	1	2	1	1	1
GF_3689	1	2	1	1	1	0	1	1	0	1	1	1
GF_3690	1	3	1	1	0	0	0	1	1	1	1	1
GF_3691	0	3	1	0	2	1	0	1	1	2	0	0
GF_3692	1	2	1	1	1	0	1	1	1	0	1	1
GF_3693	1	3	1	1	0	0	0	1	1	1	1	1
GF_3694	1	2	1	1	1	0	0	1	1	1	1	1
GF_3695	1	4	0	0	0	0	0	1	2	0	2	1
GF_3696	1	2	1	1	0	0	1	1	1	1	1	1
GF_3697	1	2	1	1	0	1	0	1	1	1	1	1
GF_3698	1	2	1	1	1	0	1	1	1	0	1	1
GF_3699	1	2	1	1	0	0	1	1	1	1	1	1
GF_3700	1	2	1	1	0	1	1	1	1	0	1	1
GF_3701	1	1	1	1	0	1	1	1	1	1	1	1
GF_3702	0	0	1	0	0	9	0	0	0	1	0	0
GF_3703	1	1	1	1	0	2	1	1	0	1	1	1
GF_3704	1	0	1	1	1	2	0	1	1	1	1	1
GF_3705	1	1	1	1	0	2	0	1	1	1	1	1
GF_3706	0	0	0	0	2	6	0	1	1	0	1	0
GF_3707	0	0	1	0	0	9	1	0	0	0	0	0
GF_3708	1	1	1	1	0	2	1	1	1	0	1	1
GF_3709	1	0	1	1	2	2	1	1	0	0	1	1
GF_3710	1	1	0	1	0	3	0	2	1	0	1	1
GF_3711	1	1	1	1	0	2	0	1	1	1	1	1
GF_3712	1	0	1	1	2	2	0	1	1	0	1	1
GF_3713	0	0	0	0	11	0	0	0	0	0	0	0
GF_3714	0	0	0	0	11	0	0	0	0	0	0	0
GF_3715	1	0	1	1	2	1	1	1	1	0	1	1
GF_3716	0	0	1	0	9	0	0	0	0	1	0	0
GF_3717	1	1	1	1	2	0	0	1	1	1	1	1
GF_3718	1	1	1	1	2	1	1	1	0	1	1	0
GF_3719	0	1	1	0	6	0	0	0	0	1	1	1
GF_3720	0	1	1	0	8	0	1	0	0	0	0	0
GF_3721	1	1	1	1	2	0	1	1	0	1	1	1
GF_3722	1	1	1	1	2	0	0	1	1	1	1	1
GF_3723	0	0	0	0	11	0	0	0	0	0	0	0
GF_3724	1	0	0	1	4	0	2	1	0	0	1	1
GF_3725	1	1	0	1	1	1	1	1	1	1	1	1
GF_3726	0	1	0	0	10	0	0	0	0	0	0	0
GF_3727	1	1	0	1	2	1	0	1	1	1	1	1
GF_3728	0	0	0	0	11	0	0	0	0	0	0	0
GF_3729	0	1	1	0	6	1	1	0	0	1	0	0
GF_3730	0	0	0	0	11	0	0	0	0	0	0	0
GF_3731	1	0	1	1	2	0	1	1	1	1	1	1
GF_3732	1	1	0	1	2	1	0	1	1	1	1	1
GF_3733	1	1	1	1	2	0	1	1	1	0	1	1
GF_3734	1	0	1	1	2	0	1	1	1	1	1	1
GF_3735	1	1	1	1	2	0	0	1	1	1	1	1
GF_3736	1	1	1	1	2	0	0	1	1	1	1	1
GF_3737	1	0	0	0	2	1	1	1	3	0	1	1
GF_3738	1	1	1	1	2	1	1	1	1	1	0	0
GF_3739	1	1	0	1	2	0	1	1	1	1	1	1
GF_3740	1	1	0	1	2	1	1	1	1	0	1	1
GF_3741	0	0	0	0	11	0	0	0	0	0	0	0
GF_3742	1	0	0	2	1	0	0	1	3	0	2	1
GF_3743	1	0	1	1	0	1	1	0	2	1	1	2
GF_3744	1	0	1	1	1	0	1	1	2	1	1	1
GF_3745	1	1	1	2	0	1	1	1	0	0	1	2
GF_3746	1	0	0	2	0	0	0	2	3	0	2	1
GF_3747	1	1	0	1	0	1	1	2	1	1	1	1
GF_3748	1	1	0	1	0	1	1	2	1	1	1	1
GF_3749	1	1	0	1	0	1	1	2	1	1	1	1
GF_3750	1	0	0	2	0	0	0	4	1	0	2	1
GF_3751	1	1	1	1	0	1	1	2	0	1	1	1
GF_3752	1	0	1	1	1	0	1	2	1	1	1	1
GF_3753	1	1	1	1	0	1	0	2	1	1	1	1
GF_3754	1	1	0	1	1	1	0	1	1	1	2	1
GF_3755	1	1	1	1	0	0	1	1	1	1	2	1
GF_3756	1	1	1	1	0	0	1	1	1	1	2	1
GF_3757	1	0	1	1	1	1	1	1	0	1	2	1
GF_3758	0	1	1	1	1	0	1	1	1	1	2	1
GF_3759	1	0	0	1	0	0	0	3	1	2	2	1
GF_3760	1	1	1	1	0	0	1	1	1	1	2	1
GF_3761	1	1	1	1	1	0	0	1	1	1	2	1
GF_3762	1	0	0	1	0	0	0	2	2	0	3	2
GF_3763	1	0	1	1	0	1	1	1	1	1	2	1
GF_3764	1	1	1	1	0	0	2	1	1	1	1	1
GF_3765	1	1	1	1	0	0	1	1	1	2	1	1
GF_3766	1	1	1	1	0	1	0	1	1	2	1	1
GF_3767	1	1	1	1	0	0	0	1	1	3	1	1
GF_3768	1	1	1	1	0	0	1	1	1	2	1	1
GF_3769	1	1	1	1	1	0	0	1	1	2	1	1
GF_3770	0	0	1	0	0	0	0	0	0	10	0	0
GF_3771	0	0	0	0	0	0	0	0	0	11	0	0
GF_3772	0	0	0	0	0	0	0	0	0	11	0	0
GF_3773	0	0	11	0	0	0	0	0	0	0	0	0
GF_3774	0	0	11	0	0	0	0	0	0	0	0	0
GF_3775	0	0	11	0	0	0	0	0	0	0	0	0
GF_3776	0	0	11	0	0	0	0	0	0	0	0	0
GF_3777	0	0	11	0	0	0	0	0	0	0	0	0
GF_3778	1	1	3	1	0	0	0	1	1	1	1	1
GF_3779	0	11	0	0	0	0	0	0	0	0	0	0
GF_3780	0	11	0	0	0	0	0	0	0	0	0	0
GF_3781	0	11	0	0	0	0	0	0	0	0	0	0
GF_3782	0	11	0	0	0	0	0	0	0	0	0	0
GF_3783	0	11	0	0	0	0	0	0	0	0	0	0
GF_3784	0	11	0	0	0	0	0	0	0	0	0	0
GF_3785	0	0	0	0	0	11	0	0	0	0	0	0
GF_3786	0	0	0	0	0	11	0	0	0	0	0	0
GF_3787	0	0	0	0	0	11	0	0	0	0	0	0
GF_3788	0	0	0	0	11	0	0	0	0	0	0	0
GF_3789	0	0	0	0	11	0	0	0	0	0	0	0
GF_3790	0	0	0	0	11	0	0	0	0	0	0	0
GF_3791	0	0	0	0	11	0	0	0	0	0	0	0
GF_3792	0	0	0	0	11	0	0	0	0	0	0	0
GF_3793	0	0	0	0	0	0	11	0	0	0	0	0
GF_3794	1	1	1	1	1	1	1	1	0	1	1	1
GF_3795	1	1	1	1	1	1	0	1	1	1	1	1
GF_3796	1	0	1	1	1	1	1	1	1	1	1	1
GF_3797	1	1	1	1	1	0	1	1	1	1	1	1
GF_3798	1	1	1	1	1	0	1	1	1	1	1	1
GF_3799	1	1	1	1	1	1	1	1	0	1	1	1
GF_3800	1	1	1	1	1	0	1	1	1	1	1	1
GF_3801	1	1	1	1	1	1	0	1	1	1	1	1
GF_3802	1	1	1	1	1	1	0	1	1	1	1	1
GF_3803	1	1	1	1	1	1	1	1	0	1	1	1
GF_3804	1	1	1	1	1	0	1	1	1	1	1	1
GF_3805	0	1	1	1	1	1	1	1	1	1	1	1
GF_3806	1	0	1	1	1	1	1	1	1	1	1	1
GF_3807	0	1	1	1	1	1	1	1	1	1	1	1
GF_3808	1	0	1	1	1	1	1	1	1	1	1	1
GF_3809	1	0	1	1	1	1	1	1	1	1	1	1
GF_3810	1	1	1	1	1	1	1	1	0	1	1	1
GF_3811	1	1	1	1	1	1	0	1	1	1	1	1
GF_3812	1	1	1	1	1	0	1	1	1	1	1	1
GF_3813	1	1	1	1	1	1	1	1	0	1	1	1
GF_3814	1	1	1	1	1	1	0	1	1	1	1	1
GF_3815	1	1	1	1	1	1	1	1	0	1	1	1
GF_3816	1	1	1	1	1	1	0	1	1	1	1	1
GF_3817	1	1	1	1	1	1	1	1	0	1	1	1
GF_3818	1	1	1	1	1	0	1	1	1	1	1	1
GF_3819	1	1	1	1	1	1	0	1	1	1	1	1
GF_3820	1	1	1	1	1	1	0	1	1	1	1	1
GF_3821	1	1	1	1	1	0	1	1	1	1	1	1
GF_3822	1	1	1	1	1	0	1	1	1	1	1	1
GF_3823	1	1	1	1	1	1	1	1	0	1	1	1
GF_3824	1	1	1	1	1	0	1	1	1	1	1	1
GF_3825	1	1	1	1	1	0	1	1	1	1	1	1
GF_3826	1	1	1	1	1	1	0	1	1	1	1	1
GF_3827	1	1	1	1	1	0	1	1	1	1	1	1
GF_3828	1	1	1	1	1	0	1	1	1	1	1	1
GF_3829	1	0	1	1	1	1	1	1	1	1	1	1
GF_3830	1	1	1	1	1	1	0	1	1	1	1	1
GF_3831	1	0	1	1	1	1	1	1	1	1	1	1
GF_3832	1	1	1	1	1	0	1	1	1	1	1	1
GF_3833	1	0	1	1	1	1	1	1	1	1	1	1
GF_3834	1	1	1	1	1	0	1	1	1	1	1	1
GF_3835	0	1	1	1	1	1	1	1	1	1	1	1
GF_3836	1	1	1	1	1	1	0	1	1	1	1	1
GF_3837	1	1	1	1	1	0	1	1	1	1	1	1
GF_3838	1	1	1	1	0	1	1	1	1	1	1	1
GF_3839	1	1	1	1	1	1	1	1	0	1	1	1
GF_3840	1	1	1	1	1	0	1	1	1	1	1	1
GF_3841	1	1	1	1	1	1	0	1	1	1	1	1
GF_3842	1	1	1	1	1	1	1	1	1	1	1	0
GF_3843	1	1	1	1	1	1	1	1	1	1	1	0
GF_3844	1	1	1	1	1	1	0	1	1	1	1	1
GF_3845	1	1	1	1	1	1	1	1	0	1	1	1
GF_3846	1	1	1	1	1	1	1	1	0	1	1	1
GF_3847	1	1	1	1	1	1	1	1	0	1	1	1
GF_3848	1	1	1	1	0	1	1	1	1	1	1	1
GF_3849	1	0	1	1	1	1	1	1	1	1	1	1
GF_3850	1	1	1	1	1	0	1	1	1	1	1	1
GF_3851	1	1	1	1	1	0	1	1	1	1	1	1
GF_3852	1	1	1	1	1	0	1	1	1	1	1	1
GF_3853	1	1	1	1	1	0	1	1	1	1	1	1
GF_3854	1	1	1	1	1	0	1	1	1	1	1	1
GF_3855	1	1	1	1	1	1	1	1	0	1	1	1
GF_3856	1	0	1	1	1	1	1	1	1	1	1	1
GF_3857	1	1	0	1	1	1	1	1	1	1	1	1
GF_3858	1	1	1	1	1	1	0	1	1	1	1	1
GF_3859	1	1	1	1	1	0	1	1	1	1	1	1
GF_3860	1	1	1	1	1	1	1	1	0	1	1	1
GF_3861	1	0	1	1	1	1	1	1	1	1	1	1
GF_3862	1	1	0	1	1	1	1	1	1	1	1	1
GF_3863	1	1	1	1	1	1	0	1	1	1	1	1
GF_3864	1	1	1	1	1	0	1	1	1	1	1	1
GF_3865	1	1	1	1	1	1	1	0	1	1	1	1
GF_3866	1	1	1	1	1	0	1	1	1	1	1	1
GF_3867	1	1	1	1	1	0	1	1	1	1	1	1
GF_3868	1	1	1	1	1	0	1	1	1	1	1	1
GF_3869	1	1	1	1	1	0	1	1	1	1	1	1
GF_3870	1	1	0	1	1	1	1	1	1	1	1	1
GF_3871	1	1	1	1	1	1	0	1	1	1	1	1
GF_3872	1	1	1	0	1	1	1	1	1	1	1	1
GF_3873	1	1	0	1	1	1	1	1	1	1	1	1
GF_3874	1	1	1	1	1	1	0	1	1	1	1	1
GF_3875	1	1	1	1	1	1	1	0	1	1	1	1
GF_3876	1	1	1	1	1	0	1	1	1	1	1	1
GF_3877	1	1	1	1	1	0	1	1	1	1	1	1
GF_3878	1	1	1	1	1	0	1	1	1	1	1	1
GF_3879	1	1	1	1	1	0	1	1	1	1	1	1
GF_3880	1	1	1	1	1	1	1	1	0	1	1	1
GF_3881	1	1	1	1	1	0	1	1	1	1	1	1
GF_3882	1	1	1	1	1	0	1	1	1	1	1	1
GF_3883	0	2	1	1	1	1	1	0	1	1	1	1
GF_3884	1	1	1	1	1	0	1	1	1	1	1	1
GF_3885	1	0	1	1	1	1	1	1	1	1	1	1
GF_3886	1	1	0	1	1	1	1	1	1	1	1	1
GF_3887	1	1	1	1	1	0	1	1	1	1	1	1
GF_3888	1	1	1	1	1	0	1	1	1	1	1	1
GF_3889	1	1	1	1	1	0	1	1	1	1	1	1
GF_3890	1	1	1	1	1	0	1	1	1	1	1	1
GF_3891	1	1	1	1	1	1	0	1	1	1	1	1
GF_3892	1	0	0	1	1	1	2	1	1	1	1	1
GF_3893	1	1	1	1	1	0	1	1	1	1	1	1
GF_3894	1	1	1	1	1	0	1	1	1	1	1	1
GF_3895	1	1	1	1	1	0	1	1	1	1	1	1
GF_3896	1	1	1	1	1	1	0	1	1	1	1	1
GF_3897	1	1	1	1	1	1	1	1	0	1	1	1
GF_3898	1	1	1	1	1	0	1	1	1	1	1	1
GF_3899	1	1	1	1	1	0	1	1	1	1	1	1
GF_3900	1	1	1	1	1	1	0	1	1	1	1	1
GF_3901	1	1	1	1	1	0	1	1	1	1	1	1
GF_3902	1	1	1	1	1	0	1	1	1	1	1	1
GF_3903	1	1	1	1	1	0	1	1	1	1	1	1
GF_3904	1	0	1	1	1	1	1	1	1	1	1	1
GF_3905	1	1	1	1	1	1	0	1	1	1	1	1
GF_3906	1	0	1	1	1	1	1	1	1	1	1	1
GF_3907	1	1	1	1	1	0	1	1	1	1	1	1
GF_3908	1	1	1	1	1	0	1	1	1	1	1	1
GF_3909	1	1	1	1	1	0	1	1	1	1	1	1
GF_3910	1	1	1	1	0	1	1	1	1	1	1	1
GF_3911	1	1	1	1	1	0	1	1	1	1	1	1
GF_3912	1	1	1	1	1	1	0	1	1	1	1	1
GF_3913	1	1	1	1	1	1	1	1	0	1	1	1
GF_3914	1	1	1	1	1	1	0	1	1	1	1	1
GF_3915	1	1	1	1	1	0	1	1	1	1	1	1
GF_3916	1	1	1	1	1	1	1	1	0	1	1	1
GF_3917	1	1	1	1	1	0	1	1	1	1	1	1
GF_3918	1	1	0	1	1	1	1	1	1	1	1	1
GF_3919	1	1	1	1	1	0	1	1	1	1	1	1
GF_3920	1	1	1	1	1	1	0	1	1	1	1	1
GF_3921	1	1	1	1	1	1	0	1	1	1	1	1
GF_3922	1	1	1	1	1	1	0	1	1	1	1	1
GF_3923	1	1	1	1	1	0	1	1	1	1	1	1
GF_3924	1	1	1	1	1	0	1	1	1	1	1	1
GF_3925	1	0	1	1	1	1	1	1	1	1	1	1
GF_3926	1	1	1	1	1	1	1	1	0	1	1	1
GF_3927	1	1	1	1	0	1	1	1	1	1	1	1
GF_3928	1	1	1	1	1	0	1	1	1	1	1	1
GF_3929	1	0	1	1	1	1	1	1	1	1	1	1
GF_3930	1	1	1	1	0	1	1	1	1	1	1	1
GF_3931	1	1	1	1	1	1	0	1	1	1	1	1
GF_3932	1	1	1	1	1	0	1	1	1	1	1	1
GF_3933	1	1	1	1	0	0	1	1	2	1	1	1
GF_3934	1	1	1	1	0	1	1	1	1	1	1	1
GF_3935	1	1	1	1	0	1	1	1	1	1	1	1
GF_3936	1	1	1	1	0	1	1	1	1	1	1	1
GF_3937	1	1	1	1	0	1	1	1	1	1	1	1
GF_3938	1	1	1	1	1	0	1	1	1	1	1	1
GF_3939	1	1	1	1	0	1	1	1	1	1	1	1
GF_3940	1	1	1	1	0	1	1	1	1	1	1	1
GF_3941	1	1	1	1	0	1	1	1	1	1	1	1
GF_3942	1	1	1	1	0	1	1	1	1	1	1	1
GF_3943	1	1	1	1	1	1	1	1	0	1	1	1
GF_3944	1	0	1	1	1	1	1	1	1	1	1	1
GF_3945	1	1	1	1	1	1	0	1	1	1	1	1
GF_3946	1	1	1	1	1	0	1	1	1	1	1	1
GF_3947	1	1	1	1	0	1	1	1	1	1	1	1
GF_3948	1	1	1	1	1	1	1	1	0	1	1	1
GF_3949	1	1	1	1	1	1	1	1	1	1	0	1
GF_3950	1	1	1	1	0	1	1	1	1	1	1	1
GF_3951	1	1	1	1	1	0	1	1	1	1	1	1
GF_3952	1	1	1	1	0	1	1	1	1	1	1	1
GF_3953	1	1	1	1	0	1	1	1	1	1	1	1
GF_3954	1	1	1	1	1	0	1	1	1	1	1	1
GF_3955	1	1	1	1	1	0	1	1	1	1	1	1
GF_3956	1	1	1	1	0	1	1	1	1	1	1	1
GF_3957	1	1	1	1	1	0	1	1	1	1	1	1
GF_3958	1	1	1	1	0	1	1	1	1	1	1	1
GF_3959	1	1	1	1	1	0	1	1	1	1	1	1
GF_3960	1	1	1	1	0	1	1	1	1	1	1	1
GF_3961	1	1	1	1	1	1	1	1	1	0	1	1
GF_3962	1	1	1	1	0	1	1	1	1	1	1	1
GF_3963	1	1	1	1	0	1	1	1	1	1	1	1
GF_3964	1	1	1	1	1	1	1	1	0	1	1	1
GF_3965	1	1	1	1	1	0	1	1	1	1	1	1
GF_3966	1	1	1	1	0	1	1	1	1	1	1	1
GF_3967	1	1	1	1	1	0	1	1	1	1	1	1
GF_3968	1	0	1	1	1	1	1	1	1	1	1	1
GF_3969	1	1	1	1	1	0	1	1	1	1	1	1
GF_3970	1	1	1	1	0	1	1	1	1	1	1	1
GF_3971	1	1	1	1	0	1	1	1	1	1	1	1
GF_3972	1	1	1	1	0	1	1	1	1	1	1	1
GF_3973	1	1	1	1	1	1	1	1	1	0	1	1
GF_3974	1	1	1	1	0	1	1	1	1	1	1	1
GF_3975	1	1	1	1	1	1	1	1	0	1	1	1
GF_3976	1	1	1	1	0	1	1	1	1	1	1	1
GF_3977	1	1	1	1	1	1	0	1	1	1	1	1
GF_3978	1	1	1	1	1	1	1	1	0	1	1	1
GF_3979	1	1	1	1	0	1	1	1	1	1	1	1
GF_3980	1	1	1	1	0	1	1	1	1	1	1	1
GF_3981	1	1	1	1	0	1	1	1	1	1	1	1
GF_3982	1	1	1	1	1	0	1	1	1	1	1	1
GF_3983	1	1	1	1	0	1	1	1	1	1	1	1
GF_3984	1	1	1	1	0	1	1	1	1	1	1	1
GF_3985	1	1	1	1	0	1	1	1	1	1	1	1
GF_3986	1	1	1	1	0	1	1	1	1	1	1	1
GF_3987	1	2	1	1	0	1	1	1	1	0	1	1
GF_3988	1	1	1	1	1	1	1	1	1	0	1	1
GF_3989	1	1	1	1	0	1	1	1	1	1	1	1
GF_3990	1	1	1	1	1	1	1	1	1	0	1	1
GF_3991	1	1	1	1	1	0	1	1	1	1	1	1
GF_3992	1	0	1	1	1	1	1	1	1	1	1	1
GF_3993	1	1	1	1	1	1	1	1	1	0	1	1
GF_3994	1	0	1	1	1	1	1	1	1	1	1	1
GF_3995	1	1	1	1	1	1	1	1	1	0	1	1
GF_3996	1	1	1	1	0	1	1	1	1	1	1	1
GF_3997	1	1	1	1	0	1	1	1	1	1	1	1
GF_3998	1	1	1	1	0	1	1	1	1	1	1	1
GF_3999	1	1	1	1	1	0	1	1	1	1	1	1
GF_4000	1	1	1	1	0	1	1	1	1	1	1	1
GF_4001	1	1	1	1	0	1	1	1	1	1	1	1
GF_4002	1	1	1	1	1	1	1	1	1	0	1	1
GF_4003	1	1	1	1	0	1	1	1	1	1	1	1
GF_4004	1	1	1	1	0	1	1	1	1	1	1	1
GF_4005	1	1	1	1	0	1	1	1	1	1	1	1
GF_4006	1	1	1	1	1	1	1	1	0	1	1	1
GF_4007	1	1	1	1	1	0	1	1	1	1	1	1
GF_4008	1	1	1	1	0	1	1	1	1	1	1	1
GF_4009	1	1	1	1	0	1	1	1	1	1	1	1
GF_4010	1	1	1	1	0	1	1	1	1	1	1	1
GF_4011	1	1	1	1	0	1	1	1	1	1	1	1
GF_4012	1	1	1	1	1	1	1	1	0	1	1	1
GF_4013	1	1	1	1	0	1	1	1	1	1	1	1
GF_4014	1	1	1	1	1	0	1	1	1	1	1	1
GF_4015	1	1	1	1	0	1	1	1	1	1	1	1
GF_4016	1	1	1	1	0	1	1	1	1	1	1	1
GF_4017	1	1	1	1	0	1	1	1	1	1	1	1
GF_4018	1	1	1	1	0	1	1	1	1	1	1	1
GF_4019	1	1	1	1	1	1	1	1	1	0	1	1
GF_4020	1	1	1	1	0	1	1	1	1	1	1	1
GF_4021	1	1	1	1	0	1	1	1	1	1	1	1
GF_4022	1	1	1	1	0	1	1	1	1	1	1	1
GF_4023	1	1	1	1	1	1	1	1	1	0	1	1
GF_4024	1	1	1	1	0	1	1	1	1	1	1	1
GF_4025	1	1	1	1	1	0	1	1	1	1	1	1
GF_4026	1	1	1	1	0	1	1	1	1	1	1	1
GF_4027	1	1	1	1	0	1	1	1	1	1	1	1
GF_4028	1	1	1	1	1	0	1	1	1	1	1	1
GF_4029	1	1	1	2	0	0	1	1	1	1	1	1
GF_4030	1	1	1	1	1	1	1	1	0	1	1	1
GF_4031	1	1	1	1	0	1	1	1	1	1	1	1
GF_4032	1	1	1	1	1	1	1	1	0	1	1	1
GF_4033	1	1	1	1	1	1	1	1	0	1	1	1
GF_4034	1	1	1	1	0	1	1	1	1	1	1	1
GF_4035	1	1	1	1	1	1	0	1	1	1	1	1
GF_4036	1	0	1	1	1	1	1	1	1	1	1	1
GF_4037	1	1	1	1	0	1	1	1	1	1	1	1
GF_4038	1	1	1	1	1	1	1	1	0	1	1	1
GF_4039	1	1	1	1	1	1	1	1	0	1	1	1
GF_4040	1	1	1	1	0	1	1	1	1	1	1	1
GF_4041	1	1	1	1	1	0	1	1	1	1	1	1
GF_4042	1	1	1	1	1	1	0	1	1	1	1	1
GF_4043	1	0	1	1	1	1	1	1	1	1	1	1
GF_4044	1	1	1	1	0	1	1	1	1	1	1	1
GF_4045	1	1	1	1	1	0	1	1	1	1	1	1
GF_4046	1	1	1	1	0	1	1	1	1	1	1	1
GF_4047	1	1	1	1	1	0	1	1	1	1	1	1
GF_4048	1	1	1	1	0	1	0	1	2	1	1	1
GF_4049	1	1	1	1	1	1	0	1	1	1	1	1
GF_4050	1	1	1	1	1	0	1	1	1	1	1	1
GF_4051	1	1	1	1	0	1	1	1	1	1	1	1
GF_4052	1	1	1	1	0	1	1	1	1	1	1	1
GF_4053	1	1	1	1	0	0	0	2	1	1	2	1
GF_4054	1	1	1	1	1	1	1	1	0	1	1	1
GF_4055	1	1	1	1	0	1	1	1	1	1	1	1
GF_4056	1	1	1	1	1	0	1	1	1	1	1	1
GF_4057	1	1	1	1	0	1	1	1	1	1	1	1
GF_4058	1	1	1	1	1	1	0	1	1	1	1	1
GF_4059	1	1	1	1	0	1	1	1	1	1	1	1
GF_4060	1	1	1	1	1	1	1	1	1	0	1	1
GF_4061	1	1	1	1	0	1	1	1	1	1	1	1
GF_4062	1	1	1	1	1	1	1	1	0	1	1	1
GF_4063	1	1	1	1	0	1	1	1	1	1	1	1
GF_4064	1	1	1	1	1	1	1	1	1	1	0	1
GF_4065	1	1	1	1	0	1	1	1	1	1	1	1
GF_4066	1	1	1	1	0	1	1	1	1	1	1	1
GF_4067	1	1	1	1	0	1	1	1	1	1	1	1
GF_4068	1	1	1	1	0	1	1	1	1	1	1	1
GF_4069	1	1	1	1	1	0	1	1	1	1	1	1
GF_4070	1	1	1	1	0	1	1	1	1	1	1	1
GF_4071	1	1	1	1	1	0	1	1	1	1	1	1
GF_4072	1	1	1	1	1	1	1	1	1	1	0	1
GF_4073	1	1	1	1	1	0	1	1	1	1	1	1
GF_4074	1	1	1	1	0	1	1	1	1	1	1	1
GF_4075	1	1	1	1	0	1	1	1	1	1	1	1
GF_4076	1	0	1	1	1	1	1	1	1	1	1	1
GF_4077	1	1	1	1	0	1	1	1	1	1	1	1
GF_4078	1	1	1	1	0	1	1	1	1	1	1	1
GF_4079	1	1	1	1	0	1	1	1	1	1	1	1
GF_4080	1	1	1	1	0	1	1	1	1	1	1	1
GF_4081	1	0	1	1	1	1	1	1	1	1	1	1
GF_4082	1	1	1	1	0	1	1	1	1	1	1	1
GF_4083	1	1	1	1	1	0	1	1	1	1	1	1
GF_4084	1	1	1	1	0	1	1	1	1	1	1	1
GF_4085	1	1	1	1	0	1	1	1	1	1	1	1
GF_4086	1	1	1	1	0	1	1	1	1	1	1	1
GF_4087	1	1	1	1	1	1	1	1	1	1	1	0
GF_4088	1	1	1	1	0	1	1	1	1	1	1	1
GF_4089	1	1	1	1	1	0	1	1	1	1	1	1
GF_4090	1	1	1	1	0	1	1	1	1	1	1	1
GF_4091	1	1	1	1	1	0	1	1	1	1	1	1
GF_4092	1	1	1	1	1	1	0	1	1	1	1	1
GF_4093	1	1	1	1	1	1	1	1	1	0	1	1
GF_4094	1	1	1	1	0	1	1	1	1	1	1	1
GF_4095	1	1	1	1	1	0	1	1	1	1	1	1
GF_4096	1	0	1	1	1	1	1	1	1	1	1	1
GF_4097	1	1	1	1	1	0	1	1	1	1	1	1
GF_4098	1	1	1	1	0	1	1	1	1	1	1	1
GF_4099	1	1	1	1	1	1	1	1	1	0	1	1
GF_4100	1	1	1	0	1	1	1	1	1	1	1	1
GF_4101	1	1	1	1	0	1	1	1	1	1	1	1
GF_4102	1	1	1	1	1	1	1	1	1	0	1	1
GF_4103	1	0	1	1	1	1	1	1	1	1	1	1
GF_4104	1	0	1	1	1	1	1	1	1	1	1	1
GF_4105	1	1	1	1	0	1	1	1	1	1	1	1
GF_4106	1	1	1	1	1	0	1	1	1	1	1	1
GF_4107	1	1	1	1	1	1	0	1	1	1	1	1
GF_4108	1	0	1	1	0	1	1	1	1	2	1	1
GF_4109	1	1	1	0	1	1	1	1	1	1	1	1
GF_4110	1	1	1	1	0	1	1	1	1	1	1	1
GF_4111	1	1	1	1	0	1	1	1	1	1	1	1
GF_4112	1	1	1	1	0	1	1	1	1	1	1	1
GF_4113	1	1	1	1	1	0	1	1	1	1	1	1
GF_4114	1	0	1	1	1	1	1	1	1	1	1	1
GF_4115	1	1	1	1	0	1	1	1	1	1	1	1
GF_4116	1	1	1	1	1	1	1	1	0	1	1	1
GF_4117	1	1	1	1	0	1	1	1	1	1	1	1
GF_4118	1	1	1	1	0	1	1	1	1	1	1	1
GF_4119	1	1	1	1	0	1	1	1	1	1	1	1
GF_4120	1	1	1	1	0	1	1	1	1	1	1	1
GF_4121	1	1	1	1	1	0	1	1	1	1	1	1
GF_4122	1	1	1	1	1	1	1	1	0	1	1	1
GF_4123	1	1	1	1	0	1	1	1	1	1	1	1
GF_4124	1	1	1	1	1	0	1	1	1	1	1	1
GF_4125	1	1	1	1	0	1	1	1	1	1	1	1
GF_4126	1	1	1	1	0	1	1	1	1	1	1	1
GF_4127	1	0	1	1	1	1	1	1	1	1	1	1
GF_4128	1	1	1	1	1	1	1	1	1	0	1	1
GF_4129	1	1	1	1	0	1	1	1	1	1	1	1
GF_4130	1	1	1	1	0	1	1	1	1	1	1	1
GF_4131	1	1	1	1	0	1	1	1	1	1	1	1
GF_4132	1	1	1	1	0	1	1	1	1	1	1	1
GF_4133	1	1	1	1	0	1	1	1	1	1	1	1
GF_4134	1	1	1	1	0	1	1	1	1	1	1	1
GF_4135	1	1	1	1	1	1	1	1	1	1	1	0
GF_4136	1	1	1	1	1	1	1	1	0	1	1	1
GF_4137	1	1	1	1	0	1	1	1	1	1	1	1
GF_4138	1	1	1	1	0	1	1	1	1	1	1	1
GF_4139	1	1	1	1	1	0	1	1	1	1	1	1
GF_4140	1	1	1	1	1	0	1	1	1	1	1	1
GF_4141	1	1	1	1	1	1	0	1	1	1	1	1
GF_4142	1	1	1	1	1	0	1	1	1	1	1	1
GF_4143	1	1	1	1	0	1	1	1	1	1	1	1
GF_4144	1	1	1	1	0	1	1	1	1	1	1	1
GF_4145	1	1	1	1	0	1	1	1	1	1	1	1
GF_4146	1	1	1	1	0	1	1	1	1	1	1	1
GF_4147	1	1	1	1	1	1	0	1	1	1	1	1
GF_4148	1	1	1	1	1	0	1	1	1	1	1	1
GF_4149	1	1	1	1	0	1	1	1	1	1	1	1
GF_4150	1	1	1	1	0	1	1	1	1	1	1	1
GF_4151	1	1	1	1	0	1	1	1	1	1	1	1
GF_4152	1	1	1	1	0	1	1	1	1	1	1	1
GF_4153	1	1	1	1	0	1	1	1	1	1	1	1
GF_4154	1	1	1	1	0	1	1	1	1	1	1	1
GF_4155	1	1	1	1	1	1	1	1	1	0	1	1
GF_4156	0	1	1	1	1	1	1	1	1	1	1	1
GF_4157	1	1	1	1	0	1	1	1	1	1	1	1
GF_4158	1	1	1	1	0	1	1	1	1	1	1	1
GF_4159	1	1	1	1	1	0	1	1	1	1	1	1
GF_4160	1	1	1	1	0	1	1	1	1	1	1	1
GF_4161	1	1	1	1	1	1	1	1	1	1	0	1
GF_4162	0	1	1	1	1	1	1	1	1	1	1	1
GF_4163	1	1	1	1	0	1	1	1	1	1	1	1
GF_4164	1	1	1	1	0	1	1	1	1	1	1	1
GF_4165	1	1	1	2	0	1	0	1	1	1	1	1
GF_4166	1	1	1	1	1	1	0	1	1	1	1	1
GF_4167	1	1	1	1	1	0	1	1	1	1	1	1
GF_4168	1	1	1	1	0	1	1	1	1	1	1	1
GF_4169	1	1	1	1	1	0	1	1	1	1	1	1
GF_4170	1	1	1	1	1	0	1	1	1	1	1	1
GF_4171	1	1	1	1	0	1	1	1	1	1	1	1
GF_4172	1	1	1	1	0	1	1	1	1	1	1	1
GF_4173	1	1	1	1	0	1	1	1	1	1	1	1
GF_4174	1	1	1	1	0	1	1	1	1	1	1	1
GF_4175	1	1	1	1	0	1	1	1	1	1	1	1
GF_4176	1	1	1	1	0	1	1	1	1	1	1	1
GF_4177	1	1	1	1	0	1	1	1	1	1	1	1
GF_4178	1	1	1	1	0	1	1	1	1	1	1	1
GF_4179	1	1	1	1	1	1	1	1	1	0	1	1
GF_4180	1	1	1	1	0	1	1	1	1	1	1	1
GF_4181	1	1	1	1	0	1	1	1	1	1	1	1
GF_4182	0	1	1	1	1	1	1	1	1	1	1	1
GF_4183	1	1	1	1	1	0	1	1	1	1	1	1
GF_4184	1	1	1	1	0	1	1	1	1	1	1	1
GF_4185	1	1	1	1	1	0	1	1	1	1	1	1
GF_4186	1	1	1	1	1	0	1	1	1	1	1	1
GF_4187	1	1	1	1	1	0	1	1	1	1	1	1
GF_4188	1	1	1	1	1	0	1	1	1	1	1	1
GF_4189	1	1	1	1	0	0	2	1	1	1	1	1
GF_4190	1	1	1	1	1	1	1	1	0	1	1	1
GF_4191	1	0	1	1	1	0	1	1	2	1	1	1
GF_4192	1	1	1	1	0	1	1	1	1	1	1	1
GF_4193	1	1	1	1	0	1	1	1	1	1	1	1
GF_4194	1	0	1	1	1	1	0	1	1	1	1	2
GF_4195	1	1	1	0	0	1	0	1	2	1	2	1
GF_4196	1	1	1	1	0	1	1	1	1	1	1	1
GF_4197	0	1	1	1	1	1	1	1	1	1	1	1
GF_4198	1	1	1	1	0	1	1	1	1	1	1	1
GF_4199	1	1	1	1	0	1	1	1	1	1	1	1
GF_4200	1	1	1	1	1	1	0	1	1	1	1	1
GF_4201	1	1	1	1	0	1	1	1	1	1	1	1
GF_4202	1	1	1	1	0	1	1	1	1	1	1	1
GF_4203	1	1	1	1	1	1	0	1	1	1	1	1
GF_4204	1	1	1	1	0	1	1	1	1	1	1	1
GF_4205	1	1	1	1	1	0	1	1	1	1	1	1
GF_4206	1	0	1	1	1	1	1	1	1	1	1	1
GF_4207	1	1	1	1	1	1	1	1	1	0	1	1
GF_4208	1	1	1	1	1	1	0	1	1	1	1	1
GF_4209	1	1	1	1	0	1	1	1	1	1	1	1
GF_4210	1	1	1	1	0	1	1	1	1	1	1	1
GF_4211	1	1	1	1	0	1	1	1	1	1	1	1
GF_4212	1	1	1	1	0	1	1	1	1	1	1	1
GF_4213	1	1	1	1	1	1	0	1	1	1	1	1
GF_4214	1	1	1	1	1	0	1	1	1	1	1	1
GF_4215	1	1	1	1	0	1	1	1	1	1	1	1
GF_4216	1	1	1	1	0	1	1	1	1	1	1	1
GF_4217	1	1	1	1	0	1	1	1	1	1	1	1
GF_4218	1	1	1	1	0	1	1	1	1	1	1	1
GF_4219	1	1	1	1	1	1	0	1	1	1	1	1
GF_4220	1	1	1	1	1	0	1	1	1	1	1	1
GF_4221	1	1	1	1	1	1	1	1	1	0	1	1
GF_4222	1	0	1	1	1	1	1	1	0	1	2	1
GF_4223	1	1	1	1	0	1	1	1	1	1	1	1
GF_4224	1	1	1	1	0	1	1	1	1	1	1	1
GF_4225	1	1	1	1	1	0	1	1	1	1	1	1
GF_4226	1	0	1	1	1	1	1	1	1	1	1	1
GF_4227	1	1	1	1	0	1	1	1	1	1	1	1
GF_4228	1	1	1	1	0	1	1	1	1	1	1	1
GF_4229	1	1	1	1	1	1	0	1	1	1	1	1
GF_4230	1	1	1	1	0	1	1	1	1	1	1	1
GF_4231	1	1	1	1	0	1	1	1	1	1	1	1
GF_4232	1	1	1	1	1	1	1	1	0	1	1	1
GF_4233	1	1	1	1	0	1	1	1	1	1	1	1
GF_4234	1	1	1	1	0	1	1	1	1	1	1	1
GF_4235	1	1	1	1	0	1	1	1	1	1	1	1
GF_4236	1	1	1	1	0	1	1	1	1	1	1	1
GF_4237	1	1	1	1	1	0	1	1	1	1	1	1
GF_4238	1	1	1	1	1	0	1	1	1	1	1	1
GF_4239	1	1	1	1	0	1	1	1	1	1	1	1
GF_4240	1	1	1	1	1	0	1	1	1	1	1	1
GF_4241	1	1	1	1	0	1	1	1	1	1	1	1
GF_4242	1	1	1	1	1	1	0	1	1	1	1	1
GF_4243	1	0	1	1	0	1	1	1	1	2	1	1
GF_4244	1	1	1	1	0	1	1	1	1	1	1	1
GF_4245	1	1	1	1	0	1	1	1	1	1	1	1
GF_4246	1	1	1	1	1	0	1	1	1	1	1	1
GF_4247	1	1	1	1	1	0	1	1	1	1	1	1
GF_4248	1	1	1	1	0	1	1	1	1	1	1	1
GF_4249	1	1	1	1	0	1	1	1	1	1	1	1
GF_4250	1	1	1	1	0	0	1	1	1	0	2	2
GF_4251	1	1	3	1	0	1	0	1	1	0	1	1
GF_4252	1	1	1	1	0	1	1	1	2	0	1	1
GF_4253	1	1	1	1	1	0	1	1	1	1	1	1
GF_4254	1	0	1	1	1	1	1	1	1	1	1	1
GF_4255	1	1	1	1	1	0	1	1	1	1	1	1
GF_4256	1	2	1	1	0	0	1	1	1	1	1	1
GF_4257	1	1	1	1	1	0	1	1	1	1	1	1
GF_4258	1	1	1	0	1	1	1	1	1	1	1	1
GF_4259	1	1	1	0	0	1	2	1	1	1	1	1
GF_4260	1	1	1	1	1	0	1	1	1	1	1	1
GF_4261	1	1	1	1	0	1	1	1	1	1	1	1
GF_4262	1	1	1	1	1	1	1	1	0	1	1	1
GF_4263	1	1	1	1	0	1	1	1	1	1	1	1
GF_4264	1	1	1	1	0	1	1	1	1	1	1	1
GF_4265	1	0	1	1	1	1	1	1	1	1	1	1
GF_4266	1	1	1	1	1	1	1	1	1	0	1	1
GF_4267	1	1	1	1	1	0	1	1	1	1	1	1
GF_4268	1	1	1	1	0	1	1	1	1	1	1	1
GF_4269	1	1	1	1	0	1	1	1	1	1	1	1
GF_4270	1	1	1	1	1	0	1	1	1	1	1	1
GF_4271	1	0	1	1	1	1	1	1	1	1	1	1
GF_4272	1	1	1	1	0	1	1	1	1	1	1	1
GF_4273	1	1	1	1	0	1	1	1	1	1	1	1
GF_4274	1	1	1	1	1	1	1	1	1	1	0	1
GF_4275	1	1	1	1	1	1	0	1	1	1	1	1
GF_4276	1	1	1	1	1	1	1	1	1	0	1	1
GF_4277	1	1	1	1	0	1	1	1	1	1	1	1
GF_4278	1	1	1	1	0	1	1	1	1	1	1	1
GF_4279	1	1	1	1	0	1	1	1	1	1	1	1
GF_4280	1	1	1	1	0	1	1	1	1	1	1	1
GF_4281	1	1	1	1	0	1	1	1	1	1	1	1
GF_4282	1	1	1	1	1	1	1	1	1	1	1	0
GF_4283	1	1	1	1	0	1	1	1	1	1	1	1
GF_4284	1	0	1	1	1	1	1	1	1	1	1	1
GF_4285	1	1	1	1	1	1	0	1	1	1	1	1
GF_4286	1	1	1	1	1	0	1	1	1	1	1	1
GF_4287	1	1	1	1	1	1	0	1	1	1	1	1
GF_4288	1	1	1	1	0	1	1	1	1	1	1	1
GF_4289	1	1	1	1	0	1	1	1	1	1	1	1
GF_4290	1	1	1	1	0	0	0	1	2	1	2	1
GF_4291	1	1	1	1	0	1	1	1	1	1	1	1
GF_4292	1	1	1	1	0	1	1	1	1	1	1	1
GF_4293	1	1	1	1	0	1	1	1	1	1	1	1
GF_4294	1	1	1	1	0	1	1	1	1	1	1	1
GF_4295	1	1	1	1	0	1	1	1	1	1	1	1
GF_4296	1	1	1	1	0	1	1	1	1	1	1	1
GF_4297	1	1	1	1	0	1	1	1	1	1	1	1
GF_4298	1	1	1	1	1	1	0	1	1	1	1	1
GF_4299	1	1	1	1	0	1	0	1	1	1	2	1
GF_4300	1	1	1	1	1	1	0	1	1	1	1	1
GF_4301	1	1	1	1	0	1	1	1	1	1	1	1
GF_4302	1	1	1	1	0	1	1	1	1	1	1	1
GF_4303	1	2	1	1	0	0	1	1	1	1	1	1
GF_4304	1	1	1	1	0	1	1	1	1	1	1	1
GF_4305	1	1	1	1	0	1	2	1	0	1	1	1
GF_4306	1	1	1	1	0	1	1	1	1	1	1	1
GF_4307	1	1	0	1	1	1	1	1	1	1	1	1
GF_4308	1	1	1	1	1	0	1	1	1	1	1	1
GF_4309	1	1	1	1	1	1	0	1	1	1	1	1
GF_4310	1	1	1	1	0	1	1	1	1	1	1	1
GF_4311	1	1	1	1	1	1	1	1	1	0	1	1
GF_4312	1	1	1	1	0	1	1	1	1	1	1	1
GF_4313	1	0	1	1	1	1	1	1	1	1	1	1
GF_4314	1	1	1	1	0	1	1	1	1	1	1	1
GF_4315	1	1	1	1	1	1	0	1	1	1	1	1
GF_4316	1	1	1	1	1	0	1	1	1	1	1	1
GF_4317	1	1	1	1	0	1	1	1	1	1	1	1
GF_4318	1	1	1	1	1	0	1	1	1	1	1	1
GF_4319	1	1	1	1	1	0	1	1	1	1	1	1
GF_4320	1	1	1	1	0	1	1	1	1	1	1	1
GF_4321	1	1	1	1	0	1	1	1	1	1	1	1
GF_4322	1	1	1	1	0	1	1	1	1	1	1	1
GF_4323	1	1	1	1	0	1	1	1	1	1	1	1
GF_4324	1	1	1	1	0	1	1	1	1	1	1	1
GF_4325	1	1	1	1	0	1	1	1	1	1	1	1
GF_4326	1	1	0	1	0	1	1	1	1	2	1	1
GF_4327	1	1	1	1	0	1	1	1	1	1	1	1
GF_4328	1	1	1	1	0	1	1	1	1	1	1	1
GF_4329	1	1	1	1	1	1	1	1	1	0	1	1
GF_4330	1	1	1	1	0	1	1	1	1	1	1	1
GF_4331	1	1	1	1	1	1	0	1	1	1	1	1
GF_4332	1	1	1	1	1	0	1	1	1	1	1	1
GF_4333	1	1	1	1	0	1	1	1	1	1	1	1
GF_4334	1	1	1	1	0	1	1	1	1	1	1	1
GF_4335	1	1	1	1	0	1	1	1	1	1	1	1
GF_4336	1	1	1	1	0	1	1	1	1	1	1	1
GF_4337	1	1	1	1	0	1	1	1	1	1	1	1
GF_4338	1	1	1	1	1	1	1	1	1	0	1	1
GF_4339	1	1	1	1	0	1	1	1	1	1	1	1
GF_4340	1	1	1	1	0	1	1	1	1	1	1	1
GF_4341	1	1	1	1	0	1	1	1	1	1	1	1
GF_4342	1	1	1	1	0	1	1	1	1	1	1	1
GF_4343	1	0	1	1	1	1	1	1	1	1	1	1
GF_4344	1	1	1	1	0	1	1	1	1	1	1	1
GF_4345	1	1	1	1	0	1	1	1	1	1	1	1
GF_4346	1	1	1	1	0	1	1	1	1	1	1	1
GF_4347	1	1	1	1	1	1	0	1	1	1	1	1
GF_4348	1	1	1	1	0	1	1	1	1	1	1	1
GF_4349	1	1	1	1	1	0	1	1	1	1	1	1
GF_4350	1	1	1	1	0	1	1	1	1	1	1	1
GF_4351	1	1	1	1	0	1	1	1	1	1	1	1
GF_4352	1	1	1	1	0	2	0	1	1	1	1	1
GF_4353	1	1	1	1	0	1	1	1	1	1	1	1
GF_4354	1	1	1	1	0	1	1	1	1	1	1	1
GF_4355	1	1	1	1	0	1	1	1	1	1	1	1
GF_4356	1	1	1	1	1	1	1	1	0	1	1	1
GF_4357	1	1	1	1	0	1	1	1	1	1	1	1
GF_4358	1	1	1	1	0	1	1	1	1	1	1	1
GF_4359	1	2	1	1	0	0	1	1	1	1	1	1
GF_4360	1	1	1	1	0	1	1	1	1	1	1	1
GF_4361	1	1	1	1	0	1	1	1	1	1	1	1
GF_4362	1	1	1	1	0	1	1	1	1	1	1	1
GF_4363	1	1	1	1	0	1	1	1	1	1	1	1
GF_4364	1	1	1	1	0	1	1	1	1	1	1	1
GF_4365	1	1	1	1	0	0	1	2	1	0	1	2
GF_4366	1	1	1	1	0	1	1	1	1	1	1	1
GF_4367	1	1	1	1	0	1	1	1	1	1	1	1
GF_4368	1	1	1	1	0	1	1	1	1	1	1	1
GF_4369	1	1	1	1	1	0	1	1	1	1	1	1
GF_4370	1	1	1	1	1	1	1	1	0	1	1	1
GF_4371	1	1	1	1	0	1	1	1	1	1	1	1
GF_4372	1	1	1	1	0	0	1	1	1	2	1	1
GF_4373	1	1	1	1	0	1	1	1	1	1	1	1
GF_4374	1	1	1	1	1	1	1	1	0	1	1	1
GF_4375	1	1	1	1	1	0	1	1	1	1	1	1
GF_4376	1	1	1	1	0	1	1	1	1	1	1	1
GF_4377	1	2	1	1	0	0	1	1	1	1	1	1
GF_4378	1	1	1	1	0	1	0	1	2	1	1	1
GF_4379	1	1	1	1	1	1	1	1	1	0	1	1
GF_4380	2	1	1	1	0	0	1	1	2	0	1	1
GF_4381	1	1	1	1	0	1	1	1	1	1	1	1
GF_4382	1	1	1	1	0	1	1	1	1	1	1	1
GF_4383	1	1	1	1	1	0	1	1	1	1	1	1
GF_4384	1	1	1	1	0	1	1	1	1	1	1	1
GF_4385	1	1	1	1	0	1	1	1	1	1	1	1
GF_4386	1	1	1	1	0	1	1	1	1	1	1	1
GF_4387	1	1	1	1	0	1	1	1	1	1	1	1
GF_4388	1	1	1	1	0	1	1	1	1	1	1	1
GF_4389	1	1	1	1	1	0	1	1	1	1	1	1
GF_4390	1	1	1	1	1	0	1	1	1	1	1	1
GF_4391	1	1	1	1	1	0	1	1	1	1	1	1
GF_4392	1	1	1	1	1	1	1	1	1	0	1	1
GF_4393	1	1	1	1	0	1	1	1	1	1	1	1
GF_4394	1	1	1	1	0	1	1	1	1	1	1	1
GF_4395	1	1	1	1	0	1	1	1	1	1	1	1
GF_4396	1	1	1	1	0	1	1	1	1	1	1	1
GF_4397	1	1	1	1	0	1	1	1	1	1	1	1
GF_4398	1	1	1	1	1	1	1	1	0	1	1	1
GF_4399	1	1	1	1	0	1	1	1	1	1	1	1
GF_4400	1	1	1	1	0	1	1	1	1	1	1	1
GF_4401	1	1	1	1	0	1	1	1	1	1	1	1
GF_4402	1	1	1	1	1	0	1	1	1	1	1	1
GF_4403	1	1	1	1	0	1	1	1	1	1	1	1
GF_4404	1	1	1	1	1	1	1	1	1	0	1	1
GF_4405	1	1	1	1	0	1	1	1	1	1	1	1
GF_4406	1	1	1	1	1	0	1	1	1	1	1	1
GF_4407	1	1	1	1	1	0	1	1	1	1	1	1
GF_4408	1	1	1	1	1	1	0	1	1	1	1	1
GF_4409	1	1	1	1	0	1	1	1	1	1	1	1
GF_4410	1	1	1	1	1	1	0	1	1	1	1	1
GF_4411	1	1	1	1	0	1	1	1	1	1	1	1
GF_4412	1	1	1	1	1	0	1	1	1	1	1	1
GF_4413	1	1	1	1	0	1	1	1	1	1	1	1
GF_4414	1	1	1	1	0	1	1	1	1	1	1	1
GF_4415	1	1	1	1	1	1	1	1	0	1	1	1
GF_4416	1	1	1	1	1	1	1	1	0	1	1	1
GF_4417	1	1	1	1	0	1	1	1	1	1	1	1
GF_4418	1	1	1	1	0	1	1	1	1	1	1	1
GF_4419	1	1	1	1	0	1	1	1	1	1	1	1
GF_4420	1	1	1	1	0	1	1	1	1	1	1	1
GF_4421	1	1	1	1	0	1	1	1	1	1	1	1
GF_4422	1	1	1	1	1	0	1	1	1	1	1	1
GF_4423	1	1	1	1	0	1	1	1	1	1	1	1
GF_4424	1	1	1	1	0	1	1	1	1	1	1	1
GF_4425	1	1	1	1	0	1	1	1	1	1	1	1
GF_4426	1	1	1	1	0	1	1	1	1	1	1	1
GF_4427	1	1	1	1	1	1	1	1	0	1	1	1
GF_4428	1	1	1	1	1	0	1	1	1	1	1	1
GF_4429	1	1	1	1	0	1	1	1	1	1	1	1
GF_4430	1	1	1	1	1	1	1	1	0	1	1	1
GF_4431	1	1	0	1	1	1	2	1	1	0	1	1
GF_4432	1	1	0	1	1	1	1	1	1	1	1	1
GF_4433	1	1	0	1	0	1	1	1	2	1	1	1
GF_4434	1	1	1	1	0	1	1	1	1	1	1	1
GF_4435	1	1	1	1	1	0	1	1	1	1	1	1
GF_4436	2	0	0	2	0	0	0	2	2	0	1	2
GF_4437	1	1	0	1	1	1	1	1	1	1	1	1
GF_4438	1	0	0	2	0	0	0	2	2	0	2	2
GF_4439	1	1	0	1	1	1	2	1	1	0	1	1
GF_4440	1	1	1	1	0	1	1	1	1	1	1	1
GF_4441	1	1	0	1	1	1	1	1	1	1	1	1
GF_4442	1	0	1	1	0	1	0	1	2	0	2	2
GF_4443	1	0	0	1	0	0	0	1	0	5	1	1
GF_4444	0	1	3	0	0	0	0	0	0	6	0	0
GF_4445	0	0	0	0	0	0	0	0	0	10	0	0
GF_4446	0	0	0	0	0	0	0	0	0	10	0	0
GF_4447	0	0	1	0	1	0	0	0	0	8	0	0
GF_4448	0	2	0	0	0	0	0	0	0	8	0	0
GF_4449	1	1	1	1	0	0	0	1	1	2	1	1
GF_4450	2	0	1	1	0	1	0	1	0	2	1	1
GF_4451	0	0	1	1	0	0	0	1	1	5	0	1
GF_4452	0	4	0	0	0	2	1	0	1	2	0	0
GF_4453	0	0	1	0	0	4	0	0	0	5	0	0
GF_4454	1	1	0	1	0	0	0	1	1	3	1	1
GF_4455	0	0	0	0	0	0	0	0	0	10	0	0
GF_4456	1	1	0	1	0	0	0	1	1	3	1	1
GF_4457	0	2	2	0	1	1	1	0	0	3	0	0
GF_4458	0	0	0	0	0	0	0	0	0	10	0	0
GF_4459	1	1	1	1	0	0	0	1	1	2	1	1
GF_4460	0	0	10	0	0	0	0	0	0	0	0	0
GF_4461	0	0	10	0	0	0	0	0	0	0	0	0
GF_4462	1	0	4	1	0	0	0	1	1	0	1	1
GF_4463	0	0	10	0	0	0	0	0	0	0	0	0
GF_4464	0	0	8	0	0	2	0	0	0	0	0	0
GF_4465	0	0	10	0	0	0	0	0	0	0	0	0
GF_4466	0	2	2	0	2	1	1	0	0	2	0	0
GF_4467	1	1	2	1	0	0	0	1	1	1	1	1
GF_4468	0	0	6	0	0	0	0	0	0	4	0	0
GF_4469	1	1	3	1	0	0	0	1	1	0	1	1
GF_4470	1	1	2	0	1	0	1	1	0	1	1	1
GF_4471	1	1	2	1	0	0	0	1	1	1	1	1
GF_4472	1	1	2	1	0	0	0	1	1	1	1	1
GF_4473	0	2	3	0	1	1	1	1	0	1	0	0
GF_4474	1	1	2	1	0	1	0	1	1	0	1	1
GF_4475	1	1	2	1	0	0	0	1	1	1	1	1
GF_4476	1	0	0	1	0	0	0	1	4	0	2	1
GF_4477	1	0	0	3	0	0	0	1	2	0	1	2
GF_4478	1	0	0	2	0	0	0	1	3	0	1	2
GF_4479	1	0	4	1	0	0	0	1	0	0	1	2
GF_4480	1	0	2	1	0	1	0	1	2	0	1	1
GF_4481	1	1	2	1	0	0	0	1	1	0	2	1
GF_4482	1	1	2	1	0	0	0	1	1	1	1	1
GF_4483	1	1	2	1	0	0	0	1	1	1	1	1
GF_4484	1	1	2	0	1	0	0	1	1	1	1	1
GF_4485	1	1	2	1	0	0	0	1	1	1	1	1
GF_4486	2	0	0	1	0	0	0	2	0	0	3	2
GF_4487	2	0	0	2	0	0	0	2	0	0	2	2
GF_4488	2	1	1	1	0	0	0	1	1	1	1	1
GF_4489	2	0	0	2	0	0	0	2	0	0	2	2
GF_4490	2	0	0	2	0	0	0	2	0	0	2	2
GF_4491	3	0	0	2	0	0	0	1	0	0	2	2
GF_4492	2	0	0	2	0	0	0	2	0	0	2	2
GF_4493	2	0	0	2	0	0	0	2	0	0	2	2
GF_4494	2	0	0	2	0	0	0	2	0	0	2	2
GF_4495	1	1	1	1	0	0	1	1	1	1	1	1
GF_4496	2	0	0	1	0	0	0	2	0	0	2	3
GF_4497	2	0	0	1	0	0	0	2	1	0	2	2
GF_4498	2	0	0	2	0	0	0	2	1	0	1	2
GF_4499	2	0	0	2	0	0	0	2	0	0	2	2
GF_4500	2	0	0	2	0	0	0	2	0	0	2	2
GF_4501	2	0	0	2	0	0	0	2	0	0	2	2
GF_4502	2	0	0	2	0	0	0	1	1	0	2	2
GF_4503	2	0	0	2	0	0	0	2	0	0	2	2
GF_4504	2	0	0	2	0	0	0	2	0	0	2	2
GF_4505	2	0	0	2	0	0	0	2	0	0	2	2
GF_4506	2	0	0	2	0	0	0	2	0	0	2	2
GF_4507	2	0	0	3	0	1	0	0	0	0	2	2
GF_4508	2	0	0	2	0	0	0	1	2	0	1	2
GF_4509	2	0	0	1	0	0	0	2	1	0	2	2
GF_4510	2	0	0	1	0	0	0	4	0	0	3	0
GF_4511	3	0	0	1	0	0	0	2	2	0	1	1
GF_4512	2	0	0	2	0	0	0	2	0	0	2	2
GF_4513	1	1	1	1	0	0	0	1	1	1	1	2
GF_4514	1	0	1	2	0	1	0	1	1	0	1	2
GF_4515	0	1	1	2	0	0	0	1	1	1	1	2
GF_4516	1	1	0	2	0	1	0	1	1	0	1	2
GF_4517	1	1	0	2	0	0	0	1	1	1	1	2
GF_4518	1	1	0	2	0	0	0	1	1	1	1	2
GF_4519	1	0	1	2	0	1	0	1	1	0	1	2
GF_4520	1	1	0	2	0	1	0	1	1	0	1	2
GF_4521	1	0	0	1	0	0	3	1	1	0	1	2
GF_4522	1	1	1	1	0	0	0	1	1	1	1	2
GF_4523	1	0	0	2	0	1	1	1	1	0	1	2
GF_4524	1	0	0	4	0	0	0	2	0	0	1	2
GF_4525	1	0	0	2	0	0	0	2	1	0	2	2
GF_4526	0	0	1	1	0	0	0	3	0	0	2	3
GF_4527	0	0	0	1	0	0	0	2	0	0	3	4
GF_4528	1	0	0	3	0	0	0	1	0	0	3	2
GF_4529	1	0	1	2	0	0	0	1	2	0	1	2
GF_4530	1	0	0	2	0	0	0	1	3	0	1	2
GF_4531	1	0	1	1	0	1	0	1	2	1	1	1
GF_4532	1	0	0	0	0	0	0	3	0	0	3	3
GF_4533	1	1	1	1	0	0	0	1	1	1	1	2
GF_4534	1	1	1	1	0	0	0	1	1	1	1	2
GF_4535	1	1	1	1	0	0	0	1	1	1	1	2
GF_4536	1	1	1	2	0	0	0	1	1	0	1	2
GF_4537	1	1	1	2	0	0	0	1	0	1	1	2
GF_4538	1	1	0	2	0	1	0	1	1	0	1	2
GF_4539	1	0	1	2	0	0	1	1	1	0	1	2
GF_4540	1	0	1	2	0	0	0	1	1	1	1	2
GF_4541	1	0	1	2	0	0	0	1	1	1	1	2
GF_4542	1	0	0	2	0	1	1	1	1	0	1	2
GF_4543	1	1	0	2	0	1	0	1	1	1	0	2
GF_4544	1	0	1	1	1	0	0	1	1	1	1	2
GF_4545	1	0	1	1	0	0	1	1	1	1	1	2
GF_4546	1	0	0	3	0	0	0	3	0	0	1	2
GF_4547	1	0	0	2	0	0	0	2	2	0	1	2
GF_4548	1	1	1	1	1	0	0	1	1	0	1	2
GF_4549	1	1	1	1	0	0	1	1	1	0	1	2
GF_4550	0	9	1	0	0	0	0	0	0	0	0	0
GF_4551	0	10	0	0	0	0	0	0	0	0	0	0
GF_4552	0	7	0	0	1	0	2	0	0	0	0	0
GF_4553	0	9	0	1	0	0	0	0	0	0	0	0
GF_4554	0	10	0	0	0	0	0	0	0	0	0	0
GF_4555	1	2	1	1	0	0	0	1	1	1	1	1
GF_4556	0	10	0	0	0	0	0	0	0	0	0	0
GF_4557	0	10	0	0	0	0	0	0	0	0	0	0
GF_4558	0	10	0	0	0	0	0	0	0	0	0	0
GF_4559	1	3	1	1	0	0	0	1	1	0	1	1
GF_4560	0	10	0	0	0	0	0	0	0	0	0	0
GF_4561	1	4	0	1	0	0	0	1	1	0	1	1
GF_4562	1	4	0	1	0	0	0	1	1	0	1	1
GF_4563	1	2	0	1	0	0	1	1	2	0	1	1
GF_4564	1	2	0	1	0	0	0	1	3	0	1	1
GF_4565	1	2	0	1	0	0	1	1	1	1	1	1
GF_4566	0	10	0	0	0	0	0	0	0	0	0	0
GF_4567	1	4	1	1	0	0	0	1	0	1	1	0
GF_4568	1	0	1	1	0	1	0	1	3	0	1	1
GF_4569	0	0	0	0	0	0	0	0	10	0	0	0
GF_4570	1	1	0	1	0	0	0	1	4	0	1	1
GF_4571	1	1	1	1	0	0	0	1	2	1	1	1
GF_4572	1	0	0	1	0	0	0	2	3	0	2	1
GF_4573	1	1	0	1	0	0	1	1	2	1	1	1
GF_4574	1	0	1	0	0	0	0	1	4	0	1	2
GF_4575	0	1	0	0	0	3	1	1	2	0	1	1
GF_4576	1	1	0	1	0	1	0	1	3	0	1	1
GF_4577	1	2	1	1	0	0	0	1	1	1	1	1
GF_4578	0	2	2	0	1	2	1	1	0	1	0	0
GF_4579	0	2	1	0	1	1	1	0	1	3	0	0
GF_4580	1	3	1	1	0	0	0	1	1	0	1	1
GF_4581	1	2	0	1	0	1	1	1	1	0	1	1
GF_4582	1	2	1	1	0	0	0	1	1	1	1	1
GF_4583	1	2	1	1	0	0	0	1	1	1	1	1
GF_4584	1	2	0	1	0	1	1	1	1	0	1	1
GF_4585	1	2	1	1	0	1	1	1	0	0	1	1
GF_4586	0	10	0	0	0	0	0	0	0	0	0	0
GF_4587	1	2	0	1	0	1	1	1	1	0	1	1
GF_4588	1	2	1	1	0	0	0	1	2	0	1	1
GF_4589	1	2	1	1	0	0	0	1	1	1	1	1
GF_4590	0	3	1	0	1	1	1	0	1	1	0	1
GF_4591	1	2	1	1	0	0	0	1	1	1	1	1
GF_4592	1	2	0	1	0	1	1	1	1	0	1	1
GF_4593	1	4	0	1	0	0	0	1	1	0	1	1
GF_4594	0	0	0	0	0	10	0	0	0	0	0	0
GF_4595	1	0	0	1	0	4	0	1	1	0	1	1
GF_4596	1	0	0	1	1	2	0	2	1	0	1	1
GF_4597	1	0	1	1	0	2	1	1	1	0	1	1
GF_4598	1	0	1	1	0	3	0	1	0	1	1	1
GF_4599	1	0	0	1	1	2	2	1	1	0	0	1
GF_4600	1	1	0	1	0	2	0	1	1	1	1	1
GF_4601	0	0	0	0	6	4	0	0	0	0	0	0
GF_4602	1	1	0	1	0	2	1	1	1	0	1	1
GF_4603	0	0	0	0	0	10	0	0	0	0	0	0
GF_4604	1	0	1	1	0	2	0	1	2	0	1	1
GF_4605	1	1	0	1	0	1	1	1	2	0	1	1
GF_4606	2	0	0	1	0	0	0	1	4	0	1	1
GF_4607	1	0	1	1	0	2	0	2	0	0	1	2
GF_4608	1	0	0	1	0	2	1	1	1	0	2	1
GF_4609	1	0	1	1	0	2	0	1	0	1	2	1
GF_4610	0	0	0	0	10	0	0	0	0	0	0	0
GF_4611	1	0	1	1	2	0	1	1	0	1	1	1
GF_4612	1	0	1	1	2	0	0	1	1	1	1	1
GF_4613	1	1	1	1	2	0	0	1	1	0	1	1
GF_4614	1	0	0	1	3	0	1	1	1	0	1	1
GF_4615	0	0	0	0	10	0	0	0	0	0	0	0
GF_4616	1	1	1	0	2	1	1	0	0	1	1	1
GF_4617	1	0	0	1	4	0	0	1	1	0	1	1
GF_4618	1	1	1	1	2	0	1	1	0	1	0	1
GF_4619	1	1	1	1	2	0	0	1	1	0	1	1
GF_4620	1	0	0	1	3	0	1	1	1	0	1	1
GF_4621	1	1	1	0	3	1	1	0	1	1	0	0
GF_4622	0	1	1	0	2	1	1	1	1	1	0	1
GF_4623	0	0	0	0	10	0	0	0	0	0	0	0
GF_4624	1	1	1	1	2	0	1	0	1	1	0	1
GF_4625	1	1	1	1	2	0	1	1	0	0	1	1
GF_4626	0	0	0	0	10	0	0	0	0	0	0	0
GF_4627	0	3	0	0	2	1	1	0	0	3	0	0
GF_4628	1	0	0	2	1	1	1	1	1	0	1	1
GF_4629	1	1	1	2	0	0	0	1	1	1	1	1
GF_4630	1	0	0	1	0	1	1	1	2	1	1	1
GF_4631	1	1	1	1	0	0	0	1	2	1	1	1
GF_4632	1	1	1	1	0	0	0	1	2	1	1	1
GF_4633	1	1	1	1	0	0	0	1	2	1	1	1
GF_4634	1	1	1	2	0	0	0	1	1	1	1	1
GF_4635	1	1	1	2	0	0	0	1	1	1	1	1
GF_4636	1	0	1	2	0	1	1	1	0	1	1	1
GF_4637	1	1	1	2	1	0	0	1	0	1	1	1
GF_4638	1	1	0	2	0	0	0	1	1	1	2	1
GF_4639	1	0	0	2	0	0	0	2	0	0	4	1
GF_4640	1	0	0	1	0	0	0	4	0	0	2	2
GF_4641	1	1	0	1	0	1	0	3	1	0	1	1
GF_4642	1	0	0	1	0	1	1	1	3	0	1	1
GF_4643	1	0	0	1	1	1	1	2	0	1	1	1
GF_4644	1	0	1	1	0	1	1	2	1	0	1	1
GF_4645	1	1	1	1	0	0	1	2	1	0	1	1
GF_4646	1	1	1	2	0	0	0	2	1	0	1	1
GF_4647	1	1	1	1	0	0	0	2	1	1	1	1
GF_4648	1	0	1	1	1	0	1	2	1	0	1	1
GF_4649	1	1	1	1	0	0	0	1	1	1	2	1
GF_4650	1	1	0	1	0	0	1	1	1	1	2	1
GF_4651	1	1	1	1	0	0	0	1	1	1	2	1
GF_4652	1	0	0	1	0	1	2	1	1	0	2	1
GF_4653	1	1	1	1	0	0	0	1	1	1	2	1
GF_4654	1	1	1	1	0	0	0	1	1	1	2	1
GF_4655	1	1	1	1	0	0	0	1	1	1	2	1
GF_4656	1	1	1	1	0	0	0	1	1	1	2	1
GF_4657	1	1	1	1	0	0	0	1	1	1	2	1
GF_4658	1	1	1	1	0	0	0	1	1	1	2	1
GF_4659	1	1	1	1	1	0	0	1	0	1	2	1
GF_4660	1	1	1	1	0	0	0	1	1	1	2	1
GF_4661	1	1	1	1	0	0	2	1	0	1	1	1
GF_4662	1	1	0	1	0	1	2	1	1	0	1	1
GF_4663	1	1	0	1	0	1	0	1	1	2	1	1
GF_4664	0	0	0	0	0	0	0	0	0	10	0	0
GF_4665	1	0	1	1	0	1	1	1	0	2	1	1
GF_4666	0	0	0	0	0	0	0	0	0	10	0	0
GF_4667	0	0	0	0	0	0	0	0	0	10	0	0
GF_4668	0	0	0	0	0	0	0	0	0	10	0	0
GF_4669	0	0	10	0	0	0	0	0	0	0	0	0
GF_4670	0	0	10	0	0	0	0	0	0	0	0	0
GF_4671	0	0	10	0	0	0	0	0	0	0	0	0
GF_4672	0	0	10	0	0	0	0	0	0	0	0	0
GF_4673	0	10	0	0	0	0	0	0	0	0	0	0
GF_4674	0	10	0	0	0	0	0	0	0	0	0	0
GF_4675	0	10	0	0	0	0	0	0	0	0	0	0
GF_4676	0	10	0	0	0	0	0	0	0	0	0	0
GF_4677	0	0	0	0	0	10	0	0	0	0	0	0
GF_4678	0	0	0	0	0	10	0	0	0	0	0	0
GF_4679	0	0	0	0	10	0	0	0	0	0	0	0
GF_4680	0	0	0	0	10	0	0	0	0	0	0	0
GF_4681	0	0	0	0	10	0	0	0	0	0	0	0
GF_4682	0	0	0	0	10	0	0	0	0	0	0	0
GF_4683	0	0	0	0	10	0	0	0	0	0	0	0
GF_4684	0	0	0	0	10	0	0	0	0	0	0	0
GF_4685	0	0	0	0	10	0	0	0	0	0	0	0
GF_4686	0	0	0	0	10	0	0	0	0	0	0	0
GF_4687	0	0	0	0	10	0	0	0	0	0	0	0
GF_4688	0	0	0	0	10	0	0	0	0	0	0	0
GF_4689	0	0	0	0	10	0	0	0	0	0	0	0
GF_4690	0	0	0	0	10	0	0	0	0	0	0	0
GF_4691	0	0	0	0	10	0	0	0	0	0	0	0
GF_4692	0	0	0	0	10	0	0	0	0	0	0	0
GF_4693	0	0	0	0	10	0	0	0	0	0	0	0
GF_4694	1	1	0	1	1	0	1	1	1	1	1	1
GF_4695	1	1	1	1	1	0	1	1	0	1	1	1
GF_4696	1	1	1	1	1	0	0	1	1	1	1	1
GF_4697	1	1	1	1	1	0	0	1	1	1	1	1
GF_4698	1	0	1	1	1	1	1	1	0	1	1	1
GF_4699	1	1	1	0	1	1	1	1	0	1	1	1
GF_4700	1	1	1	1	1	0	0	1	1	1	1	1
GF_4701	1	1	1	1	1	0	0	1	1	1	1	1
GF_4702	0	1	1	1	1	1	1	1	0	1	1	1
GF_4703	1	1	1	1	1	0	0	1	1	1	1	1
GF_4704	1	1	1	1	1	0	0	1	1	1	1	1
GF_4705	0	1	1	0	1	1	1	1	1	1	1	1
GF_4706	1	1	1	1	1	0	0	1	1	1	1	1
GF_4707	1	1	1	0	1	1	1	1	1	1	1	0
GF_4708	1	1	1	1	1	1	1	0	1	1	0	1
GF_4709	1	1	1	1	1	0	1	1	0	1	1	1
GF_4710	1	1	1	1	1	0	0	1	1	1	1	1
GF_4711	1	1	1	1	1	0	0	1	1	1	1	1
GF_4712	0	1	1	1	1	1	1	1	0	1	1	1
GF_4713	0	0	1	1	1	1	1	1	1	1	1	1
GF_4714	1	0	1	1	1	0	1	1	1	1	1	1
GF_4715	1	1	1	1	1	0	0	1	1	1	1	1
GF_4716	0	1	1	1	1	1	1	1	0	1	1	1
GF_4717	1	0	1	1	1	1	1	1	1	1	1	0
GF_4718	1	0	0	1	0	1	1	1	1	1	1	2
GF_4719	1	1	1	1	1	0	0	1	1	1	1	1
GF_4720	1	1	1	1	1	0	0	1	1	1	1	1
GF_4721	1	1	1	1	1	0	0	1	1	1	1	1
GF_4722	1	1	1	1	0	0	1	1	1	1	1	1
GF_4723	1	1	1	1	1	0	0	1	1	1	1	1
GF_4724	1	0	1	1	1	0	1	1	1	1	1	1
GF_4725	1	1	1	1	1	0	0	1	1	1	1	1
GF_4726	1	1	1	1	0	0	1	1	1	1	1	1
GF_4727	1	0	1	1	1	1	1	1	0	1	1	1
GF_4728	1	0	1	1	1	0	1	1	1	1	1	1
GF_4729	1	1	1	1	1	0	1	1	0	1	1	1
GF_4730	1	1	1	1	1	0	0	1	1	1	1	1
GF_4731	1	1	1	1	1	0	0	1	1	1	1	1
GF_4732	1	1	1	1	1	0	0	1	1	1	1	1
GF_4733	1	0	1	1	1	1	0	1	1	1	1	1
GF_4734	0	1	1	0	1	1	1	1	1	1	1	1
GF_4735	0	1	1	1	1	0	1	1	1	1	1	1
GF_4736	1	1	0	1	1	0	1	1	1	1	1	1
GF_4737	1	1	1	1	1	1	1	0	1	1	1	0
GF_4738	1	1	0	1	1	0	1	1	1	1	1	1
GF_4739	0	1	1	1	1	1	1	1	1	1	0	1
GF_4740	1	1	0	1	0	1	1	1	1	1	1	1
GF_4741	1	1	1	1	0	0	1	1	1	1	1	1
GF_4742	1	1	1	1	1	0	0	1	1	1	1	1
GF_4743	1	1	1	0	1	1	1	1	0	1	1	1
GF_4744	1	1	1	1	1	0	0	1	1	1	1	1
GF_4745	1	1	1	1	1	1	1	1	0	1	1	0
GF_4746	1	1	1	0	1	0	2	1	1	1	0	1
GF_4747	1	1	1	1	1	0	0	1	1	1	1	1
GF_4748	1	1	1	0	1	1	1	1	0	1	1	1
GF_4749	1	1	1	1	1	0	1	1	0	1	1	1
GF_4750	1	1	1	1	1	0	1	1	0	1	1	1
GF_4751	1	1	1	1	1	0	0	1	1	1	1	1
GF_4752	1	0	1	1	1	1	1	1	0	1	1	1
GF_4753	1	1	1	1	0	1	0	1	1	1	1	1
GF_4754	1	1	1	1	1	0	1	1	1	0	1	1
GF_4755	1	1	1	1	1	0	0	1	1	1	1	1
GF_4756	1	1	1	1	0	0	1	1	1	1	1	1
GF_4757	1	0	1	1	1	1	0	1	1	1	1	1
GF_4758	1	1	1	1	1	1	0	1	1	0	1	1
GF_4759	1	0	1	1	0	1	0	1	1	0	1	3
GF_4760	1	1	1	1	0	1	0	1	1	1	1	1
GF_4761	1	1	1	1	0	1	0	1	1	1	1	1
GF_4762	1	1	1	1	0	1	1	0	1	1	1	1
GF_4763	1	0	1	1	0	1	1	1	0	1	1	2
GF_4764	1	1	1	1	0	0	0	2	1	1	1	1
GF_4765	1	1	1	1	0	0	1	1	1	1	1	1
GF_4766	1	1	1	1	0	1	0	1	1	1	1	1
GF_4767	1	1	1	1	0	1	0	1	1	1	1	1
GF_4768	1	1	1	1	0	1	0	1	1	1	1	1
GF_4769	1	1	1	1	0	0	1	1	1	1	1	1
GF_4770	1	1	1	1	0	1	1	1	0	1	1	1
GF_4771	1	0	1	1	0	1	1	1	1	1	1	1
GF_4772	1	1	1	1	1	0	0	1	1	1	1	1
GF_4773	1	1	1	1	0	1	0	1	1	1	1	1
GF_4774	1	1	1	1	1	0	1	1	0	1	1	1
GF_4775	1	1	1	1	0	0	1	1	1	1	1	1
GF_4776	1	0	1	1	1	0	1	1	1	1	1	1
GF_4777	1	1	1	1	1	0	0	1	1	1	1	1
GF_4778	1	1	1	1	1	0	1	1	1	0	1	1
GF_4779	1	1	1	1	0	0	1	1	1	1	1	1
GF_4780	1	0	1	1	1	0	1	1	1	1	1	1
GF_4781	1	1	1	1	0	0	1	1	1	1	1	1
GF_4782	1	1	1	1	0	1	0	1	1	1	1	1
GF_4783	1	1	1	1	1	0	0	1	1	1	1	1
GF_4784	1	1	1	1	0	0	1	1	1	1	1	1
GF_4785	1	1	1	1	1	0	0	1	1	1	1	1
GF_4786	1	1	1	1	0	1	0	1	1	1	1	1
GF_4787	1	1	1	1	0	0	1	1	1	1	1	1
GF_4788	1	1	1	1	0	1	0	1	1	1	1	1
GF_4789	1	1	1	1	1	0	1	1	1	0	1	1
GF_4790	1	1	1	1	1	0	1	1	0	1	1	1
GF_4791	1	1	1	1	0	0	1	1	1	1	1	1
GF_4792	1	1	1	1	0	0	1	1	1	1	1	1
GF_4793	1	1	1	1	0	1	1	1	1	0	1	1
GF_4794	1	1	1	1	1	0	1	1	0	1	1	1
GF_4795	1	1	1	1	0	1	0	1	1	1	1	1
GF_4796	1	0	1	1	0	1	1	1	1	1	1	1
GF_4797	1	1	1	1	0	1	0	1	1	1	1	1
GF_4798	1	2	1	1	0	1	0	1	1	0	1	1
GF_4799	1	1	1	1	0	1	0	1	1	1	1	1
GF_4800	1	1	1	1	0	1	0	1	1	1	1	1
GF_4801	1	1	1	1	0	0	1	1	1	1	1	1
GF_4802	1	1	1	1	0	0	1	1	1	1	1	1
GF_4803	1	1	1	1	0	0	1	1	1	1	1	1
GF_4804	1	1	1	1	0	1	1	1	0	1	1	1
GF_4805	1	1	1	1	0	1	0	1	1	1	1	1
GF_4806	1	0	1	1	1	1	0	1	1	1	1	1
GF_4807	1	1	1	1	1	0	0	1	1	1	1	1
GF_4808	1	1	1	1	0	1	0	1	1	1	1	1
GF_4809	1	1	1	1	0	1	0	1	1	1	1	1
GF_4810	1	1	1	1	1	0	0	1	1	1	1	1
GF_4811	1	0	1	1	1	1	1	1	1	0	1	1
GF_4812	1	1	1	1	0	0	0	1	2	1	1	1
GF_4813	1	1	1	1	1	0	1	1	0	1	1	1
GF_4814	1	1	1	1	0	1	0	1	1	1	1	1
GF_4815	1	1	1	1	0	0	1	1	1	1	1	1
GF_4816	1	1	1	1	0	0	1	1	1	1	1	1
GF_4817	1	0	1	1	1	1	1	1	1	0	1	1
GF_4818	1	1	1	1	0	1	1	1	0	1	1	1
GF_4819	1	1	1	1	1	0	0	1	1	1	1	1
GF_4820	1	1	0	1	1	1	0	1	1	1	1	1
GF_4821	1	1	1	1	0	1	1	1	0	1	1	1
GF_4822	1	1	1	1	1	0	0	1	1	1	1	1
GF_4823	0	1	1	1	1	0	1	1	1	1	1	1
GF_4824	1	1	1	1	1	1	0	1	1	0	1	1
GF_4825	1	1	1	1	0	0	1	1	1	1	1	1
GF_4826	1	0	1	1	0	1	1	1	1	1	1	1
GF_4827	1	1	1	1	0	0	1	1	1	1	1	1
GF_4828	1	1	1	1	0	1	1	1	0	1	1	1
GF_4829	1	1	1	1	0	1	1	1	1	0	1	1
GF_4830	1	1	1	1	0	0	1	1	1	1	1	1
GF_4831	1	1	1	1	0	0	1	1	1	1	1	1
GF_4832	1	1	1	1	0	1	0	1	1	1	1	1
GF_4833	1	1	1	1	0	0	1	1	1	1	1	1
GF_4834	1	1	1	1	0	0	1	1	1	1	1	1
GF_4835	1	1	1	1	0	1	0	1	1	1	1	1
GF_4836	1	1	1	1	0	0	1	1	1	1	1	1
GF_4837	1	1	1	1	1	0	1	1	1	0	1	1
GF_4838	1	0	1	1	0	1	1	1	1	1	1	1
GF_4839	1	1	1	1	0	1	0	1	1	1	1	1
GF_4840	1	1	1	1	1	0	0	1	1	1	1	1
GF_4841	1	1	1	1	0	1	0	1	1	1	1	1
GF_4842	1	1	1	1	0	0	1	1	1	1	1	1
GF_4843	1	1	1	1	0	0	1	1	1	1	1	1
GF_4844	1	1	1	1	0	0	1	1	1	1	1	1
GF_4845	1	1	1	1	0	0	1	1	1	1	1	1
GF_4846	1	1	1	1	0	0	1	1	1	1	1	1
GF_4847	1	1	1	1	0	0	1	1	1	1	1	1
GF_4848	1	1	1	1	0	1	1	1	0	1	1	1
GF_4849	1	1	1	1	0	1	0	1	1	1	1	1
GF_4850	1	1	1	1	0	0	1	1	1	1	1	1
GF_4851	1	1	1	1	1	0	0	1	1	1	1	1
GF_4852	0	1	1	1	1	0	1	1	1	1	1	1
GF_4853	1	1	1	1	0	1	0	1	1	1	1	1
GF_4854	1	1	1	1	1	0	0	1	1	1	1	1
GF_4855	1	1	1	1	0	0	1	1	1	1	1	1
GF_4856	1	1	1	1	0	0	1	1	1	1	1	1
GF_4857	1	0	1	1	1	1	1	1	0	1	1	1
GF_4858	1	1	1	1	0	0	1	1	1	1	1	1
GF_4859	1	1	1	1	0	0	0	1	1	1	2	1
GF_4860	1	0	1	1	0	1	1	1	1	1	1	1
GF_4861	1	0	1	1	0	1	1	1	1	1	1	1
GF_4862	1	1	1	1	1	0	1	1	0	1	1	1
GF_4863	1	1	1	1	0	0	1	1	1	1	1	1
GF_4864	1	0	1	1	1	1	0	1	1	1	1	1
GF_4865	1	1	1	1	0	0	1	1	1	1	1	1
GF_4866	1	1	1	0	1	0	1	1	1	1	1	1
GF_4867	1	1	1	1	0	0	1	1	1	1	1	1
GF_4868	1	1	1	1	0	1	1	1	0	1	1	1
GF_4869	1	1	1	1	0	1	0	1	1	1	1	1
GF_4870	1	1	1	1	0	1	0	1	1	1	1	1
GF_4871	1	1	1	1	1	0	0	1	1	1	1	1
GF_4872	1	1	1	1	0	1	1	1	0	1	1	1
GF_4873	1	1	1	1	0	0	1	1	1	1	1	1
GF_4874	1	1	1	1	1	0	0	1	1	1	1	1
GF_4875	1	1	1	1	1	0	0	1	1	1	1	1
GF_4876	0	1	1	1	0	1	1	1	1	1	1	1
GF_4877	1	1	1	1	1	0	0	1	1	1	1	1
GF_4878	1	1	1	1	0	0	1	1	1	1	1	1
GF_4879	1	1	1	1	0	0	1	1	1	1	1	1
GF_4880	1	1	1	1	0	0	1	1	1	1	1	1
GF_4881	1	1	1	1	1	0	0	1	1	1	1	1
GF_4882	1	1	1	1	1	0	0	1	1	1	1	1
GF_4883	1	0	1	1	1	1	1	1	0	1	1	1
GF_4884	1	1	1	1	0	1	1	1	1	0	1	1
GF_4885	1	1	1	1	1	0	0	1	1	1	1	1
GF_4886	1	1	1	1	0	0	1	1	1	1	1	1
GF_4887	1	1	1	1	1	1	0	1	0	1	1	1
GF_4888	1	1	1	0	1	0	1	1	1	1	1	1
GF_4889	1	0	1	1	0	1	1	1	1	1	1	1
GF_4890	1	1	1	1	1	0	1	1	1	0	1	1
GF_4891	1	0	1	1	1	0	1	1	1	1	1	1
GF_4892	1	1	1	1	1	1	0	1	1	0	1	1
GF_4893	1	1	1	1	0	1	0	1	1	1	1	1
GF_4894	1	1	1	1	1	0	0	1	1	1	1	1
GF_4895	1	1	1	1	0	1	1	1	0	1	1	1
GF_4896	1	1	1	1	0	1	1	1	0	1	1	1
GF_4897	1	1	1	1	1	0	0	1	1	1	1	1
GF_4898	1	1	1	1	0	1	0	1	1	1	1	1
GF_4899	1	1	1	1	1	0	0	1	1	1	1	1
GF_4900	1	1	1	1	0	0	1	1	1	1	1	1
GF_4901	1	1	1	1	1	1	0	1	0	1	1	1
GF_4902	1	1	1	1	0	1	0	1	1	1	1	1
GF_4903	1	1	1	1	0	1	0	1	1	1	1	1
GF_4904	1	1	1	1	0	1	1	1	1	0	1	1
GF_4905	1	1	1	1	0	0	1	1	1	1	1	1
GF_4906	1	1	1	1	0	0	1	1	1	1	1	1
GF_4907	1	1	1	1	0	0	1	1	1	1	1	1
GF_4908	1	2	1	1	0	0	0	1	1	1	1	1
GF_4909	1	1	1	1	0	1	1	1	1	0	1	1
GF_4910	1	1	1	1	0	1	1	1	1	0	1	1
GF_4911	1	1	1	1	0	1	1	1	1	0	1	1
GF_4912	1	1	1	1	0	1	1	1	1	0	1	1
GF_4913	1	1	1	1	1	0	1	1	0	1	1	1
GF_4914	1	1	1	1	0	1	0	1	1	1	1	1
GF_4915	1	0	1	1	0	1	1	1	1	1	1	1
GF_4916	1	1	1	1	0	0	0	1	2	1	1	1
GF_4917	1	1	2	1	0	0	0	1	1	1	1	1
GF_4918	1	1	1	1	0	1	1	1	1	0	1	1
GF_4919	1	1	1	1	0	1	0	1	1	1	1	1
GF_4920	1	1	1	1	0	1	1	1	0	1	1	1
GF_4921	0	1	1	1	1	0	1	1	1	1	1	1
GF_4922	0	1	1	1	1	0	1	1	1	1	1	1
GF_4923	1	1	1	1	1	0	0	1	1	1	1	1
GF_4924	1	1	1	0	0	1	1	1	1	1	1	1
GF_4925	1	1	1	1	0	1	0	1	1	1	1	1
GF_4926	1	1	1	1	0	0	1	1	1	1	1	1
GF_4927	1	1	1	1	1	1	0	1	1	0	1	1
GF_4928	1	1	1	1	0	1	0	1	1	1	1	1
GF_4929	0	1	1	1	1	1	1	1	1	0	1	1
GF_4930	1	1	1	1	0	1	0	1	1	1	1	1
GF_4931	1	1	1	1	0	0	1	1	1	1	1	1
GF_4932	1	1	1	1	0	1	1	1	0	1	1	1
GF_4933	1	1	1	1	0	0	1	1	1	1	1	1
GF_4934	1	1	1	1	0	0	1	1	1	1	1	1
GF_4935	1	1	1	1	0	0	1	1	1	1	1	1
GF_4936	1	1	1	1	0	0	1	1	1	1	1	1
GF_4937	1	0	1	1	0	0	1	1	2	1	1	1
GF_4938	1	1	1	1	0	0	1	1	1	1	1	1
GF_4939	1	1	1	1	0	1	0	1	1	1	1	1
GF_4940	1	1	1	1	0	0	1	1	1	1	1	1
GF_4941	1	1	1	1	0	0	1	1	1	1	1	1
GF_4942	1	1	1	1	0	1	0	1	1	1	1	1
GF_4943	1	1	1	1	0	0	1	1	1	1	1	1
GF_4944	1	1	0	2	0	0	0	2	1	0	1	2
GF_4945	1	0	1	1	0	1	1	1	1	1	1	1
GF_4946	1	1	1	1	0	1	0	1	1	1	1	1
GF_4947	1	1	1	1	0	0	1	1	1	1	1	1
GF_4948	1	1	1	1	0	0	0	1	1	1	1	2
GF_4949	1	1	1	1	1	0	1	1	1	0	1	1
GF_4950	1	1	1	1	0	1	0	1	1	1	1	1
GF_4951	1	1	1	1	0	1	1	1	1	0	1	1
GF_4952	1	1	1	1	1	1	0	1	1	0	1	1
GF_4953	1	0	1	1	1	1	1	1	1	0	1	1
GF_4954	1	0	1	1	0	1	1	1	1	1	1	1
GF_4955	1	1	1	1	0	1	1	1	0	1	1	1
GF_4956	1	1	1	1	1	0	0	1	1	1	1	1
GF_4957	1	1	1	1	1	0	0	1	1	1	1	1
GF_4958	1	1	1	1	0	0	1	1	1	1	1	1
GF_4959	1	0	1	1	0	1	1	1	1	1	1	1
GF_4960	1	1	1	1	0	0	1	1	1	1	1	1
GF_4961	1	0	1	1	0	1	1	1	1	1	1	1
GF_4962	1	1	1	1	0	1	0	1	1	1	1	1
GF_4963	1	0	1	1	0	1	1	1	1	1	1	1
GF_4964	1	1	1	1	1	0	0	1	1	1	1	1
GF_4965	1	1	1	1	1	0	0	1	1	1	1	1
GF_4966	1	1	0	1	1	1	0	1	1	1	1	1
GF_4967	1	1	1	1	0	0	1	1	1	1	1	1
GF_4968	1	1	1	1	0	1	1	1	1	1	0	1
GF_4969	1	0	1	1	1	1	0	1	1	1	1	1
GF_4970	1	1	1	1	1	0	0	1	1	1	1	1
GF_4971	1	1	1	1	0	1	0	1	1	1	1	1
GF_4972	1	0	1	1	1	1	1	1	1	0	1	1
GF_4973	1	1	1	1	0	0	1	1	1	1	1	1
GF_4974	1	1	1	1	0	1	0	1	1	1	1	1
GF_4975	1	1	1	1	0	1	0	1	1	1	1	1
GF_4976	1	1	1	1	0	1	1	1	1	0	1	1
GF_4977	1	1	1	1	1	0	1	1	0	1	1	1
GF_4978	0	0	1	1	1	1	1	1	1	1	1	1
GF_4979	1	1	1	1	0	1	0	1	1	1	1	1
GF_4980	1	1	1	1	0	1	0	1	1	1	1	1
GF_4981	1	1	1	1	0	0	1	1	1	1	1	1
GF_4982	1	1	1	1	0	0	1	1	1	1	1	1
GF_4983	1	1	1	1	0	0	1	1	1	1	1	1
GF_4984	1	1	1	1	0	0	1	1	1	1	1	1
GF_4985	1	1	1	1	0	0	1	1	1	1	1	1
GF_4986	1	0	1	1	0	0	1	1	1	1	2	1
GF_4987	1	1	1	1	0	0	1	1	1	1	1	1
GF_4988	1	1	1	1	0	0	1	1	1	1	1	1
GF_4989	1	1	1	0	1	1	1	1	1	1	0	1
GF_4990	1	1	1	1	0	0	1	1	1	1	1	1
GF_4991	1	1	1	1	0	0	1	1	1	1	1	1
GF_4992	1	1	1	1	0	0	1	1	1	1	1	1
GF_4993	1	1	1	1	0	0	1	1	1	1	1	1
GF_4994	1	1	1	1	0	0	1	1	1	1	1	1
GF_4995	1	1	1	1	0	0	1	1	1	1	1	1
GF_4996	1	1	1	1	0	1	1	1	0	1	1	1
GF_4997	1	1	1	1	0	0	1	1	1	1	1	1
GF_4998	1	1	1	1	1	0	1	1	1	0	1	1
GF_4999	1	0	1	1	1	0	1	1	1	1	1	1
GF_5000	1	1	1	0	1	1	1	0	1	1	1	1
GF_5001	1	1	2	1	0	0	0	1	1	1	1	1
GF_5002	1	1	1	1	0	0	1	1	1	1	1	1
GF_5003	1	1	1	1	0	1	0	1	1	1	1	1
GF_5004	1	1	1	1	0	0	0	1	2	1	1	1
GF_5005	1	1	1	1	0	0	1	1	1	1	1	1
GF_5006	1	1	1	1	1	0	0	1	1	1	1	1
GF_5007	1	1	1	1	0	0	1	1	1	1	1	1
GF_5008	1	1	1	1	0	0	1	1	1	1	1	1
GF_5009	1	1	1	1	0	0	1	1	1	1	1	1
GF_5010	1	0	1	2	0	0	0	2	1	1	1	1
GF_5011	1	1	1	1	0	0	1	1	1	1	1	1
GF_5012	1	1	1	1	0	0	1	1	1	1	1	1
GF_5013	1	1	1	1	1	0	0	1	1	1	1	1
GF_5014	1	0	1	1	0	1	1	1	1	1	1	1
GF_5015	1	0	1	1	1	1	1	1	1	0	1	1
GF_5016	1	1	1	1	0	0	1	1	1	1	1	1
GF_5017	1	1	1	1	0	1	0	1	1	1	1	1
GF_5018	1	1	1	1	0	0	1	1	1	1	1	1
GF_5019	1	1	1	1	0	0	1	1	1	1	1	1
GF_5020	1	1	1	1	0	0	1	1	1	1	1	1
GF_5021	1	1	1	1	0	0	0	1	1	2	1	1
GF_5022	1	1	1	1	0	0	0	1	1	2	1	1
GF_5023	1	1	1	1	1	0	0	1	1	1	1	1
GF_5024	1	1	1	1	0	0	1	1	1	1	1	1
GF_5025	1	1	1	1	0	0	1	1	1	1	1	1
GF_5026	1	1	1	1	0	0	1	1	1	1	1	1
GF_5027	1	1	1	1	1	0	1	1	0	1	1	1
GF_5028	1	1	1	1	0	0	1	1	1	1	1	1
GF_5029	1	1	1	1	1	1	1	1	0	0	1	1
GF_5030	1	1	1	1	0	1	0	1	1	1	1	1
GF_5031	1	1	1	0	0	1	1	1	1	1	1	1
GF_5032	1	1	1	1	0	1	0	1	1	1	1	1
GF_5033	1	0	1	1	0	0	1	1	1	1	1	2
GF_5034	1	0	1	1	1	1	0	1	1	1	1	1
GF_5035	1	1	0	1	1	1	0	1	1	1	1	1
GF_5036	1	1	0	1	1	0	1	1	1	1	1	1
GF_5037	1	1	1	1	0	0	1	1	1	1	1	1
GF_5038	1	1	0	1	0	1	1	1	1	1	1	1
GF_5039	1	1	0	1	0	1	1	1	1	1	1	1
GF_5040	1	1	1	1	0	1	0	1	1	1	1	1
GF_5041	1	1	0	1	1	1	1	1	1	0	1	1
GF_5042	1	1	1	1	0	0	1	1	1	1	1	1
GF_5043	1	1	0	1	1	1	1	1	1	0	1	1
GF_5044	1	1	1	1	0	0	1	1	1	1	1	1
GF_5045	1	1	1	1	0	1	0	1	1	1	1	1
GF_5046	1	1	1	1	1	1	0	1	1	0	1	1
GF_5047	1	1	1	1	0	1	0	1	1	1	1	1
GF_5048	1	1	1	1	1	1	0	1	1	0	1	1
GF_5049	1	1	0	1	1	0	1	1	1	1	1	1
GF_5050	1	1	0	1	0	1	1	1	1	1	1	1
GF_5051	1	1	0	1	0	1	1	1	1	1	1	1
GF_5052	1	1	1	1	0	1	1	1	0	1	1	1
GF_5053	1	1	0	1	0	1	1	1	1	1	1	1
GF_5054	1	1	1	1	0	0	1	1	1	1	1	1
GF_5055	1	1	1	1	0	0	1	1	1	1	1	1
GF_5056	1	1	1	1	1	1	0	1	1	0	1	1
GF_5057	1	1	0	1	0	1	0	1	2	1	1	1
GF_5058	1	1	1	1	0	0	1	1	1	1	1	1
GF_5059	1	1	1	1	0	0	1	1	1	1	1	1
GF_5060	1	1	1	1	0	0	1	1	1	1	1	1
GF_5061	1	1	1	1	0	0	1	1	1	1	1	1
GF_5062	1	1	1	1	0	0	1	1	1	1	1	1
GF_5063	1	1	1	1	0	1	0	1	1	1	1	1
GF_5064	1	1	1	1	0	1	0	1	1	1	1	1
GF_5065	1	1	1	1	0	0	1	1	1	1	1	1
GF_5066	1	1	1	1	0	0	1	1	1	1	1	1
GF_5067	1	1	1	1	0	1	0	1	1	1	1	1
GF_5068	1	1	1	1	0	1	0	1	1	1	1	1
GF_5069	1	1	1	1	0	0	1	1	1	1	1	1
GF_5070	1	1	1	1	0	1	0	1	1	1	1	1
GF_5071	1	1	1	1	0	1	0	1	1	1	1	1
GF_5072	1	1	1	1	1	0	1	1	1	0	1	1
GF_5073	1	1	1	1	0	1	1	1	0	1	1	1
GF_5074	1	1	1	1	0	0	1	1	1	1	1	1
GF_5075	1	1	1	1	0	1	1	1	1	0	1	1
GF_5076	1	1	1	1	0	0	0	1	1	2	1	1
GF_5077	1	1	1	2	0	1	0	1	0	1	1	1
GF_5078	1	1	1	1	0	1	1	1	1	0	1	1
GF_5079	1	1	1	1	0	0	1	1	1	1	1	1
GF_5080	1	1	1	1	0	1	0	1	1	1	1	1
GF_5081	1	0	1	1	0	1	1	1	1	1	1	1
GF_5082	0	1	1	1	1	1	1	1	0	1	1	1
GF_5083	1	1	1	1	1	0	1	1	1	0	1	1
GF_5084	1	1	1	1	0	1	0	1	1	1	1	1
GF_5085	1	1	1	1	0	0	1	1	1	1	1	1
GF_5086	1	1	1	1	0	1	0	1	1	1	1	1
GF_5087	1	1	1	1	0	0	1	1	1	1	1	1
GF_5088	1	1	1	1	1	1	0	1	1	0	1	1
GF_5089	1	1	1	1	0	1	0	1	1	1	1	1
GF_5090	1	1	1	1	0	1	0	1	1	1	1	1
GF_5091	1	0	1	1	0	1	1	1	1	1	1	1
GF_5092	1	1	1	1	0	1	1	1	0	1	1	1
GF_5093	1	1	1	1	0	1	1	1	1	0	1	1
GF_5094	1	1	1	1	0	0	1	1	1	1	1	1
GF_5095	1	1	1	1	0	1	0	1	1	1	1	1
GF_5096	1	1	1	1	0	1	1	1	0	1	1	1
GF_5097	1	1	1	1	0	0	1	1	1	1	1	1
GF_5098	1	1	1	1	1	0	0	1	1	1	1	1
GF_5099	1	1	1	1	0	1	0	1	1	1	1	1
GF_5100	1	1	1	1	1	0	0	1	1	1	1	1
GF_5101	1	1	1	1	0	1	0	1	1	1	1	1
GF_5102	1	1	1	1	0	1	0	1	1	1	1	1
GF_5103	1	1	1	1	0	1	1	1	1	0	1	1
GF_5104	1	1	1	1	1	0	0	1	1	1	1	1
GF_5105	1	1	1	1	0	0	1	1	1	1	1	1
GF_5106	1	1	1	1	0	1	1	1	0	1	1	1
GF_5107	1	1	1	1	1	0	0	1	1	1	1	1
GF_5108	1	1	1	1	0	0	1	1	1	1	1	1
GF_5109	1	1	1	1	0	0	1	1	1	1	1	1
GF_5110	0	1	1	1	1	1	1	1	0	1	1	1
GF_5111	1	1	1	1	1	0	0	1	1	1	1	1
GF_5112	1	1	1	1	0	0	1	1	1	1	1	1
GF_5113	1	1	1	1	0	0	1	1	1	1	1	1
GF_5114	1	1	1	1	1	1	1	1	0	0	1	1
GF_5115	1	1	1	1	1	1	0	1	0	1	1	1
GF_5116	1	1	0	1	0	1	1	1	1	1	1	1
GF_5117	1	1	0	1	0	1	1	1	1	1	1	1
GF_5118	0	1	0	1	1	1	1	1	1	1	1	1
GF_5119	1	1	0	1	1	1	0	1	1	1	1	1
GF_5120	1	1	0	1	1	0	1	1	1	1	1	1
GF_5121	1	1	0	1	0	1	1	1	1	1	1	1
GF_5122	2	0	0	2	0	0	0	2	1	0	1	2
GF_5123	1	0	0	1	1	1	1	1	1	1	1	1
GF_5124	1	1	1	1	0	0	0	1	2	1	1	1
GF_5125	1	1	1	0	1	0	1	1	1	1	1	1
GF_5126	1	1	0	1	0	1	1	1	1	1	1	1
GF_5127	1	1	1	1	0	0	0	1	2	1	1	1
GF_5128	1	1	0	1	0	1	1	1	1	1	1	1
GF_5129	1	0	1	1	0	1	1	1	1	1	1	1
GF_5130	1	1	0	1	0	1	1	1	1	1	1	1
GF_5131	2	0	0	1	0	0	0	2	1	0	2	2
GF_5132	2	0	0	1	0	0	0	2	1	0	2	2
GF_5133	1	1	0	1	0	1	1	1	1	1	1	1
GF_5134	1	1	0	1	0	1	1	1	1	1	1	1
GF_5135	2	0	0	2	0	0	0	2	1	0	1	2
GF_5136	1	1	0	1	1	0	1	1	1	1	1	1
GF_5137	1	1	0	1	0	1	1	1	1	1	1	1
GF_5138	1	1	1	1	1	0	1	1	1	0	1	1
GF_5139	1	1	0	1	0	1	1	1	1	1	1	1
GF_5140	1	1	0	1	1	1	1	1	1	0	1	1
GF_5141	1	1	1	1	0	1	0	1	1	1	1	1
GF_5142	1	1	0	1	0	1	1	1	1	1	1	1
GF_5143	2	0	0	2	0	0	0	2	1	0	1	2
GF_5144	1	1	0	1	0	1	1	1	1	1	1	1
GF_5145	0	7	0	0	0	0	0	0	1	1	0	0
GF_5146	1	1	0	1	0	0	0	1	1	2	1	1
GF_5147	0	0	4	0	0	0	0	0	0	5	0	0
GF_5148	0	0	2	0	0	5	0	0	0	2	0	0
GF_5149	1	1	0	1	0	0	0	1	0	3	1	1
GF_5150	0	0	0	0	0	0	0	0	0	9	0	0
GF_5151	0	0	0	0	0	0	0	0	0	9	0	0
GF_5152	0	0	0	0	1	1	3	0	0	4	0	0
GF_5153	0	1	2	0	0	5	0	0	0	1	0	0
GF_5154	1	1	0	0	0	0	0	1	1	3	1	1
GF_5155	1	0	0	1	0	0	0	1	0	4	1	1
GF_5156	0	2	0	0	0	2	2	0	0	3	0	0
GF_5157	0	1	6	0	0	0	0	0	0	2	0	0
GF_5158	1	0	1	1	0	0	0	1	1	2	1	1
GF_5159	0	2	0	0	0	0	0	0	0	7	0	0
GF_5160	0	0	0	0	0	0	0	0	0	9	0	0
GF_5161	1	1	1	1	0	0	0	1	0	2	1	1
GF_5162	1	0	0	1	0	1	0	1	1	2	1	1
GF_5163	1	0	2	1	0	0	0	0	0	5	0	0
GF_5164	1	1	2	1	0	0	1	1	0	1	1	0
GF_5165	0	0	9	0	0	0	0	0	0	0	0	0
GF_5166	0	0	8	0	0	0	0	0	0	0	1	0
GF_5167	0	0	9	0	0	0	0	0	0	0	0	0
GF_5168	1	0	2	1	0	0	1	1	0	1	1	1
GF_5169	0	0	9	0	0	0	0	0	0	0	0	0
GF_5170	0	0	9	0	0	0	0	0	0	0	0	0
GF_5171	1	0	2	1	0	0	0	1	2	0	1	1
GF_5172	0	5	2	0	0	0	0	0	0	2	0	0
GF_5173	0	0	9	0	0	0	0	0	0	0	0	0
GF_5174	1	0	2	1	0	0	0	1	1	0	1	2
GF_5175	0	4	5	0	0	0	0	0	0	0	0	0
GF_5176	0	1	6	0	0	2	0	0	0	0	0	0
GF_5177	0	3	6	0	0	0	0	0	0	0	0	0
GF_5178	0	1	2	0	3	1	1	0	0	1	0	0
GF_5179	1	0	2	1	0	0	0	1	1	1	1	1
GF_5180	0	0	9	0	0	0	0	0	0	0	0	0
GF_5181	0	2	4	0	0	1	1	0	0	1	0	0
GF_5182	0	1	3	0	0	2	1	0	0	2	0	0
GF_5183	1	1	2	1	0	0	0	1	1	0	1	1
GF_5184	0	0	9	0	0	0	0	0	0	0	0	0
GF_5185	0	0	9	0	0	0	0	0	0	0	0	0
GF_5186	2	0	3	1	0	0	0	1	0	0	0	2
GF_5187	1	1	2	1	0	0	0	1	0	1	1	1
GF_5188	0	0	4	1	0	0	0	1	0	1	1	1
GF_5189	1	0	2	1	0	0	0	1	1	1	1	1
GF_5190	0	5	3	0	0	1	0	0	0	0	0	0
GF_5191	1	1	2	1	0	0	0	1	1	0	1	1
GF_5192	0	0	9	0	0	0	0	0	0	0	0	0
GF_5193	0	1	2	0	1	1	1	1	1	1	0	0
GF_5194	1	0	1	1	0	0	0	2	2	0	1	1
GF_5195	0	0	0	0	0	0	0	0	9	0	0	0
GF_5196	1	0	0	1	0	0	0	1	4	0	1	1
GF_5197	1	0	0	1	0	0	0	1	3	0	2	1
GF_5198	1	1	2	0	0	0	0	2	0	0	3	0
GF_5199	1	1	1	1	0	0	0	1	1	1	1	1
GF_5200	1	1	2	1	0	0	0	1	1	0	1	1
GF_5201	1	0	2	1	0	0	0	1	1	0	2	1
GF_5202	1	0	2	1	0	0	0	1	1	1	1	1
GF_5203	0	0	9	0	0	0	0	0	0	0	0	0
GF_5204	1	0	2	1	0	1	0	1	1	0	1	1
GF_5205	2	0	0	2	0	0	0	1	0	0	3	1
GF_5206	2	0	0	1	0	0	0	2	1	0	2	1
GF_5207	3	0	0	2	0	0	0	0	0	0	1	3
GF_5208	2	0	0	2	0	0	0	2	0	0	1	2
GF_5209	3	0	0	1	0	0	0	2	0	0	1	2
GF_5210	2	0	0	2	0	0	0	1	0	0	2	2
GF_5211	2	0	0	1	0	0	0	2	0	0	2	2
GF_5212	2	0	0	1	0	0	0	3	0	0	1	2
GF_5213	3	0	0	2	0	0	0	2	0	0	0	2
GF_5214	2	0	0	2	0	0	0	1	0	0	3	1
GF_5215	2	0	0	1	0	0	0	2	0	0	2	2
GF_5216	2	0	0	2	0	0	0	2	1	0	1	1
GF_5217	2	0	0	2	0	0	0	2	1	0	1	1
GF_5218	3	0	0	3	0	0	0	0	0	0	3	0
GF_5219	1	0	0	1	0	1	0	1	2	0	1	2
GF_5220	1	0	0	1	0	0	0	2	0	0	2	3
GF_5221	1	0	1	1	0	0	0	1	2	0	1	2
GF_5222	1	0	0	1	0	0	0	3	0	0	1	3
GF_5223	1	1	0	1	0	0	0	1	0	1	2	2
GF_5224	1	0	0	1	2	1	0	0	0	0	2	2
GF_5225	1	1	0	1	0	1	0	1	1	0	1	2
GF_5226	1	1	0	2	0	0	0	1	1	0	1	2
GF_5227	1	1	0	2	0	1	0	1	0	0	1	2
GF_5228	1	0	1	2	0	0	0	1	1	0	1	2
GF_5229	1	0	1	2	0	0	0	1	1	0	1	2
GF_5230	1	0	1	2	0	0	0	1	1	0	1	2
GF_5231	1	1	0	2	0	0	0	1	1	0	1	2
GF_5232	1	0	0	2	0	0	0	1	2	0	1	2
GF_5233	0	1	1	1	0	1	0	1	0	1	1	2
GF_5234	1	1	0	1	0	1	0	1	1	0	1	2
GF_5235	1	1	1	1	0	0	0	1	1	0	1	2
GF_5236	1	1	0	1	0	0	0	1	0	1	2	2
GF_5237	1	0	1	2	0	0	0	1	1	0	1	2
GF_5238	1	0	0	2	0	0	0	2	0	0	2	2
GF_5239	1	0	0	1	0	0	0	0	7	0	0	0
GF_5240	0	0	0	0	0	0	0	0	9	0	0	0
GF_5241	1	0	0	1	0	0	0	3	0	0	1	3
GF_5242	1	0	0	1	0	0	0	3	1	0	1	2
GF_5243	1	0	0	1	0	1	1	1	1	0	1	2
GF_5244	1	0	1	1	0	0	0	1	1	1	1	2
GF_5245	1	0	1	1	0	1	0	1	1	0	1	2
GF_5246	1	1	0	2	0	0	0	1	1	0	1	2
GF_5247	1	0	1	2	0	0	0	1	0	1	1	2
GF_5248	1	0	1	2	0	0	0	1	1	0	1	2
GF_5249	1	0	0	2	0	0	0	2	0	0	2	2
GF_5250	1	0	0	2	0	0	0	2	0	0	1	3
GF_5251	1	1	1	1	0	0	0	1	0	1	1	2
GF_5252	1	0	1	1	0	0	0	1	1	1	1	2
GF_5253	1	0	0	1	0	0	0	1	2	1	1	2
GF_5254	1	0	1	1	0	0	0	1	1	1	1	2
GF_5255	1	1	0	1	0	1	0	1	1	0	1	2
GF_5256	1	0	1	1	0	0	1	1	1	0	1	2
GF_5257	1	0	0	1	0	1	0	1	2	0	1	2
GF_5258	1	2	0	1	1	0	0	1	1	0	1	1
GF_5259	0	9	0	0	0	0	0	0	0	0	0	0
GF_5260	0	8	0	0	0	1	0	0	0	0	0	0
GF_5261	0	7	1	0	0	0	1	0	0	0	0	0
GF_5262	0	9	0	0	0	0	0	0	0	0	0	0
GF_5263	1	2	1	1	0	0	0	1	1	0	1	1
GF_5264	0	9	0	0	0	0	0	0	0	0	0	0
GF_5265	1	2	0	1	0	1	0	1	1	0	1	1
GF_5266	0	9	0	0	0	0	0	0	0	0	0	0
GF_5267	1	2	1	1	0	0	0	1	1	0	1	1
GF_5268	1	2	0	1	0	0	0	1	1	1	1	1
GF_5269	1	1	1	1	0	0	0	1	1	1	1	1
GF_5270	0	6	0	0	0	0	0	1	0	0	1	1
GF_5271	1	0	0	1	0	0	0	1	4	0	1	1
GF_5272	1	1	1	1	0	0	0	1	2	0	1	1
GF_5273	1	0	1	1	0	0	0	1	3	0	1	1
GF_5274	0	1	0	0	0	0	0	0	8	0	0	0
GF_5275	0	3	1	0	0	2	2	0	0	1	0	0
GF_5276	0	9	0	0	0	0	0	0	0	0	0	0
GF_5277	0	6	1	0	0	1	0	0	0	1	0	0
GF_5278	0	9	0	0	0	0	0	0	0	0	0	0
GF_5279	1	3	0	1	0	0	0	1	1	0	1	1
GF_5280	1	2	1	1	0	0	0	1	0	1	1	1
GF_5281	1	2	0	1	0	1	0	1	1	0	1	1
GF_5282	1	2	0	1	0	0	0	1	1	1	1	1
GF_5283	1	2	0	1	0	1	1	1	0	0	1	1
GF_5284	1	2	0	1	0	1	0	1	0	1	1	1
GF_5285	0	0	0	0	0	9	0	0	0	0	0	0
GF_5286	1	0	0	1	0	2	1	1	1	0	1	1
GF_5287	1	0	0	1	0	4	0	0	1	0	1	1
GF_5288	0	0	0	0	1	8	0	0	0	0	0	0
GF_5289	1	0	0	1	0	2	0	1	1	0	2	1
GF_5290	0	1	1	0	3	2	1	1	0	0	0	0
GF_5291	1	0	0	1	0	3	0	1	0	1	1	1
GF_5292	1	1	0	1	0	1	0	1	2	0	1	1
GF_5293	1	0	0	4	0	0	0	1	2	0	0	1
GF_5294	1	1	1	1	0	2	0	1	1	0	1	0
GF_5295	0	1	0	0	5	2	1	0	0	0	0	0
GF_5296	0	0	0	0	7	1	0	0	1	0	0	0
GF_5297	0	0	1	0	8	0	0	0	0	0	0	0
GF_5298	1	0	0	1	2	0	1	1	1	0	1	1
GF_5299	0	0	0	0	9	0	0	0	0	0	0	0
GF_5300	0	0	0	0	9	0	0	0	0	0	0	0
GF_5301	0	1	1	0	2	1	1	0	1	1	1	0
GF_5302	0	0	0	0	9	0	0	0	0	0	0	0
GF_5303	1	0	0	1	3	0	0	1	1	0	1	1
GF_5304	1	0	0	1	2	0	2	1	0	0	1	1
GF_5305	0	0	0	0	9	0	0	0	0	0	0	0
GF_5306	0	0	0	0	9	0	0	0	0	0	0	0
GF_5307	0	1	1	0	2	1	0	0	1	1	1	1
GF_5308	0	1	0	0	6	0	1	0	0	1	0	0
GF_5309	0	1	1	0	3	1	1	0	1	1	0	0
GF_5310	0	1	1	0	2	1	1	1	0	1	0	1
GF_5311	0	1	1	0	4	1	1	0	0	1	0	0
GF_5312	0	1	1	1	2	1	1	0	0	1	1	0
GF_5313	0	1	1	0	3	1	1	0	1	1	0	0
GF_5314	0	0	0	0	9	0	0	0	0	0	0	0
GF_5315	0	0	0	0	9	0	0	0	0	0	0	0
GF_5316	0	0	0	0	9	0	0	0	0	0	0	0
GF_5317	0	0	0	4	0	0	0	2	1	0	1	1
GF_5318	1	1	0	1	0	1	0	1	2	0	1	1
GF_5319	1	0	0	2	0	0	0	1	3	0	1	1
GF_5320	0	0	0	4	0	0	0	1	0	0	1	3
GF_5321	2	0	0	2	0	0	0	1	1	0	1	2
GF_5322	1	0	0	2	0	0	0	3	0	0	2	1
GF_5323	1	0	0	3	0	0	0	1	0	0	2	2
GF_5324	1	0	0	1	0	0	1	3	1	0	1	1
GF_5325	1	1	0	1	0	0	1	2	0	0	2	1
GF_5326	1	0	0	1	0	0	0	1	3	0	1	2
GF_5327	1	0	1	1	0	0	0	2	1	0	2	1
GF_5328	1	0	1	1	0	0	0	2	1	0	2	1
GF_5329	1	1	0	1	0	0	0	2	1	1	1	1
GF_5330	1	1	1	1	0	0	0	2	1	0	1	1
GF_5331	1	1	0	1	0	0	0	1	1	1	2	1
GF_5332	1	0	0	1	0	1	1	1	1	0	2	1
GF_5333	1	1	0	1	0	0	0	1	1	1	2	1
GF_5334	1	0	1	1	0	0	0	1	1	1	2	1
GF_5335	1	0	0	1	1	0	2	1	0	0	2	1
GF_5336	1	1	1	1	0	0	0	1	0	1	2	1
GF_5337	0	1	0	1	0	0	0	1	1	3	1	1
GF_5338	0	2	1	0	1	1	1	0	1	2	0	0
GF_5339	0	1	1	0	0	1	1	0	0	5	0	0
GF_5340	0	0	0	0	0	0	0	0	0	9	0	0
GF_5341	0	0	9	0	0	0	0	0	0	0	0	0
GF_5342	0	0	9	0	0	0	0	0	0	0	0	0
GF_5343	0	0	9	0	0	0	0	0	0	0	0	0
GF_5344	0	0	9	0	0	0	0	0	0	0	0	0
GF_5345	0	9	0	0	0	0	0	0	0	0	0	0
GF_5346	0	9	0	0	0	0	0	0	0	0	0	0
GF_5347	0	9	0	0	0	0	0	0	0	0	0	0
GF_5348	0	9	0	0	0	0	0	0	0	0	0	0
GF_5349	0	9	0	0	0	0	0	0	0	0	0	0
GF_5350	0	9	0	0	0	0	0	0	0	0	0	0
GF_5351	1	2	0	1	0	0	1	1	1	0	1	1
GF_5352	0	0	0	0	0	9	0	0	0	0	0	0
GF_5353	0	0	0	0	0	9	0	0	0	0	0	0
GF_5354	0	0	0	0	9	0	0	0	0	0	0	0
GF_5355	0	0	0	0	9	0	0	0	0	0	0	0
GF_5356	0	0	0	0	9	0	0	0	0	0	0	0
GF_5357	0	0	0	0	9	0	0	0	0	0	0	0
GF_5358	0	0	0	0	9	0	0	0	0	0	0	0
GF_5359	0	0	0	0	9	0	0	0	0	0	0	0
GF_5360	0	0	0	0	9	0	0	0	0	0	0	0
GF_5361	0	0	0	0	9	0	0	0	0	0	0	0
GF_5362	0	0	0	0	9	0	0	0	0	0	0	0
GF_5363	0	0	0	0	9	0	0	0	0	0	0	0
GF_5364	0	0	0	0	9	0	0	0	0	0	0	0
GF_5365	0	0	0	0	9	0	0	0	0	0	0	0
GF_5366	0	0	0	0	9	0	0	0	0	0	0	0
GF_5367	0	0	0	0	9	0	0	0	0	0	0	0
GF_5368	0	0	0	0	9	0	0	0	0	0	0	0
GF_5369	0	0	0	0	9	0	0	0	0	0	0	0
GF_5370	0	0	0	0	9	0	0	0	0	0	0	0
GF_5371	0	0	0	0	9	0	0	0	0	0	0	0
GF_5372	0	0	0	0	9	0	0	0	0	0	0	0
GF_5373	0	1	1	1	1	1	1	0	0	1	1	1
GF_5374	1	1	1	1	0	0	0	1	1	1	1	1
GF_5375	1	1	1	1	0	0	0	1	1	1	1	1
GF_5376	0	0	1	1	1	0	1	1	1	1	1	1
GF_5377	1	1	1	0	1	1	1	0	1	1	0	1
GF_5378	1	1	1	0	1	1	1	0	1	1	1	0
GF_5379	1	1	1	1	0	0	1	1	0	1	1	1
GF_5380	1	0	1	1	1	0	1	1	1	0	1	1
GF_5381	0	1	1	0	1	1	1	1	0	1	1	1
GF_5382	1	1	1	0	1	1	1	0	1	1	1	0
GF_5383	1	0	1	1	1	0	1	1	0	1	1	1
GF_5384	1	1	1	1	0	0	0	1	1	1	1	1
GF_5385	1	1	1	0	1	1	0	1	1	1	0	1
GF_5386	1	1	1	1	0	0	1	1	1	1	1	0
GF_5387	1	1	1	1	0	0	0	1	1	1	1	1
GF_5388	0	1	1	1	1	0	0	1	1	1	1	1
GF_5389	0	1	1	0	1	1	1	0	1	1	1	1
GF_5390	1	0	1	1	1	0	0	1	1	1	1	1
GF_5391	1	1	1	1	1	0	0	1	0	1	1	1
GF_5392	1	1	1	1	0	0	1	1	0	1	1	1
GF_5393	1	1	0	1	1	0	0	1	1	1	1	1
GF_5394	1	1	1	1	1	0	0	1	1	0	1	1
GF_5395	1	0	1	1	0	1	0	1	1	1	1	1
GF_5396	1	1	1	1	0	0	0	1	1	1	1	1
GF_5397	1	1	1	1	0	0	0	1	1	1	1	1
GF_5398	1	1	1	1	0	0	0	1	1	1	1	1
GF_5399	1	1	1	1	0	0	0	1	1	1	1	1
GF_5400	1	1	1	1	0	0	0	1	1	1	1	1
GF_5401	1	1	1	1	0	1	0	1	1	0	1	1
GF_5402	1	1	1	1	0	0	0	1	1	1	1	1
GF_5403	1	0	0	1	0	0	0	2	2	1	1	1
GF_5404	1	1	1	1	0	0	0	1	1	1	1	1
GF_5405	1	0	2	1	0	0	0	1	1	1	1	1
GF_5406	1	1	1	1	0	1	0	1	0	1	1	1
GF_5407	1	1	1	1	0	0	0	1	1	1	1	1
GF_5408	1	1	1	1	0	0	0	1	1	1	1	1
GF_5409	1	1	1	1	0	0	0	1	1	1	1	1
GF_5410	1	1	1	1	0	0	0	1	1	1	1	1
GF_5411	1	1	1	1	0	0	0	1	1	1	1	1
GF_5412	1	1	1	1	0	0	0	1	1	1	1	1
GF_5413	1	1	1	1	0	0	0	1	1	1	1	1
GF_5414	1	1	1	1	0	0	0	1	1	1	1	1
GF_5415	1	1	1	1	0	0	0	1	1	1	1	1
GF_5416	1	1	1	1	0	0	0	1	1	1	1	1
GF_5417	1	1	1	0	0	1	1	1	1	1	0	1
GF_5418	1	1	1	1	0	0	0	1	1	1	1	1
GF_5419	1	1	1	1	0	0	0	1	1	1	1	1
GF_5420	1	1	1	1	0	0	0	1	1	1	1	1
GF_5421	1	1	1	0	1	0	1	1	0	1	1	1
GF_5422	1	1	1	1	0	0	0	1	1	1	1	1
GF_5423	1	0	1	1	0	1	1	1	0	1	1	1
GF_5424	1	1	1	1	0	0	0	1	1	1	1	1
GF_5425	0	1	1	1	1	1	1	1	0	1	0	1
GF_5426	1	1	1	1	0	0	1	1	1	0	1	1
GF_5427	1	1	1	1	0	0	0	1	1	1	1	1
GF_5428	1	1	1	1	0	0	1	1	0	1	1	1
GF_5429	1	1	1	1	0	0	0	1	1	1	1	1
GF_5430	1	1	1	1	0	0	0	1	1	1	1	1
GF_5431	1	1	1	1	0	0	1	1	0	1	1	1
GF_5432	1	0	1	1	0	0	1	1	1	1	1	1
GF_5433	1	1	1	1	0	0	0	1	1	1	1	1
GF_5434	1	1	1	1	0	0	0	1	1	1	1	1
GF_5435	1	0	1	1	1	0	1	1	1	0	1	1
GF_5436	1	1	1	1	0	0	0	1	1	1	1	1
GF_5437	1	1	1	1	0	0	0	1	1	1	1	1
GF_5438	1	1	1	1	0	0	0	1	1	1	1	1
GF_5439	1	1	1	1	0	0	0	1	1	1	1	1
GF_5440	1	1	1	1	0	0	0	1	1	1	1	1
GF_5441	1	1	1	1	0	0	0	1	1	1	1	1
GF_5442	1	1	1	1	0	0	0	1	1	1	1	1
GF_5443	1	1	1	1	0	0	0	1	1	1	1	1
GF_5444	1	1	1	1	0	0	0	1	1	1	1	1
GF_5445	1	1	1	1	0	0	0	1	1	1	1	1
GF_5446	1	1	1	1	0	0	0	1	1	1	1	1
GF_5447	1	1	1	1	0	1	0	1	1	0	1	1
GF_5448	1	1	1	1	0	0	0	1	1	1	1	1
GF_5449	1	1	1	1	0	0	0	1	1	1	1	1
GF_5450	1	0	1	1	0	0	1	1	1	1	1	1
GF_5451	1	1	1	1	0	0	0	1	1	1	1	1
GF_5452	1	1	1	1	0	0	0	1	1	1	1	1
GF_5453	1	1	1	1	0	0	0	1	1	1	1	1
GF_5454	1	1	1	1	0	1	0	1	0	1	1	1
GF_5455	1	1	1	1	0	0	0	1	1	1	1	1
GF_5456	1	0	1	1	0	0	1	1	1	1	1	1
GF_5457	1	1	1	1	0	0	0	1	1	1	1	1
GF_5458	1	1	1	1	0	0	0	1	1	1	1	1
GF_5459	1	1	1	1	0	0	0	1	1	1	1	1
GF_5460	1	1	1	1	0	0	0	1	1	1	1	1
GF_5461	1	1	1	1	0	1	0	1	0	1	1	1
GF_5462	1	1	1	1	0	0	0	1	1	1	1	1
GF_5463	1	1	1	1	0	0	0	1	1	1	1	1
GF_5464	1	1	1	1	0	0	0	1	1	1	1	1
GF_5465	1	1	1	1	0	0	0	1	1	1	1	1
GF_5466	1	1	1	1	0	0	0	1	1	1	1	1
GF_5467	1	1	1	1	0	0	0	1	1	1	1	1
GF_5468	1	1	1	1	0	0	0	1	1	1	1	1
GF_5469	1	1	1	1	0	0	0	1	1	1	1	1
GF_5470	1	1	0	1	0	0	1	1	2	0	1	1
GF_5471	1	0	1	1	0	1	0	1	1	1	1	1
GF_5472	1	1	1	1	0	0	0	1	1	1	1	1
GF_5473	1	1	1	1	0	0	0	1	1	1	1	1
GF_5474	1	1	1	1	0	0	0	1	1	1	1	1
GF_5475	1	1	1	1	0	0	1	1	0	1	1	1
GF_5476	1	1	1	1	0	0	0	1	1	1	1	1
GF_5477	1	1	1	1	0	0	0	1	1	1	1	1
GF_5478	1	1	1	1	0	0	0	1	1	1	1	1
GF_5479	1	1	1	1	0	0	0	1	1	1	1	1
GF_5480	1	0	1	1	0	0	1	1	1	1	1	1
GF_5481	0	1	1	1	1	1	1	0	1	1	0	1
GF_5482	1	1	1	1	0	0	1	1	0	1	1	1
GF_5483	1	1	1	1	0	0	0	1	1	1	1	1
GF_5484	1	1	1	1	0	0	0	1	1	1	1	1
GF_5485	1	0	1	1	0	0	1	1	1	1	1	1
GF_5486	1	1	1	1	1	0	0	1	0	1	1	1
GF_5487	1	1	1	1	0	0	0	1	1	1	1	1
GF_5488	1	0	1	1	1	0	0	1	1	1	1	1
GF_5489	1	1	1	1	0	0	0	1	1	1	1	1
GF_5490	1	1	1	1	0	0	0	1	1	1	1	1
GF_5491	1	1	1	1	0	1	1	1	0	1	0	1
GF_5492	1	1	1	1	0	0	0	1	1	1	1	1
GF_5493	1	1	1	1	0	0	0	1	1	1	1	1
GF_5494	1	1	1	1	0	0	0	1	1	1	1	1
GF_5495	1	1	1	1	0	0	0	1	1	1	1	1
GF_5496	1	1	1	1	0	0	0	1	1	1	1	1
GF_5497	1	1	1	1	0	0	0	1	1	1	1	1
GF_5498	1	1	1	1	0	0	1	1	0	1	1	1
GF_5499	1	1	1	1	1	0	0	1	1	0	1	1
GF_5500	0	0	1	1	1	1	1	1	0	1	1	1
GF_5501	1	1	1	1	0	0	0	1	1	1	1	1
GF_5502	1	1	1	1	0	0	0	1	1	1	1	1
GF_5503	1	1	1	1	0	0	0	1	1	1	1	1
GF_5504	1	1	1	1	0	0	0	1	1	1	1	1
GF_5505	1	1	1	1	0	1	0	1	1	0	1	1
GF_5506	1	1	1	1	0	0	0	1	1	1	1	1
GF_5507	1	1	1	1	0	0	0	1	1	1	1	1
GF_5508	1	1	1	1	0	1	0	1	0	1	1	1
GF_5509	1	1	1	1	0	0	0	1	1	1	1	1
GF_5510	1	1	1	1	0	0	0	1	1	1	1	1
GF_5511	1	1	1	1	0	0	0	1	1	1	1	1
GF_5512	1	1	1	1	0	1	0	1	1	0	1	1
GF_5513	1	1	1	1	0	0	0	1	1	1	1	1
GF_5514	1	1	1	1	1	0	0	1	1	0	1	1
GF_5515	1	1	1	1	0	0	0	1	1	1	1	1
GF_5516	1	1	1	1	0	0	0	1	1	1	1	1
GF_5517	1	1	1	1	0	0	0	1	1	1	1	1
GF_5518	1	1	1	1	0	0	0	1	1	1	1	1
GF_5519	1	1	1	1	0	0	0	1	1	1	1	1
GF_5520	1	1	1	1	0	0	1	1	1	0	1	1
GF_5521	1	0	1	1	1	0	1	1	0	1	1	1
GF_5522	1	1	1	1	1	0	0	1	1	0	1	1
GF_5523	1	1	1	1	0	0	0	1	1	1	1	1
GF_5524	1	1	2	1	0	0	0	1	0	1	1	1
GF_5525	1	1	1	1	0	1	0	1	0	1	1	1
GF_5526	1	1	1	1	0	0	0	1	1	1	1	1
GF_5527	1	1	1	1	0	0	0	1	1	1	1	1
GF_5528	1	1	1	1	0	0	1	1	0	1	1	1
GF_5529	1	1	1	1	0	0	0	1	1	1	1	1
GF_5530	1	1	1	1	0	0	0	1	1	1	1	1
GF_5531	1	1	1	1	0	0	0	1	1	1	1	1
GF_5532	1	1	1	1	0	0	0	1	1	1	1	1
GF_5533	1	1	1	1	0	0	0	1	1	1	1	1
GF_5534	1	1	1	1	0	0	0	1	1	1	1	1
GF_5535	1	1	1	1	0	0	0	1	1	1	1	1
GF_5536	1	1	1	1	0	0	0	1	1	1	1	1
GF_5537	1	1	1	1	0	1	1	0	0	1	1	1
GF_5538	1	1	1	1	0	0	0	1	1	1	1	1
GF_5539	1	1	1	1	0	0	0	1	1	1	1	1
GF_5540	1	1	1	1	0	0	0	1	1	1	1	1
GF_5541	1	1	1	1	0	0	0	1	1	1	1	1
GF_5542	1	1	1	1	0	0	0	1	1	1	1	1
GF_5543	1	1	1	1	0	0	0	1	1	1	1	1
GF_5544	1	1	1	1	0	0	0	1	1	1	1	1
GF_5545	1	1	1	1	0	0	0	1	1	1	1	1
GF_5546	1	1	1	1	0	0	1	1	1	0	1	1
GF_5547	1	1	1	1	0	0	0	1	1	1	1	1
GF_5548	1	1	1	1	0	1	0	1	1	0	1	1
GF_5549	1	1	1	1	0	0	0	1	1	1	1	1
GF_5550	1	0	1	1	0	1	0	1	1	1	1	1
GF_5551	1	1	1	1	0	0	0	1	1	1	1	1
GF_5552	1	1	1	1	0	0	0	1	1	1	1	1
GF_5553	1	1	1	1	0	0	0	1	1	1	1	1
GF_5554	1	0	1	2	0	0	0	1	1	0	1	2
GF_5555	1	1	1	1	0	0	0	1	1	1	1	1
GF_5556	1	1	1	1	0	0	0	1	1	1	1	1
GF_5557	1	1	1	1	0	0	0	1	1	1	1	1
GF_5558	1	1	1	1	0	0	0	1	1	1	1	1
GF_5559	1	1	1	1	0	0	0	1	1	1	1	1
GF_5560	1	1	1	1	0	0	0	1	1	1	1	1
GF_5561	1	1	1	1	0	0	0	1	1	1	1	1
GF_5562	1	1	1	1	0	0	0	1	1	1	1	1
GF_5563	1	1	1	1	0	0	0	1	1	1	1	1
GF_5564	1	1	1	1	0	0	0	1	1	1	1	1
GF_5565	1	1	1	1	0	0	0	1	1	1	1	1
GF_5566	1	0	1	1	0	1	1	1	1	0	1	1
GF_5567	1	1	1	1	0	1	0	1	0	1	1	1
GF_5568	1	1	1	1	0	0	0	1	1	1	1	1
GF_5569	1	1	1	1	0	0	0	1	1	1	1	1
GF_5570	1	0	1	1	0	0	1	1	1	1	1	1
GF_5571	1	1	1	1	0	0	0	1	1	1	1	1
GF_5572	1	1	1	1	0	0	0	1	1	1	1	1
GF_5573	1	1	1	1	0	0	1	1	0	1	1	1
GF_5574	1	1	1	1	0	0	1	1	0	1	1	1
GF_5575	1	1	1	1	0	0	0	1	1	1	1	1
GF_5576	1	1	1	1	0	0	0	1	1	1	1	1
GF_5577	1	1	1	1	0	0	0	1	1	1	1	1
GF_5578	1	1	1	1	0	0	0	1	1	1	1	1
GF_5579	1	1	1	1	0	0	0	1	1	1	1	1
GF_5580	1	1	1	1	1	0	1	1	1	0	0	1
GF_5581	1	1	1	1	0	0	0	1	1	1	1	1
GF_5582	1	0	1	1	0	1	1	1	1	0	1	1
GF_5583	1	1	1	1	0	0	0	1	1	1	1	1
GF_5584	1	1	1	1	0	0	0	1	1	1	1	1
GF_5585	0	1	1	1	0	1	0	1	1	1	1	1
GF_5586	1	1	1	1	0	0	0	1	1	1	1	1
GF_5587	0	1	1	0	1	1	1	0	1	1	1	1
GF_5588	1	0	1	1	0	1	0	1	1	1	1	1
GF_5589	1	1	1	1	0	0	0	1	1	1	1	1
GF_5590	1	1	1	1	0	0	0	1	1	1	1	1
GF_5591	1	1	1	1	0	0	0	1	1	1	1	1
GF_5592	1	1	1	1	1	0	0	1	1	0	1	1
GF_5593	1	1	1	1	0	0	0	1	1	1	1	1
GF_5594	1	1	1	1	0	1	0	1	0	1	1	1
GF_5595	1	1	1	1	0	0	0	1	1	1	1	1
GF_5596	1	1	1	1	0	0	1	1	0	1	1	1
GF_5597	1	0	1	1	0	1	0	1	1	1	1	1
GF_5598	1	1	1	1	0	0	0	1	1	1	1	1
GF_5599	1	1	1	1	0	0	0	1	1	1	1	1
GF_5600	1	1	1	1	0	0	0	1	1	1	1	1
GF_5601	1	1	1	1	0	0	0	1	1	1	1	1
GF_5602	1	1	1	1	0	0	0	1	1	1	1	1
GF_5603	1	1	1	1	0	0	0	1	1	1	1	1
GF_5604	1	0	1	1	0	0	1	1	1	1	1	1
GF_5605	1	1	1	1	0	0	0	1	1	1	1	1
GF_5606	1	1	1	1	0	0	0	1	1	1	1	1
GF_5607	1	1	1	1	0	0	0	1	1	1	1	1
GF_5608	1	1	1	1	0	0	0	1	1	1	1	1
GF_5609	1	1	1	1	0	0	0	1	1	1	1	1
GF_5610	1	1	1	1	0	0	0	1	1	1	1	1
GF_5611	1	0	1	1	1	0	1	1	1	0	1	1
GF_5612	1	1	1	1	0	0	0	1	1	1	1	1
GF_5613	1	1	1	1	0	0	0	1	1	1	1	1
GF_5614	1	1	1	1	0	0	0	1	1	1	1	1
GF_5615	1	0	1	1	0	0	1	1	1	1	1	1
GF_5616	1	0	1	1	1	1	0	1	1	0	1	1
GF_5617	1	1	1	1	0	0	0	1	1	1	1	1
GF_5618	1	0	1	0	1	1	0	1	1	1	1	1
GF_5619	1	1	1	1	0	0	0	1	1	1	1	1
GF_5620	1	1	1	1	0	0	0	1	1	1	1	1
GF_5621	1	1	1	1	0	0	0	1	1	1	1	1
GF_5622	1	1	1	1	0	0	0	1	1	1	1	1
GF_5623	1	1	1	1	0	1	0	1	1	0	1	1
GF_5624	1	1	1	1	0	0	0	1	1	1	1	1
GF_5625	1	1	1	1	0	0	0	1	1	1	1	1
GF_5626	1	0	1	1	1	1	0	1	0	1	1	1
GF_5627	1	1	1	1	0	0	0	1	1	1	1	1
GF_5628	1	1	1	1	0	0	0	1	1	1	1	1
GF_5629	1	1	1	1	0	0	0	1	1	1	1	1
GF_5630	1	1	1	1	0	0	0	1	1	1	1	1
GF_5631	0	1	1	1	0	1	2	0	1	2	0	0
GF_5632	1	1	1	1	0	0	0	1	1	1	1	1
GF_5633	1	1	1	1	0	0	0	1	1	1	1	1
GF_5634	1	1	1	1	0	0	1	1	0	1	1	1
GF_5635	1	1	1	1	0	0	0	1	1	1	1	1
GF_5636	1	1	1	1	0	0	1	1	0	1	1	1
GF_5637	1	1	1	1	0	0	0	1	1	1	1	1
GF_5638	1	1	1	1	0	0	0	1	1	1	1	1
GF_5639	1	1	2	1	0	0	0	1	1	0	1	1
GF_5640	1	1	1	1	0	0	0	1	1	1	1	1
GF_5641	1	0	0	1	1	1	1	1	1	0	1	1
GF_5642	1	1	0	1	1	0	0	1	1	1	1	1
GF_5643	1	1	1	1	0	0	0	1	1	1	1	1
GF_5644	1	1	1	1	0	0	0	1	1	1	1	1
GF_5645	1	1	0	1	0	0	1	1	1	1	1	1
GF_5646	1	1	1	1	0	0	0	1	1	1	1	1
GF_5647	1	1	1	1	0	0	0	1	1	1	1	1
GF_5648	1	1	0	1	0	1	1	1	1	0	1	1
GF_5649	1	1	1	1	0	0	0	1	1	1	1	1
GF_5650	1	1	1	1	0	0	0	1	1	1	1	1
GF_5651	1	1	1	1	0	0	0	1	1	1	1	1
GF_5652	1	1	1	1	0	0	0	1	1	1	1	1
GF_5653	1	1	1	1	0	0	1	1	0	1	1	1
GF_5654	1	0	1	1	0	1	0	1	1	1	1	1
GF_5655	1	1	1	1	0	0	0	1	1	1	1	1
GF_5656	1	1	1	1	0	1	0	1	1	0	1	1
GF_5657	0	1	1	1	1	1	0	1	0	1	1	1
GF_5658	1	1	1	1	0	0	0	1	1	1	1	1
GF_5659	1	1	1	1	1	0	0	1	1	0	1	1
GF_5660	1	1	1	1	0	0	0	1	1	1	1	1
GF_5661	1	1	1	1	0	0	0	1	1	1	1	1
GF_5662	1	1	1	1	0	0	0	1	1	1	1	1
GF_5663	1	1	1	1	0	0	0	1	1	1	1	1
GF_5664	1	1	1	1	0	0	0	1	1	1	1	1
GF_5665	1	1	1	1	0	0	0	1	1	1	1	1
GF_5666	1	1	1	1	0	0	0	1	1	1	1	1
GF_5667	1	1	1	1	0	0	0	1	1	1	1	1
GF_5668	1	0	1	1	0	1	1	1	0	1	1	1
GF_5669	1	1	1	1	0	0	0	1	1	1	1	1
GF_5670	1	1	1	1	0	0	0	1	1	1	1	1
GF_5671	1	1	1	1	0	1	0	1	1	0	1	1
GF_5672	1	1	1	1	0	0	0	1	1	1	1	1
GF_5673	1	1	1	1	0	0	1	1	1	0	1	1
GF_5674	1	1	1	1	0	0	0	1	1	1	1	1
GF_5675	1	1	1	1	0	0	1	1	1	0	1	1
GF_5676	1	0	1	1	0	1	1	1	0	1	1	1
GF_5677	1	1	1	1	0	0	0	1	1	1	1	1
GF_5678	1	1	1	1	0	0	0	1	1	1	1	1
GF_5679	1	1	1	1	0	0	0	1	1	1	1	1
GF_5680	1	1	1	1	0	0	0	1	1	1	1	1
GF_5681	1	1	1	1	0	1	0	1	0	1	1	1
GF_5682	1	1	1	1	0	0	1	1	1	0	1	1
GF_5683	1	1	1	0	1	0	1	1	1	1	0	1
GF_5684	1	1	1	1	0	0	0	1	1	1	1	1
GF_5685	1	1	1	1	0	0	0	1	1	0	2	1
GF_5686	1	1	1	1	0	0	0	1	1	1	1	1
GF_5687	1	1	1	1	0	0	0	1	1	1	1	1
GF_5688	1	1	1	1	0	0	0	1	1	1	1	1
GF_5689	1	1	1	1	0	0	0	1	1	1	1	1
GF_5690	1	1	1	1	0	0	0	1	1	1	1	1
GF_5691	1	1	1	1	0	0	0	1	1	1	1	1
GF_5692	1	1	1	1	0	0	1	1	0	1	1	1
GF_5693	1	1	1	1	0	0	0	1	1	1	1	1
GF_5694	1	1	1	1	0	0	1	1	0	1	1	1
GF_5695	1	1	1	1	0	0	0	1	1	1	1	1
GF_5696	1	1	1	1	0	0	0	1	1	1	1	1
GF_5697	1	1	1	1	0	0	0	1	1	1	1	1
GF_5698	1	1	1	1	0	0	1	1	0	1	1	1
GF_5699	1	1	0	1	0	1	0	1	1	1	1	1
GF_5700	1	1	1	1	0	0	0	1	1	1	1	1
GF_5701	1	1	1	1	0	0	0	1	1	1	1	1
GF_5702	1	1	1	1	0	0	0	1	1	1	1	1
GF_5703	1	1	1	1	0	0	0	1	1	1	1	1
GF_5704	1	1	1	1	0	0	0	1	1	1	1	1
GF_5705	1	1	1	1	0	0	0	1	1	1	1	1
GF_5706	1	1	1	1	0	0	0	1	1	1	1	1
GF_5707	1	1	1	1	0	0	0	1	1	1	1	1
GF_5708	1	1	1	1	0	0	0	1	1	1	1	1
GF_5709	1	1	1	1	0	1	1	1	0	0	1	1
GF_5710	1	1	1	1	0	0	0	1	1	1	1	1
GF_5711	1	1	1	1	0	0	0	1	1	1	1	1
GF_5712	1	0	0	1	0	0	0	2	2	0	1	2
GF_5713	1	1	0	1	0	0	1	1	1	1	1	1
GF_5714	1	0	1	1	0	0	0	1	2	0	2	1
GF_5715	1	0	0	1	1	1	1	1	1	0	1	1
GF_5716	1	1	1	1	0	0	0	1	1	1	1	1
GF_5717	2	0	0	2	0	0	0	2	1	0	1	1
GF_5718	1	1	0	1	0	2	0	1	1	0	1	1
GF_5719	1	1	1	1	0	0	0	1	1	1	1	1
GF_5720	1	1	1	1	0	0	0	1	1	1	1	1
GF_5721	1	1	0	1	0	0	1	1	1	1	1	1
GF_5722	1	0	0	1	1	1	1	1	1	0	1	1
GF_5723	1	0	0	2	0	0	0	2	1	0	2	1
GF_5724	1	1	0	1	0	1	0	1	1	1	1	1
GF_5725	1	1	0	1	1	0	0	1	1	1	1	1
GF_5726	1	1	0	1	0	0	0	2	1	1	1	1
GF_5727	1	1	0	1	1	0	0	1	1	1	1	1
GF_5728	1	1	0	1	0	1	1	1	1	0	1	1
GF_5729	1	1	0	1	0	1	0	1	1	1	1	1
GF_5730	1	1	1	1	0	0	0	1	1	1	1	1
GF_5731	1	0	0	1	1	1	1	1	1	0	1	1
GF_5732	1	1	1	1	0	0	0	1	1	1	1	1
GF_5733	1	1	0	1	0	1	0	1	1	1	1	1
GF_5734	1	1	0	1	0	1	1	1	1	0	1	1
GF_5735	1	1	1	1	0	0	0	1	1	1	1	1
GF_5736	1	1	0	0	1	1	1	1	0	1	1	1
GF_5737	1	1	0	1	0	1	0	1	2	0	1	1
GF_5738	1	1	0	1	0	1	1	1	1	0	1	1
GF_5739	1	0	0	2	0	0	0	2	1	0	1	2
GF_5740	2	0	0	1	0	0	0	2	0	0	3	1
GF_5741	1	1	0	1	0	1	1	1	1	0	1	1
GF_5742	1	1	0	1	0	1	1	1	1	0	1	1
GF_5743	1	1	1	1	0	0	0	1	1	1	1	1
GF_5744	1	1	0	1	1	0	0	1	1	1	1	1
GF_5745	1	1	0	1	0	1	1	1	1	0	1	1
GF_5746	1	1	0	1	0	0	1	1	1	1	1	1
GF_5747	1	1	0	1	0	0	1	1	1	1	1	1
GF_5748	1	0	0	1	0	1	1	1	1	1	1	1
GF_5749	1	1	0	1	1	0	0	1	1	1	1	1
GF_5750	1	1	0	1	1	1	0	1	1	0	1	1
GF_5751	1	1	1	1	0	0	1	1	1	0	1	1
GF_5752	1	1	0	1	1	1	0	1	1	0	1	1
GF_5753	1	1	1	1	0	0	0	1	1	1	1	1
GF_5754	1	1	1	1	0	0	0	1	1	1	1	1
GF_5755	1	1	0	1	0	0	1	1	1	1	1	1
GF_5756	1	0	1	1	1	1	0	1	1	0	1	1
GF_5757	1	1	0	1	0	1	0	1	1	1	1	1
GF_5758	1	0	0	2	0	0	1	1	1	0	1	2
GF_5759	1	1	0	1	1	1	1	1	0	0	1	1
GF_5760	1	0	0	1	0	0	0	1	1	2	1	1
GF_5761	0	0	0	0	0	0	0	0	0	8	0	0
GF_5762	0	0	0	0	0	0	0	0	0	8	0	0
GF_5763	0	0	0	0	0	0	0	0	0	8	0	0
GF_5764	0	0	0	0	0	0	0	0	0	8	0	0
GF_5765	0	0	0	0	0	0	0	0	0	8	0	0
GF_5766	0	0	0	0	0	0	0	0	0	8	0	0
GF_5767	0	1	1	0	0	1	1	0	0	2	1	1
GF_5768	0	7	0	0	0	0	0	0	0	1	0	0
GF_5769	0	3	0	0	0	0	0	0	0	5	0	0
GF_5770	0	0	5	0	0	0	0	0	0	3	0	0
GF_5771	0	1	2	0	0	0	1	0	0	4	0	0
GF_5772	0	2	1	0	0	0	0	0	0	5	0	0
GF_5773	0	3	0	0	0	0	0	0	0	5	0	0
GF_5774	0	0	6	0	0	0	0	0	0	2	0	0
GF_5775	1	1	0	1	0	0	0	1	0	2	1	1
GF_5776	0	2	1	0	0	3	0	0	0	2	0	0
GF_5777	1	0	2	1	0	0	0	1	1	0	1	1
GF_5778	1	0	2	1	0	0	0	1	1	0	1	1
GF_5779	0	0	8	0	0	0	0	0	0	0	0	0
GF_5780	1	0	2	1	0	0	0	1	1	0	1	1
GF_5781	0	1	5	0	1	0	0	0	0	1	0	0
GF_5782	0	1	2	0	1	1	1	0	1	1	0	0
GF_5783	0	0	8	0	0	0	0	0	0	0	0	0
GF_5784	0	0	8	0	0	0	0	0	0	0	0	0
GF_5785	0	0	8	0	0	0	0	0	0	0	0	0
GF_5786	1	1	2	0	0	0	0	1	0	2	0	1
GF_5787	1	0	2	1	0	0	0	1	0	0	1	2
GF_5788	0	0	8	0	0	0	0	0	0	0	0	0
GF_5789	0	2	6	0	0	0	0	0	0	0	0	0
GF_5790	0	1	6	0	0	0	0	0	0	1	0	0
GF_5791	0	0	2	0	5	0	1	0	0	0	0	0
GF_5792	0	0	8	0	0	0	0	0	0	0	0	0
GF_5793	1	0	2	1	0	0	0	1	1	0	1	1
GF_5794	0	0	7	1	0	0	0	0	0	0	0	0
GF_5795	0	0	8	0	0	0	0	0	0	0	0	0
GF_5796	0	1	2	0	1	1	1	0	1	1	0	0
GF_5797	1	0	2	1	0	0	0	1	1	0	1	1
GF_5798	0	0	8	0	0	0	0	0	0	0	0	0
GF_5799	0	1	7	0	0	0	0	0	0	0	0	0
GF_5800	0	3	4	0	0	0	0	0	0	1	0	0
GF_5801	1	0	2	1	0	0	0	1	1	0	1	1
GF_5802	0	0	8	0	0	0	0	0	0	0	0	0
GF_5803	0	0	7	0	0	0	0	0	0	1	0	0
GF_5804	0	1	5	0	2	0	0	0	0	0	0	0
GF_5805	1	0	2	1	0	0	0	2	0	0	1	1
GF_5806	0	0	0	0	0	0	0	0	8	0	0	0
GF_5807	1	0	0	1	0	0	0	1	3	0	1	1
GF_5808	0	0	0	0	0	0	0	0	8	0	0	0
GF_5809	1	0	0	0	0	0	0	1	4	0	1	1
GF_5810	0	0	0	0	0	0	0	0	8	0	0	0
GF_5811	1	0	0	1	0	0	0	1	2	0	1	2
GF_5812	0	0	1	0	0	6	0	0	0	0	0	1
GF_5813	1	0	3	0	0	0	0	1	1	0	1	1
GF_5814	0	1	2	0	1	0	3	0	0	1	0	0
GF_5815	0	1	2	0	2	1	1	0	0	1	0	0
GF_5816	2	0	0	1	0	0	0	2	0	0	2	1
GF_5817	2	0	0	2	0	0	0	2	0	0	2	0
GF_5818	2	0	0	1	0	0	0	2	0	0	2	1
GF_5819	3	0	0	2	0	0	0	1	0	0	1	1
GF_5820	2	0	0	1	0	0	0	2	0	0	1	2
GF_5821	3	0	0	0	0	0	0	2	0	0	2	1
GF_5822	2	0	0	2	0	0	0	2	0	0	1	1
GF_5823	2	0	0	1	0	0	0	2	0	0	1	2
GF_5824	3	0	0	1	0	0	0	2	0	0	1	1
GF_5825	3	0	0	1	0	0	0	1	0	0	0	3
GF_5826	2	0	0	3	0	0	0	1	0	0	1	1
GF_5827	2	0	0	2	0	0	0	2	0	0	1	1
GF_5828	2	1	0	3	0	0	0	0	0	0	0	2
GF_5829	2	0	0	2	0	0	0	2	0	0	1	1
GF_5830	3	0	0	1	0	0	0	0	0	0	2	2
GF_5831	2	0	0	4	0	0	0	2	0	0	0	0
GF_5832	2	0	0	1	0	0	0	1	1	0	2	1
GF_5833	2	0	0	2	0	0	0	0	0	0	2	2
GF_5834	2	0	0	0	0	0	0	2	0	0	2	2
GF_5835	2	0	0	0	0	0	0	1	1	0	2	2
GF_5836	1	0	0	1	0	0	0	1	1	1	1	2
GF_5837	0	1	1	0	0	0	0	1	1	1	1	2
GF_5838	1	0	0	2	0	0	0	1	0	0	1	3
GF_5839	2	0	0	2	0	0	0	0	0	0	1	3
GF_5840	1	0	0	1	0	0	0	1	2	0	1	2
GF_5841	1	0	0	1	0	0	0	1	2	0	1	2
GF_5842	1	0	0	2	0	0	0	1	1	0	1	2
GF_5843	1	0	0	2	0	1	0	1	0	0	1	2
GF_5844	1	0	0	2	0	0	0	1	1	0	1	2
GF_5845	1	0	0	2	0	0	0	1	1	0	1	2
GF_5846	1	0	0	2	0	0	0	1	1	0	1	2
GF_5847	1	0	0	2	0	0	0	1	1	0	1	2
GF_5848	1	0	0	2	0	0	0	1	1	0	1	2
GF_5849	1	0	0	2	0	0	0	1	1	0	1	2
GF_5850	1	1	0	1	0	0	0	1	1	0	1	2
GF_5851	1	0	0	2	0	0	0	1	1	0	1	2
GF_5852	1	0	0	2	0	0	0	1	1	0	1	2
GF_5853	1	0	0	2	0	0	0	1	1	0	1	2
GF_5854	1	0	0	2	0	0	0	1	1	0	1	2
GF_5855	1	0	0	2	0	0	0	1	1	0	1	2
GF_5856	1	0	0	2	0	0	0	1	1	0	1	2
GF_5857	1	0	0	2	0	0	0	1	1	0	1	2
GF_5858	1	1	0	1	0	0	0	1	1	0	1	2
GF_5859	1	0	0	1	1	0	1	1	0	0	1	2
GF_5860	1	0	1	1	0	0	0	1	1	0	1	2
GF_5861	1	0	0	1	0	0	0	1	1	0	2	2
GF_5862	1	0	0	1	0	0	0	1	1	0	2	2
GF_5863	0	0	0	1	0	0	0	2	1	0	2	2
GF_5864	1	0	0	3	0	0	0	2	0	0	0	2
GF_5865	1	0	0	0	0	0	0	3	1	0	0	3
GF_5866	1	0	0	1	0	0	0	1	0	0	2	3
GF_5867	0	0	0	2	0	0	0	3	0	0	0	3
GF_5868	1	0	0	1	0	0	0	2	1	0	1	2
GF_5869	1	0	0	1	0	0	0	1	3	0	1	1
GF_5870	0	0	0	0	0	0	0	0	8	0	0	0
GF_5871	1	0	0	1	0	0	0	1	3	0	1	1
GF_5872	1	1	0	1	0	0	0	1	2	0	1	1
GF_5873	1	0	0	0	0	0	0	3	0	0	2	2
GF_5874	1	0	0	1	0	0	0	2	1	0	1	2
GF_5875	1	0	0	1	0	0	0	3	0	0	1	2
GF_5876	1	0	0	1	0	0	0	1	1	0	2	2
GF_5877	1	0	0	1	0	0	0	1	1	0	2	2
GF_5878	1	1	0	1	0	0	0	1	1	0	1	2
GF_5879	1	1	0	1	0	0	0	1	0	1	1	2
GF_5880	1	0	1	1	0	0	0	1	1	0	1	2
GF_5881	1	0	0	2	0	0	0	1	1	0	1	2
GF_5882	1	0	0	2	0	0	0	1	1	0	1	2
GF_5883	1	0	0	2	0	0	0	1	1	0	1	2
GF_5884	1	0	0	3	0	0	0	1	0	0	1	2
GF_5885	1	0	0	2	0	0	0	1	1	0	1	2
GF_5886	1	0	0	2	0	0	0	1	1	0	1	2
GF_5887	1	0	0	2	0	0	0	1	1	0	1	2
GF_5888	1	0	0	2	0	0	0	1	1	0	1	2
GF_5889	1	0	0	2	0	0	0	1	1	0	1	2
GF_5890	1	0	0	2	0	0	0	1	1	0	1	2
GF_5891	1	0	0	2	0	0	0	1	1	0	1	2
GF_5892	1	0	0	2	0	0	0	2	0	0	1	2
GF_5893	0	0	0	0	0	0	0	2	0	0	3	3
GF_5894	2	0	0	0	0	0	0	0	0	0	4	2
GF_5895	1	0	0	1	0	0	1	1	1	0	1	2
GF_5896	1	0	0	1	0	0	0	1	2	0	1	2
GF_5897	1	0	0	1	0	0	0	1	2	0	1	2
GF_5898	1	0	0	1	0	0	0	1	2	0	1	2
GF_5899	1	0	0	1	0	0	0	1	2	0	1	2
GF_5900	1	0	0	1	1	0	1	1	0	0	1	2
GF_5901	1	0	0	1	0	0	0	1	2	0	1	2
GF_5902	1	0	1	1	0	0	0	1	1	0	1	2
GF_5903	1	0	0	1	1	0	0	1	1	0	1	2
GF_5904	0	0	0	2	0	0	0	2	0	0	2	2
GF_5905	1	0	0	1	0	0	0	1	1	1	1	2
GF_5906	1	1	0	1	0	0	0	1	1	0	1	2
GF_5907	1	0	0	1	0	0	1	1	1	0	1	2
GF_5908	1	0	0	1	0	0	0	1	1	1	1	2
GF_5909	0	0	0	2	0	0	0	2	0	0	2	2
GF_5910	1	2	0	1	0	0	0	1	1	0	1	1
GF_5911	0	6	1	0	0	0	0	0	0	1	0	0
GF_5912	0	8	0	0	0	0	0	0	0	0	0	0
GF_5913	0	8	0	0	0	0	0	0	0	0	0	0
GF_5914	0	8	0	0	0	0	0	0	0	0	0	0
GF_5915	0	8	0	0	0	0	0	0	0	0	0	0
GF_5916	0	8	0	0	0	0	0	0	0	0	0	0
GF_5917	0	7	0	0	0	1	0	0	0	0	0	0
GF_5918	0	6	0	0	0	1	0	0	0	1	0	0
GF_5919	0	8	0	0	0	0	0	0	0	0	0	0
GF_5920	0	8	0	0	0	0	0	0	0	0	0	0
GF_5921	1	2	0	1	0	0	1	1	0	0	1	1
GF_5922	0	7	0	0	0	0	0	0	0	0	0	1
GF_5923	1	0	0	1	0	0	0	1	2	0	1	2
GF_5924	1	0	0	1	0	1	0	1	2	0	1	1
GF_5925	1	0	1	1	0	0	0	1	2	0	1	1
GF_5926	1	0	0	1	0	0	0	1	3	0	1	1
GF_5927	1	0	1	1	0	0	0	1	2	0	1	1
GF_5928	0	0	0	0	0	0	0	0	8	0	0	0
GF_5929	0	0	0	0	0	0	0	0	8	0	0	0
GF_5930	1	0	0	2	0	0	0	1	2	0	1	1
GF_5931	1	2	0	1	0	0	0	1	1	0	1	1
GF_5932	0	5	0	0	0	0	0	1	1	1	0	0
GF_5933	0	3	0	0	0	4	1	0	0	0	0	0
GF_5934	0	7	0	0	0	0	0	0	1	0	0	0
GF_5935	0	8	0	0	0	0	0	0	0	0	0	0
GF_5936	1	1	0	1	0	0	0	1	1	1	1	1
GF_5937	0	2	1	0	0	3	0	0	0	0	1	1
GF_5938	0	0	0	0	0	8	0	0	0	0	0	0
GF_5939	0	0	0	0	0	8	0	0	0	0	0	0
GF_5940	0	0	1	0	0	7	0	0	0	0	0	0
GF_5941	0	0	0	0	0	8	0	0	0	0	0	0
GF_5942	0	0	0	0	0	8	0	0	0	0	0	0
GF_5943	1	1	1	1	0	1	0	1	0	0	1	1
GF_5944	0	0	0	0	0	8	0	0	0	0	0	0
GF_5945	0	0	0	0	0	6	0	0	0	2	0	0
GF_5946	0	0	0	0	0	8	0	0	0	0	0	0
GF_5947	1	0	0	1	0	0	0	1	3	0	1	1
GF_5948	1	1	0	1	0	2	0	1	0	0	1	1
GF_5949	0	0	0	0	8	0	0	0	0	0	0	0
GF_5950	0	0	0	0	8	0	0	0	0	0	0	0
GF_5951	0	0	0	0	8	0	0	0	0	0	0	0
GF_5952	0	0	0	0	8	0	0	0	0	0	0	0
GF_5953	0	1	1	0	3	1	0	0	1	1	0	0
GF_5954	0	0	0	0	8	0	0	0	0	0	0	0
GF_5955	0	0	0	0	8	0	0	0	0	0	0	0
GF_5956	0	0	0	0	8	0	0	0	0	0	0	0
GF_5957	0	0	0	0	8	0	0	0	0	0	0	0
GF_5958	0	1	1	1	2	0	1	0	1	1	0	0
GF_5959	0	1	1	0	3	1	1	0	0	1	0	0
GF_5960	0	0	0	0	8	0	0	0	0	0	0	0
GF_5961	0	1	1	1	2	1	1	0	0	1	0	0
GF_5962	0	0	0	0	8	0	0	0	0	0	0	0
GF_5963	1	1	1	1	2	0	1	0	0	0	0	1
GF_5964	0	2	0	0	2	1	2	0	0	1	0	0
GF_5965	0	1	1	0	2	1	1	0	1	1	0	0
GF_5966	0	1	1	0	3	1	1	0	0	1	0	0
GF_5967	0	2	1	0	2	1	2	0	0	0	0	0
GF_5968	0	1	1	0	2	1	1	0	1	1	0	0
GF_5969	1	0	0	2	0	0	1	1	0	0	1	2
GF_5970	1	0	0	4	0	0	0	1	0	0	1	1
GF_5971	1	1	0	1	0	0	0	1	2	0	1	1
GF_5972	0	0	0	0	0	0	0	0	8	0	0	0
GF_5973	1	0	1	1	0	0	0	1	2	0	1	1
GF_5974	0	0	0	5	0	0	0	1	0	0	1	1
GF_5975	1	1	0	2	0	0	0	1	1	0	1	1
GF_5976	1	0	0	2	0	0	0	1	1	1	1	1
GF_5977	1	1	0	2	0	1	0	1	0	0	1	1
GF_5978	1	0	1	2	0	0	0	1	1	0	1	1
GF_5979	1	0	0	2	0	0	0	1	1	0	2	1
GF_5980	1	0	1	2	0	0	0	1	0	0	2	1
GF_5981	1	0	0	2	0	0	0	1	0	1	2	1
GF_5982	1	0	0	2	0	0	0	1	1	0	2	1
GF_5983	1	0	0	2	0	0	0	1	1	1	1	1
GF_5984	1	0	0	2	0	0	0	1	1	0	1	2
GF_5985	1	0	1	1	0	0	0	2	1	0	1	1
GF_5986	1	0	0	1	0	0	0	2	1	0	2	1
GF_5987	1	0	0	1	0	1	0	2	1	0	1	1
GF_5988	1	1	1	1	0	0	0	2	0	0	1	1
GF_5989	1	0	1	1	0	0	0	2	1	0	1	1
GF_5990	1	0	0	1	0	0	0	3	1	0	1	1
GF_5991	1	0	0	1	0	0	0	1	2	0	2	1
GF_5992	1	0	0	1	0	0	0	1	3	0	1	1
GF_5993	1	0	0	1	0	0	0	2	1	0	2	1
GF_5994	1	0	0	1	0	0	0	3	0	0	1	2
GF_5995	1	0	0	1	0	0	0	2	1	0	2	1
GF_5996	1	0	0	1	0	0	1	2	1	0	1	1
GF_5997	1	1	0	1	0	0	0	2	1	0	1	1
GF_5998	1	0	0	1	0	0	0	2	2	0	1	1
GF_5999	1	0	1	1	0	0	0	1	1	0	2	1
GF_6000	1	0	0	1	0	0	0	1	1	1	2	1
GF_6001	1	0	1	1	0	0	0	1	1	0	2	1
GF_6002	1	0	0	1	0	0	0	1	1	1	2	1
GF_6003	1	0	0	2	0	0	0	1	1	0	2	1
GF_6004	1	1	0	1	0	0	0	2	0	0	2	1
GF_6005	1	1	0	1	0	0	0	1	1	0	2	1
GF_6006	1	0	1	1	0	0	0	1	0	1	2	1
GF_6007	1	0	1	1	0	0	0	1	1	0	2	1
GF_6008	1	0	1	1	0	0	0	1	1	0	2	1
GF_6009	1	0	1	0	0	0	1	0	2	0	3	0
GF_6010	1	0	0	1	0	0	0	2	1	0	2	1
GF_6011	1	0	0	2	0	0	0	1	1	0	2	1
GF_6012	1	0	0	1	0	0	0	1	3	0	1	1
GF_6013	0	0	0	0	0	0	0	0	0	8	0	0
GF_6014	0	1	0	0	0	0	0	0	0	7	0	0
GF_6015	0	0	0	0	0	0	0	0	0	8	0	0
GF_6016	0	0	8	0	0	0	0	0	0	0	0	0
GF_6017	0	0	8	0	0	0	0	0	0	0	0	0
GF_6018	0	0	8	0	0	0	0	0	0	0	0	0
GF_6019	0	0	8	0	0	0	0	0	0	0	0	0
GF_6020	0	0	8	0	0	0	0	0	0	0	0	0
GF_6021	0	8	0	0	0	0	0	0	0	0	0	0
GF_6022	0	8	0	0	0	0	0	0	0	0	0	0
GF_6023	0	8	0	0	0	0	0	0	0	0	0	0
GF_6024	0	8	0	0	0	0	0	0	0	0	0	0
GF_6025	0	8	0	0	0	0	0	0	0	0	0	0
GF_6026	0	8	0	0	0	0	0	0	0	0	0	0
GF_6027	0	8	0	0	0	0	0	0	0	0	0	0
GF_6028	0	8	0	0	0	0	0	0	0	0	0	0
GF_6029	0	0	0	0	0	8	0	0	0	0	0	0
GF_6030	0	0	0	0	8	0	0	0	0	0	0	0
GF_6031	0	0	0	0	8	0	0	0	0	0	0	0
GF_6032	0	0	0	0	8	0	0	0	0	0	0	0
GF_6033	0	0	0	0	8	0	0	0	0	0	0	0
GF_6034	0	0	0	0	8	0	0	0	0	0	0	0
GF_6035	0	0	0	0	8	0	0	0	0	0	0	0
GF_6036	0	0	0	0	8	0	0	0	0	0	0	0
GF_6037	0	0	0	0	8	0	0	0	0	0	0	0
GF_6038	0	0	0	0	8	0	0	0	0	0	0	0
GF_6039	0	0	0	0	8	0	0	0	0	0	0	0
GF_6040	0	0	0	0	8	0	0	0	0	0	0	0
GF_6041	0	0	0	0	8	0	0	0	0	0	0	0
GF_6042	0	0	0	0	8	0	0	0	0	0	0	0
GF_6043	0	0	0	0	8	0	0	0	0	0	0	0
GF_6044	0	0	0	0	8	0	0	0	0	0	0	0
GF_6045	0	0	0	0	8	0	0	0	0	0	0	0
GF_6046	0	0	0	0	8	0	0	0	0	0	0	0
GF_6047	0	0	0	0	8	0	0	0	0	0	0	0
GF_6048	0	0	0	0	8	0	0	0	0	0	0	0
GF_6049	0	0	0	0	8	0	0	0	0	0	0	0
GF_6050	0	0	0	0	8	0	0	0	0	0	0	0
GF_6051	0	0	0	0	8	0	0	0	0	0	0	0
GF_6052	0	0	0	0	8	0	0	0	0	0	0	0
GF_6053	0	0	0	0	8	0	0	0	0	0	0	0
GF_6054	0	0	0	0	8	0	0	0	0	0	0	0
GF_6055	0	0	0	0	8	0	0	0	0	0	0	0
GF_6056	0	1	1	0	1	1	1	0	1	1	1	0
GF_6057	0	1	1	0	1	1	1	0	1	1	1	0
GF_6058	0	1	1	0	1	0	1	0	1	1	1	1
GF_6059	1	0	1	0	1	1	1	0	1	1	1	0
GF_6060	1	0	0	1	0	0	1	1	1	1	1	1
GF_6061	0	1	1	0	1	1	1	0	2	1	0	0
GF_6062	0	1	1	1	1	1	1	0	1	1	0	0
GF_6063	0	1	1	1	1	1	1	0	0	1	0	1
GF_6064	0	1	1	1	1	1	1	0	1	1	0	0
GF_6065	1	1	1	0	1	1	1	0	1	1	0	0
GF_6066	1	0	0	1	1	1	0	1	1	0	1	1
GF_6067	0	1	1	0	1	1	1	0	1	1	0	1
GF_6068	1	0	1	1	1	0	0	1	1	0	1	1
GF_6069	1	0	1	0	1	0	1	1	1	1	0	1
GF_6070	1	1	1	0	1	1	1	0	1	1	0	0
GF_6071	0	0	1	1	1	1	1	1	0	0	1	1
GF_6072	0	1	1	0	1	1	1	0	1	1	1	0
GF_6073	0	0	1	0	1	1	1	0	1	1	1	1
GF_6074	0	0	1	1	1	0	0	1	1	1	1	1
GF_6075	1	1	1	1	0	0	0	1	0	1	1	1
GF_6076	1	0	0	1	0	1	0	1	1	1	1	1
GF_6077	1	0	1	1	0	0	0	1	1	1	1	1
GF_6078	1	1	1	1	0	0	0	1	0	1	1	1
GF_6079	1	1	1	0	0	0	0	1	1	1	1	1
GF_6080	1	0	1	1	0	1	0	1	1	0	1	1
GF_6081	1	1	1	1	0	0	0	1	1	0	1	1
GF_6082	1	0	0	1	1	0	0	1	1	1	1	1
GF_6083	1	1	1	1	0	0	0	1	1	0	1	1
GF_6084	0	1	1	1	1	1	0	0	0	1	1	1
GF_6085	1	0	1	1	0	0	0	1	1	1	1	1
GF_6086	0	1	1	1	0	1	1	0	1	1	1	0
GF_6087	1	0	1	1	0	0	0	1	1	1	1	1
GF_6088	1	1	1	1	0	0	0	1	1	0	1	1
GF_6089	1	0	1	1	0	1	0	1	1	0	1	1
GF_6090	1	1	1	1	0	0	0	1	1	0	1	1
GF_6091	0	1	1	0	0	0	1	1	1	1	1	1
GF_6092	1	1	1	1	0	0	0	1	1	0	1	1
GF_6093	1	0	1	1	1	0	0	1	1	0	1	1
GF_6094	0	0	1	1	1	1	1	0	1	1	0	1
GF_6095	1	0	1	1	1	0	1	1	0	0	1	1
GF_6096	1	0	1	1	0	0	0	1	1	1	1	1
GF_6097	1	1	1	1	0	0	0	1	0	1	1	1
GF_6098	1	1	1	1	0	0	0	1	1	0	1	1
GF_6099	1	0	1	1	0	0	0	1	1	1	1	1
GF_6100	1	0	0	1	0	0	1	1	1	1	1	1
GF_6101	1	1	1	1	0	0	0	1	1	0	1	1
GF_6102	1	0	1	1	1	0	0	1	0	1	1	1
GF_6103	0	1	1	0	1	1	1	0	1	1	1	0
GF_6104	1	1	1	1	0	0	0	1	1	0	1	1
GF_6105	1	1	1	1	1	0	1	0	1	1	0	0
GF_6106	1	1	1	1	0	1	0	1	0	1	0	1
GF_6107	1	0	1	1	0	0	0	1	1	1	1	1
GF_6108	1	0	1	1	0	0	0	1	1	1	1	1
GF_6109	1	1	1	1	0	0	0	1	0	1	1	1
GF_6110	1	0	1	1	0	0	1	1	0	1	1	1
GF_6111	0	1	1	0	1	1	1	0	1	1	1	0
GF_6112	1	1	1	1	0	0	0	1	0	1	1	1
GF_6113	1	1	1	1	0	0	0	1	1	0	1	1
GF_6114	1	1	1	1	0	0	0	1	0	1	1	1
GF_6115	1	1	0	1	0	0	0	1	1	1	1	1
GF_6116	0	1	1	0	1	1	1	1	0	1	0	1
GF_6117	1	1	0	1	0	0	0	1	1	1	1	1
GF_6118	1	1	1	1	0	0	0	1	1	0	1	1
GF_6119	1	0	1	1	0	0	1	1	1	0	1	1
GF_6120	1	1	1	1	0	0	0	1	1	0	1	1
GF_6121	1	1	1	1	0	0	0	1	1	0	1	1
GF_6122	1	1	1	1	0	0	0	1	1	0	1	1
GF_6123	1	1	1	1	0	0	0	1	1	0	1	1
GF_6124	1	1	1	1	0	0	0	1	0	1	1	1
GF_6125	1	1	1	1	0	0	0	1	1	0	1	1
GF_6126	1	1	1	1	0	0	0	1	0	1	1	1
GF_6127	1	1	1	1	0	0	0	1	1	0	1	1
GF_6128	1	1	1	1	0	0	0	1	1	0	1	1
GF_6129	1	0	1	1	0	0	0	1	1	1	1	1
GF_6130	1	1	1	1	0	0	0	1	1	0	1	1
GF_6131	1	0	1	1	0	0	0	1	1	1	1	1
GF_6132	1	0	1	1	0	1	0	1	1	0	1	1
GF_6133	1	1	1	1	0	0	0	1	1	0	1	1
GF_6134	1	1	0	1	0	0	0	1	1	1	1	1
GF_6135	1	1	1	0	0	0	0	1	1	1	1	1
GF_6136	0	1	1	1	0	0	1	1	1	0	1	1
GF_6137	1	0	1	1	1	0	0	1	1	0	1	1
GF_6138	1	1	1	1	0	1	0	1	0	1	1	0
GF_6139	1	0	1	1	0	0	0	1	1	1	1	1
GF_6140	1	1	1	1	0	0	0	1	1	0	1	1
GF_6141	1	1	1	1	0	1	0	1	0	0	1	1
GF_6142	1	1	1	1	0	0	0	1	1	0	1	1
GF_6143	1	1	1	1	0	0	0	1	0	1	1	1
GF_6144	1	0	1	1	0	0	0	1	1	1	1	1
GF_6145	1	0	1	1	0	0	0	1	1	1	1	1
GF_6146	1	1	1	1	0	0	0	1	1	0	1	1
GF_6147	1	0	1	1	0	0	0	1	1	1	1	1
GF_6148	1	0	1	1	0	0	0	1	1	1	1	1
GF_6149	1	1	1	1	0	0	0	1	0	1	1	1
GF_6150	1	0	1	1	0	0	0	1	1	1	1	1
GF_6151	1	1	1	1	0	0	0	1	0	1	1	1
GF_6152	1	0	1	1	0	0	0	1	1	1	1	1
GF_6153	1	1	0	1	0	0	0	1	1	1	1	1
GF_6154	0	1	1	1	0	0	0	1	1	1	1	1
GF_6155	1	1	1	1	0	0	0	1	1	0	1	1
GF_6156	1	1	1	1	0	0	0	1	0	1	1	1
GF_6157	1	0	0	1	1	0	1	1	1	0	1	1
GF_6158	1	1	1	1	0	0	0	1	1	0	1	1
GF_6159	1	1	1	0	0	0	0	1	1	1	1	1
GF_6160	1	0	1	1	0	0	1	1	1	0	1	1
GF_6161	1	0	1	1	0	0	0	1	1	1	1	1
GF_6162	1	1	1	1	0	0	0	1	1	1	0	1
GF_6163	1	1	0	1	0	0	0	1	1	1	1	1
GF_6164	1	0	1	1	0	0	0	1	1	1	1	1
GF_6165	1	0	1	1	0	0	0	1	1	1	1	1
GF_6166	1	1	1	1	0	0	0	1	1	0	1	1
GF_6167	1	0	1	1	0	1	1	1	0	0	1	1
GF_6168	1	1	1	0	0	0	0	1	1	1	1	1
GF_6169	1	0	1	1	0	0	0	1	1	1	1	1
GF_6170	1	0	1	0	1	1	1	1	0	1	0	1
GF_6171	1	1	1	1	0	0	0	1	0	1	1	1
GF_6172	1	1	1	1	0	0	0	1	0	1	1	1
GF_6173	1	1	1	1	0	0	0	1	0	1	1	1
GF_6174	0	1	1	1	0	0	0	1	1	1	1	1
GF_6175	0	1	1	0	1	1	1	1	1	1	0	0
GF_6176	1	1	0	1	0	0	0	1	1	1	1	1
GF_6177	1	1	1	1	0	0	0	1	1	0	1	1
GF_6178	1	0	2	1	0	0	0	1	0	1	1	1
GF_6179	1	1	1	1	0	0	0	1	1	0	1	1
GF_6180	1	1	1	1	0	0	0	1	1	0	1	1
GF_6181	0	1	1	0	1	1	1	0	0	1	1	1
GF_6182	1	1	1	1	0	0	0	1	1	0	1	1
GF_6183	1	1	1	1	0	0	0	1	1	1	0	1
GF_6184	1	1	1	1	0	0	0	1	1	0	1	1
GF_6185	1	0	1	1	0	0	0	1	1	1	1	1
GF_6186	1	1	0	0	1	0	1	1	1	0	1	1
GF_6187	1	0	0	1	1	1	0	1	1	0	1	1
GF_6188	1	1	0	1	0	1	0	1	1	0	1	1
GF_6189	1	1	1	1	0	0	0	1	1	0	1	1
GF_6190	1	1	1	1	0	0	0	1	1	0	1	1
GF_6191	0	0	1	1	0	1	1	1	1	0	1	1
GF_6192	1	0	1	1	0	0	0	1	1	1	1	1
GF_6193	1	1	0	1	0	0	0	1	1	1	1	1
GF_6194	1	0	1	1	0	1	0	1	1	0	1	1
GF_6195	1	1	0	1	0	1	0	1	1	0	1	1
GF_6196	1	1	1	1	0	0	0	1	1	0	1	1
GF_6197	1	1	0	1	0	0	0	1	1	1	1	1
GF_6198	1	0	1	1	0	1	0	1	1	0	1	1
GF_6199	1	0	1	1	0	1	0	1	1	0	1	1
GF_6200	1	0	1	1	0	1	0	1	1	0	1	1
GF_6201	1	0	1	1	0	1	0	1	1	0	1	1
GF_6202	1	1	0	1	0	0	1	1	1	0	1	1
GF_6203	1	0	1	1	0	0	0	1	1	1	1	1
GF_6204	1	1	1	1	0	0	0	1	1	0	1	1
GF_6205	1	1	1	1	0	0	0	1	0	1	1	1
GF_6206	0	0	1	1	0	1	1	1	0	1	1	1
GF_6207	1	0	1	1	0	0	0	1	1	1	1	1
GF_6208	1	1	1	1	0	0	0	1	1	0	1	1
GF_6209	1	1	1	1	0	0	0	1	1	0	1	1
GF_6210	1	1	1	0	1	1	1	1	0	1	0	0
GF_6211	1	1	0	1	0	0	0	1	1	1	1	1
GF_6212	1	0	1	1	0	0	0	1	1	1	1	1
GF_6213	1	0	1	1	0	0	0	1	1	1	1	1
GF_6214	1	1	0	1	0	0	1	1	1	0	1	1
GF_6215	1	0	1	1	0	0	0	1	1	1	1	1
GF_6216	1	1	1	1	0	1	0	1	0	0	1	1
GF_6217	1	1	1	1	0	0	0	1	0	1	1	1
GF_6218	1	0	1	1	0	1	0	1	1	0	1	1
GF_6219	1	0	1	1	0	0	0	1	1	1	1	1
GF_6220	1	0	1	1	2	0	0	1	0	0	1	1
GF_6221	1	1	1	1	0	0	0	1	0	1	1	1
GF_6222	1	1	1	1	0	0	0	1	0	1	1	1
GF_6223	0	1	1	0	1	1	1	0	1	1	0	1
GF_6224	0	1	1	0	1	1	1	1	0	1	1	0
GF_6225	1	0	0	1	1	0	1	1	0	0	2	1
GF_6226	1	0	1	0	0	1	1	1	0	1	1	1
GF_6227	1	1	0	1	0	0	0	1	1	1	1	1
GF_6228	1	0	1	1	1	0	1	1	0	1	0	1
GF_6229	1	0	1	1	0	0	0	1	1	1	1	1
GF_6230	1	0	1	1	0	0	0	1	1	1	1	1
GF_6231	0	1	1	0	1	1	1	1	0	1	1	0
GF_6232	1	1	1	1	0	0	1	1	0	0	1	1
GF_6233	1	0	0	1	0	0	2	1	1	0	1	1
GF_6234	1	1	0	1	0	0	0	1	1	1	1	1
GF_6235	1	0	1	1	0	0	1	1	1	0	1	1
GF_6236	2	0	0	2	0	0	0	1	1	0	1	1
GF_6237	1	1	0	1	0	1	0	1	1	0	1	1
GF_6238	1	0	0	1	0	1	1	1	1	0	1	1
GF_6239	1	1	0	1	0	0	0	1	1	1	1	1
GF_6240	1	1	0	1	0	0	0	1	1	1	1	1
GF_6241	1	0	0	1	1	0	1	1	1	0	1	1
GF_6242	1	0	1	1	0	1	0	1	1	0	1	1
GF_6243	1	0	0	1	0	0	0	1	2	0	1	2
GF_6244	1	1	0	1	0	0	0	1	1	1	1	1
GF_6245	1	1	0	1	0	0	1	1	0	1	1	1
GF_6246	1	1	0	1	1	0	1	1	0	1	0	1
GF_6247	1	1	0	1	0	1	0	1	1	0	1	1
GF_6248	1	1	0	1	0	1	0	1	1	0	1	1
GF_6249	1	1	0	1	0	0	1	1	1	0	1	1
GF_6250	1	1	0	1	0	1	0	1	1	0	1	1
GF_6251	1	1	0	1	0	0	0	1	1	1	1	1
GF_6252	1	1	0	1	0	0	0	1	1	1	1	1
GF_6253	1	0	0	1	1	0	0	1	2	0	1	1
GF_6254	1	1	0	1	0	1	0	1	1	0	1	1
GF_6255	1	1	0	1	0	1	0	1	1	0	1	1
GF_6256	1	0	0	1	0	0	0	2	0	0	2	2
GF_6257	1	1	0	1	0	0	0	1	1	1	1	1
GF_6258	1	1	0	1	0	0	1	1	1	0	1	1
GF_6259	1	0	0	1	0	0	0	1	1	0	2	2
GF_6260	1	1	0	1	0	0	0	1	1	1	1	1
GF_6261	1	1	1	1	0	0	0	1	1	0	1	1
GF_6262	1	1	0	1	0	0	0	1	1	1	1	1
GF_6263	1	1	0	1	1	0	1	1	0	0	1	1
GF_6264	1	0	0	1	0	1	1	1	1	0	1	1
GF_6265	1	0	1	1	0	0	0	1	1	1	1	1
GF_6266	1	1	0	1	0	0	0	1	1	1	1	1
GF_6267	2	0	0	1	0	0	0	2	1	0	1	1
GF_6268	1	1	0	1	0	0	0	1	1	1	1	1
GF_6269	1	1	0	1	0	0	0	1	1	1	1	1
GF_6270	1	1	0	1	0	0	1	1	0	1	1	1
GF_6271	1	1	0	1	1	0	1	1	0	0	1	1
GF_6272	1	0	0	1	0	1	1	1	1	0	1	1
GF_6273	1	0	0	1	0	1	1	1	1	0	1	1
GF_6274	1	1	0	1	0	0	0	1	1	1	1	1
GF_6275	1	0	1	1	0	0	1	1	1	0	1	1
GF_6276	1	1	0	1	0	0	0	1	1	1	1	1
GF_6277	1	1	0	1	0	0	0	1	1	1	1	1
GF_6278	1	1	0	1	0	0	1	1	1	0	1	1
GF_6279	1	0	0	1	0	0	0	2	1	0	1	2
GF_6280	1	1	0	1	0	1	0	1	0	1	1	1
GF_6281	1	1	0	1	0	0	0	1	1	1	1	1
GF_6282	1	0	1	1	0	0	0	1	1	0	1	2
GF_6283	1	1	1	1	0	0	0	1	0	1	1	1
GF_6284	1	1	0	1	0	1	0	1	1	0	1	1
GF_6285	1	1	0	1	0	0	0	1	1	1	1	1
GF_6286	1	1	0	1	0	0	0	1	1	1	1	1
GF_6287	1	1	0	1	0	1	0	1	1	0	1	1
GF_6288	1	1	0	1	0	0	0	1	1	1	1	1
GF_6289	1	1	0	1	0	0	1	1	1	0	1	1
GF_6290	1	0	0	1	1	0	1	1	1	0	1	1
GF_6291	1	1	1	1	0	0	0	1	1	0	1	1
GF_6292	1	1	0	1	0	1	1	1	0	0	1	1
GF_6293	1	0	1	1	0	1	0	1	1	0	1	1
GF_6294	1	1	0	1	0	0	0	1	1	1	1	1
GF_6295	1	1	1	1	0	0	0	1	1	0	1	1
GF_6296	1	0	1	1	0	1	0	1	1	0	1	1
GF_6297	1	0	0	1	1	0	1	1	1	0	1	1
GF_6298	1	0	0	1	1	1	0	1	1	0	1	1
GF_6299	1	1	0	1	0	0	0	1	1	1	1	1
GF_6300	1	0	0	1	0	1	0	1	1	1	1	1
GF_6301	1	1	0	1	0	0	0	1	1	1	1	1
GF_6302	1	1	0	1	0	0	0	1	1	1	1	1
GF_6303	1	0	1	1	0	0	1	1	1	0	1	1
GF_6304	1	1	0	1	0	0	0	1	1	1	1	1
GF_6305	1	0	0	1	0	0	1	1	1	1	1	1
GF_6306	1	0	1	1	0	0	0	1	1	1	1	1
GF_6307	1	0	0	1	1	1	1	1	0	0	1	1
GF_6308	1	1	0	1	0	0	0	1	1	1	1	1
GF_6309	1	1	0	1	0	0	0	1	1	1	1	1
GF_6310	1	1	1	1	0	0	0	1	1	0	1	1
GF_6311	1	1	0	1	0	1	0	1	1	0	1	1
GF_6312	1	1	1	1	0	0	0	1	1	0	1	1
GF_6313	1	0	1	1	1	0	0	1	1	0	1	1
GF_6314	1	1	0	1	0	0	0	1	1	1	1	1
GF_6315	1	1	0	1	0	0	0	1	1	1	1	1
GF_6316	1	1	0	1	0	0	0	1	1	1	1	1
GF_6317	1	1	0	1	0	0	0	1	1	1	1	1
GF_6318	1	1	0	1	0	0	0	1	1	1	1	1
GF_6319	1	0	0	1	0	1	1	1	1	0	1	1
GF_6320	1	0	0	1	0	0	0	2	0	0	2	2
GF_6321	1	0	1	1	0	1	1	1	0	0	1	1
GF_6322	0	0	0	0	0	0	0	0	0	7	0	0
GF_6323	0	1	1	0	0	1	1	0	0	3	0	0
GF_6324	0	0	0	0	0	0	0	0	0	7	0	0
GF_6325	0	0	3	0	0	0	0	0	0	4	0	0
GF_6326	0	0	0	0	1	2	1	0	0	3	0	0
GF_6327	0	0	0	0	0	1	0	0	0	6	0	0
GF_6328	0	0	0	0	0	0	0	0	0	7	0	0
GF_6329	0	1	5	0	0	0	0	0	0	1	0	0
GF_6330	0	0	2	0	0	1	0	0	0	4	0	0
GF_6331	0	1	2	0	0	1	0	0	0	3	0	0
GF_6332	0	0	5	0	0	0	0	0	0	2	0	0
GF_6333	0	1	4	0	0	0	0	0	0	2	0	0
GF_6334	0	0	0	0	0	0	0	0	0	7	0	0
GF_6335	0	0	0	0	0	0	0	0	0	7	0	0
GF_6336	0	0	0	0	0	0	0	0	0	7	0	0
GF_6337	0	0	0	0	0	0	0	0	0	7	0	0
GF_6338	0	1	0	0	0	0	0	0	0	6	0	0
GF_6339	0	0	0	0	0	0	0	0	0	7	0	0
GF_6340	0	0	0	0	0	0	0	0	0	7	0	0
GF_6341	1	0	1	1	0	0	0	1	0	0	1	2
GF_6342	0	0	7	0	0	0	0	0	0	0	0	0
GF_6343	0	0	7	0	0	0	0	0	0	0	0	0
GF_6344	1	0	2	1	0	0	0	1	0	0	1	1
GF_6345	0	0	7	0	0	0	0	0	0	0	0	0
GF_6346	1	0	2	1	0	0	0	1	0	0	1	1
GF_6347	0	0	7	0	0	0	0	0	0	0	0	0
GF_6348	0	0	7	0	0	0	0	0	0	0	0	0
GF_6349	0	0	7	0	0	0	0	0	0	0	0	0
GF_6350	0	0	7	0	0	0	0	0	0	0	0	0
GF_6351	0	1	6	0	0	0	0	0	0	0	0	0
GF_6352	0	0	7	0	0	0	0	0	0	0	0	0
GF_6353	0	1	2	0	1	1	1	0	0	1	0	0
GF_6354	0	0	4	1	0	0	0	0	0	0	1	1
GF_6355	0	3	3	0	0	0	1	0	0	0	0	0
GF_6356	0	4	3	0	0	0	0	0	0	0	0	0
GF_6357	0	0	7	0	0	0	0	0	0	0	0	0
GF_6358	0	0	6	0	0	0	0	0	0	1	0	0
GF_6359	0	0	7	0	0	0	0	0	0	0	0	0
GF_6360	0	0	6	0	0	0	0	0	0	1	0	0
GF_6361	0	2	2	0	1	1	0	0	0	1	0	0
GF_6362	0	0	7	0	0	0	0	0	0	0	0	0
GF_6363	0	0	5	1	0	0	0	0	0	0	1	0
GF_6364	0	0	7	0	0	0	0	0	0	0	0	0
GF_6365	1	1	3	1	0	0	0	0	0	1	0	0
GF_6366	0	0	6	0	0	0	0	0	0	1	0	0
GF_6367	0	0	7	0	0	0	0	0	0	0	0	0
GF_6368	0	0	4	0	3	0	0	0	0	0	0	0
GF_6369	1	0	2	1	0	0	0	1	0	0	1	1
GF_6370	0	1	2	0	0	1	1	0	0	1	1	0
GF_6371	0	4	2	0	0	1	0	0	0	0	0	0
GF_6372	0	0	6	1	0	0	0	0	0	0	0	0
GF_6373	1	0	2	1	0	0	0	1	0	0	1	1
GF_6374	1	0	0	1	0	0	0	1	2	0	1	1
GF_6375	0	0	0	0	0	0	0	0	7	0	0	0
GF_6376	0	0	0	1	0	0	0	1	3	0	1	1
GF_6377	0	0	7	0	0	0	0	0	0	0	0	0
GF_6378	0	1	6	0	0	0	0	0	0	0	0	0
GF_6379	1	0	4	0	0	0	0	1	0	0	0	1
GF_6380	0	2	2	0	0	1	0	0	1	1	0	0
GF_6381	0	1	2	0	1	1	1	0	0	1	0	0
GF_6382	0	0	2	0	0	2	1	0	0	2	0	0
GF_6383	2	0	0	1	0	0	0	1	0	0	2	1
GF_6384	2	0	0	0	0	0	0	2	0	0	2	1
GF_6385	3	0	0	2	0	0	0	1	0	0	1	0
GF_6386	2	0	0	0	0	0	0	1	0	0	2	2
GF_6387	2	0	0	2	0	0	0	1	1	0	1	0
GF_6388	2	0	0	1	0	0	0	1	0	0	1	2
GF_6389	2	0	0	2	0	0	0	1	0	0	1	1
GF_6390	4	0	0	1	0	0	0	0	0	0	2	0
GF_6391	2	0	0	3	0	0	0	0	0	0	0	2
GF_6392	2	0	0	2	0	0	0	1	0	0	1	1
GF_6393	2	0	0	2	0	0	0	1	0	0	1	1
GF_6394	2	0	0	2	0	0	0	1	0	0	2	0
GF_6395	1	0	0	1	0	0	0	1	1	0	1	2
GF_6396	1	0	0	1	0	0	0	1	1	0	1	2
GF_6397	1	0	0	1	0	0	0	1	1	0	1	2
GF_6398	1	0	0	1	0	0	0	1	1	0	1	2
GF_6399	1	0	0	1	0	0	0	1	1	0	1	2
GF_6400	1	0	0	1	0	0	0	1	0	1	1	2
GF_6401	1	0	0	1	0	0	0	1	0	0	2	2
GF_6402	1	0	0	1	0	0	0	1	0	0	2	2
GF_6403	0	0	0	1	0	0	0	2	0	0	1	3
GF_6404	1	0	0	1	0	0	0	1	0	0	2	2
GF_6405	0	0	0	1	0	0	0	2	0	0	0	4
GF_6406	1	0	0	1	0	0	0	1	1	0	1	2
GF_6407	1	0	0	1	0	0	0	1	0	0	2	2
GF_6408	1	0	0	2	0	0	0	1	0	0	1	2
GF_6409	1	0	0	2	0	0	0	1	0	0	1	2
GF_6410	1	0	0	2	0	0	0	1	0	0	1	2
GF_6411	1	0	0	2	0	0	0	1	0	0	1	2
GF_6412	1	0	0	2	0	0	0	1	0	0	1	2
GF_6413	1	0	0	2	0	0	0	1	0	0	1	2
GF_6414	1	0	0	2	0	0	0	1	0	0	1	2
GF_6415	1	0	0	1	0	0	0	1	1	0	1	2
GF_6416	1	0	0	1	0	0	0	0	1	1	1	2
GF_6417	1	0	0	1	0	0	0	1	1	0	1	2
GF_6418	1	0	0	1	1	0	0	1	0	0	1	2
GF_6419	1	0	0	1	0	0	0	1	1	0	1	2
GF_6420	0	0	0	3	0	0	0	2	0	0	0	2
GF_6421	1	0	0	1	0	0	0	1	0	0	2	2
GF_6422	1	0	0	1	0	0	0	1	0	0	2	2
GF_6423	1	0	0	2	0	0	0	1	0	0	1	2
GF_6424	0	0	0	3	0	0	0	2	0	0	0	2
GF_6425	1	0	0	0	0	0	0	1	0	0	2	3
GF_6426	1	0	1	0	0	0	0	1	0	0	1	3
GF_6427	0	0	0	0	0	0	0	0	7	0	0	0
GF_6428	1	0	0	1	0	0	0	1	2	0	1	1
GF_6429	1	0	0	1	0	0	0	2	0	0	1	2
GF_6430	1	0	0	2	0	0	0	1	0	0	1	2
GF_6431	1	0	0	1	0	0	0	1	1	0	1	2
GF_6432	1	0	0	1	0	0	0	1	0	0	2	2
GF_6433	1	0	0	1	0	0	0	1	1	0	1	2
GF_6434	1	0	0	1	0	0	0	1	1	0	1	2
GF_6435	1	0	0	1	0	0	0	1	1	0	1	2
GF_6436	1	0	0	1	0	0	0	1	0	0	1	3
GF_6437	1	0	0	2	0	0	0	1	0	0	1	2
GF_6438	1	0	0	2	0	0	0	1	0	0	1	2
GF_6439	1	0	0	2	0	0	0	1	0	0	1	2
GF_6440	1	0	0	2	0	0	0	1	0	0	1	2
GF_6441	1	0	0	2	0	0	0	1	0	0	1	2
GF_6442	1	0	0	2	0	0	0	1	0	0	1	2
GF_6443	1	0	0	2	0	0	0	1	0	0	1	2
GF_6444	1	0	0	2	0	0	0	1	0	0	1	2
GF_6445	1	0	0	2	0	0	0	1	0	0	1	2
GF_6446	1	0	0	2	0	0	0	1	0	0	1	2
GF_6447	1	0	0	1	0	0	0	1	1	0	1	2
GF_6448	0	0	0	2	0	0	0	1	0	0	1	3
GF_6449	1	0	0	1	0	1	0	1	0	0	1	2
GF_6450	1	0	0	1	0	0	0	1	1	0	1	2
GF_6451	1	0	0	1	0	0	0	1	1	0	1	2
GF_6452	1	0	0	1	0	0	0	1	1	0	1	2
GF_6453	1	0	0	1	0	0	0	1	1	0	1	2
GF_6454	1	0	0	1	0	0	0	1	0	0	2	2
GF_6455	1	0	0	2	0	0	0	1	0	0	1	2
GF_6456	1	0	0	1	0	0	0	1	1	0	1	2
GF_6457	1	0	0	1	0	0	0	1	1	0	1	2
GF_6458	1	0	0	1	0	0	0	1	1	0	1	2
GF_6459	0	7	0	0	0	0	0	0	0	0	0	0
GF_6460	0	7	0	0	0	0	0	0	0	0	0	0
GF_6461	0	5	0	0	0	2	0	0	0	0	0	0
GF_6462	0	7	0	0	0	0	0	0	0	0	0	0
GF_6463	0	7	0	0	0	0	0	0	0	0	0	0
GF_6464	0	7	0	0	0	0	0	0	0	0	0	0
GF_6465	0	5	0	0	0	1	1	0	0	0	0	0
GF_6466	0	7	0	0	0	0	0	0	0	0	0	0
GF_6467	0	7	0	0	0	0	0	0	0	0	0	0
GF_6468	0	4	1	0	0	0	1	0	0	1	0	0
GF_6469	0	7	0	0	0	0	0	0	0	0	0	0
GF_6470	0	6	0	0	0	1	0	0	0	0	0	0
GF_6471	0	7	0	0	0	0	0	0	0	0	0	0
GF_6472	0	7	0	0	0	0	0	0	0	0	0	0
GF_6473	0	7	0	0	0	0	0	0	0	0	0	0
GF_6474	0	7	0	0	0	0	0	0	0	0	0	0
GF_6475	0	7	0	0	0	0	0	0	0	0	0	0
GF_6476	0	5	0	0	1	0	1	0	0	0	0	0
GF_6477	0	2	1	0	1	1	1	0	0	1	0	0
GF_6478	1	0	0	1	0	0	0	1	2	0	1	1
GF_6479	0	7	0	0	0	0	0	0	0	0	0	0
GF_6480	0	7	0	0	0	0	0	0	0	0	0	0
GF_6481	0	3	1	0	1	1	0	0	0	1	0	0
GF_6482	1	2	0	1	0	0	0	1	0	0	1	1
GF_6483	0	2	1	0	0	1	1	0	1	1	0	0
GF_6484	0	7	0	0	0	0	0	0	0	0	0	0
GF_6485	0	7	0	0	0	0	0	0	0	0	0	0
GF_6486	0	2	0	0	0	4	1	0	0	0	0	0
GF_6487	1	2	0	1	0	0	0	1	0	0	1	1
GF_6488	1	1	0	1	0	0	0	1	1	0	1	1
GF_6489	0	7	0	0	0	0	0	0	0	0	0	0
GF_6490	0	4	1	0	0	1	0	0	0	1	0	0
GF_6491	0	0	0	0	0	7	0	0	0	0	0	0
GF_6492	0	0	1	0	0	5	0	0	1	0	0	0
GF_6493	1	0	1	1	0	1	0	1	0	0	1	1
GF_6494	0	0	0	0	0	7	0	0	0	0	0	0
GF_6495	0	1	0	0	0	6	0	0	0	0	0	0
GF_6496	0	1	0	0	0	6	0	0	0	0	0	0
GF_6497	0	1	1	0	1	2	1	0	0	1	0	0
GF_6498	0	0	0	0	0	7	0	0	0	0	0	0
GF_6499	1	0	0	1	0	0	0	1	2	0	1	1
GF_6500	1	0	0	1	0	0	0	1	2	0	1	1
GF_6501	1	0	0	1	0	0	0	1	3	0	1	0
GF_6502	1	0	0	3	0	0	0	1	2	0	0	0
GF_6503	1	0	0	1	0	0	0	1	2	0	1	1
GF_6504	1	0	0	1	0	0	0	1	2	0	1	1
GF_6505	0	0	0	0	0	0	0	2	2	2	1	0
GF_6506	1	0	0	1	0	0	0	1	2	0	1	1
GF_6507	1	0	0	1	0	2	0	1	0	0	1	1
GF_6508	0	0	0	0	7	0	0	0	0	0	0	0
GF_6509	0	0	0	0	7	0	0	0	0	0	0	0
GF_6510	0	1	0	0	3	1	2	0	0	0	0	0
GF_6511	0	0	0	0	7	0	0	0	0	0	0	0
GF_6512	0	0	0	0	7	0	0	0	0	0	0	0
GF_6513	0	0	0	0	7	0	0	0	0	0	0	0
GF_6514	0	1	1	0	2	1	1	0	0	1	0	0
GF_6515	0	0	0	0	7	0	0	0	0	0	0	0
GF_6516	0	1	1	0	2	1	1	0	0	1	0	0
GF_6517	0	0	1	0	4	1	0	0	0	1	0	0
GF_6518	0	1	1	0	2	1	1	0	0	1	0	0
GF_6519	0	0	1	0	2	1	0	0	2	1	0	0
GF_6520	0	1	1	0	2	1	1	0	0	1	0	0
GF_6521	0	0	0	2	0	0	0	2	0	0	1	2
GF_6522	1	0	0	2	0	0	0	1	1	0	1	1
GF_6523	0	0	0	3	0	0	0	1	0	0	1	2
GF_6524	1	0	0	1	0	0	0	1	2	0	1	1
GF_6525	1	0	0	1	0	0	0	1	2	0	1	1
GF_6526	1	0	0	1	0	0	0	1	2	0	1	1
GF_6527	1	0	0	1	0	0	0	1	2	0	1	1
GF_6528	1	0	0	1	0	0	0	1	2	0	1	1
GF_6529	1	0	0	1	0	0	0	1	2	0	1	1
GF_6530	1	0	0	1	0	0	0	1	2	0	1	1
GF_6531	1	0	0	1	0	0	0	1	2	0	1	1
GF_6532	1	0	0	1	0	0	0	1	2	0	1	1
GF_6533	1	0	0	1	0	0	0	1	2	0	1	1
GF_6534	1	0	0	1	0	0	0	1	2	0	1	1
GF_6535	1	0	0	2	0	0	0	1	1	0	1	1
GF_6536	1	0	0	2	0	0	0	1	1	0	1	1
GF_6537	1	0	0	2	0	0	0	1	1	0	1	1
GF_6538	1	0	0	2	0	0	0	1	1	0	1	1
GF_6539	1	0	0	6	0	0	0	0	0	0	0	0
GF_6540	0	0	0	5	0	0	0	1	0	0	0	1
GF_6541	0	0	0	2	0	0	0	2	0	0	2	1
GF_6542	1	0	0	3	0	0	0	2	0	0	1	0
GF_6543	1	0	0	3	0	0	0	2	0	0	0	1
GF_6544	0	0	0	2	0	0	0	1	1	0	2	1
GF_6545	1	0	0	3	0	0	0	1	0	0	1	1
GF_6546	1	0	0	2	0	0	0	1	0	0	1	2
GF_6547	1	0	0	2	0	0	0	1	0	0	2	1
GF_6548	1	0	0	2	0	0	0	1	1	0	1	1
GF_6549	1	0	0	2	0	0	0	1	1	0	1	1
GF_6550	1	0	0	2	0	0	0	1	1	0	1	1
GF_6551	1	0	0	2	0	0	0	1	1	0	1	1
GF_6552	1	0	0	2	0	0	0	1	0	0	2	1
GF_6553	1	0	0	2	0	0	0	1	0	0	2	1
GF_6554	1	0	0	2	0	0	0	1	0	0	2	1
GF_6555	1	0	0	2	0	0	0	1	0	0	2	1
GF_6556	1	0	0	2	0	0	0	1	1	0	1	1
GF_6557	1	0	0	2	0	0	0	1	1	0	1	1
GF_6558	1	0	0	2	0	0	0	1	0	0	2	1
GF_6559	1	0	1	1	0	0	0	2	0	0	1	1
GF_6560	1	1	0	0	0	0	0	3	0	0	1	1
GF_6561	1	0	0	1	0	0	0	3	0	0	1	1
GF_6562	1	0	0	1	0	0	0	2	1	0	1	1
GF_6563	1	0	0	1	0	0	0	2	0	0	2	1
GF_6564	1	0	0	2	0	0	0	2	0	0	1	1
GF_6565	1	0	0	1	0	0	0	2	1	0	1	1
GF_6566	1	0	0	1	0	0	0	2	0	0	2	1
GF_6567	1	0	0	1	0	0	0	2	0	0	2	1
GF_6568	1	0	0	1	0	0	0	2	0	0	2	1
GF_6569	0	0	0	1	0	0	0	3	0	0	3	0
GF_6570	1	0	0	1	0	0	0	2	1	0	1	1
GF_6571	1	0	0	1	0	0	0	2	1	0	1	1
GF_6572	1	0	0	1	0	0	0	2	1	0	1	1
GF_6573	0	0	0	1	0	0	0	3	0	0	2	1
GF_6574	1	0	0	1	0	0	0	1	2	0	1	1
GF_6575	1	0	0	1	0	0	0	1	1	0	2	1
GF_6576	0	0	0	1	0	0	0	3	0	0	2	1
GF_6577	1	0	0	1	0	0	0	2	0	0	2	1
GF_6578	1	0	0	1	0	0	0	2	1	0	1	1
GF_6579	1	0	0	1	0	0	0	2	1	0	1	1
GF_6580	1	0	0	1	0	0	0	2	1	0	1	1
GF_6581	1	0	0	1	0	0	0	2	1	0	1	1
GF_6582	1	0	0	1	0	0	0	2	1	0	1	1
GF_6583	1	0	0	1	0	0	0	2	1	0	1	1
GF_6584	2	0	0	1	0	0	0	2	0	0	1	1
GF_6585	1	0	0	1	0	1	0	2	0	0	1	1
GF_6586	1	0	0	1	0	0	0	2	1	0	1	1
GF_6587	1	1	0	0	0	0	0	2	0	0	2	1
GF_6588	1	0	0	1	0	0	0	1	1	0	2	1
GF_6589	1	0	0	1	0	0	0	1	1	0	2	1
GF_6590	1	0	0	1	0	0	0	1	1	0	2	1
GF_6591	1	0	0	1	0	0	0	1	1	0	2	1
GF_6592	1	0	0	1	0	0	0	1	1	0	2	1
GF_6593	1	0	0	1	0	0	0	1	1	0	2	1
GF_6594	1	0	0	1	0	0	0	1	1	0	2	1
GF_6595	1	0	0	1	0	0	0	1	1	0	2	1
GF_6596	1	0	0	1	0	0	0	1	1	0	2	1
GF_6597	1	0	0	1	0	0	0	1	1	0	2	1
GF_6598	1	0	0	1	0	0	0	1	1	0	2	1
GF_6599	1	0	0	1	0	0	0	1	1	0	2	1
GF_6600	1	0	0	1	0	0	0	1	1	0	2	1
GF_6601	1	0	0	1	0	0	0	1	1	0	2	1
GF_6602	1	0	0	1	0	0	0	1	1	0	2	1
GF_6603	1	0	0	1	0	0	0	1	1	0	2	1
GF_6604	0	0	0	1	0	0	0	0	0	0	6	0
GF_6605	1	0	0	0	0	0	0	2	0	0	2	2
GF_6606	1	0	0	1	0	0	0	1	1	0	2	1
GF_6607	1	0	0	1	0	0	0	1	1	0	2	1
GF_6608	1	0	0	1	0	0	0	1	1	0	2	1
GF_6609	1	1	0	1	0	0	0	1	0	0	2	1
GF_6610	1	0	0	1	0	0	0	1	1	0	2	1
GF_6611	1	0	0	1	0	0	0	1	1	0	2	1
GF_6612	1	0	0	1	0	0	0	1	1	0	2	1
GF_6613	1	0	0	1	0	0	0	1	1	0	2	1
GF_6614	1	0	0	1	0	0	0	1	1	0	2	1
GF_6615	1	0	0	1	0	0	0	1	1	0	2	1
GF_6616	1	0	0	1	0	0	0	1	1	0	2	1
GF_6617	1	0	0	1	0	0	0	1	1	0	2	1
GF_6618	0	0	0	1	0	0	0	1	0	0	3	2
GF_6619	1	0	0	1	0	0	0	1	0	0	3	1
GF_6620	1	0	0	1	0	0	1	1	1	0	1	1
GF_6621	0	0	0	0	0	2	3	0	0	2	0	0
GF_6622	1	0	0	1	0	0	0	1	0	1	1	2
GF_6623	1	0	0	1	0	0	0	1	0	2	1	1
GF_6624	1	0	0	1	0	0	0	1	0	2	1	1
GF_6625	0	0	0	0	0	0	0	0	0	7	0	0
GF_6626	0	0	1	0	0	0	0	0	0	6	0	0
GF_6627	1	0	0	1	0	0	0	1	0	2	1	1
GF_6628	0	0	0	0	0	0	0	0	0	7	0	0
GF_6629	0	0	7	0	0	0	0	0	0	0	0	0
GF_6630	0	0	7	0	0	0	0	0	0	0	0	0
GF_6631	0	1	6	0	0	0	0	0	0	0	0	0
GF_6632	0	0	7	0	0	0	0	0	0	0	0	0
GF_6633	0	0	7	0	0	0	0	0	0	0	0	0
GF_6634	0	0	7	0	0	0	0	0	0	0	0	0
GF_6635	0	0	7	0	0	0	0	0	0	0	0	0
GF_6636	0	0	7	0	0	0	0	0	0	0	0	0
GF_6637	0	0	7	0	0	0	0	0	0	0	0	0
GF_6638	0	0	7	0	0	0	0	0	0	0	0	0
GF_6639	0	0	7	0	0	0	0	0	0	0	0	0
GF_6640	0	0	7	0	0	0	0	0	0	0	0	0
GF_6641	0	0	7	0	0	0	0	0	0	0	0	0
GF_6642	0	7	0	0	0	0	0	0	0	0	0	0
GF_6643	0	7	0	0	0	0	0	0	0	0	0	0
GF_6644	0	7	0	0	0	0	0	0	0	0	0	0
GF_6645	0	7	0	0	0	0	0	0	0	0	0	0
GF_6646	0	7	0	0	0	0	0	0	0	0	0	0
GF_6647	0	7	0	0	0	0	0	0	0	0	0	0
GF_6648	0	7	0	0	0	0	0	0	0	0	0	0
GF_6649	0	7	0	0	0	0	0	0	0	0	0	0
GF_6650	0	7	0	0	0	0	0	0	0	0	0	0
GF_6651	0	7	0	0	0	0	0	0	0	0	0	0
GF_6652	1	0	0	1	0	0	0	1	2	0	1	1
GF_6653	0	0	0	0	0	7	0	0	0	0	0	0
GF_6654	0	0	0	0	0	7	0	0	0	0	0	0
GF_6655	0	0	0	0	0	7	0	0	0	0	0	0
GF_6656	0	0	0	0	0	7	0	0	0	0	0	0
GF_6657	0	0	0	0	0	7	0	0	0	0	0	0
GF_6658	0	0	0	0	7	0	0	0	0	0	0	0
GF_6659	0	0	0	0	7	0	0	0	0	0	0	0
GF_6660	0	0	0	0	7	0	0	0	0	0	0	0
GF_6661	0	0	0	0	7	0	0	0	0	0	0	0
GF_6662	0	0	0	0	7	0	0	0	0	0	0	0
GF_6663	0	0	0	0	7	0	0	0	0	0	0	0
GF_6664	0	0	0	0	7	0	0	0	0	0	0	0
GF_6665	0	0	0	0	7	0	0	0	0	0	0	0
GF_6666	0	0	0	0	7	0	0	0	0	0	0	0
GF_6667	0	0	0	0	7	0	0	0	0	0	0	0
GF_6668	0	0	0	0	7	0	0	0	0	0	0	0
GF_6669	0	0	0	0	7	0	0	0	0	0	0	0
GF_6670	0	0	0	0	7	0	0	0	0	0	0	0
GF_6671	0	0	0	0	7	0	0	0	0	0	0	0
GF_6672	0	0	0	0	7	0	0	0	0	0	0	0
GF_6673	0	0	0	0	7	0	0	0	0	0	0	0
GF_6674	0	0	0	0	7	0	0	0	0	0	0	0
GF_6675	0	0	0	0	7	0	0	0	0	0	0	0
GF_6676	0	0	0	0	7	0	0	0	0	0	0	0
GF_6677	0	0	0	0	7	0	0	0	0	0	0	0
GF_6678	0	0	0	0	7	0	0	0	0	0	0	0
GF_6679	0	0	0	0	7	0	0	0	0	0	0	0
GF_6680	0	1	1	0	1	1	1	0	1	1	0	0
GF_6681	0	1	1	0	1	1	1	0	1	1	0	0
GF_6682	0	1	1	0	1	1	1	0	1	1	0	0
GF_6683	1	0	1	1	0	0	0	1	0	1	1	1
GF_6684	1	0	0	1	0	0	0	1	1	1	1	1
GF_6685	0	1	1	0	1	1	1	0	1	1	0	0
GF_6686	1	1	1	0	1	1	1	0	0	1	0	0
GF_6687	0	1	1	0	1	1	1	0	1	1	0	0
GF_6688	0	1	1	1	1	0	1	0	1	1	0	0
GF_6689	1	0	1	1	0	0	0	1	1	0	1	1
GF_6690	1	0	0	1	0	0	0	1	1	1	1	1
GF_6691	1	0	1	1	0	0	0	1	0	1	1	1
GF_6692	1	0	1	1	0	0	0	1	1	0	1	1
GF_6693	1	0	0	1	0	0	0	1	1	1	1	1
GF_6694	0	1	1	0	1	1	1	0	1	1	0	0
GF_6695	0	1	1	0	1	1	1	0	1	1	0	0
GF_6696	1	0	1	1	0	0	0	1	1	0	1	1
GF_6697	1	1	0	1	0	0	0	1	1	0	1	1
GF_6698	0	1	1	0	1	1	1	0	0	1	0	1
GF_6699	1	0	1	1	0	0	0	1	1	0	1	1
GF_6700	1	0	1	1	0	0	0	1	1	1	1	0
GF_6701	0	1	1	1	0	0	0	1	0	1	1	1
GF_6702	1	0	0	1	0	0	0	1	1	1	1	1
GF_6703	1	1	1	1	0	0	0	1	0	0	1	1
GF_6704	0	1	1	1	0	0	0	1	0	1	1	1
GF_6705	1	1	1	1	0	0	0	1	0	0	1	1
GF_6706	0	1	1	0	1	1	1	0	1	1	0	0
GF_6707	0	1	1	0	1	1	1	1	0	1	0	0
GF_6708	0	1	1	0	0	3	1	0	0	1	0	0
GF_6709	1	0	1	1	0	0	0	1	0	1	1	1
GF_6710	1	1	0	1	0	0	0	1	1	0	1	1
GF_6711	0	1	1	0	1	1	1	0	1	1	0	0
GF_6712	0	1	1	0	1	1	0	1	1	1	0	0
GF_6713	0	1	1	1	0	1	1	0	0	1	0	1
GF_6714	1	0	1	0	0	0	0	1	0	1	2	1
GF_6715	1	0	1	1	0	0	0	1	0	1	1	1
GF_6716	1	1	0	1	0	0	0	1	1	0	1	1
GF_6717	0	1	1	0	1	1	1	0	1	1	0	0
GF_6718	1	0	0	1	1	0	0	1	1	0	1	1
GF_6719	1	1	0	1	0	0	0	1	1	0	1	1
GF_6720	0	1	1	0	1	1	1	0	1	1	0	0
GF_6721	1	1	1	0	0	0	0	0	1	1	1	1
GF_6722	1	0	1	1	0	0	0	1	1	0	1	1
GF_6723	1	0	1	1	0	0	0	1	1	0	1	1
GF_6724	0	1	1	0	1	1	1	0	1	1	0	0
GF_6725	0	1	1	0	0	1	1	1	1	1	0	0
GF_6726	0	1	1	0	1	1	1	0	1	1	0	0
GF_6727	0	1	1	0	1	1	1	0	1	1	0	0
GF_6728	1	0	0	1	0	0	0	1	1	1	1	1
GF_6729	1	0	1	1	0	0	0	1	1	0	1	1
GF_6730	0	1	1	0	1	1	0	0	1	1	1	0
GF_6731	0	1	1	0	1	1	1	0	1	1	0	0
GF_6732	0	1	1	0	0	1	0	1	1	0	1	1
GF_6733	1	1	1	1	0	0	0	1	0	0	1	1
GF_6734	0	1	1	0	1	1	1	0	1	1	0	0
GF_6735	1	0	0	1	0	0	0	1	1	1	1	1
GF_6736	1	1	1	0	0	0	0	1	1	1	0	1
GF_6737	1	1	0	1	0	0	0	1	1	0	1	1
GF_6738	0	0	1	0	1	1	1	0	1	1	1	0
GF_6739	0	1	1	0	1	1	1	0	1	1	0	0
GF_6740	1	0	1	1	0	0	0	1	0	1	1	1
GF_6741	1	0	1	1	0	0	0	1	1	0	1	1
GF_6742	1	0	1	1	0	0	0	1	0	1	1	1
GF_6743	1	0	1	1	0	0	0	1	0	1	1	1
GF_6744	0	2	1	0	1	1	1	0	0	1	0	0
GF_6745	1	0	1	0	0	0	0	1	1	1	1	1
GF_6746	1	0	0	1	0	0	0	1	1	1	1	1
GF_6747	1	0	1	1	0	0	0	1	1	0	1	1
GF_6748	1	0	1	1	0	0	0	1	1	0	1	1
GF_6749	1	0	1	1	0	0	0	1	1	0	1	1
GF_6750	1	0	1	1	0	0	0	1	1	0	1	1
GF_6751	1	0	1	1	0	0	0	1	1	0	1	1
GF_6752	1	0	0	1	0	0	0	1	1	1	1	1
GF_6753	1	0	1	1	0	0	0	1	1	0	1	1
GF_6754	1	1	0	1	0	0	0	1	1	0	1	1
GF_6755	1	0	0	1	0	0	0	1	1	1	1	1
GF_6756	1	0	1	1	0	0	0	1	1	0	1	1
GF_6757	1	0	1	1	0	0	0	1	1	0	1	1
GF_6758	1	0	0	1	0	0	1	1	1	0	1	1
GF_6759	1	0	0	1	0	0	0	1	2	0	1	1
GF_6760	1	0	0	1	0	1	0	1	1	0	1	1
GF_6761	1	0	1	1	0	0	0	1	1	0	1	1
GF_6762	1	1	0	1	0	0	0	1	1	0	1	1
GF_6763	2	0	0	1	0	0	0	1	0	0	1	2
GF_6764	1	1	0	1	0	0	0	1	1	0	1	1
GF_6765	0	0	1	0	1	0	0	1	1	1	1	1
GF_6766	1	0	1	1	0	0	0	1	1	0	1	1
GF_6767	1	0	0	1	0	0	0	1	1	1	1	1
GF_6768	1	0	0	1	0	1	0	1	1	0	1	1
GF_6769	1	0	1	1	0	0	0	1	1	0	1	1
GF_6770	1	0	1	1	0	0	0	1	1	0	1	1
GF_6771	1	0	0	1	0	0	1	1	1	0	1	1
GF_6772	1	0	0	1	0	0	1	1	1	0	1	1
GF_6773	1	1	0	1	0	0	0	1	1	0	1	1
GF_6774	1	0	0	1	0	0	1	1	1	0	1	1
GF_6775	1	0	1	1	0	0	0	1	1	0	1	1
GF_6776	1	0	1	1	0	0	0	1	1	0	1	1
GF_6777	1	0	1	1	0	0	0	1	1	0	1	1
GF_6778	1	0	1	1	0	0	0	1	1	0	1	1
GF_6779	1	1	0	1	0	0	0	1	1	0	1	1
GF_6780	1	0	0	1	0	0	1	1	1	0	1	1
GF_6781	1	0	0	1	0	1	0	1	1	0	1	1
GF_6782	1	0	1	1	0	0	0	1	1	0	1	1
GF_6783	1	0	1	1	0	0	0	1	1	0	1	1
GF_6784	0	1	1	0	1	1	1	0	1	1	0	0
GF_6785	1	0	1	1	0	0	0	1	0	1	1	1
GF_6786	1	1	1	1	0	0	0	1	0	0	1	1
GF_6787	1	0	1	1	0	0	0	1	0	1	1	1
GF_6788	0	1	1	0	1	1	1	0	1	1	0	0
GF_6789	1	1	0	1	0	0	0	1	1	0	1	1
GF_6790	1	0	1	1	0	0	1	1	0	1	0	1
GF_6791	1	1	0	1	0	0	0	1	1	0	1	1
GF_6792	0	1	1	0	1	1	0	0	1	1	1	0
GF_6793	0	1	1	0	1	1	1	0	1	1	0	0
GF_6794	0	1	1	0	0	1	1	1	0	1	1	0
GF_6795	1	0	1	1	0	0	0	1	1	0	1	1
GF_6796	1	1	0	1	0	0	0	1	1	0	1	1
GF_6797	1	1	0	1	0	0	0	1	1	0	1	1
GF_6798	1	0	1	1	0	0	0	1	1	0	1	1
GF_6799	1	0	0	1	0	0	0	1	1	1	1	1
GF_6800	1	0	1	1	0	0	0	1	1	0	1	1
GF_6801	1	0	0	1	0	1	0	1	1	0	1	1
GF_6802	1	0	1	1	0	0	0	1	1	0	1	1
GF_6803	1	0	0	1	0	1	0	1	1	0	1	1
GF_6804	2	0	0	1	0	0	0	1	0	0	1	2
GF_6805	1	0	0	1	0	0	0	1	0	0	3	1
GF_6806	1	0	0	2	0	0	0	1	1	0	1	1
GF_6807	1	0	0	2	0	0	0	1	1	0	1	1
GF_6808	1	0	1	1	0	0	0	1	1	0	1	1
GF_6809	1	1	0	1	0	0	0	1	0	1	1	1
GF_6810	1	1	0	1	0	0	0	1	0	1	1	1
GF_6811	1	0	0	1	0	1	0	1	1	0	1	1
GF_6812	1	0	1	1	0	0	0	1	1	0	1	1
GF_6813	1	0	1	1	0	0	0	1	1	0	1	1
GF_6814	1	0	0	1	1	1	0	1	0	0	1	1
GF_6815	1	1	0	1	0	0	0	1	1	0	1	1
GF_6816	1	0	0	1	1	0	1	1	0	0	1	1
GF_6817	1	1	0	1	0	0	0	1	1	0	1	1
GF_6818	1	1	0	1	0	0	0	1	0	1	1	1
GF_6819	1	1	0	1	0	0	0	1	1	0	1	1
GF_6820	1	0	0	1	0	0	0	1	1	1	1	1
GF_6821	1	0	0	1	0	1	1	1	0	0	1	1
GF_6822	1	0	0	1	0	0	0	1	1	1	1	1
GF_6823	1	1	0	1	0	0	0	1	1	0	1	1
GF_6824	1	1	0	1	0	0	0	1	1	0	1	1
GF_6825	1	0	1	1	0	0	0	1	1	0	1	1
GF_6826	2	0	0	1	0	0	0	1	0	0	2	1
GF_6827	1	0	0	1	0	0	0	2	1	0	1	1
GF_6828	1	0	0	1	0	0	0	2	1	0	1	1
GF_6829	1	0	0	1	0	0	0	1	0	0	2	2
GF_6830	2	0	0	1	0	0	0	2	0	0	1	1
GF_6831	1	0	1	1	0	0	0	1	1	0	1	1
GF_6832	1	1	0	1	0	0	0	1	1	0	1	1
GF_6833	1	0	0	2	0	0	0	1	0	0	2	1
GF_6834	1	0	1	1	0	0	0	1	1	0	1	1
GF_6835	1	0	0	1	0	1	0	1	1	0	1	1
GF_6836	1	1	0	1	0	0	0	1	1	0	1	1
GF_6837	1	0	1	1	0	0	0	1	1	0	1	1
GF_6838	1	0	1	1	0	0	0	1	1	0	1	1
GF_6839	1	0	0	2	0	0	0	1	0	0	2	1
GF_6840	1	0	0	1	0	0	1	1	1	0	1	1
GF_6841	1	0	1	1	0	0	0	1	1	0	1	1
GF_6842	1	0	0	1	0	0	0	2	0	0	1	2
GF_6843	1	0	0	1	0	1	0	1	1	0	1	1
GF_6844	1	0	0	1	0	1	0	1	1	0	1	1
GF_6845	1	1	0	2	0	0	0	1	0	0	1	1
GF_6846	1	0	1	1	0	0	0	1	1	0	1	1
GF_6847	1	0	1	1	0	0	0	1	1	0	1	1
GF_6848	1	0	0	1	0	1	0	1	1	0	1	1
GF_6849	1	1	0	1	0	0	0	1	0	1	1	1
GF_6850	1	0	0	1	0	0	0	1	1	0	1	2
GF_6851	1	1	0	1	0	0	0	1	1	0	1	1
GF_6852	1	0	0	1	0	1	0	1	1	0	1	1
GF_6853	1	0	0	1	0	0	0	1	1	0	1	2
GF_6854	1	0	0	2	0	0	0	1	1	0	1	1
GF_6855	1	0	1	1	0	0	0	1	1	0	1	1
GF_6856	1	0	0	1	0	0	0	1	1	1	1	1
GF_6857	1	1	0	1	0	0	0	1	1	0	1	1
GF_6858	1	0	0	1	0	1	0	1	1	0	1	1
GF_6859	1	0	0	1	0	0	0	1	1	1	1	1
GF_6860	1	0	0	1	0	1	0	1	1	0	1	1
GF_6861	1	0	0	2	0	0	0	2	0	0	1	1
GF_6862	1	0	0	1	0	0	0	2	1	0	1	1
GF_6863	1	0	1	1	0	0	0	1	1	0	1	1
GF_6864	1	0	1	1	0	0	0	1	1	0	1	1
GF_6865	1	0	0	1	0	0	0	1	1	1	1	1
GF_6866	1	0	1	1	0	0	0	1	1	0	1	1
GF_6867	1	0	0	1	0	0	0	1	1	1	1	1
GF_6868	1	0	1	1	0	0	0	1	1	0	1	1
GF_6869	1	0	0	1	0	1	0	1	1	0	1	1
GF_6870	1	0	0	1	0	1	0	1	1	0	1	1
GF_6871	1	0	0	1	0	0	1	1	1	0	1	1
GF_6872	1	1	0	1	0	0	0	1	0	0	1	2
GF_6873	1	0	0	1	0	0	0	1	0	0	2	2
GF_6874	0	1	0	1	0	0	0	2	1	0	1	1
GF_6875	1	1	0	1	0	0	0	1	1	0	1	1
GF_6876	1	0	0	1	0	0	0	2	0	0	1	2
GF_6877	1	1	0	1	0	0	0	1	0	1	1	1
GF_6878	1	0	0	1	0	0	1	1	1	0	1	1
GF_6879	1	0	0	1	0	0	0	1	1	0	1	2
GF_6880	1	0	0	1	0	0	0	1	1	0	1	2
GF_6881	1	1	0	1	0	0	0	2	0	0	1	1
GF_6882	1	1	0	1	0	0	0	1	0	1	1	1
GF_6883	1	1	0	1	0	0	0	1	1	0	1	1
GF_6884	1	1	0	0	0	0	0	1	2	0	1	1
GF_6885	1	1	0	1	0	0	0	1	1	0	1	1
GF_6886	1	0	0	1	0	0	1	1	1	0	1	1
GF_6887	1	0	1	1	0	0	0	1	1	0	1	1
GF_6888	1	0	1	1	0	0	0	1	1	0	1	1
GF_6889	1	0	1	1	0	0	0	1	1	0	1	1
GF_6890	1	0	0	2	0	0	0	1	0	0	2	1
GF_6891	2	0	0	1	0	0	0	1	1	0	1	1
GF_6892	1	0	0	1	0	1	0	1	1	0	1	1
GF_6893	1	0	0	1	0	0	0	1	1	1	1	1
GF_6894	1	0	0	1	0	0	1	1	1	0	1	1
GF_6895	1	0	0	1	0	1	0	1	1	0	1	1
GF_6896	1	0	1	1	0	0	0	1	1	0	1	1
GF_6897	1	0	0	2	0	0	0	2	0	0	1	1
GF_6898	1	0	0	1	0	1	0	1	1	0	1	1
GF_6899	1	0	0	1	0	0	1	1	1	0	1	1
GF_6900	1	0	1	1	0	0	0	1	1	0	1	1
GF_6901	1	0	0	1	0	1	0	1	1	0	1	1
GF_6902	1	0	1	1	0	0	0	1	1	0	1	1
GF_6903	1	0	0	1	0	0	0	1	1	1	1	1
GF_6904	1	1	1	1	0	0	0	1	0	0	1	1
GF_6905	1	1	0	1	0	0	0	1	1	0	1	1
GF_6906	1	0	0	1	0	1	0	1	0	1	1	1
GF_6907	1	0	1	1	0	0	0	1	1	0	1	1
GF_6908	1	1	0	1	0	0	0	1	1	0	1	1
GF_6909	1	0	0	1	1	0	0	1	1	0	1	1
GF_6910	1	0	1	1	0	0	0	1	1	0	1	1
GF_6911	1	0	0	1	0	0	0	1	1	1	1	1
GF_6912	1	0	0	1	0	0	0	2	0	0	1	2
GF_6913	1	0	1	1	0	0	0	1	1	0	1	1
GF_6914	1	0	1	1	0	0	0	1	1	0	1	1
GF_6915	1	0	0	1	0	1	0	1	1	0	1	1
GF_6916	1	0	1	1	0	0	0	1	1	0	1	1
GF_6917	1	0	1	1	0	0	0	1	1	0	1	1
GF_6918	1	0	1	1	0	0	0	1	1	0	1	1
GF_6919	1	0	0	1	0	0	0	1	1	1	1	1
GF_6920	1	0	0	1	0	1	0	1	1	0	1	1
GF_6921	1	0	1	1	0	1	0	1	0	0	1	1
GF_6922	1	1	0	1	0	0	0	1	1	0	1	1
GF_6923	1	1	0	1	0	0	0	1	1	0	1	1
GF_6924	1	0	0	1	0	0	0	1	1	1	1	1
GF_6925	1	0	1	1	0	0	0	1	1	0	1	1
GF_6926	1	0	1	1	0	0	0	1	1	0	1	1
GF_6927	1	0	0	1	1	0	0	1	1	0	1	1
GF_6928	1	1	0	1	0	0	0	1	0	1	1	1
GF_6929	1	0	1	1	0	0	0	1	1	0	1	1
GF_6930	1	0	1	1	0	0	0	1	1	0	1	1
GF_6931	1	0	0	1	0	0	0	1	1	0	1	2
GF_6932	1	0	1	1	0	0	0	1	1	0	1	1
GF_6933	1	0	0	1	0	1	0	1	1	0	1	1
GF_6934	1	1	0	1	0	0	0	1	1	0	1	1
GF_6935	1	0	0	1	0	0	1	1	1	0	1	1
GF_6936	1	0	0	1	0	0	0	1	1	1	1	1
GF_6937	1	1	0	1	0	0	0	1	1	0	1	1
GF_6938	1	0	0	1	0	0	0	1	1	1	1	1
GF_6939	1	0	1	1	0	0	0	1	1	0	1	1
GF_6940	1	0	1	1	0	0	0	1	1	0	1	1
GF_6941	1	0	1	1	0	0	0	1	1	0	1	1
GF_6942	1	0	1	1	0	0	0	1	1	0	1	1
GF_6943	1	0	1	1	0	0	0	1	1	0	1	1
GF_6944	1	0	0	1	0	0	1	1	1	0	1	1
GF_6945	1	0	1	1	0	0	0	1	1	0	1	1
GF_6946	1	0	0	2	0	0	0	1	0	0	1	2
GF_6947	1	0	0	2	0	0	0	1	1	0	1	1
GF_6948	1	0	0	1	0	0	0	1	1	0	1	2
GF_6949	1	0	0	1	0	0	0	1	1	1	1	1
GF_6950	1	0	0	1	0	0	0	2	0	0	1	2
GF_6951	1	0	1	1	0	0	1	1	0	0	1	1
GF_6952	1	1	0	1	0	0	0	1	0	1	1	1
GF_6953	0	0	0	1	1	0	0	1	1	1	1	1
GF_6954	0	1	0	1	0	0	1	1	1	1	0	1
GF_6955	0	1	1	0	1	1	1	0	1	1	0	0
GF_6956	0	1	2	0	0	1	0	0	0	2	0	0
GF_6957	0	0	1	0	0	0	0	0	0	5	0	0
GF_6958	0	0	0	0	0	0	0	0	0	6	0	0
GF_6959	0	1	1	0	2	0	0	0	0	2	0	0
GF_6960	0	0	1	0	0	0	0	0	0	5	0	0
GF_6961	0	3	0	0	0	1	0	0	0	2	0	0
GF_6962	0	0	0	0	0	0	0	0	0	6	0	0
GF_6963	0	3	1	0	0	0	0	0	0	2	0	0
GF_6964	0	0	0	0	0	0	0	0	0	6	0	0
GF_6965	0	3	0	0	1	0	0	0	0	2	0	0
GF_6966	0	0	0	0	0	0	0	0	0	6	0	0
GF_6967	0	0	0	0	0	0	0	0	0	6	0	0
GF_6968	0	0	0	0	0	0	0	0	0	6	0	0
GF_6969	0	1	0	0	0	0	0	0	0	5	0	0
GF_6970	0	1	0	0	0	0	0	0	0	5	0	0
GF_6971	0	2	0	0	0	1	0	0	0	3	0	0
GF_6972	0	2	0	0	0	0	0	0	0	4	0	0
GF_6973	0	0	4	0	0	0	0	0	0	2	0	0
GF_6974	0	0	0	0	0	0	0	0	0	6	0	0
GF_6975	0	0	0	0	0	0	0	0	0	6	0	0
GF_6976	0	0	0	0	0	0	0	0	0	6	0	0
GF_6977	0	0	6	0	0	0	0	0	0	0	0	0
GF_6978	0	0	6	0	0	0	0	0	0	0	0	0
GF_6979	0	0	6	0	0	0	0	0	0	0	0	0
GF_6980	0	1	5	0	0	0	0	0	0	0	0	0
GF_6981	0	0	6	0	0	0	0	0	0	0	0	0
GF_6982	0	1	3	0	1	0	0	0	0	1	0	0
GF_6983	0	0	4	0	0	0	1	0	1	0	0	0
GF_6984	0	0	6	0	0	0	0	0	0	0	0	0
GF_6985	0	0	6	0	0	0	0	0	0	0	0	0
GF_6986	0	2	2	0	0	0	1	0	0	1	0	0
GF_6987	0	3	2	0	0	0	0	0	0	1	0	0
GF_6988	0	0	5	0	1	0	0	0	0	0	0	0
GF_6989	0	0	6	0	0	0	0	0	0	0	0	0
GF_6990	0	1	5	0	0	0	0	0	0	0	0	0
GF_6991	0	0	6	0	0	0	0	0	0	0	0	0
GF_6992	0	2	2	0	0	1	0	0	0	1	0	0
GF_6993	0	2	4	0	0	0	0	0	0	0	0	0
GF_6994	0	2	4	0	0	0	0	0	0	0	0	0
GF_6995	0	2	4	0	0	0	0	0	0	0	0	0
GF_6996	0	0	6	0	0	0	0	0	0	0	0	0
GF_6997	0	0	1	0	0	0	0	1	0	0	1	3
GF_6998	0	2	3	0	0	0	0	0	0	1	0	0
GF_6999	0	0	6	0	0	0	0	0	0	0	0	0
GF_7000	0	2	3	0	0	1	0	0	0	0	0	0
GF_7001	0	1	3	0	0	0	1	0	0	1	0	0
GF_7002	0	0	6	0	0	0	0	0	0	0	0	0
GF_7003	0	0	6	0	0	0	0	0	0	0	0	0
GF_7004	0	0	6	0	0	0	0	0	0	0	0	0
GF_7005	0	0	4	0	1	0	1	0	0	0	0	0
GF_7006	0	0	4	0	1	0	0	0	1	0	0	0
GF_7007	0	1	5	0	0	0	0	0	0	0	0	0
GF_7008	0	1	3	0	0	0	1	0	0	1	0	0
GF_7009	0	0	6	0	0	0	0	0	0	0	0	0
GF_7010	0	0	6	0	0	0	0	0	0	0	0	0
GF_7011	0	1	2	0	0	1	1	0	0	1	0	0
GF_7012	0	1	3	0	0	1	0	0	0	1	0	0
GF_7013	0	0	5	0	0	0	0	0	1	0	0	0
GF_7014	0	0	6	0	0	0	0	0	0	0	0	0
GF_7015	0	2	4	0	0	0	0	0	0	0	0	0
GF_7016	0	0	2	0	0	0	0	2	0	0	0	2
GF_7017	0	0	6	0	0	0	0	0	0	0	0	0
GF_7018	0	0	6	0	0	0	0	0	0	0	0	0
GF_7019	0	0	6	0	0	0	0	0	0	0	0	0
GF_7020	0	4	2	0	0	0	0	0	0	0	0	0
GF_7021	0	0	5	0	0	0	0	0	0	1	0	0
GF_7022	1	0	0	0	0	0	0	1	2	0	1	1
GF_7023	0	0	0	0	0	0	0	0	6	0	0	0
GF_7024	1	0	0	0	0	0	0	1	2	0	1	1
GF_7025	1	0	0	1	0	0	0	1	1	0	1	1
GF_7026	0	0	0	0	0	0	0	0	5	1	0	0
GF_7027	2	0	3	0	0	0	0	0	0	1	0	0
GF_7028	0	0	5	0	0	0	0	0	0	1	0	0
GF_7029	0	0	5	0	0	0	0	0	1	0	0	0
GF_7030	0	1	2	0	0	1	0	0	1	1	0	0
GF_7031	0	0	6	0	0	0	0	0	0	0	0	0
GF_7032	0	0	6	0	0	0	0	0	0	0	0	0
GF_7033	0	0	3	0	3	0	0	0	0	0	0	0
GF_7034	0	2	2	0	0	1	0	0	0	1	0	0
GF_7035	0	2	2	0	0	0	0	0	0	2	0	0
GF_7036	1	0	2	1	0	0	0	1	0	0	1	0
GF_7037	0	0	6	0	0	0	0	0	0	0	0	0
GF_7038	2	0	0	1	0	0	0	0	0	0	2	1
GF_7039	3	0	0	1	0	0	0	1	0	0	0	1
GF_7040	2	0	0	1	0	0	0	1	0	0	1	1
GF_7041	2	0	0	1	0	0	0	1	0	0	1	1
GF_7042	2	0	0	1	0	0	0	1	0	0	1	1
GF_7043	2	0	0	1	0	0	0	2	0	0	1	0
GF_7044	0	0	0	0	0	0	0	3	0	0	0	3
GF_7045	1	0	0	1	0	0	0	1	0	0	1	2
GF_7046	1	0	0	1	0	0	0	1	0	0	1	2
GF_7047	1	0	0	1	0	0	0	1	0	0	1	2
GF_7048	1	0	0	1	0	0	0	1	0	0	1	2
GF_7049	1	0	0	1	0	0	0	1	0	0	1	2
GF_7050	0	0	0	2	0	0	0	1	0	0	0	3
GF_7051	1	0	0	1	0	0	0	1	0	0	1	2
GF_7052	1	0	0	1	0	0	0	1	0	0	1	2
GF_7053	1	0	0	1	0	0	0	1	0	0	1	2
GF_7054	1	0	0	1	0	0	0	1	0	0	1	2
GF_7055	1	0	0	1	0	0	0	1	0	0	1	2
GF_7056	1	0	0	1	0	0	0	1	0	0	1	2
GF_7057	1	0	0	1	0	0	0	1	0	0	1	2
GF_7058	1	0	0	1	0	0	0	1	0	0	1	2
GF_7059	1	0	0	1	0	0	0	1	0	0	1	2
GF_7060	1	0	0	1	0	0	0	1	0	0	1	2
GF_7061	1	0	0	1	0	0	0	1	0	0	1	2
GF_7062	1	0	0	1	0	0	0	1	0	0	1	2
GF_7063	1	0	0	1	0	0	0	1	0	0	1	2
GF_7064	1	0	0	1	0	0	0	1	0	0	1	2
GF_7065	1	0	0	1	0	0	0	1	0	0	1	2
GF_7066	1	0	0	1	0	0	0	1	0	0	1	2
GF_7067	1	0	0	1	0	0	0	1	0	0	1	2
GF_7068	1	0	0	1	0	0	0	1	0	0	1	2
GF_7069	0	0	0	1	0	0	0	3	0	0	0	2
GF_7070	1	0	0	1	0	0	0	2	0	0	0	2
GF_7071	0	0	0	0	0	0	0	2	0	0	1	3
GF_7072	0	0	0	1	0	0	0	1	0	0	2	2
GF_7073	1	0	0	1	0	0	0	1	0	0	1	2
GF_7074	1	0	0	1	0	0	0	1	0	0	1	2
GF_7075	1	0	0	1	0	0	0	1	0	0	1	2
GF_7076	1	0	0	1	0	0	0	1	0	0	1	2
GF_7077	1	0	0	1	0	0	0	1	0	0	1	2
GF_7078	1	0	0	1	0	0	0	1	0	0	1	2
GF_7079	1	0	0	1	0	0	0	1	0	0	1	2
GF_7080	1	0	0	1	0	0	0	1	0	0	1	2
GF_7081	1	0	0	1	0	0	0	1	0	0	1	2
GF_7082	1	0	0	1	0	0	0	1	0	0	1	2
GF_7083	1	0	0	1	1	0	0	0	0	0	1	2
GF_7084	1	0	0	1	0	0	0	1	0	0	1	2
GF_7085	1	0	0	1	0	0	0	1	0	0	1	2
GF_7086	1	0	0	1	0	0	0	1	0	0	1	2
GF_7087	1	0	0	1	0	0	0	1	0	0	1	2
GF_7088	1	0	0	1	0	0	0	1	0	0	1	2
GF_7089	1	0	0	1	0	0	0	1	0	0	1	2
GF_7090	1	0	0	1	0	0	0	2	0	0	0	2
GF_7091	0	0	1	0	0	0	0	1	0	0	2	2
GF_7092	1	0	0	1	0	0	0	1	0	0	1	2
GF_7093	1	0	0	1	0	0	0	1	0	0	1	2
GF_7094	1	0	0	1	0	0	0	1	0	0	1	2
GF_7095	1	0	0	1	0	0	0	1	0	0	1	2
GF_7096	1	0	0	1	0	0	0	1	0	0	1	2
GF_7097	1	0	0	1	0	0	0	1	0	0	1	2
GF_7098	1	0	0	1	0	0	0	1	0	0	1	2
GF_7099	1	0	0	1	0	0	0	1	0	0	1	2
GF_7100	1	0	0	1	0	0	0	1	0	0	1	2
GF_7101	1	0	0	1	0	0	0	1	0	0	1	2
GF_7102	1	0	0	1	0	0	0	1	0	0	1	2
GF_7103	1	0	0	1	0	0	0	1	0	0	1	2
GF_7104	1	0	0	1	0	0	0	1	0	0	1	2
GF_7105	1	0	0	1	0	0	0	1	0	0	1	2
GF_7106	1	0	0	1	0	0	0	1	0	0	1	2
GF_7107	1	0	0	1	0	0	0	1	0	0	1	2
GF_7108	1	0	0	1	0	0	0	1	0	0	1	2
GF_7109	1	0	0	1	0	0	0	1	0	0	1	2
GF_7110	1	0	0	1	0	0	0	1	0	0	1	2
GF_7111	1	0	0	1	0	0	0	1	0	0	1	2
GF_7112	0	6	0	0	0	0	0	0	0	0	0	0
GF_7113	0	6	0	0	0	0	0	0	0	0	0	0
GF_7114	0	6	0	0	0	0	0	0	0	0	0	0
GF_7115	0	6	0	0	0	0	0	0	0	0	0	0
GF_7116	0	6	0	0	0	0	0	0	0	0	0	0
GF_7117	0	5	0	0	0	1	0	0	0	0	0	0
GF_7118	0	6	0	0	0	0	0	0	0	0	0	0
GF_7119	0	6	0	0	0	0	0	0	0	0	0	0
GF_7120	0	2	0	1	0	1	1	0	0	1	0	0
GF_7121	0	6	0	0	0	0	0	0	0	0	0	0
GF_7122	0	6	0	0	0	0	0	0	0	0	0	0
GF_7123	0	3	0	0	0	0	0	0	0	3	0	0
GF_7124	0	6	0	0	0	0	0	0	0	0	0	0
GF_7125	0	6	0	0	0	0	0	0	0	0	0	0
GF_7126	0	4	1	0	0	0	0	0	0	1	0	0
GF_7127	0	6	0	0	0	0	0	0	0	0	0	0
GF_7128	0	6	0	0	0	0	0	0	0	0	0	0
GF_7129	0	2	0	1	0	0	2	0	0	0	0	1
GF_7130	0	5	0	0	0	1	0	0	0	0	0	0
GF_7131	0	6	0	0	0	0	0	0	0	0	0	0
GF_7132	0	6	0	0	0	0	0	0	0	0	0	0
GF_7133	0	6	0	0	0	0	0	0	0	0	0	0
GF_7134	0	5	1	0	0	0	0	0	0	0	0	0
GF_7135	0	5	1	0	0	0	0	0	0	0	0	0
GF_7136	0	2	0	1	0	0	0	1	0	0	1	1
GF_7137	0	6	0	0	0	0	0	0	0	0	0	0
GF_7138	0	0	0	0	0	0	0	0	6	0	0	0
GF_7139	0	4	0	0	0	1	1	0	0	0	0	0
GF_7140	0	6	0	0	0	0	0	0	0	0	0	0
GF_7141	0	2	0	0	1	1	1	0	0	1	0	0
GF_7142	0	6	0	0	0	0	0	0	0	0	0	0
GF_7143	0	6	0	0	0	0	0	0	0	0	0	0
GF_7144	0	4	0	0	2	0	0	0	0	0	0	0
GF_7145	0	2	0	0	0	4	0	0	0	0	0	0
GF_7146	0	6	0	0	0	0	0	0	0	0	0	0
GF_7147	0	2	1	0	1	1	0	0	0	1	0	0
GF_7148	0	2	0	0	0	4	0	0	0	0	0	0
GF_7149	0	5	0	0	0	0	0	0	1	0	0	0
GF_7150	0	2	1	0	0	3	0	0	0	0	0	0
GF_7151	0	6	0	0	0	0	0	0	0	0	0	0
GF_7152	0	0	0	0	0	6	0	0	0	0	0	0
GF_7153	0	0	0	0	1	4	0	0	0	1	0	0
GF_7154	0	0	1	0	0	5	0	0	0	0	0	0
GF_7155	0	0	0	0	0	6	0	0	0	0	0	0
GF_7156	0	0	0	0	0	6	0	0	0	0	0	0
GF_7157	0	0	0	0	0	6	0	0	0	0	0	0
GF_7158	0	0	0	0	0	6	0	0	0	0	0	0
GF_7159	0	0	0	0	0	6	0	0	0	0	0	0
GF_7160	1	0	0	1	0	0	0	1	1	0	1	1
GF_7161	1	0	0	0	0	0	0	1	2	0	1	1
GF_7162	0	0	1	0	0	5	0	0	0	0	0	0
GF_7163	0	0	0	0	6	0	0	0	0	0	0	0
GF_7164	0	0	0	0	6	0	0	0	0	0	0	0
GF_7165	0	1	1	0	2	1	1	0	0	0	0	0
GF_7166	0	0	1	0	5	0	0	0	0	0	0	0
GF_7167	0	0	0	0	6	0	0	0	0	0	0	0
GF_7168	0	0	0	0	6	0	0	0	0	0	0	0
GF_7169	0	0	0	0	6	0	0	0	0	0	0	0
GF_7170	0	0	0	0	6	0	0	0	0	0	0	0
GF_7171	0	1	1	0	2	1	0	0	0	1	0	0
GF_7172	0	0	0	0	6	0	0	0	0	0	0	0
GF_7173	0	0	0	0	6	0	0	0	0	0	0	0
GF_7174	0	0	1	0	3	1	1	0	0	0	0	0
GF_7175	0	1	0	0	3	0	1	0	0	1	0	0
GF_7176	0	0	0	0	4	1	1	0	0	0	0	0
GF_7177	0	0	0	0	6	0	0	0	0	0	0	0
GF_7178	0	1	1	0	3	0	0	0	0	1	0	0
GF_7179	0	0	1	0	2	1	1	0	0	1	0	0
GF_7180	0	0	1	0	2	1	1	0	0	1	0	0
GF_7181	0	1	1	0	2	0	1	0	0	1	0	0
GF_7182	0	0	0	0	6	0	0	0	0	0	0	0
GF_7183	0	1	1	0	2	0	1	0	0	1	0	0
GF_7184	0	1	1	0	3	1	0	0	0	0	0	0
GF_7185	0	0	0	0	5	0	1	0	0	0	0	0
GF_7186	0	1	1	0	2	0	1	0	0	1	0	0
GF_7187	0	0	0	0	6	0	0	0	0	0	0	0
GF_7188	0	1	1	0	2	1	0	0	0	1	0	0
GF_7189	1	0	0	2	0	0	0	1	0	0	1	1
GF_7190	1	0	0	2	0	0	0	1	0	0	1	1
GF_7191	0	0	0	5	0	0	0	1	0	0	0	0
GF_7192	1	0	0	2	0	0	0	1	0	0	1	1
GF_7193	0	0	0	0	0	0	0	0	6	0	0	0
GF_7194	1	0	0	2	0	0	0	1	0	0	1	1
GF_7195	1	0	0	2	0	0	0	1	0	0	1	1
GF_7196	1	0	0	2	0	0	0	1	0	0	1	1
GF_7197	1	0	0	2	0	0	0	1	0	0	1	1
GF_7198	1	0	0	3	0	0	0	1	0	0	0	1
GF_7199	1	0	0	2	0	0	0	1	0	0	1	1
GF_7200	0	0	0	2	0	0	0	2	1	0	1	0
GF_7201	0	0	0	3	0	0	0	2	0	0	0	1
GF_7202	0	0	0	3	0	0	0	1	1	0	0	1
GF_7203	1	0	0	2	0	0	0	1	0	0	1	1
GF_7204	0	0	0	2	0	0	0	2	0	0	2	0
GF_7205	1	0	0	2	0	0	0	1	0	0	1	1
GF_7206	1	0	0	2	0	0	0	2	0	0	1	0
GF_7207	1	0	0	2	0	0	0	1	1	0	1	0
GF_7208	1	0	0	2	0	0	0	1	0	0	1	1
GF_7209	1	0	0	2	0	0	0	1	0	0	1	1
GF_7210	1	0	0	2	0	0	0	1	0	0	1	1
GF_7211	1	0	0	3	0	0	0	0	0	0	1	1
GF_7212	1	0	0	2	0	0	0	1	0	0	1	1
GF_7213	1	0	0	2	0	0	0	1	0	0	1	1
GF_7214	2	0	0	2	0	0	0	1	0	0	0	1
GF_7215	1	0	0	2	0	0	0	1	0	0	1	1
GF_7216	0	0	0	2	0	0	0	1	0	0	2	1
GF_7217	1	0	0	0	0	0	0	2	0	0	2	1
GF_7218	1	0	0	1	0	0	0	2	0	0	1	1
GF_7219	1	0	0	0	0	0	0	3	0	0	1	1
GF_7220	1	0	0	1	0	0	0	2	0	0	1	1
GF_7221	1	0	0	1	0	0	0	2	0	0	1	1
GF_7222	1	0	0	1	0	0	0	2	0	0	1	1
GF_7223	1	0	0	1	0	0	0	2	0	0	1	1
GF_7224	1	0	0	1	0	0	0	2	0	0	1	1
GF_7225	1	0	0	2	0	0	0	2	0	0	1	0
GF_7226	0	0	0	0	0	0	0	4	0	0	2	0
GF_7227	1	0	0	0	0	0	0	2	0	0	2	1
GF_7228	1	0	0	1	0	0	0	2	0	0	1	1
GF_7229	1	0	0	1	0	0	0	2	0	0	1	1
GF_7230	1	0	0	1	0	0	0	2	0	0	1	1
GF_7231	1	0	0	1	0	0	0	2	0	0	1	1
GF_7232	1	0	0	1	0	0	0	2	0	0	1	1
GF_7233	1	0	0	1	0	0	0	2	0	0	1	1
GF_7234	1	0	0	1	0	0	0	2	0	0	1	1
GF_7235	1	0	0	1	0	0	0	2	0	0	1	1
GF_7236	1	0	0	1	0	0	0	2	0	0	1	1
GF_7237	1	0	0	1	0	0	0	2	0	0	1	1
GF_7238	1	0	0	1	0	0	0	2	0	0	1	1
GF_7239	1	0	0	1	0	0	0	2	0	0	1	1
GF_7240	1	0	0	1	0	0	0	2	0	0	1	1
GF_7241	1	0	0	1	0	0	0	2	0	0	1	1
GF_7242	1	0	0	0	0	0	0	2	1	0	1	1
GF_7243	1	0	0	1	0	0	0	2	0	0	1	1
GF_7244	2	0	0	0	0	0	0	2	0	1	0	1
GF_7245	1	0	0	1	0	0	0	2	0	0	1	1
GF_7246	1	0	0	1	0	0	0	2	0	0	1	1
GF_7247	1	0	0	1	0	0	0	2	0	0	1	1
GF_7248	1	0	0	1	0	0	0	2	0	0	1	1
GF_7249	1	0	0	1	0	0	0	1	0	0	2	1
GF_7250	1	0	0	1	0	0	0	1	0	0	2	1
GF_7251	1	0	0	1	0	0	0	1	0	0	2	1
GF_7252	1	0	0	1	0	0	0	1	0	0	2	1
GF_7253	1	0	0	1	0	0	0	0	1	0	2	1
GF_7254	1	0	0	1	0	0	0	1	0	0	2	1
GF_7255	1	0	0	1	0	0	0	1	0	0	2	1
GF_7256	1	0	0	1	0	0	0	1	0	0	2	1
GF_7257	1	0	0	1	0	0	0	1	0	0	2	1
GF_7258	1	0	0	1	0	0	0	1	0	0	2	1
GF_7259	1	0	0	0	0	0	0	1	0	0	2	2
GF_7260	1	0	0	1	0	0	0	1	0	0	2	1
GF_7261	1	0	0	1	0	0	0	1	0	0	2	1
GF_7262	0	0	0	1	0	0	0	0	1	0	4	0
GF_7263	0	0	0	1	0	0	0	1	1	0	2	1
GF_7264	1	0	0	1	0	0	0	1	0	0	2	1
GF_7265	1	0	0	1	0	0	0	1	0	0	2	1
GF_7266	1	0	0	1	0	0	0	1	0	0	2	1
GF_7267	1	0	0	1	0	0	0	1	0	0	2	1
GF_7268	1	0	0	2	0	0	0	0	0	0	2	1
GF_7269	0	0	0	1	0	0	0	1	1	0	2	1
GF_7270	0	0	0	0	1	0	2	1	0	1	0	1
GF_7271	0	1	0	0	1	0	0	0	0	4	0	0
GF_7272	0	1	0	0	0	0	0	0	0	5	0	0
GF_7273	0	0	0	0	0	0	0	0	0	6	0	0
GF_7274	0	2	1	0	0	1	0	0	0	2	0	0
GF_7275	0	0	0	0	0	0	0	0	0	6	0	0
GF_7276	0	0	0	0	0	0	0	0	0	6	0	0
GF_7277	0	0	0	0	0	0	0	0	0	6	0	0
GF_7278	0	0	0	0	0	0	0	0	0	6	0	0
GF_7279	0	0	0	0	0	0	0	0	0	6	0	0
GF_7280	0	0	0	0	0	0	0	0	0	6	0	0
GF_7281	0	0	0	0	0	0	0	0	0	6	0	0
GF_7282	0	0	0	0	0	0	0	0	0	6	0	0
GF_7283	0	0	0	0	0	0	0	0	0	6	0	0
GF_7284	0	0	0	0	0	0	0	0	0	6	0	0
GF_7285	0	0	0	0	0	0	0	0	0	6	0	0
GF_7286	0	0	0	0	0	0	0	0	0	6	0	0
GF_7287	0	0	0	0	0	0	0	0	0	6	0	0
GF_7288	0	0	0	0	0	0	0	0	0	6	0	0
GF_7289	0	0	6	0	0	0	0	0	0	0	0	0
GF_7290	0	0	6	0	0	0	0	0	0	0	0	0
GF_7291	0	0	6	0	0	0	0	0	0	0	0	0
GF_7292	0	0	6	0	0	0	0	0	0	0	0	0
GF_7293	0	0	6	0	0	0	0	0	0	0	0	0
GF_7294	0	0	6	0	0	0	0	0	0	0	0	0
GF_7295	0	0	6	0	0	0	0	0	0	0	0	0
GF_7296	0	0	6	0	0	0	0	0	0	0	0	0
GF_7297	0	0	6	0	0	0	0	0	0	0	0	0
GF_7298	0	0	6	0	0	0	0	0	0	0	0	0
GF_7299	0	0	6	0	0	0	0	0	0	0	0	0
GF_7300	0	0	6	0	0	0	0	0	0	0	0	0
GF_7301	0	0	6	0	0	0	0	0	0	0	0	0
GF_7302	0	0	6	0	0	0	0	0	0	0	0	0
GF_7303	0	0	0	0	0	0	0	0	6	0	0	0
GF_7304	0	0	6	0	0	0	0	0	0	0	0	0
GF_7305	0	6	0	0	0	0	0	0	0	0	0	0
GF_7306	0	6	0	0	0	0	0	0	0	0	0	0
GF_7307	0	6	0	0	0	0	0	0	0	0	0	0
GF_7308	0	6	0	0	0	0	0	0	0	0	0	0
GF_7309	0	6	0	0	0	0	0	0	0	0	0	0
GF_7310	0	6	0	0	0	0	0	0	0	0	0	0
GF_7311	0	6	0	0	0	0	0	0	0	0	0	0
GF_7312	0	6	0	0	0	0	0	0	0	0	0	0
GF_7313	0	6	0	0	0	0	0	0	0	0	0	0
GF_7314	0	6	0	0	0	0	0	0	0	0	0	0
GF_7315	0	6	0	0	0	0	0	0	0	0	0	0
GF_7316	0	6	0	0	0	0	0	0	0	0	0	0
GF_7317	0	6	0	0	0	0	0	0	0	0	0	0
GF_7318	0	6	0	0	0	0	0	0	0	0	0	0
GF_7319	0	6	0	0	0	0	0	0	0	0	0	0
GF_7320	0	6	0	0	0	0	0	0	0	0	0	0
GF_7321	0	6	0	0	0	0	0	0	0	0	0	0
GF_7322	0	6	0	0	0	0	0	0	0	0	0	0
GF_7323	0	6	0	0	0	0	0	0	0	0	0	0
GF_7324	0	6	0	0	0	0	0	0	0	0	0	0
GF_7325	0	6	0	0	0	0	0	0	0	0	0	0
GF_7326	0	0	0	0	0	6	0	0	0	0	0	0
GF_7327	0	0	0	0	0	6	0	0	0	0	0	0
GF_7328	0	0	0	0	0	6	0	0	0	0	0	0
GF_7329	0	0	0	0	0	6	0	0	0	0	0	0
GF_7330	0	0	0	0	0	6	0	0	0	0	0	0
GF_7331	0	0	0	0	0	6	0	0	0	0	0	0
GF_7332	0	0	0	0	0	6	0	0	0	0	0	0
GF_7333	0	0	0	0	6	0	0	0	0	0	0	0
GF_7334	0	0	0	0	6	0	0	0	0	0	0	0
GF_7335	0	0	0	0	6	0	0	0	0	0	0	0
GF_7336	0	0	0	0	6	0	0	0	0	0	0	0
GF_7337	0	0	0	0	6	0	0	0	0	0	0	0
GF_7338	0	0	0	0	6	0	0	0	0	0	0	0
GF_7339	0	0	0	0	6	0	0	0	0	0	0	0
GF_7340	0	0	0	0	6	0	0	0	0	0	0	0
GF_7341	0	0	0	0	6	0	0	0	0	0	0	0
GF_7342	0	0	0	0	6	0	0	0	0	0	0	0
GF_7343	0	0	0	0	6	0	0	0	0	0	0	0
GF_7344	0	0	0	0	6	0	0	0	0	0	0	0
GF_7345	0	0	0	0	6	0	0	0	0	0	0	0
GF_7346	0	0	0	0	6	0	0	0	0	0	0	0
GF_7347	0	0	0	0	6	0	0	0	0	0	0	0
GF_7348	0	0	0	0	6	0	0	0	0	0	0	0
GF_7349	0	0	0	0	6	0	0	0	0	0	0	0
GF_7350	0	0	0	0	6	0	0	0	0	0	0	0
GF_7351	0	0	0	0	6	0	0	0	0	0	0	0
GF_7352	0	0	0	0	6	0	0	0	0	0	0	0
GF_7353	0	0	0	0	6	0	0	0	0	0	0	0
GF_7354	0	0	0	0	6	0	0	0	0	0	0	0
GF_7355	0	0	0	0	6	0	0	0	0	0	0	0
GF_7356	0	0	0	0	6	0	0	0	0	0	0	0
GF_7357	0	0	0	0	6	0	0	0	0	0	0	0
GF_7358	0	0	0	0	6	0	0	0	0	0	0	0
GF_7359	0	0	0	0	6	0	0	0	0	0	0	0
GF_7360	0	0	0	0	6	0	0	0	0	0	0	0
GF_7361	0	0	0	0	6	0	0	0	0	0	0	0
GF_7362	0	0	0	0	6	0	0	0	0	0	0	0
GF_7363	0	0	0	0	6	0	0	0	0	0	0	0
GF_7364	0	0	0	0	6	0	0	0	0	0	0	0
GF_7365	0	0	0	0	6	0	0	0	0	0	0	0
GF_7366	0	0	0	0	6	0	0	0	0	0	0	0
GF_7367	0	0	0	0	6	0	0	0	0	0	0	0
GF_7368	0	0	0	0	6	0	0	0	0	0	0	0
GF_7369	0	0	0	0	6	0	0	0	0	0	0	0
GF_7370	0	0	0	0	6	0	0	0	0	0	0	0
GF_7371	0	0	0	0	6	0	0	0	0	0	0	0
GF_7372	0	0	0	0	6	0	0	0	0	0	0	0
GF_7373	0	0	0	0	6	0	0	0	0	0	0	0
GF_7374	0	0	0	0	6	0	0	0	0	0	0	0
GF_7375	0	0	0	0	6	0	0	0	0	0	0	0
GF_7376	0	0	0	0	0	0	0	0	0	6	0	0
GF_7377	0	0	0	0	0	0	6	0	0	0	0	0
GF_7378	0	1	1	0	1	1	1	0	0	1	0	0
GF_7379	0	1	1	0	1	1	1	0	0	1	0	0
GF_7380	0	1	1	0	1	1	1	0	0	1	0	0
GF_7381	0	1	1	0	1	1	1	0	0	1	0	0
GF_7382	0	1	1	0	1	1	1	0	0	1	0	0
GF_7383	0	1	1	0	1	1	0	0	1	1	0	0
GF_7384	1	1	1	0	1	1	0	0	0	1	0	0
GF_7385	0	0	1	0	1	1	1	0	1	1	0	0
GF_7386	0	0	1	0	1	1	1	1	0	1	0	0
GF_7387	0	1	1	0	1	1	1	0	0	1	0	0
GF_7388	0	1	1	0	1	1	1	0	0	1	0	0
GF_7389	0	1	1	0	1	1	1	0	0	1	0	0
GF_7390	0	1	1	0	1	1	1	0	0	1	0	0
GF_7391	0	1	1	0	1	1	1	0	0	1	0	0
GF_7392	0	1	1	0	1	0	2	0	0	1	0	0
GF_7393	0	0	0	1	1	0	1	1	0	0	1	1
GF_7394	0	1	1	0	1	1	0	0	1	1	0	0
GF_7395	0	1	1	0	1	1	1	0	0	1	0	0
GF_7396	0	0	1	0	1	1	1	0	1	1	0	0
GF_7397	0	1	1	0	1	1	1	0	0	1	0	0
GF_7398	0	1	1	0	1	1	1	0	0	1	0	0
GF_7399	0	1	1	0	1	1	1	0	0	1	0	0
GF_7400	0	1	1	0	1	1	1	0	0	1	0	0
GF_7401	0	1	1	0	1	1	1	0	0	1	0	0
GF_7402	0	1	1	0	1	1	1	0	0	1	0	0
GF_7403	0	1	1	0	1	1	1	0	0	1	0	0
GF_7404	0	1	1	0	1	1	1	0	0	1	0	0
GF_7405	0	1	1	0	1	0	1	0	1	1	0	0
GF_7406	0	1	1	0	1	1	1	0	0	1	0	0
GF_7407	0	1	1	0	1	1	1	0	0	1	0	0
GF_7408	0	1	1	0	1	1	1	0	0	1	0	0
GF_7409	0	0	1	0	1	1	1	0	1	1	0	0
GF_7410	0	1	1	0	1	1	1	0	0	1	0	0
GF_7411	0	1	1	1	0	0	1	1	1	0	0	0
GF_7412	1	1	0	1	0	0	0	1	0	0	1	1
GF_7413	0	1	1	0	0	1	0	1	0	0	1	1
GF_7414	0	0	1	0	1	1	1	0	1	1	0	0
GF_7415	0	1	1	0	1	1	0	0	0	1	0	1
GF_7416	0	1	1	0	1	1	1	0	0	1	0	0
GF_7417	0	1	1	0	1	1	1	0	0	1	0	0
GF_7418	0	1	1	1	0	0	0	0	1	0	1	1
GF_7419	0	1	1	0	1	1	1	0	0	1	0	0
GF_7420	0	2	1	0	1	1	0	0	0	1	0	0
GF_7421	0	1	1	0	1	1	1	0	0	1	0	0
GF_7422	0	1	1	0	1	1	1	0	0	1	0	0
GF_7423	0	1	1	0	1	1	1	0	0	1	0	0
GF_7424	0	1	1	0	1	1	1	0	0	1	0	0
GF_7425	1	1	1	0	0	0	0	0	0	1	1	1
GF_7426	0	1	1	0	1	1	1	0	0	1	0	0
GF_7427	0	1	1	0	1	1	1	0	0	1	0	0
GF_7428	0	1	1	0	0	1	1	0	0	2	0	0
GF_7429	0	1	1	0	0	1	0	0	1	1	0	1
GF_7430	0	1	1	0	1	1	1	0	0	1	0	0
GF_7431	0	1	1	0	1	1	1	0	0	1	0	0
GF_7432	0	1	1	0	0	0	1	1	0	1	1	0
GF_7433	1	0	1	1	0	0	0	1	0	0	1	1
GF_7434	1	1	0	1	0	0	0	1	0	0	1	1
GF_7435	1	0	1	0	0	0	0	1	0	1	1	1
GF_7436	0	1	1	0	0	0	1	0	2	1	0	0
GF_7437	0	1	1	0	1	1	1	0	0	1	0	0
GF_7438	0	0	1	0	1	1	1	0	0	1	0	1
GF_7439	0	1	1	1	1	0	1	0	0	1	0	0
GF_7440	0	1	1	0	1	1	1	0	0	1	0	0
GF_7441	0	1	1	0	0	1	1	0	1	1	0	0
GF_7442	0	1	1	0	1	0	1	1	0	1	0	0
GF_7443	0	1	1	0	1	1	1	0	0	1	0	0
GF_7444	0	1	1	0	1	1	1	0	0	1	0	0
GF_7445	1	1	1	0	0	0	1	1	0	1	0	0
GF_7446	0	1	1	0	0	1	1	0	1	1	0	0
GF_7447	0	1	1	0	1	1	1	0	0	1	0	0
GF_7448	1	0	1	1	0	0	0	1	0	0	1	1
GF_7449	0	1	1	0	0	2	1	0	0	1	0	0
GF_7450	0	1	1	0	1	1	1	0	0	1	0	0
GF_7451	0	1	1	0	1	0	1	0	1	1	0	0
GF_7452	0	1	1	0	1	1	1	0	0	1	0	0
GF_7453	0	2	1	0	1	0	1	0	0	1	0	0
GF_7454	0	1	1	0	1	1	1	0	0	1	0	0
GF_7455	0	1	1	0	1	1	1	0	0	1	0	0
GF_7456	1	1	1	0	0	0	0	1	0	0	1	1
GF_7457	0	1	1	0	1	0	1	0	1	1	0	0
GF_7458	0	1	1	0	1	1	1	0	0	1	0	0
GF_7459	0	1	1	0	1	1	1	0	0	1	0	0
GF_7460	0	1	1	0	1	1	1	0	0	1	0	0
GF_7461	1	0	0	1	0	0	0	1	1	0	1	1
GF_7462	1	0	0	1	0	0	1	1	0	0	1	1
GF_7463	1	0	0	1	0	0	0	1	1	0	1	1
GF_7464	1	0	0	1	0	0	0	1	1	0	1	1
GF_7465	1	0	0	1	0	0	0	1	1	0	1	1
GF_7466	1	0	0	1	0	0	0	1	1	0	1	1
GF_7467	1	0	0	1	0	0	0	1	1	0	1	1
GF_7468	1	0	0	1	0	0	0	1	1	0	1	1
GF_7469	1	0	0	1	0	0	0	1	1	0	1	1
GF_7470	1	0	0	1	0	0	0	1	1	0	1	1
GF_7471	1	0	0	1	0	0	0	1	1	0	1	1
GF_7472	1	0	0	1	0	0	0	1	1	0	1	1
GF_7473	1	0	0	1	0	0	0	1	1	0	1	1
GF_7474	1	0	0	1	0	0	0	1	1	0	1	1
GF_7475	1	0	0	1	0	0	0	1	1	0	1	1
GF_7476	1	0	0	1	0	0	0	1	1	0	1	1
GF_7477	1	0	0	1	0	0	0	1	1	0	1	1
GF_7478	1	0	0	1	0	0	0	1	1	0	1	1
GF_7479	1	0	0	1	0	0	0	1	1	0	1	1
GF_7480	1	0	0	1	0	0	0	1	1	0	1	1
GF_7481	1	0	0	1	0	0	0	1	1	0	1	1
GF_7482	1	0	0	1	0	0	0	1	1	0	1	1
GF_7483	1	0	0	1	0	0	0	1	1	0	1	1
GF_7484	1	0	0	1	0	0	0	1	1	0	1	1
GF_7485	1	0	0	1	0	0	0	1	1	0	1	1
GF_7486	1	0	0	1	0	0	0	1	1	0	1	1
GF_7487	1	0	0	1	0	0	0	1	1	0	1	1
GF_7488	1	0	0	1	0	0	0	1	1	0	1	1
GF_7489	1	0	0	1	0	0	0	1	1	0	1	1
GF_7490	1	0	0	1	0	0	0	1	1	0	1	1
GF_7491	1	0	0	1	0	0	0	1	1	0	1	1
GF_7492	1	0	0	1	0	0	0	1	1	0	1	1
GF_7493	1	0	0	1	0	0	0	1	1	0	1	1
GF_7494	1	0	0	1	0	0	0	1	1	0	1	1
GF_7495	1	0	0	1	0	0	0	1	1	0	1	1
GF_7496	1	0	0	1	0	0	0	1	1	0	1	1
GF_7497	1	0	0	1	0	0	1	1	0	0	1	1
GF_7498	1	0	0	1	0	0	0	1	1	0	1	1
GF_7499	1	0	0	1	0	0	0	1	1	0	1	1
GF_7500	1	0	0	1	0	0	0	1	1	0	1	1
GF_7501	1	0	0	1	0	0	0	1	1	0	1	1
GF_7502	1	0	0	1	0	0	0	1	1	0	1	1
GF_7503	1	0	0	1	0	0	0	1	1	0	1	1
GF_7504	1	0	0	1	0	0	0	1	1	0	1	1
GF_7505	1	0	0	1	0	0	0	1	1	0	1	1
GF_7506	1	0	0	1	0	0	0	1	1	0	1	1
GF_7507	1	0	0	1	0	0	0	1	1	0	1	1
GF_7508	1	0	0	1	0	0	0	1	1	0	1	1
GF_7509	1	0	0	1	0	0	0	1	1	0	1	1
GF_7510	1	0	0	1	0	0	0	1	1	0	1	1
GF_7511	1	0	0	1	0	0	0	1	1	0	1	1
GF_7512	1	0	0	1	0	0	0	1	1	0	1	1
GF_7513	1	0	0	1	0	0	0	1	1	0	1	1
GF_7514	1	0	0	1	0	0	0	1	1	0	1	1
GF_7515	1	0	0	1	0	0	0	1	1	0	1	1
GF_7516	1	0	0	1	0	0	0	1	1	0	1	1
GF_7517	1	0	0	1	0	0	0	1	1	0	1	1
GF_7518	1	0	0	1	0	0	0	1	1	0	1	1
GF_7519	1	0	0	1	0	0	0	1	1	0	1	1
GF_7520	1	0	0	1	0	0	0	1	1	0	1	1
GF_7521	1	0	0	1	0	0	0	1	1	0	1	1
GF_7522	1	0	0	1	0	0	0	1	1	0	1	1
GF_7523	1	0	0	1	0	0	0	1	1	0	1	1
GF_7524	1	0	0	1	0	0	0	1	1	0	1	1
GF_7525	1	0	0	1	0	0	0	1	1	0	1	1
GF_7526	1	0	0	1	0	0	0	1	1	0	1	1
GF_7527	1	0	0	1	0	0	0	1	1	0	1	1
GF_7528	1	0	0	1	0	0	0	1	1	0	1	1
GF_7529	1	0	0	1	0	0	0	1	1	0	1	1
GF_7530	1	0	0	1	0	0	0	1	1	0	1	1
GF_7531	1	0	0	1	0	0	0	1	1	0	1	1
GF_7532	1	0	0	1	0	0	0	1	1	0	1	1
GF_7533	1	0	0	1	0	0	0	1	1	0	1	1
GF_7534	1	0	0	1	0	0	0	1	1	0	1	1
GF_7535	1	0	0	1	0	0	0	1	1	0	1	1
GF_7536	1	0	0	1	0	0	0	1	1	0	1	1
GF_7537	1	0	0	1	0	0	0	1	1	0	1	1
GF_7538	1	0	0	1	0	0	0	1	1	0	1	1
GF_7539	1	0	0	1	0	0	0	1	1	0	1	1
GF_7540	1	0	0	1	0	0	0	1	1	0	1	1
GF_7541	1	0	0	1	0	0	0	1	1	0	1	1
GF_7542	1	0	0	1	0	0	0	1	1	0	1	1
GF_7543	1	0	0	1	0	0	0	1	1	0	1	1
GF_7544	1	0	0	1	0	0	0	1	1	0	1	1
GF_7545	1	0	0	1	0	0	0	1	1	0	1	1
GF_7546	1	0	0	1	0	0	0	1	1	0	1	1
GF_7547	1	0	0	1	0	0	0	1	1	0	1	1
GF_7548	1	0	0	1	0	0	0	1	1	0	1	1
GF_7549	1	0	0	1	0	0	0	1	1	0	1	1
GF_7550	1	0	0	1	0	0	0	1	1	0	1	1
GF_7551	1	0	0	1	0	0	0	1	1	0	1	1
GF_7552	1	0	0	1	0	0	0	1	1	0	1	1
GF_7553	1	0	0	1	0	0	0	1	1	0	1	1
GF_7554	1	0	0	1	0	0	0	1	1	0	1	1
GF_7555	1	0	0	1	0	0	0	1	1	0	1	1
GF_7556	0	0	0	1	0	0	0	1	1	0	1	2
GF_7557	1	0	0	1	0	0	0	1	1	0	1	1
GF_7558	1	0	0	1	0	0	0	1	1	0	1	1
GF_7559	1	0	0	1	0	0	0	1	1	0	1	1
GF_7560	1	0	0	1	0	0	0	1	1	0	1	1
GF_7561	1	0	0	1	0	0	0	1	1	0	1	1
GF_7562	1	0	0	1	0	0	0	1	1	0	1	1
GF_7563	1	0	0	1	0	0	0	1	1	0	1	1
GF_7564	1	0	0	1	0	0	0	1	1	0	1	1
GF_7565	1	0	0	1	0	0	0	1	1	0	1	1
GF_7566	1	0	0	1	0	0	0	1	1	0	1	1
GF_7567	1	0	0	1	0	0	0	1	1	0	1	1
GF_7568	1	0	0	1	0	0	0	1	1	0	1	1
GF_7569	1	0	0	1	0	0	0	1	1	0	1	1
GF_7570	1	0	0	1	0	0	0	1	1	0	1	1
GF_7571	1	0	0	1	0	0	0	1	1	0	1	1
GF_7572	1	0	0	1	0	0	0	1	1	0	1	1
GF_7573	1	0	0	1	0	0	0	1	1	0	1	1
GF_7574	1	0	0	1	0	0	0	1	1	0	1	1
GF_7575	1	0	0	1	0	0	0	1	1	0	1	1
GF_7576	1	0	0	1	0	0	0	1	1	0	1	1
GF_7577	1	0	0	1	0	0	0	1	1	0	1	1
GF_7578	1	0	0	1	0	0	0	1	1	0	1	1
GF_7579	1	0	0	1	0	0	0	1	1	0	1	1
GF_7580	1	0	0	1	0	0	0	1	1	0	1	1
GF_7581	1	0	0	1	0	0	0	1	1	0	1	1
GF_7582	1	0	0	1	0	0	0	1	1	0	1	1
GF_7583	1	0	0	1	0	0	0	1	1	0	1	1
GF_7584	1	0	0	1	0	0	0	1	1	0	1	1
GF_7585	1	0	0	1	0	0	0	1	1	0	1	1
GF_7586	1	0	0	1	0	0	0	1	1	0	1	1
GF_7587	1	0	0	1	0	0	0	1	1	0	1	1
GF_7588	1	0	0	1	0	0	0	1	1	0	1	1
GF_7589	1	0	0	1	0	0	0	1	1	0	1	1
GF_7590	1	0	0	1	0	0	0	1	1	0	1	1
GF_7591	1	0	0	1	0	0	0	1	1	0	1	1
GF_7592	1	0	0	1	0	0	0	1	1	0	1	1
GF_7593	1	0	0	1	0	0	0	1	1	0	1	1
GF_7594	1	0	0	1	0	0	0	1	1	0	1	1
GF_7595	1	0	0	1	0	0	0	1	1	0	1	1
GF_7596	1	0	0	1	0	0	0	1	1	0	1	1
GF_7597	1	0	0	1	0	0	0	1	1	0	1	1
GF_7598	1	0	0	1	0	0	0	1	1	0	1	1
GF_7599	1	0	0	1	0	0	0	1	1	0	1	1
GF_7600	1	0	0	1	0	0	0	1	1	0	1	1
GF_7601	1	0	0	1	0	0	0	1	1	0	1	1
GF_7602	1	0	0	1	0	0	0	1	1	0	1	1
GF_7603	1	0	0	1	0	0	0	1	1	0	1	1
GF_7604	1	0	0	1	0	0	0	1	1	0	1	1
GF_7605	1	0	0	1	0	0	0	1	1	0	1	1
GF_7606	1	0	0	1	0	0	0	1	1	0	1	1
GF_7607	1	0	0	1	0	0	0	1	1	0	1	1
GF_7608	1	0	0	1	0	0	0	1	1	0	1	1
GF_7609	1	0	0	1	0	0	0	1	1	0	1	1
GF_7610	1	0	0	1	0	0	0	1	1	0	1	1
GF_7611	1	0	0	1	0	0	0	1	1	0	1	1
GF_7612	1	0	0	1	0	0	0	1	1	0	1	1
GF_7613	1	0	0	1	0	0	0	1	1	0	1	1
GF_7614	1	0	0	1	0	0	0	1	1	0	1	1
GF_7615	1	0	0	1	0	0	0	1	1	0	1	1
GF_7616	1	0	0	1	0	0	0	1	1	0	1	1
GF_7617	1	0	0	1	0	0	0	1	1	0	1	1
GF_7618	1	0	0	1	0	0	0	1	1	0	1	1
GF_7619	1	0	0	1	0	0	0	1	1	0	1	1
GF_7620	1	0	0	1	0	0	0	1	1	0	1	1
GF_7621	1	0	0	1	0	0	0	1	1	0	1	1
GF_7622	0	1	1	0	1	0	1	0	1	1	0	0
GF_7623	1	0	1	1	0	0	0	1	0	0	1	1
GF_7624	0	1	1	0	1	1	1	0	0	1	0	0
GF_7625	0	1	1	0	1	1	0	0	1	1	0	0
GF_7626	1	1	1	1	0	0	1	0	0	0	1	0
GF_7627	0	1	1	0	1	1	1	0	0	1	0	0
GF_7628	0	0	1	0	1	1	1	0	0	1	1	0
GF_7629	0	1	1	0	1	1	1	0	0	1	0	0
GF_7630	0	1	1	0	1	1	1	0	0	1	0	0
GF_7631	0	1	1	0	1	1	1	0	0	1	0	0
GF_7632	0	1	1	1	0	0	1	0	0	1	1	0
GF_7633	1	1	0	1	0	0	0	1	0	0	1	1
GF_7634	1	0	1	1	0	0	0	1	0	0	1	1
GF_7635	0	1	1	0	1	1	1	0	0	1	0	0
GF_7636	0	1	1	0	1	1	1	0	0	1	0	0
GF_7637	1	0	0	1	0	0	0	1	1	0	1	1
GF_7638	2	0	0	1	0	0	0	2	0	0	0	1
GF_7639	1	0	0	1	0	0	0	1	1	0	1	1
GF_7640	1	0	0	1	0	0	0	1	1	0	1	1
GF_7641	1	0	0	1	0	0	0	1	1	0	1	1
GF_7642	1	0	0	1	0	0	0	1	1	0	1	1
GF_7643	1	0	0	1	0	0	0	1	1	0	1	1
GF_7644	1	0	0	1	0	0	0	1	1	0	1	1
GF_7645	1	0	0	1	0	0	0	1	1	0	1	1
GF_7646	1	0	0	1	0	0	0	1	1	0	1	1
GF_7647	1	0	0	1	0	0	0	1	1	0	1	1
GF_7648	1	0	0	1	1	0	0	1	0	0	1	1
GF_7649	1	0	0	1	0	0	0	2	0	0	1	1
GF_7650	1	0	0	1	0	0	0	1	1	0	1	1
GF_7651	1	0	0	1	0	0	0	1	1	0	1	1
GF_7652	1	0	0	1	0	0	0	1	1	0	1	1
GF_7653	1	0	0	1	0	0	0	1	1	0	1	1
GF_7654	1	0	0	1	0	0	0	1	1	0	1	1
GF_7655	1	0	0	1	0	0	0	1	1	0	1	1
GF_7656	1	0	0	1	0	0	0	1	1	0	1	1
GF_7657	1	0	0	1	0	0	0	1	1	0	1	1
GF_7658	1	0	0	1	0	0	0	1	1	0	1	1
GF_7659	1	0	1	1	0	0	0	1	0	0	1	1
GF_7660	1	0	0	1	0	0	0	1	1	0	1	1
GF_7661	1	0	0	1	0	0	0	1	1	0	1	1
GF_7662	1	0	0	1	0	0	0	1	1	0	1	1
GF_7663	1	0	0	2	0	0	0	1	0	0	1	1
GF_7664	1	0	0	1	0	0	0	1	1	0	1	1
GF_7665	1	0	0	1	0	0	0	1	1	0	1	1
GF_7666	1	0	0	1	0	0	0	1	1	0	1	1
GF_7667	1	0	0	1	0	0	0	1	1	0	1	1
GF_7668	1	0	0	1	0	0	0	1	1	0	1	1
GF_7669	1	0	0	1	0	0	0	1	1	0	1	1
GF_7670	1	0	0	1	0	0	0	1	1	0	1	1
GF_7671	1	0	0	1	0	0	0	1	1	0	1	1
GF_7672	1	0	0	1	0	0	0	1	1	0	1	1
GF_7673	1	0	1	1	0	0	0	1	0	0	1	1
GF_7674	1	0	0	1	0	0	0	1	1	0	1	1
GF_7675	1	0	0	1	0	0	0	1	1	0	1	1
GF_7676	1	0	0	1	0	0	0	1	1	0	1	1
GF_7677	1	0	0	1	0	0	0	1	1	0	1	1
GF_7678	1	0	0	1	0	0	0	1	1	0	1	1
GF_7679	1	0	0	1	0	0	0	1	1	0	1	1
GF_7680	2	0	0	1	0	0	0	1	0	0	1	1
GF_7681	1	0	0	1	0	0	0	1	1	0	1	1
GF_7682	1	0	0	1	0	0	0	1	1	0	1	1
GF_7683	1	0	0	1	0	0	0	1	1	0	1	1
GF_7684	1	0	0	1	0	0	0	1	1	0	1	1
GF_7685	1	0	0	1	0	0	0	1	1	0	1	1
GF_7686	1	0	0	1	0	0	0	1	1	0	1	1
GF_7687	2	0	0	1	0	0	0	1	0	0	1	1
GF_7688	2	0	0	1	0	0	0	1	0	0	1	1
GF_7689	2	0	0	1	0	0	0	1	0	0	1	1
GF_7690	1	0	0	1	0	0	0	1	1	0	1	1
GF_7691	1	0	0	1	0	0	0	1	1	0	1	1
GF_7692	1	0	0	1	0	0	0	1	1	0	1	1
GF_7693	1	0	0	1	0	0	0	1	1	0	1	1
GF_7694	1	0	0	1	0	0	0	1	1	0	1	1
GF_7695	1	0	0	1	0	0	0	1	1	0	1	1
GF_7696	1	0	0	1	0	0	0	1	1	0	1	1
GF_7697	1	0	0	1	0	0	0	1	1	0	1	1
GF_7698	1	0	0	1	0	0	0	1	1	0	1	1
GF_7699	1	0	0	1	0	0	0	1	1	0	1	1
GF_7700	1	0	0	1	0	0	0	1	1	0	1	1
GF_7701	1	0	0	1	0	0	0	1	1	0	1	1
GF_7702	1	0	0	1	0	0	0	1	1	0	1	1
GF_7703	1	0	0	1	0	0	0	2	0	0	1	1
GF_7704	1	0	0	1	0	0	0	1	1	0	1	1
GF_7705	1	0	0	1	0	0	0	1	1	0	1	1
GF_7706	1	0	0	1	0	0	0	1	1	0	1	1
GF_7707	1	0	0	1	0	0	0	1	1	0	1	1
GF_7708	1	0	0	1	0	0	0	1	1	0	1	1
GF_7709	1	0	0	1	0	0	0	1	1	0	1	1
GF_7710	1	0	0	1	0	0	0	1	1	0	1	1
GF_7711	1	0	0	1	0	0	0	1	1	0	1	1
GF_7712	1	0	0	1	0	0	0	1	1	0	1	1
GF_7713	1	0	0	1	0	0	0	1	1	0	1	1
GF_7714	1	0	0	1	0	0	0	1	1	0	1	1
GF_7715	1	0	0	1	0	0	0	1	1	0	1	1
GF_7716	1	0	0	1	0	0	0	1	1	0	1	1
GF_7717	1	0	0	1	0	0	0	1	1	0	1	1
GF_7718	1	0	0	1	0	0	0	1	1	0	1	1
GF_7719	1	0	0	1	0	0	0	1	1	0	1	1
GF_7720	1	0	0	1	0	0	0	1	1	0	1	1
GF_7721	1	0	0	1	0	0	0	1	1	0	1	1
GF_7722	1	0	0	1	0	0	0	1	1	0	1	1
GF_7723	1	0	0	1	0	0	0	1	1	0	1	1
GF_7724	1	0	0	1	0	0	0	1	1	0	1	1
GF_7725	1	0	0	1	0	0	0	1	1	0	1	1
GF_7726	1	0	0	1	0	0	0	1	1	0	1	1
GF_7727	1	0	0	1	0	0	0	1	1	0	1	1
GF_7728	1	0	0	1	0	0	0	1	1	0	1	1
GF_7729	1	0	0	1	0	0	0	1	1	0	1	1
GF_7730	1	0	0	1	0	0	0	1	1	0	1	1
GF_7731	1	0	0	1	0	0	0	1	1	0	1	1
GF_7732	1	0	0	1	0	0	0	1	1	0	1	1
GF_7733	1	0	0	1	0	1	0	1	0	0	1	1
GF_7734	1	0	0	1	0	0	0	1	1	0	1	1
GF_7735	1	0	0	1	0	0	0	1	1	0	1	1
GF_7736	1	0	0	1	0	0	0	1	1	0	1	1
GF_7737	1	0	0	1	0	0	0	1	1	0	1	1
GF_7738	1	0	0	1	0	0	0	1	1	0	1	1
GF_7739	1	0	0	1	0	0	0	1	1	0	1	1
GF_7740	1	0	0	1	0	0	0	1	1	0	1	1
GF_7741	1	0	0	1	0	0	0	1	1	0	1	1
GF_7742	1	0	0	1	0	0	0	1	1	0	1	1
GF_7743	1	0	0	1	0	0	0	1	1	0	1	1
GF_7744	1	0	0	1	0	0	0	1	1	0	1	1
GF_7745	1	0	0	1	0	0	0	1	1	0	1	1
GF_7746	1	0	0	1	0	0	0	1	1	0	1	1
GF_7747	1	0	0	1	0	0	0	1	1	0	1	1
GF_7748	1	0	0	1	0	0	0	1	1	0	1	1
GF_7749	1	0	0	1	0	0	0	1	1	0	1	1
GF_7750	1	0	0	1	0	0	0	1	1	0	1	1
GF_7751	1	0	0	1	0	0	0	1	1	0	1	1
GF_7752	1	0	0	1	0	0	0	1	1	0	1	1
GF_7753	1	0	0	1	0	0	0	1	1	0	1	1
GF_7754	1	0	0	1	0	0	0	1	1	0	1	1
GF_7755	1	0	0	1	0	0	0	1	1	0	1	1
GF_7756	1	0	0	1	0	0	0	1	1	0	1	1
GF_7757	1	0	0	1	0	0	0	1	1	0	1	1
GF_7758	1	0	0	1	0	0	0	1	1	0	1	1
GF_7759	1	0	0	1	0	0	0	1	1	0	1	1
GF_7760	1	0	0	1	0	0	0	1	1	0	1	1
GF_7761	1	0	0	1	0	0	0	1	1	0	1	1
GF_7762	1	0	0	1	0	0	0	1	1	0	1	1
GF_7763	1	0	0	1	0	0	0	1	1	0	1	1
GF_7764	1	0	0	1	0	0	0	1	1	0	1	1
GF_7765	1	0	0	1	0	0	0	1	1	0	1	1
GF_7766	1	0	0	1	0	0	0	1	1	0	1	1
GF_7767	1	0	0	1	0	0	0	1	1	0	1	1
GF_7768	1	0	0	1	0	0	0	1	1	0	1	1
GF_7769	1	0	0	1	0	0	0	1	1	0	1	1
GF_7770	1	0	0	1	0	0	0	1	1	0	1	1
GF_7771	1	0	0	1	0	0	0	1	1	0	1	1
GF_7772	1	0	0	1	0	0	0	1	1	0	1	1
GF_7773	1	0	0	1	0	0	0	1	1	0	1	1
GF_7774	1	0	0	1	0	0	0	1	1	0	1	1
GF_7775	1	0	0	1	0	0	0	1	1	0	1	1
GF_7776	1	0	0	1	0	0	0	1	1	0	1	1
GF_7777	1	0	0	1	0	0	0	1	1	0	1	1
GF_7778	1	0	0	1	0	0	0	1	1	0	1	1
GF_7779	1	0	0	1	0	0	0	1	1	0	1	1
GF_7780	1	0	0	1	0	0	0	1	1	0	1	1
GF_7781	1	0	0	1	0	0	0	1	1	0	1	1
GF_7782	1	0	0	1	0	0	0	1	1	0	1	1
GF_7783	1	0	0	1	0	0	0	1	1	0	1	1
GF_7784	1	0	0	1	0	0	0	1	1	0	1	1
GF_7785	1	0	0	1	0	0	0	1	1	0	1	1
GF_7786	1	0	0	1	0	1	0	1	0	0	1	1
GF_7787	1	0	0	1	0	0	0	1	1	0	1	1
GF_7788	1	0	0	1	0	0	0	1	1	0	1	1
GF_7789	1	0	0	1	0	0	0	1	1	0	1	1
GF_7790	1	0	0	1	0	0	0	1	1	0	1	1
GF_7791	1	0	0	0	0	0	0	2	1	0	1	1
GF_7792	1	0	0	1	0	0	0	1	1	0	1	1
GF_7793	1	0	0	1	0	0	0	2	0	0	1	1
GF_7794	1	0	0	1	0	0	0	2	0	0	1	1
GF_7795	1	0	0	1	0	1	0	1	0	0	1	1
GF_7796	1	0	0	1	0	0	0	1	1	0	1	1
GF_7797	1	0	0	1	0	0	0	1	1	0	1	1
GF_7798	1	0	0	1	0	0	0	1	1	0	1	1
GF_7799	1	1	0	1	0	0	0	1	0	0	1	1
GF_7800	1	0	0	1	0	0	0	1	1	0	1	1
GF_7801	1	0	0	1	0	0	0	1	1	0	1	1
GF_7802	1	0	0	1	0	0	0	1	1	0	1	1
GF_7803	1	0	0	1	0	0	0	1	1	0	1	1
GF_7804	1	0	0	1	0	0	0	1	1	0	1	1
GF_7805	1	0	0	1	0	0	0	1	1	0	1	1
GF_7806	1	0	0	1	0	0	0	1	1	0	1	1
GF_7807	1	0	0	1	0	0	0	1	1	0	1	1
GF_7808	1	0	0	1	0	0	0	1	1	0	1	1
GF_7809	1	0	0	1	0	0	0	1	1	0	1	1
GF_7810	1	0	0	1	0	0	0	1	1	0	1	1
GF_7811	1	0	0	1	0	0	0	1	1	0	1	1
GF_7812	1	0	0	1	0	0	0	1	1	0	1	1
GF_7813	1	0	0	1	0	0	0	1	1	0	1	1
GF_7814	1	0	1	1	0	0	0	1	0	0	1	1
GF_7815	1	0	0	1	0	0	0	1	1	0	1	1
GF_7816	1	0	0	1	0	0	0	1	1	0	1	1
GF_7817	1	0	0	1	0	0	0	1	1	0	1	1
GF_7818	1	0	0	1	0	0	0	1	1	0	1	1
GF_7819	1	0	0	1	0	0	0	1	1	0	1	1
GF_7820	1	0	0	1	0	0	0	1	1	0	1	1
GF_7821	1	0	0	1	0	0	0	1	1	0	1	1
GF_7822	1	0	0	1	0	0	0	1	1	0	1	1
GF_7823	1	0	0	1	0	0	0	1	1	0	1	1
GF_7824	1	0	0	1	0	0	0	1	1	0	1	1
GF_7825	1	0	0	1	0	0	0	1	1	0	1	1
GF_7826	1	0	0	1	0	0	0	1	1	0	1	1
GF_7827	1	0	0	1	0	0	0	1	1	0	1	1
GF_7828	1	0	0	1	0	0	0	1	1	0	1	1
GF_7829	1	0	0	1	0	0	0	1	1	0	1	1
GF_7830	1	0	0	1	0	0	0	1	1	0	1	1
GF_7831	1	0	1	1	0	0	0	1	0	0	1	1
GF_7832	1	0	0	1	0	0	0	1	1	0	1	1
GF_7833	1	0	0	1	0	0	0	1	1	0	1	1
GF_7834	1	0	0	1	0	0	0	1	1	0	1	1
GF_7835	1	0	0	1	0	0	0	1	1	0	1	1
GF_7836	1	0	0	1	0	0	0	1	1	0	1	1
GF_7837	1	0	0	1	0	0	0	1	1	0	1	1
GF_7838	1	0	0	1	0	0	0	1	1	0	1	1
GF_7839	1	0	0	1	0	0	0	1	1	0	1	1
GF_7840	1	0	0	1	0	0	0	1	1	0	1	1
GF_7841	1	0	0	1	0	0	0	1	1	0	1	1
GF_7842	1	0	0	1	0	0	0	1	1	0	1	1
GF_7843	1	0	0	1	0	0	0	1	1	0	1	1
GF_7844	1	0	0	1	0	0	0	1	1	0	1	1
GF_7845	1	0	0	1	0	0	0	1	1	0	1	1
GF_7846	1	0	0	1	0	0	0	1	1	0	1	1
GF_7847	1	0	0	1	0	0	0	1	1	0	1	1
GF_7848	1	0	0	1	0	0	0	1	1	0	1	1
GF_7849	1	0	0	1	0	0	0	1	1	0	1	1
GF_7850	1	0	0	1	0	0	0	1	1	0	1	1
GF_7851	1	0	0	1	0	0	0	1	1	0	1	1
GF_7852	1	0	0	1	0	0	0	1	1	0	1	1
GF_7853	1	0	0	1	0	0	0	1	1	0	1	1
GF_7854	1	0	0	1	0	0	0	1	1	0	1	1
GF_7855	1	0	0	1	0	0	0	1	1	0	1	1
GF_7856	1	0	0	1	0	0	0	1	1	0	1	1
GF_7857	1	0	0	1	0	0	0	1	1	0	1	1
GF_7858	1	0	0	1	0	0	0	1	1	0	1	1
GF_7859	1	0	0	1	0	0	0	1	1	0	1	1
GF_7860	1	0	0	1	0	0	0	1	1	0	1	1
GF_7861	1	0	0	1	0	0	0	1	1	0	1	1
GF_7862	1	0	0	1	0	0	0	1	1	0	1	1
GF_7863	1	0	0	1	0	0	0	1	1	0	1	1
GF_7864	1	0	0	1	0	0	0	1	1	0	1	1
GF_7865	1	0	0	1	0	0	0	1	1	0	1	1
GF_7866	1	0	0	1	0	0	0	1	1	0	1	1
GF_7867	1	0	0	1	0	0	0	1	1	0	1	1
GF_7868	1	0	0	1	0	0	0	1	1	0	1	1
GF_7869	1	0	0	1	0	0	0	1	1	0	1	1
GF_7870	1	0	0	1	0	0	0	1	1	0	1	1
GF_7871	1	0	0	1	0	0	0	1	1	0	1	1
GF_7872	1	0	0	1	0	0	0	1	1	0	1	1
GF_7873	1	0	0	1	0	0	0	1	1	0	1	1
GF_7874	1	0	0	1	0	0	0	1	1	0	1	1
GF_7875	1	0	0	1	0	0	0	1	1	0	1	1
GF_7876	1	0	0	1	0	0	0	1	1	0	1	1
GF_7877	1	0	0	1	0	0	0	1	1	0	1	1
GF_7878	1	0	0	1	0	0	0	1	1	0	1	1
GF_7879	1	0	0	1	0	0	0	1	1	0	1	1
GF_7880	1	0	0	1	0	0	0	1	0	0	2	1
GF_7881	1	0	0	1	0	0	0	1	1	0	1	1
GF_7882	1	0	0	1	0	0	0	1	1	0	1	1
GF_7883	1	0	0	1	0	0	0	1	1	0	1	1
GF_7884	1	0	1	0	0	2	0	1	0	0	0	1
GF_7885	1	1	0	1	0	0	0	1	0	0	1	1
GF_7886	1	0	0	1	0	0	0	1	1	0	1	1
GF_7887	1	0	0	2	0	0	0	1	0	0	1	1
GF_7888	1	0	0	1	0	0	0	2	0	0	1	1
GF_7889	1	0	0	1	0	0	0	1	1	0	1	1
GF_7890	1	0	0	1	0	0	0	1	1	0	1	1
GF_7891	1	0	0	1	0	0	0	1	1	0	1	1
GF_7892	1	0	0	1	0	0	0	1	1	0	1	1
GF_7893	1	0	0	1	0	0	0	1	1	0	1	1
GF_7894	1	0	0	1	0	0	0	1	1	0	1	1
GF_7895	1	0	0	1	0	0	0	1	1	0	1	1
GF_7896	1	0	0	1	0	0	0	1	1	0	1	1
GF_7897	1	0	0	1	0	0	0	1	1	0	1	1
GF_7898	1	0	0	1	0	0	0	1	1	0	1	1
GF_7899	1	0	0	1	0	0	0	1	1	0	1	1
GF_7900	1	0	0	1	0	0	0	1	1	0	1	1
GF_7901	1	0	0	1	0	0	0	1	1	0	1	1
GF_7902	1	0	0	1	0	0	0	1	1	0	1	1
GF_7903	1	0	0	1	0	0	0	1	1	0	1	1
GF_7904	1	0	0	1	0	0	0	1	1	0	1	1
GF_7905	1	0	0	1	0	0	0	1	1	0	1	1
GF_7906	1	0	0	1	0	0	0	1	1	0	1	1
GF_7907	1	0	0	1	0	0	0	1	1	0	1	1
GF_7908	1	0	0	1	0	0	0	1	1	0	1	1
GF_7909	1	0	0	1	0	0	0	1	1	0	1	1
GF_7910	1	0	0	1	0	0	0	1	1	0	1	1
GF_7911	1	0	0	1	0	0	0	1	1	0	1	1
GF_7912	1	0	0	1	0	0	0	1	1	0	1	1
GF_7913	1	0	0	1	0	0	0	1	1	0	1	1
GF_7914	1	0	0	1	0	0	0	1	1	0	1	1
GF_7915	1	0	0	1	0	0	0	1	1	0	1	1
GF_7916	1	0	0	1	0	0	0	1	1	0	1	1
GF_7917	1	0	0	1	0	0	0	1	1	0	1	1
GF_7918	1	0	0	1	0	0	0	1	1	0	1	1
GF_7919	1	0	0	1	0	0	0	1	1	0	1	1
GF_7920	1	0	0	1	0	0	0	1	1	0	1	1
GF_7921	1	0	0	1	0	0	0	1	1	0	1	1
GF_7922	1	0	0	1	0	0	0	1	1	0	1	1
GF_7923	1	0	0	1	0	0	0	1	1	0	1	1
GF_7924	1	0	0	1	0	0	0	1	1	0	1	1
GF_7925	1	0	0	1	0	0	0	1	1	0	1	1
GF_7926	1	0	0	1	0	0	0	1	1	0	1	1
GF_7927	1	0	0	1	0	0	0	1	1	0	1	1
GF_7928	1	0	0	1	0	0	0	1	1	0	1	1
GF_7929	1	0	0	1	0	0	0	1	0	1	1	1
GF_7930	1	0	0	1	0	0	0	1	1	0	1	1
GF_7931	1	0	0	1	0	0	0	1	1	0	1	1
GF_7932	1	0	0	1	0	0	0	1	1	0	1	1
GF_7933	1	0	0	1	0	0	0	1	1	0	1	1
GF_7934	1	0	0	1	0	0	0	1	1	0	1	1
GF_7935	1	0	0	1	0	0	0	1	1	0	1	1
GF_7936	1	0	0	1	0	0	0	1	1	0	1	1
GF_7937	1	0	0	1	0	0	0	1	1	0	1	1
GF_7938	1	0	0	1	0	0	0	1	1	0	1	1
GF_7939	1	0	0	1	0	0	0	1	1	0	1	1
GF_7940	1	0	0	1	0	0	0	1	1	0	1	1
GF_7941	1	0	0	1	0	0	0	1	1	0	1	1
GF_7942	1	0	0	1	0	0	0	1	1	0	1	1
GF_7943	1	0	0	1	0	0	0	1	1	0	1	1
GF_7944	1	0	0	1	0	0	0	1	1	0	1	1
GF_7945	1	0	0	1	0	0	0	1	1	0	1	1
GF_7946	1	0	1	1	0	0	0	1	0	0	1	1
GF_7947	1	0	0	1	0	0	0	1	1	0	1	1
GF_7948	1	0	0	1	0	0	0	1	1	0	1	1
GF_7949	1	0	0	1	0	0	0	1	1	0	1	1
GF_7950	1	0	0	1	0	0	0	1	1	0	1	1
GF_7951	1	0	0	1	0	0	0	1	1	0	1	1
GF_7952	1	0	0	1	0	0	0	1	1	0	1	1
GF_7953	1	0	0	1	0	0	0	1	1	0	1	1
GF_7954	1	0	0	1	0	0	0	1	1	0	1	1
GF_7955	1	0	0	1	0	0	0	1	1	0	1	1
GF_7956	1	0	0	1	0	0	0	1	1	0	1	1
GF_7957	1	0	0	1	0	0	0	1	1	0	1	1
GF_7958	1	0	0	1	0	0	0	1	1	0	1	1
GF_7959	1	0	0	1	0	0	0	1	1	0	1	1
GF_7960	1	0	0	1	0	0	0	1	1	0	1	1
GF_7961	1	0	0	1	0	0	0	1	1	0	1	1
GF_7962	1	0	0	1	0	0	0	1	1	0	1	1
GF_7963	1	0	0	1	0	0	0	1	1	0	1	1
GF_7964	1	0	0	1	0	0	0	1	1	0	1	1
GF_7965	1	0	0	1	0	0	0	1	1	0	1	1
GF_7966	1	0	0	1	0	0	0	1	1	0	1	1
GF_7967	1	0	0	1	0	0	0	1	1	0	1	1
GF_7968	1	0	0	1	0	0	0	1	1	0	1	1
GF_7969	1	0	0	1	0	0	0	1	1	0	1	1
GF_7970	1	0	0	1	0	0	0	1	1	0	1	1
GF_7971	1	0	0	1	0	0	0	1	1	0	1	1
GF_7972	1	0	0	1	0	0	0	1	1	0	1	1
GF_7973	1	0	0	1	0	0	0	1	1	0	1	1
GF_7974	1	0	0	1	0	0	0	1	1	0	1	1
GF_7975	1	0	0	1	0	0	0	1	1	0	1	1
GF_7976	1	0	0	1	0	0	0	1	1	0	1	1
GF_7977	1	0	0	1	0	0	0	1	1	0	1	1
GF_7978	1	0	0	1	0	1	0	1	0	0	1	1
GF_7979	1	0	0	1	0	0	0	1	1	0	1	1
GF_7980	1	0	0	1	0	0	0	1	1	0	1	1
GF_7981	1	0	0	1	0	0	0	1	1	0	1	1
GF_7982	1	0	0	1	0	0	0	1	1	0	1	1
GF_7983	1	0	0	1	0	0	0	1	1	0	1	1
GF_7984	1	0	0	1	0	0	0	1	0	0	1	2
GF_7985	1	0	0	1	0	0	0	1	0	1	1	1
GF_7986	1	0	0	2	0	0	0	1	0	0	1	1
GF_7987	1	0	0	2	0	0	0	1	0	0	1	1
GF_7988	1	0	0	1	0	0	0	1	1	0	1	1
GF_7989	1	0	0	1	0	0	0	1	1	0	1	1
GF_7990	1	0	0	1	0	0	0	1	1	0	1	1
GF_7991	1	0	0	1	0	0	0	1	1	0	1	1
GF_7992	1	0	0	1	0	0	0	1	0	0	1	2
GF_7993	1	0	0	1	0	0	0	1	1	0	1	1
GF_7994	1	0	0	1	0	0	0	1	1	0	1	1
GF_7995	1	0	0	1	0	0	0	1	1	0	1	1
GF_7996	1	0	0	1	0	0	0	1	1	0	1	1
GF_7997	1	0	0	1	0	0	0	1	1	0	1	1
GF_7998	1	0	0	1	0	0	0	1	1	0	1	1
GF_7999	1	0	0	1	0	0	0	1	1	0	1	1
GF_8000	1	0	0	1	0	0	0	1	1	0	1	1
GF_8001	1	0	0	1	0	0	0	1	1	0	1	1
GF_8002	1	0	0	1	0	0	0	1	1	0	1	1
GF_8003	1	0	0	1	0	0	0	1	1	0	1	1
GF_8004	1	0	0	1	0	0	0	1	1	0	1	1
GF_8005	1	0	0	1	0	0	0	1	1	0	1	1
GF_8006	1	0	0	1	0	0	0	1	1	0	1	1
GF_8007	1	0	0	1	0	0	0	1	1	0	1	1
GF_8008	1	0	0	1	0	0	0	1	1	0	1	1
GF_8009	1	0	0	1	0	0	0	1	1	0	1	1
GF_8010	1	0	0	1	0	0	0	1	1	0	1	1
GF_8011	1	0	0	1	0	0	0	1	1	0	1	1
GF_8012	1	0	0	1	0	0	0	1	1	0	1	1
GF_8013	1	0	0	1	0	0	0	1	1	0	1	1
GF_8014	1	0	0	1	0	0	0	1	1	0	1	1
GF_8015	1	0	0	1	0	0	0	1	1	0	1	1
GF_8016	1	0	0	1	0	0	0	1	1	0	1	1
GF_8017	1	0	0	1	0	0	0	1	1	0	1	1
GF_8018	1	0	0	1	0	0	0	1	1	0	1	1
GF_8019	1	0	0	1	0	0	0	1	1	0	1	1
GF_8020	1	0	0	1	0	0	0	1	1	0	1	1
GF_8021	1	0	0	1	0	0	0	1	1	0	1	1
GF_8022	1	0	0	1	0	0	0	1	1	0	1	1
GF_8023	1	0	1	1	0	0	0	1	0	0	1	1
GF_8024	1	0	0	1	0	0	0	1	1	0	1	1
GF_8025	1	0	0	1	0	0	0	1	1	0	1	1
GF_8026	1	0	0	1	0	0	0	1	1	0	1	1
GF_8027	1	0	0	1	0	0	0	1	1	0	1	1
GF_8028	1	0	0	1	0	0	0	1	1	0	1	1
GF_8029	1	0	0	1	0	0	0	1	1	0	1	1
GF_8030	1	0	0	1	0	0	0	1	1	0	1	1
GF_8031	1	0	0	1	0	0	0	1	1	0	1	1
GF_8032	2	0	0	1	0	0	0	1	0	0	1	1
GF_8033	1	0	0	1	0	0	0	1	0	0	1	2
GF_8034	1	0	0	1	0	0	0	1	1	0	1	1
GF_8035	1	0	0	1	0	0	0	1	1	0	1	1
GF_8036	1	0	0	1	0	0	0	2	0	0	1	1
GF_8037	1	0	0	1	0	0	0	1	1	0	1	1
GF_8038	1	0	0	1	0	0	0	1	1	0	1	1
GF_8039	1	0	0	1	0	1	0	1	0	0	1	1
GF_8040	1	0	0	1	0	0	0	1	1	0	1	1
GF_8041	1	0	0	1	0	0	0	1	0	1	1	1
GF_8042	1	0	0	1	0	0	0	1	1	0	1	1
GF_8043	1	0	0	1	0	0	0	1	1	0	1	1
GF_8044	1	0	0	1	0	0	0	1	1	0	1	1
GF_8045	1	0	0	1	0	0	0	1	1	0	1	1
GF_8046	1	0	0	1	0	0	0	1	1	0	1	1
GF_8047	1	0	0	1	0	0	0	1	1	0	1	1
GF_8048	1	0	0	1	0	0	0	1	1	0	1	1
GF_8049	1	0	0	1	0	0	0	1	1	0	1	1
GF_8050	1	0	0	1	0	0	0	1	1	0	1	1
GF_8051	1	0	0	1	0	0	0	1	1	0	1	1
GF_8052	1	0	0	1	0	0	0	1	1	0	1	1
GF_8053	1	0	0	1	0	0	0	1	1	0	1	1
GF_8054	1	0	0	1	0	0	0	1	1	0	1	1
GF_8055	1	0	0	1	0	0	0	1	1	0	1	1
GF_8056	1	1	0	1	0	0	0	1	0	0	1	1
GF_8057	1	1	0	0	0	0	0	1	0	1	1	1
GF_8058	1	0	0	1	0	0	0	1	1	0	1	1
GF_8059	1	0	0	1	0	0	0	1	1	0	1	1
GF_8060	1	0	0	1	0	0	0	1	1	0	1	1
GF_8061	1	0	0	1	0	0	0	1	1	0	1	1
GF_8062	2	0	0	1	0	0	0	1	0	0	1	1
GF_8063	1	0	0	1	0	0	0	1	1	0	1	1
GF_8064	1	0	0	1	0	0	0	1	1	0	1	1
GF_8065	1	0	0	1	0	0	0	1	1	0	1	1
GF_8066	1	0	0	1	0	0	0	1	1	0	1	1
GF_8067	1	0	0	1	0	0	0	1	1	0	1	1
GF_8068	1	0	0	1	0	0	0	1	1	0	1	1
GF_8069	1	0	0	1	0	0	0	1	1	0	1	1
GF_8070	1	0	0	1	0	0	0	1	1	0	1	1
GF_8071	1	0	0	1	0	0	0	1	1	0	1	1
GF_8072	1	0	0	1	0	0	0	1	1	0	1	1
GF_8073	1	0	0	1	0	0	0	1	1	0	1	1
GF_8074	1	0	0	1	0	0	0	1	1	0	1	1
GF_8075	1	0	0	1	0	0	0	1	1	0	1	1
GF_8076	1	0	0	1	0	0	0	1	1	0	1	1
GF_8077	1	0	0	1	0	0	0	1	1	0	1	1
GF_8078	1	0	0	1	0	0	0	1	1	0	1	1
GF_8079	1	0	0	1	0	0	0	1	1	0	1	1
GF_8080	1	0	0	1	0	0	0	1	1	0	1	1
GF_8081	1	0	0	1	0	0	0	1	1	0	1	1
GF_8082	1	1	0	1	0	0	0	1	0	0	1	1
GF_8083	1	0	0	1	0	0	0	1	1	0	1	1
GF_8084	1	0	0	1	0	0	0	1	1	0	1	1
GF_8085	1	0	0	1	0	0	0	1	1	0	1	1
GF_8086	1	0	0	1	0	0	0	1	1	0	1	1
GF_8087	1	0	0	1	0	0	0	1	1	0	1	1
GF_8088	1	0	0	1	0	0	0	1	1	0	1	1
GF_8089	1	0	0	1	0	0	0	1	1	0	1	1
GF_8090	1	0	0	1	0	0	0	1	1	0	1	1
GF_8091	1	0	0	1	0	0	0	1	1	0	1	1
GF_8092	1	0	0	1	0	0	0	1	1	0	1	1
GF_8093	1	0	0	1	0	0	0	1	1	0	1	1
GF_8094	1	0	0	1	0	0	0	1	1	0	1	1
GF_8095	1	0	0	1	0	0	0	1	1	0	1	1
GF_8096	1	0	0	1	0	0	0	1	1	0	1	1
GF_8097	1	0	0	1	0	0	0	1	1	0	1	1
GF_8098	1	0	0	1	0	0	0	1	1	0	1	1
GF_8099	1	0	0	1	0	0	0	1	1	0	1	1
GF_8100	1	0	0	1	0	0	0	1	1	0	1	1
GF_8101	1	0	0	1	0	0	0	1	1	0	1	1
GF_8102	1	0	0	1	0	0	0	1	1	0	1	1
GF_8103	1	0	1	0	0	0	0	1	0	0	2	1
GF_8104	1	0	0	1	0	0	0	1	1	0	1	1
GF_8105	1	0	0	1	0	1	0	1	0	0	1	1
GF_8106	1	0	0	1	0	0	0	1	1	0	1	1
GF_8107	1	0	0	1	0	0	0	1	1	0	1	1
GF_8108	1	0	0	1	0	0	0	1	1	0	1	1
GF_8109	1	0	0	1	0	0	0	1	1	0	1	1
GF_8110	1	0	0	1	0	0	0	1	1	0	1	1
GF_8111	1	0	0	1	0	0	0	1	1	0	1	1
GF_8112	1	0	0	1	0	0	0	1	1	0	1	1
GF_8113	1	0	1	1	0	0	0	1	0	0	1	1
GF_8114	1	0	0	1	0	0	0	1	1	0	1	1
GF_8115	1	0	0	1	0	0	0	1	1	0	1	1
GF_8116	1	0	0	1	0	0	0	1	1	0	1	1
GF_8117	1	0	0	1	0	0	0	1	1	0	1	1
GF_8118	1	0	0	1	0	0	0	1	1	0	1	1
GF_8119	1	0	0	1	0	0	0	1	1	0	1	1
GF_8120	1	0	0	1	0	0	0	1	1	0	1	1
GF_8121	1	0	0	1	0	0	0	1	1	0	1	1
GF_8122	1	0	0	1	0	0	0	1	1	0	1	1
GF_8123	1	0	0	1	0	0	0	1	1	0	1	1
GF_8124	1	0	0	1	0	0	0	1	1	0	1	1
GF_8125	1	0	0	1	0	0	0	1	1	0	1	1
GF_8126	1	0	0	1	0	0	0	1	1	0	1	1
GF_8127	1	0	0	1	0	0	0	1	1	0	1	1
GF_8128	1	0	0	1	0	0	0	1	1	0	1	1
GF_8129	1	0	0	1	0	0	0	1	1	0	1	1
GF_8130	1	0	0	1	0	0	0	1	1	0	1	1
GF_8131	1	0	0	1	0	0	0	1	1	0	1	1
GF_8132	1	0	0	1	0	0	0	1	1	0	1	1
GF_8133	1	0	0	1	0	0	0	1	1	0	1	1
GF_8134	1	0	0	1	0	0	0	1	1	0	1	1
GF_8135	1	0	0	1	0	0	0	1	1	0	1	1
GF_8136	1	0	0	1	0	0	0	1	1	0	1	1
GF_8137	1	0	0	1	0	0	0	1	1	0	1	1
GF_8138	1	0	0	1	0	0	0	1	1	0	1	1
GF_8139	1	0	0	1	0	0	0	1	1	0	1	1
GF_8140	1	0	0	1	0	0	0	1	1	0	1	1
GF_8141	1	0	0	1	0	0	0	1	1	0	1	1
GF_8142	1	0	0	1	0	0	0	1	1	0	1	1
GF_8143	1	0	0	1	0	0	0	1	1	0	1	1
GF_8144	1	0	0	1	0	1	0	1	0	0	1	1
GF_8145	1	0	0	1	0	0	0	1	1	0	1	1
GF_8146	1	0	0	1	0	0	0	1	1	0	1	1
GF_8147	1	0	0	1	0	0	0	1	1	0	1	1
GF_8148	1	0	0	1	0	0	0	1	1	0	1	1
GF_8149	1	0	0	1	0	0	0	1	1	0	1	1
GF_8150	1	0	0	1	0	0	0	1	1	0	1	1
GF_8151	1	0	0	1	0	0	0	1	1	0	1	1
GF_8152	1	0	0	1	0	0	0	1	1	0	1	1
GF_8153	1	0	0	1	0	0	0	1	1	0	1	1
GF_8154	1	0	0	1	0	0	0	1	1	0	1	1
GF_8155	1	0	0	1	0	0	0	1	1	0	1	1
GF_8156	1	0	0	1	0	0	0	1	1	0	1	1
GF_8157	1	0	0	1	0	0	0	1	1	0	1	1
GF_8158	1	0	0	1	0	0	0	1	1	0	1	1
GF_8159	1	0	0	1	0	0	0	1	1	0	1	1
GF_8160	1	0	0	1	0	0	0	1	1	0	1	1
GF_8161	1	0	0	1	0	0	0	1	1	0	1	1
GF_8162	1	0	0	1	0	0	0	1	1	0	1	1
GF_8163	1	0	0	1	0	0	0	1	1	0	1	1
GF_8164	1	0	0	1	0	0	0	1	1	0	1	1
GF_8165	1	0	0	1	0	0	1	1	0	0	1	1
GF_8166	1	0	0	1	0	0	0	1	1	0	1	1
GF_8167	1	0	0	1	0	0	0	1	1	0	1	1
GF_8168	1	0	0	1	0	0	0	1	1	0	1	1
GF_8169	1	0	0	1	0	0	0	1	1	0	1	1
GF_8170	1	0	0	1	0	0	0	1	1	0	1	1
GF_8171	1	0	0	1	0	0	0	1	1	0	1	1
GF_8172	1	0	0	1	0	0	0	1	1	0	1	1
GF_8173	1	0	0	1	0	0	0	1	1	0	1	1
GF_8174	1	0	0	1	0	0	0	1	1	0	1	1
GF_8175	1	0	0	1	0	0	0	1	1	0	1	1
GF_8176	1	0	0	1	0	0	0	1	1	0	1	1
GF_8177	1	0	0	1	0	0	0	1	1	0	1	1
GF_8178	1	0	0	2	0	0	0	1	0	0	1	1
GF_8179	1	0	0	1	0	0	0	1	1	0	1	1
GF_8180	1	0	0	1	0	0	0	1	1	0	1	1
GF_8181	1	0	0	1	0	0	0	1	1	0	1	1
GF_8182	1	0	0	1	0	0	0	1	1	0	1	1
GF_8183	1	0	0	1	0	0	0	1	1	0	1	1
GF_8184	1	0	0	1	0	0	0	1	0	0	1	2
GF_8185	1	0	0	1	0	0	0	1	1	0	1	1
GF_8186	1	0	0	1	0	0	0	1	1	0	1	1
GF_8187	1	0	0	1	0	0	0	1	1	0	1	1
GF_8188	1	0	0	1	0	0	0	1	1	0	1	1
GF_8189	1	0	0	1	0	0	0	1	1	0	1	1
GF_8190	1	0	0	1	0	0	0	1	1	0	1	1
GF_8191	1	0	0	1	0	0	0	1	1	0	1	1
GF_8192	1	0	0	1	0	0	0	1	1	0	1	1
GF_8193	1	1	0	1	0	0	0	1	0	0	1	1
GF_8194	1	0	0	1	0	0	0	1	1	0	1	1
GF_8195	1	0	0	1	0	0	0	1	1	0	1	1
GF_8196	1	0	1	1	0	0	0	1	0	0	1	1
GF_8197	1	0	0	1	0	0	0	1	1	0	1	1
GF_8198	1	0	0	1	0	0	0	1	1	0	1	1
GF_8199	1	0	0	1	0	0	0	1	1	0	1	1
GF_8200	1	0	0	1	0	0	0	1	1	0	1	1
GF_8201	1	0	0	1	0	0	0	1	1	0	1	1
GF_8202	1	0	0	1	0	0	0	1	1	0	1	1
GF_8203	1	0	0	1	0	0	0	1	1	0	1	1
GF_8204	1	0	0	1	0	0	0	1	1	0	1	1
GF_8205	1	0	0	1	0	0	0	1	1	0	1	1
GF_8206	1	0	0	1	0	0	0	1	1	0	1	1
GF_8207	1	0	0	1	0	0	0	1	1	0	1	1
GF_8208	1	0	0	1	0	0	0	1	1	0	1	1
GF_8209	1	0	0	1	0	0	0	1	1	0	1	1
GF_8210	1	0	0	1	0	0	0	1	1	0	1	1
GF_8211	1	0	0	1	0	0	0	1	1	0	1	1
GF_8212	1	0	0	1	0	0	0	1	1	0	1	1
GF_8213	1	0	0	1	0	0	0	1	1	0	1	1
GF_8214	1	0	0	1	0	0	0	1	1	0	1	1
GF_8215	1	0	0	1	0	0	0	1	1	0	1	1
GF_8216	1	0	0	1	0	0	0	1	1	0	1	1
GF_8217	1	0	0	1	0	0	0	1	1	0	1	1
GF_8218	1	0	0	1	0	0	0	1	1	0	1	1
GF_8219	1	0	1	1	0	0	0	1	0	0	1	1
GF_8220	1	0	0	1	0	0	0	1	1	0	1	1
GF_8221	1	0	0	1	0	0	0	1	1	0	1	1
GF_8222	1	0	0	1	0	0	0	1	1	0	1	1
GF_8223	1	0	0	1	0	0	0	1	1	0	1	1
GF_8224	1	0	0	1	0	0	0	1	1	0	1	1
GF_8225	1	0	0	1	0	0	0	1	1	0	1	1
GF_8226	1	0	0	1	0	0	0	1	1	0	1	1
GF_8227	1	0	0	1	0	0	0	1	1	0	1	1
GF_8228	1	0	0	1	0	0	0	1	1	0	1	1
GF_8229	1	0	0	1	0	0	0	1	1	0	1	1
GF_8230	1	0	0	1	0	0	0	1	1	0	1	1
GF_8231	1	0	0	1	0	0	0	1	1	0	1	1
GF_8232	1	0	0	1	0	0	0	1	1	0	1	1
GF_8233	1	0	0	1	0	0	0	1	1	0	1	1
GF_8234	1	0	0	1	0	0	0	1	1	0	1	1
GF_8235	1	0	0	1	0	0	0	1	1	0	1	1
GF_8236	1	0	0	1	0	0	0	1	1	0	1	1
GF_8237	1	0	0	1	0	0	0	1	1	0	1	1
GF_8238	1	0	0	1	0	0	0	1	1	0	1	1
GF_8239	1	0	0	1	0	0	0	1	1	0	1	1
GF_8240	1	0	0	1	0	0	0	1	1	0	1	1
GF_8241	1	0	0	1	0	0	0	1	1	0	1	1
GF_8242	1	0	0	1	0	0	0	1	1	0	1	1
GF_8243	1	0	0	1	0	0	0	1	1	0	1	1
GF_8244	1	0	0	1	0	0	0	1	1	0	1	1
GF_8245	1	0	0	1	0	0	0	1	1	0	1	1
GF_8246	1	0	0	1	0	0	0	1	1	0	1	1
GF_8247	1	0	0	1	0	0	0	1	1	0	1	1
GF_8248	1	0	0	1	0	0	0	1	1	0	1	1
GF_8249	1	0	0	1	0	0	0	1	1	0	1	1
GF_8250	1	0	0	1	0	0	0	1	1	0	1	1
GF_8251	1	0	0	1	0	0	0	1	1	0	1	1
GF_8252	1	0	0	1	0	0	0	1	1	0	1	1
GF_8253	1	0	0	1	0	0	0	1	1	0	1	1
GF_8254	1	0	0	1	0	0	0	1	1	0	1	1
GF_8255	1	0	0	1	0	0	0	1	1	0	1	1
GF_8256	1	0	0	1	0	0	0	1	1	0	1	1
GF_8257	1	0	0	1	0	0	0	1	1	0	1	1
GF_8258	1	0	0	1	0	0	0	1	1	0	1	1
GF_8259	1	0	0	1	0	0	0	1	1	0	1	1
GF_8260	1	0	0	1	0	0	0	1	1	0	1	1
GF_8261	1	0	0	1	0	0	0	1	1	0	1	1
GF_8262	1	0	0	1	0	0	0	1	1	0	1	1
GF_8263	1	0	0	1	0	0	0	1	1	0	1	1
GF_8264	1	0	0	1	0	0	0	1	1	0	1	1
GF_8265	1	0	0	1	0	0	0	1	1	0	1	1
GF_8266	1	0	0	1	0	0	0	1	1	0	1	1
GF_8267	1	0	0	1	0	0	0	1	1	0	1	1
GF_8268	1	0	0	1	0	0	0	1	1	0	1	1
GF_8269	1	0	0	1	0	0	0	1	1	0	1	1
GF_8270	1	0	0	1	0	0	0	1	1	0	1	1
GF_8271	1	0	0	1	0	0	0	1	1	0	1	1
GF_8272	1	0	0	1	0	0	0	1	1	0	1	1
GF_8273	1	0	0	1	0	0	0	1	1	0	1	1
GF_8274	1	0	0	1	0	0	0	1	1	0	1	1
GF_8275	1	0	0	1	0	0	0	1	1	0	1	1
GF_8276	1	0	0	1	0	0	0	1	1	0	1	1
GF_8277	1	0	0	1	0	0	0	1	1	0	1	1
GF_8278	1	0	0	1	0	0	0	1	1	0	1	1
GF_8279	1	0	0	1	0	0	0	1	1	0	1	1
GF_8280	1	0	0	1	0	0	0	1	1	0	1	1
GF_8281	1	0	0	1	0	0	0	1	1	0	1	1
GF_8282	1	0	0	1	0	0	0	1	1	0	1	1
GF_8283	1	0	0	1	0	0	0	1	1	0	1	1
GF_8284	1	0	0	1	0	0	0	1	1	0	1	1
GF_8285	1	0	0	1	0	0	0	1	1	0	1	1
GF_8286	1	0	0	1	0	0	0	1	1	0	1	1
GF_8287	1	0	0	1	0	0	0	1	1	0	1	1
GF_8288	1	0	0	1	0	0	0	1	1	0	1	1
GF_8289	1	0	0	1	0	0	0	1	1	0	1	1
GF_8290	1	0	0	1	0	0	0	1	1	0	1	1
GF_8291	1	0	0	1	0	0	0	1	1	0	1	1
GF_8292	1	0	0	1	0	0	0	1	1	0	1	1
GF_8293	1	0	0	1	0	0	0	1	1	0	1	1
GF_8294	1	0	0	1	0	0	0	1	1	0	1	1
GF_8295	1	0	0	1	0	0	0	1	1	0	1	1
GF_8296	1	0	0	1	0	0	0	1	1	0	1	1
GF_8297	1	0	0	1	0	0	0	1	1	0	1	1
GF_8298	1	0	0	1	0	0	0	1	1	0	1	1
GF_8299	1	0	0	1	0	0	0	1	1	0	1	1
GF_8300	1	0	0	1	0	0	0	1	1	0	1	1
GF_8301	1	0	0	1	0	0	0	1	1	0	1	1
GF_8302	1	0	1	1	0	0	0	1	0	0	1	1
GF_8303	1	0	0	1	0	0	0	1	1	0	1	1
GF_8304	1	0	0	1	0	0	0	1	1	0	1	1
GF_8305	1	0	0	1	0	0	0	1	1	0	1	1
GF_8306	1	0	0	1	0	0	0	1	1	0	1	1
GF_8307	1	0	0	1	0	0	0	1	1	0	1	1
GF_8308	1	0	0	1	0	0	0	1	1	0	1	1
GF_8309	1	0	0	1	0	0	0	1	1	0	1	1
GF_8310	1	0	0	1	0	0	0	1	1	0	1	1
GF_8311	1	0	0	1	0	0	0	1	1	0	1	1
GF_8312	1	0	0	1	0	0	0	1	1	0	1	1
GF_8313	1	0	0	1	0	0	0	1	1	0	1	1
GF_8314	1	0	0	1	0	0	0	1	1	0	1	1
GF_8315	1	0	0	0	0	0	0	1	1	1	1	1
GF_8316	1	0	1	0	0	0	0	1	1	0	1	1
GF_8317	1	0	0	1	0	0	0	1	1	0	1	1
GF_8318	1	0	0	1	0	0	0	1	1	0	1	1
GF_8319	1	0	0	1	0	0	0	1	1	0	1	1
GF_8320	1	0	0	1	0	0	0	1	1	0	1	1
GF_8321	1	0	1	1	0	1	0	1	0	0	1	0
GF_8322	1	0	0	1	0	0	0	1	1	0	1	1
GF_8323	1	0	0	1	0	0	0	1	1	0	1	1
GF_8324	1	0	0	1	0	0	0	1	1	0	1	1
GF_8325	1	0	0	1	0	0	0	1	1	0	1	1
GF_8326	1	0	0	1	0	0	0	2	0	0	1	1
GF_8327	1	0	0	1	0	0	0	1	1	0	1	1
GF_8328	1	0	0	1	0	0	0	1	1	0	1	1
GF_8329	1	0	0	1	0	0	0	1	1	0	1	1
GF_8330	1	0	0	1	0	0	0	1	1	0	1	1
GF_8331	1	0	0	1	0	0	0	1	1	0	1	1
GF_8332	1	0	0	1	0	0	0	1	1	0	1	1
GF_8333	1	0	0	1	0	0	0	1	1	0	1	1
GF_8334	1	0	0	1	0	0	0	1	1	0	1	1
GF_8335	1	0	0	1	0	0	0	1	1	0	1	1
GF_8336	1	0	0	1	0	0	0	1	1	0	1	1
GF_8337	1	0	0	1	0	0	0	1	1	0	1	1
GF_8338	1	0	0	1	0	0	0	1	1	0	1	1
GF_8339	1	0	0	1	0	0	0	1	0	1	1	1
GF_8340	1	0	0	1	0	0	0	2	0	0	1	1
GF_8341	1	0	0	1	0	0	0	1	1	0	1	1
GF_8342	1	0	0	1	0	0	0	1	1	0	1	1
GF_8343	1	0	0	1	0	0	0	1	1	0	1	1
GF_8344	1	0	0	1	0	0	0	1	1	0	1	1
GF_8345	1	0	0	1	0	0	0	1	1	0	1	1
GF_8346	1	0	0	1	0	0	0	1	1	0	1	1
GF_8347	1	0	0	1	0	0	0	1	1	0	1	1
GF_8348	1	0	0	1	0	0	0	1	1	0	1	1
GF_8349	1	0	0	1	0	0	0	1	1	0	1	1
GF_8350	1	0	0	1	0	0	0	1	1	0	1	1
GF_8351	1	0	0	1	0	0	0	1	1	0	1	1
GF_8352	1	0	0	1	0	0	0	1	1	0	1	1
GF_8353	1	0	0	1	0	0	0	1	1	0	1	1
GF_8354	1	0	0	1	0	0	0	1	1	0	1	1
GF_8355	1	0	0	1	0	0	0	1	1	0	1	1
GF_8356	1	0	0	1	0	0	0	1	0	0	1	2
GF_8357	1	0	0	1	0	0	0	1	1	0	1	1
GF_8358	1	0	0	1	0	0	0	1	0	0	1	2
GF_8359	1	0	0	1	0	0	0	1	0	0	1	2
GF_8360	1	0	0	2	0	0	0	1	0	0	1	1
GF_8361	1	0	0	1	0	0	0	1	1	0	1	1
GF_8362	1	0	0	1	0	0	0	1	1	0	1	1
GF_8363	1	0	0	1	0	0	0	1	1	0	1	1
GF_8364	1	0	0	1	0	0	0	1	1	0	1	1
GF_8365	1	0	0	1	0	0	0	1	1	0	1	1
GF_8366	1	0	0	1	0	0	0	1	1	0	1	1
GF_8367	2	0	0	1	0	0	0	1	0	0	1	1
GF_8368	1	0	0	1	0	0	0	1	1	0	1	1
GF_8369	1	0	0	1	0	0	0	1	1	0	1	1
GF_8370	1	0	0	1	0	0	0	1	1	0	1	1
GF_8371	1	0	0	1	0	0	0	1	0	0	1	2
GF_8372	1	0	1	1	0	0	0	1	0	0	1	1
GF_8373	1	0	0	2	0	0	0	1	0	0	1	1
GF_8374	1	0	0	1	0	0	0	1	1	0	1	1
GF_8375	1	0	0	1	0	0	0	1	1	0	1	1
GF_8376	1	0	0	1	0	0	0	1	0	1	1	1
GF_8377	1	0	0	1	0	0	0	2	0	0	1	1
GF_8378	1	0	0	1	0	0	0	2	0	0	1	1
GF_8379	1	0	0	1	0	0	0	2	0	0	1	1
GF_8380	1	0	0	0	0	0	0	2	0	0	1	2
GF_8381	1	0	0	2	0	0	0	0	0	0	1	2
GF_8382	2	0	0	1	0	0	0	0	0	0	2	1
GF_8383	1	0	0	1	0	0	0	1	1	0	1	1
GF_8384	1	0	0	1	0	0	0	0	0	0	2	2
GF_8385	1	0	0	1	0	0	0	1	1	0	1	1
GF_8386	1	0	0	1	0	0	0	1	0	0	2	1
GF_8387	1	0	0	1	0	0	0	1	0	0	1	2
GF_8388	0	0	1	1	0	1	1	0	0	1	0	1
GF_8389	0	4	0	0	0	0	0	0	0	1	0	0
GF_8390	0	0	0	0	0	0	0	0	0	5	0	0
GF_8391	0	1	0	0	0	0	0	0	0	4	0	0
GF_8392	0	0	0	0	0	0	0	0	0	5	0	0
GF_8393	0	1	0	0	0	1	0	0	0	3	0	0
GF_8394	0	0	0	0	0	0	0	0	0	5	0	0
GF_8395	0	0	3	0	0	0	0	0	0	2	0	0
GF_8396	0	0	0	0	0	0	0	0	0	5	0	0
GF_8397	0	0	2	0	0	0	0	0	0	2	0	1
GF_8398	0	0	0	0	0	0	0	0	0	5	0	0
GF_8399	0	1	1	0	0	0	0	0	0	3	0	0
GF_8400	0	0	0	0	0	0	0	0	0	5	0	0
GF_8401	0	0	3	0	0	0	0	0	0	2	0	0
GF_8402	0	0	0	0	0	0	0	0	0	5	0	0
GF_8403	0	1	0	0	0	0	0	0	0	4	0	0
GF_8404	0	0	0	0	0	0	0	0	0	5	0	0
GF_8405	0	0	0	0	0	0	0	0	0	5	0	0
GF_8406	0	0	0	0	0	0	0	0	0	5	0	0
GF_8407	0	1	0	0	0	1	1	0	0	2	0	0
GF_8408	0	0	0	0	0	0	0	0	0	5	0	0
GF_8409	0	0	5	0	0	0	0	0	0	0	0	0
GF_8410	0	0	5	0	0	0	0	0	0	0	0	0
GF_8411	0	0	5	0	0	0	0	0	0	0	0	0
GF_8412	0	0	5	0	0	0	0	0	0	0	0	0
GF_8413	0	1	4	0	0	0	0	0	0	0	0	0
GF_8414	0	0	5	0	0	0	0	0	0	0	0	0
GF_8415	0	0	5	0	0	0	0	0	0	0	0	0
GF_8416	0	1	2	0	0	0	0	0	1	1	0	0
GF_8417	0	0	5	0	0	0	0	0	0	0	0	0
GF_8418	0	0	5	0	0	0	0	0	0	0	0	0
GF_8419	0	1	4	0	0	0	0	0	0	0	0	0
GF_8420	0	0	5	0	0	0	0	0	0	0	0	0
GF_8421	0	1	2	0	0	1	1	0	0	0	0	0
GF_8422	0	1	3	0	0	0	0	0	0	1	0	0
GF_8423	0	0	5	0	0	0	0	0	0	0	0	0
GF_8424	0	0	5	0	0	0	0	0	0	0	0	0
GF_8425	0	0	5	0	0	0	0	0	0	0	0	0
GF_8426	0	0	5	0	0	0	0	0	0	0	0	0
GF_8427	0	0	5	0	0	0	0	0	0	0	0	0
GF_8428	0	2	2	1	0	0	0	0	0	0	0	0
GF_8429	0	1	2	0	0	1	0	0	0	1	0	0
GF_8430	0	0	2	0	0	2	0	0	0	1	0	0
GF_8431	0	0	5	0	0	0	0	0	0	0	0	0
GF_8432	0	0	5	0	0	0	0	0	0	0	0	0
GF_8433	0	1	3	0	0	0	0	0	0	1	0	0
GF_8434	0	1	3	0	0	0	0	1	0	0	0	0
GF_8435	0	1	2	0	0	0	1	0	0	1	0	0
GF_8436	0	0	5	0	0	0	0	0	0	0	0	0
GF_8437	0	0	5	0	0	0	0	0	0	0	0	0
GF_8438	0	1	2	0	1	0	0	0	0	1	0	0
GF_8439	0	2	2	0	0	0	0	0	0	1	0	0
GF_8440	0	1	2	0	0	0	1	0	0	1	0	0
GF_8441	0	0	5	0	0	0	0	0	0	0	0	0
GF_8442	0	0	5	0	0	0	0	0	0	0	0	0
GF_8443	0	3	2	0	0	0	0	0	0	0	0	0
GF_8444	0	0	5	0	0	0	0	0	0	0	0	0
GF_8445	0	0	2	0	0	2	1	0	0	0	0	0
GF_8446	0	0	4	0	0	1	0	0	0	0	0	0
GF_8447	0	2	2	0	0	0	0	0	0	1	0	0
GF_8448	0	0	4	0	0	0	0	0	0	1	0	0
GF_8449	0	1	2	0	0	0	1	0	0	1	0	0
GF_8450	0	1	2	0	0	0	0	0	1	1	0	0
GF_8451	0	0	0	0	0	0	0	0	5	0	0	0
GF_8452	1	0	0	0	0	0	0	0	4	0	0	0
GF_8453	0	0	0	0	0	0	0	0	5	0	0	0
GF_8454	0	0	0	0	0	1	0	0	4	0	0	0
GF_8455	1	0	0	1	0	0	0	1	2	0	0	0
GF_8456	0	2	2	0	0	0	0	0	0	1	0	0
GF_8457	0	0	3	0	2	0	0	0	0	0	0	0
GF_8458	0	2	2	0	0	0	0	0	0	1	0	0
GF_8459	0	1	3	0	0	0	0	0	0	1	0	0
GF_8460	0	0	4	0	0	0	0	0	0	1	0	0
GF_8461	0	0	5	0	0	0	0	0	0	0	0	0
GF_8462	3	0	0	1	0	0	0	0	0	0	1	0
GF_8463	2	0	0	0	0	0	0	1	0	0	1	1
GF_8464	0	0	0	0	0	0	0	2	0	0	1	2
GF_8465	1	0	0	0	0	0	0	1	0	0	1	2
GF_8466	1	0	0	0	0	0	0	0	2	0	0	2
GF_8467	0	0	0	0	0	0	0	0	5	0	0	0
GF_8468	1	0	0	0	0	0	0	2	0	0	0	2
GF_8469	0	0	0	1	0	0	0	0	0	0	1	3
GF_8470	0	0	0	1	0	0	0	1	0	0	1	2
GF_8471	1	0	0	0	0	0	0	2	0	0	0	2
GF_8472	1	0	0	0	0	0	0	2	0	0	0	2
GF_8473	1	0	0	0	0	0	0	2	0	0	0	2
GF_8474	1	0	0	0	0	0	0	1	0	0	1	2
GF_8475	0	0	0	1	0	0	0	2	0	0	0	2
GF_8476	0	0	0	1	0	0	0	1	0	0	1	2
GF_8477	1	0	0	2	0	0	0	0	0	0	0	2
GF_8478	1	0	0	0	0	0	0	1	0	0	1	2
GF_8479	0	5	0	0	0	0	0	0	0	0	0	0
GF_8480	0	5	0	0	0	0	0	0	0	0	0	0
GF_8481	0	5	0	0	0	0	0	0	0	0	0	0
GF_8482	0	3	1	0	0	0	0	0	0	1	0	0
GF_8483	0	2	0	0	1	1	0	0	0	1	0	0
GF_8484	0	5	0	0	0	0	0	0	0	0	0	0
GF_8485	0	5	0	0	0	0	0	0	0	0	0	0
GF_8486	0	4	0	0	0	0	0	0	0	1	0	0
GF_8487	0	5	0	0	0	0	0	0	0	0	0	0
GF_8488	0	5	0	0	0	0	0	0	0	0	0	0
GF_8489	0	3	0	0	0	0	0	0	0	2	0	0
GF_8490	0	4	0	0	0	0	0	0	0	1	0	0
GF_8491	0	5	0	0	0	0	0	0	0	0	0	0
GF_8492	0	3	1	0	0	0	0	0	0	1	0	0
GF_8493	0	5	0	0	0	0	0	0	0	0	0	0
GF_8494	0	2	1	0	0	1	0	0	0	1	0	0
GF_8495	0	5	0	0	0	0	0	0	0	0	0	0
GF_8496	0	2	0	0	0	2	0	0	0	1	0	0
GF_8497	0	5	0	0	0	0	0	0	0	0	0	0
GF_8498	0	4	0	0	0	0	1	0	0	0	0	0
GF_8499	0	4	0	0	0	0	0	0	0	1	0	0
GF_8500	0	5	0	0	0	0	0	0	0	0	0	0
GF_8501	0	5	0	0	0	0	0	0	0	0	0	0
GF_8502	0	3	0	0	0	1	0	0	0	1	0	0
GF_8503	0	5	0	0	0	0	0	0	0	0	0	0
GF_8504	0	2	1	0	0	1	0	0	0	1	0	0
GF_8505	0	2	0	0	1	1	1	0	0	0	0	0
GF_8506	0	5	0	0	0	0	0	0	0	0	0	0
GF_8507	0	5	0	0	0	0	0	0	0	0	0	0
GF_8508	0	4	0	0	0	0	0	0	0	1	0	0
GF_8509	0	3	0	0	0	2	0	0	0	0	0	0
GF_8510	0	4	0	0	0	0	0	0	0	1	0	0
GF_8511	0	5	0	0	0	0	0	0	0	0	0	0
GF_8512	0	2	1	0	0	2	0	0	0	0	0	0
GF_8513	0	5	0	0	0	0	0	0	0	0	0	0
GF_8514	0	5	0	0	0	0	0	0	0	0	0	0
GF_8515	0	2	0	0	0	1	1	0	0	1	0	0
GF_8516	0	5	0	0	0	0	0	0	0	0	0	0
GF_8517	0	3	1	0	0	1	0	0	0	0	0	0
GF_8518	0	5	0	0	0	0	0	0	0	0	0	0
GF_8519	0	0	0	0	0	0	0	0	5	0	0	0
GF_8520	0	0	0	0	0	0	0	0	5	0	0	0
GF_8521	0	0	0	0	0	0	0	0	5	0	0	0
GF_8522	0	2	0	0	0	0	0	0	0	3	0	0
GF_8523	0	2	0	1	0	1	0	0	0	0	0	1
GF_8524	0	3	0	0	1	0	0	0	0	1	0	0
GF_8525	0	2	0	0	0	2	0	0	0	1	0	0
GF_8526	0	5	0	0	0	0	0	0	0	0	0	0
GF_8527	0	5	0	0	0	0	0	0	0	0	0	0
GF_8528	0	5	0	0	0	0	0	0	0	0	0	0
GF_8529	0	5	0	0	0	0	0	0	0	0	0	0
GF_8530	0	5	0	0	0	0	0	0	0	0	0	0
GF_8531	0	5	0	0	0	0	0	0	0	0	0	0
GF_8532	0	3	1	0	0	0	1	0	0	0	0	0
GF_8533	0	4	1	0	0	0	0	0	0	0	0	0
GF_8534	0	2	0	0	0	1	1	0	0	1	0	0
GF_8535	0	2	0	0	0	2	0	0	0	1	0	0
GF_8536	0	3	1	0	0	0	0	0	1	0	0	0
GF_8537	0	5	0	0	0	0	0	0	0	0	0	0
GF_8538	0	5	0	0	0	0	0	0	0	0	0	0
GF_8539	0	5	0	0	0	0	0	0	0	0	0	0
GF_8540	0	3	1	0	0	0	0	0	0	1	0	0
GF_8541	0	2	0	0	0	0	0	0	0	3	0	0
GF_8542	0	5	0	0	0	0	0	0	0	0	0	0
GF_8543	0	0	0	0	0	5	0	0	0	0	0	0
GF_8544	0	1	1	0	0	2	1	0	0	0	0	0
GF_8545	0	0	0	0	0	5	0	0	0	0	0	0
GF_8546	0	1	0	0	0	4	0	0	0	0	0	0
GF_8547	0	0	0	0	0	5	0	0	0	0	0	0
GF_8548	0	0	0	0	0	5	0	0	0	0	0	0
GF_8549	0	0	0	0	0	5	0	0	0	0	0	0
GF_8550	0	0	0	0	0	5	0	0	0	0	0	0
GF_8551	0	0	0	0	0	5	0	0	0	0	0	0
GF_8552	0	0	0	0	0	5	0	0	0	0	0	0
GF_8553	0	0	0	0	0	4	1	0	0	0	0	0
GF_8554	0	1	1	0	0	2	0	0	0	1	0	0
GF_8555	0	1	0	0	0	2	2	0	0	0	0	0
GF_8556	0	0	0	0	0	5	0	0	0	0	0	0
GF_8557	0	0	0	0	0	5	0	0	0	0	0	0
GF_8558	0	1	1	0	0	2	0	0	0	1	0	0
GF_8559	0	0	0	0	5	0	0	0	0	0	0	0
GF_8560	0	0	0	0	5	0	0	0	0	0	0	0
GF_8561	0	0	0	0	5	0	0	0	0	0	0	0
GF_8562	0	0	0	0	5	0	0	0	0	0	0	0
GF_8563	0	0	0	0	5	0	0	0	0	0	0	0
GF_8564	0	0	0	0	5	0	0	0	0	0	0	0
GF_8565	0	1	0	0	2	1	1	0	0	0	0	0
GF_8566	0	1	1	0	3	0	0	0	0	0	0	0
GF_8567	0	0	0	0	5	0	0	0	0	0	0	0
GF_8568	0	0	0	0	3	1	1	0	0	0	0	0
GF_8569	0	0	0	0	4	0	0	0	1	0	0	0
GF_8570	0	1	0	0	4	0	0	0	0	0	0	0
GF_8571	0	0	0	0	5	0	0	0	0	0	0	0
GF_8572	0	0	0	0	5	0	0	0	0	0	0	0
GF_8573	1	0	0	1	1	1	0	1	0	0	0	0
GF_8574	0	0	0	0	5	0	0	0	0	0	0	0
GF_8575	0	1	1	0	2	0	0	0	0	1	0	0
GF_8576	0	0	1	0	4	0	0	0	0	0	0	0
GF_8577	0	0	0	0	4	1	0	0	0	0	0	0
GF_8578	0	0	0	0	5	0	0	0	0	0	0	0
GF_8579	0	0	0	0	5	0	0	0	0	0	0	0
GF_8580	0	1	1	0	1	0	1	0	0	1	0	0
GF_8581	0	0	0	0	5	0	0	0	0	0	0	0
GF_8582	0	0	0	0	5	0	0	0	0	0	0	0
GF_8583	0	0	0	0	5	0	0	0	0	0	0	0
GF_8584	0	0	0	0	5	0	0	0	0	0	0	0
GF_8585	0	1	1	0	2	0	1	0	0	0	0	0
GF_8586	0	0	1	0	2	0	1	0	0	1	0	0
GF_8587	0	0	0	0	5	0	0	0	0	0	0	0
GF_8588	0	0	1	0	2	0	1	0	0	1	0	0
GF_8589	0	0	0	0	5	0	0	0	0	0	0	0
GF_8590	1	0	0	2	0	0	0	1	0	0	0	1
GF_8591	0	0	0	1	0	0	0	1	2	0	0	1
GF_8592	0	0	1	0	0	0	0	0	3	1	0	0
GF_8593	0	0	0	3	0	0	0	1	0	0	0	1
GF_8594	0	0	0	2	0	0	0	1	0	0	1	1
GF_8595	1	0	0	3	0	0	0	0	0	0	0	1
GF_8596	0	0	0	3	0	0	0	1	0	0	1	0
GF_8597	1	0	0	2	0	0	0	1	0	0	0	1
GF_8598	0	0	0	2	0	0	0	2	0	0	0	1
GF_8599	1	0	0	2	0	0	0	0	0	0	1	1
GF_8600	1	0	0	2	0	0	0	1	0	0	1	0
GF_8601	0	0	0	2	1	0	0	0	0	0	1	1
GF_8602	1	0	0	2	0	0	0	1	0	0	0	1
GF_8603	1	0	0	1	0	0	0	2	0	0	0	1
GF_8604	1	0	0	1	0	0	0	2	0	0	0	1
GF_8605	1	0	0	0	0	0	0	2	0	0	1	1
GF_8606	1	0	0	0	0	0	0	2	0	0	1	1
GF_8607	1	0	0	0	0	0	0	2	0	0	1	1
GF_8608	0	0	0	0	0	0	0	3	0	0	1	1
GF_8609	1	0	0	0	0	0	0	3	1	0	0	0
GF_8610	1	0	0	0	0	0	0	2	0	0	1	1
GF_8611	1	0	0	0	0	0	0	2	0	0	1	1
GF_8612	0	0	0	1	0	0	0	2	0	0	1	1
GF_8613	1	0	0	0	0	0	0	2	0	0	2	0
GF_8614	0	0	0	1	0	0	0	1	0	0	3	0
GF_8615	1	0	0	1	0	0	0	0	0	0	2	1
GF_8616	2	0	0	0	0	0	0	0	0	0	2	1
GF_8617	0	0	0	1	0	0	0	1	0	0	2	1
GF_8618	1	0	0	1	0	0	0	1	0	0	2	0
GF_8619	1	0	0	0	0	0	0	1	0	0	3	0
GF_8620	0	0	1	1	0	0	0	1	0	0	2	0
GF_8621	0	0	0	1	0	0	0	1	0	0	3	0
GF_8622	1	0	0	1	0	0	0	0	0	0	2	1
GF_8623	0	0	0	1	0	0	0	1	0	0	2	1
GF_8624	1	0	0	1	0	0	0	0	0	0	2	1
GF_8625	0	0	0	0	0	0	0	1	0	0	3	1
GF_8626	0	1	0	0	0	0	0	1	0	0	2	1
GF_8627	0	0	0	0	0	0	5	0	0	0	0	0
GF_8628	0	0	0	0	0	2	2	0	0	1	0	0
GF_8629	0	1	0	0	0	0	0	0	0	4	0	0
GF_8630	0	0	0	0	0	0	0	1	0	2	1	1
GF_8631	0	0	0	0	0	0	0	0	0	5	0	0
GF_8632	0	1	1	0	0	1	0	0	0	2	0	0
GF_8633	0	0	0	0	0	2	0	0	0	3	0	0
GF_8634	0	0	0	0	0	0	0	0	0	5	0	0
GF_8635	0	0	0	0	0	0	0	0	0	5	0	0
GF_8636	0	0	0	0	0	0	0	0	0	5	0	0
GF_8637	0	0	0	0	0	0	0	0	0	5	0	0
GF_8638	0	0	0	0	0	0	0	0	0	5	0	0
GF_8639	0	0	0	0	0	0	0	0	0	5	0	0
GF_8640	0	0	0	0	0	0	0	0	0	5	0	0
GF_8641	0	0	0	0	0	0	0	0	0	5	0	0
GF_8642	0	0	0	0	0	0	0	0	0	5	0	0
GF_8643	0	0	0	0	0	0	0	0	0	5	0	0
GF_8644	0	0	0	0	0	0	0	0	0	5	0	0
GF_8645	0	0	0	0	0	0	0	0	0	5	0	0
GF_8646	0	0	5	0	0	0	0	0	0	0	0	0
GF_8647	0	0	5	0	0	0	0	0	0	0	0	0
GF_8648	0	0	5	0	0	0	0	0	0	0	0	0
GF_8649	0	0	5	0	0	0	0	0	0	0	0	0
GF_8650	0	0	5	0	0	0	0	0	0	0	0	0
GF_8651	0	0	5	0	0	0	0	0	0	0	0	0
GF_8652	0	0	5	0	0	0	0	0	0	0	0	0
GF_8653	0	0	5	0	0	0	0	0	0	0	0	0
GF_8654	0	0	5	0	0	0	0	0	0	0	0	0
GF_8655	0	0	5	0	0	0	0	0	0	0	0	0
GF_8656	0	0	5	0	0	0	0	0	0	0	0	0
GF_8657	0	0	5	0	0	0	0	0	0	0	0	0
GF_8658	0	0	5	0	0	0	0	0	0	0	0	0
GF_8659	0	0	5	0	0	0	0	0	0	0	0	0
GF_8660	0	0	5	0	0	0	0	0	0	0	0	0
GF_8661	0	0	5	0	0	0	0	0	0	0	0	0
GF_8662	0	0	5	0	0	0	0	0	0	0	0	0
GF_8663	0	0	5	0	0	0	0	0	0	0	0	0
GF_8664	0	0	5	0	0	0	0	0	0	0	0	0
GF_8665	0	0	5	0	0	0	0	0	0	0	0	0
GF_8666	0	0	5	0	0	0	0	0	0	0	0	0
GF_8667	0	0	5	0	0	0	0	0	0	0	0	0
GF_8668	0	0	5	0	0	0	0	0	0	0	0	0
GF_8669	0	0	5	0	0	0	0	0	0	0	0	0
GF_8670	0	0	5	0	0	0	0	0	0	0	0	0
GF_8671	0	0	5	0	0	0	0	0	0	0	0	0
GF_8672	0	0	5	0	0	0	0	0	0	0	0	0
GF_8673	0	5	0	0	0	0	0	0	0	0	0	0
GF_8674	0	5	0	0	0	0	0	0	0	0	0	0
GF_8675	0	5	0	0	0	0	0	0	0	0	0	0
GF_8676	0	5	0	0	0	0	0	0	0	0	0	0
GF_8677	0	5	0	0	0	0	0	0	0	0	0	0
GF_8678	0	5	0	0	0	0	0	0	0	0	0	0
GF_8679	0	5	0	0	0	0	0	0	0	0	0	0
GF_8680	0	5	0	0	0	0	0	0	0	0	0	0
GF_8681	0	5	0	0	0	0	0	0	0	0	0	0
GF_8682	0	5	0	0	0	0	0	0	0	0	0	0
GF_8683	0	5	0	0	0	0	0	0	0	0	0	0
GF_8684	0	5	0	0	0	0	0	0	0	0	0	0
GF_8685	0	5	0	0	0	0	0	0	0	0	0	0
GF_8686	0	5	0	0	0	0	0	0	0	0	0	0
GF_8687	0	5	0	0	0	0	0	0	0	0	0	0
GF_8688	0	5	0	0	0	0	0	0	0	0	0	0
GF_8689	0	5	0	0	0	0	0	0	0	0	0	0
GF_8690	0	5	0	0	0	0	0	0	0	0	0	0
GF_8691	0	5	0	0	0	0	0	0	0	0	0	0
GF_8692	0	5	0	0	0	0	0	0	0	0	0	0
GF_8693	0	0	0	0	0	0	0	0	5	0	0	0
GF_8694	0	5	0	0	0	0	0	0	0	0	0	0
GF_8695	0	5	0	0	0	0	0	0	0	0	0	0
GF_8696	0	5	0	0	0	0	0	0	0	0	0	0
GF_8697	0	0	0	0	0	5	0	0	0	0	0	0
GF_8698	0	0	0	0	0	5	0	0	0	0	0	0
GF_8699	0	0	0	0	0	5	0	0	0	0	0	0
GF_8700	0	0	0	0	0	5	0	0	0	0	0	0
GF_8701	0	0	0	0	0	5	0	0	0	0	0	0
GF_8702	0	0	0	0	0	5	0	0	0	0	0	0
GF_8703	0	0	0	0	0	5	0	0	0	0	0	0
GF_8704	0	0	0	0	0	5	0	0	0	0	0	0
GF_8705	0	0	0	0	0	5	0	0	0	0	0	0
GF_8706	0	0	0	0	0	5	0	0	0	0	0	0
GF_8707	0	0	0	0	0	5	0	0	0	0	0	0
GF_8708	0	0	0	0	0	5	0	0	0	0	0	0
GF_8709	0	0	0	0	0	5	0	0	0	0	0	0
GF_8710	0	0	0	0	5	0	0	0	0	0	0	0
GF_8711	0	0	0	0	5	0	0	0	0	0	0	0
GF_8712	0	0	0	0	5	0	0	0	0	0	0	0
GF_8713	0	0	0	0	5	0	0	0	0	0	0	0
GF_8714	0	0	0	0	5	0	0	0	0	0	0	0
GF_8715	0	0	0	0	5	0	0	0	0	0	0	0
GF_8716	0	0	0	0	5	0	0	0	0	0	0	0
GF_8717	0	0	0	0	5	0	0	0	0	0	0	0
GF_8718	0	0	0	0	5	0	0	0	0	0	0	0
GF_8719	0	0	0	0	5	0	0	0	0	0	0	0
GF_8720	0	0	0	0	5	0	0	0	0	0	0	0
GF_8721	0	0	0	0	5	0	0	0	0	0	0	0
GF_8722	0	0	0	0	5	0	0	0	0	0	0	0
GF_8723	0	0	0	0	5	0	0	0	0	0	0	0
GF_8724	0	0	0	0	5	0	0	0	0	0	0	0
GF_8725	0	0	0	0	5	0	0	0	0	0	0	0
GF_8726	0	0	0	0	5	0	0	0	0	0	0	0
GF_8727	0	0	0	0	5	0	0	0	0	0	0	0
GF_8728	0	0	0	0	5	0	0	0	0	0	0	0
GF_8729	0	0	0	0	5	0	0	0	0	0	0	0
GF_8730	0	0	0	0	5	0	0	0	0	0	0	0
GF_8731	0	0	0	0	5	0	0	0	0	0	0	0
GF_8732	0	0	0	0	5	0	0	0	0	0	0	0
GF_8733	0	0	0	0	5	0	0	0	0	0	0	0
GF_8734	0	0	0	0	5	0	0	0	0	0	0	0
GF_8735	0	0	0	0	5	0	0	0	0	0	0	0
GF_8736	0	0	0	0	5	0	0	0	0	0	0	0
GF_8737	0	0	0	0	5	0	0	0	0	0	0	0
GF_8738	0	0	0	0	5	0	0	0	0	0	0	0
GF_8739	0	0	0	0	5	0	0	0	0	0	0	0
GF_8740	0	0	0	0	5	0	0	0	0	0	0	0
GF_8741	0	0	0	0	5	0	0	0	0	0	0	0
GF_8742	0	0	0	0	5	0	0	0	0	0	0	0
GF_8743	0	0	0	0	5	0	0	0	0	0	0	0
GF_8744	0	0	0	0	5	0	0	0	0	0	0	0
GF_8745	0	0	0	0	5	0	0	0	0	0	0	0
GF_8746	0	0	0	0	5	0	0	0	0	0	0	0
GF_8747	0	0	0	0	5	0	0	0	0	0	0	0
GF_8748	0	0	0	0	5	0	0	0	0	0	0	0
GF_8749	0	0	0	0	5	0	0	0	0	0	0	0
GF_8750	0	0	0	0	5	0	0	0	0	0	0	0
GF_8751	0	0	0	0	5	0	0	0	0	0	0	0
GF_8752	0	0	0	0	5	0	0	0	0	0	0	0
GF_8753	0	0	0	0	5	0	0	0	0	0	0	0
GF_8754	0	0	0	0	5	0	0	0	0	0	0	0
GF_8755	0	0	0	0	4	0	1	0	0	0	0	0
GF_8756	0	0	0	0	5	0	0	0	0	0	0	0
GF_8757	0	0	0	0	5	0	0	0	0	0	0	0
GF_8758	0	0	0	0	5	0	0	0	0	0	0	0
GF_8759	0	0	0	0	4	0	1	0	0	0	0	0
GF_8760	0	0	0	0	0	0	5	0	0	0	0	0
GF_8761	0	0	0	0	0	0	5	0	0	0	0	0
GF_8762	0	0	0	0	0	0	0	0	0	5	0	0
GF_8763	0	0	0	0	0	0	0	0	0	5	0	0
GF_8764	0	1	0	0	1	1	1	0	0	1	0	0
GF_8765	0	1	0	0	1	1	1	0	0	1	0	0
GF_8766	0	1	1	0	1	0	1	0	0	1	0	0
GF_8767	0	0	1	0	1	1	1	0	1	0	0	0
GF_8768	0	1	0	0	1	1	1	0	0	1	0	0
GF_8769	0	1	1	0	1	1	0	0	0	1	0	0
GF_8770	0	1	1	0	1	0	1	0	0	1	0	0
GF_8771	0	1	1	0	1	0	1	0	0	1	0	0
GF_8772	0	1	1	0	1	1	0	0	0	1	0	0
GF_8773	1	0	1	1	0	0	0	1	0	0	0	1
GF_8774	0	1	1	0	0	1	1	0	0	1	0	0
GF_8775	0	1	1	0	1	0	1	0	0	1	0	0
GF_8776	1	0	0	1	1	0	0	1	0	0	1	0
GF_8777	0	1	1	0	0	1	1	0	0	1	0	0
GF_8778	0	0	1	0	0	0	0	2	0	1	0	1
GF_8779	0	1	1	0	0	1	1	0	0	1	0	0
GF_8780	0	1	1	0	0	1	1	0	0	1	0	0
GF_8781	1	0	1	1	0	0	0	0	1	1	0	0
GF_8782	0	1	1	0	0	1	1	0	0	1	0	0
GF_8783	0	1	1	0	1	0	1	0	0	1	0	0
GF_8784	0	0	1	1	0	0	0	1	0	0	1	1
GF_8785	0	1	1	0	1	0	1	0	0	1	0	0
GF_8786	0	1	1	0	0	0	1	0	1	1	0	0
GF_8787	0	1	1	0	0	1	0	0	1	1	0	0
GF_8788	0	1	1	0	0	0	1	0	1	1	0	0
GF_8789	0	1	1	0	0	1	1	0	0	1	0	0
GF_8790	0	0	1	0	1	1	0	0	1	1	0	0
GF_8791	0	1	1	0	0	1	0	1	1	0	0	0
GF_8792	0	1	1	0	1	1	1	0	0	0	0	0
GF_8793	0	1	1	0	1	1	0	0	0	1	0	0
GF_8794	0	1	1	0	0	1	1	0	0	1	0	0
GF_8795	0	1	1	0	0	1	1	0	0	1	0	0
GF_8796	0	2	1	0	0	0	0	0	0	2	0	0
GF_8797	0	1	1	0	0	1	1	0	0	1	0	0
GF_8798	0	1	1	0	0	1	1	0	0	1	0	0
GF_8799	0	1	1	0	1	0	1	0	0	1	0	0
GF_8800	0	1	1	0	1	0	1	0	0	1	0	0
GF_8801	0	1	1	0	0	1	1	0	0	1	0	0
GF_8802	0	1	1	0	0	1	1	0	0	1	0	0
GF_8803	0	1	1	0	1	1	1	0	0	0	0	0
GF_8804	0	1	1	0	0	2	0	0	0	1	0	0
GF_8805	0	1	1	0	0	1	1	0	0	1	0	0
GF_8806	0	1	1	0	0	1	1	0	0	1	0	0
GF_8807	0	0	1	1	0	0	0	1	0	1	0	1
GF_8808	0	2	1	0	0	0	0	0	1	1	0	0
GF_8809	0	0	1	0	1	1	1	0	0	1	0	0
GF_8810	0	1	1	0	0	1	1	0	0	1	0	0
GF_8811	0	1	1	0	0	0	1	0	1	1	0	0
GF_8812	0	1	1	0	1	1	1	0	0	0	0	0
GF_8813	0	1	1	0	1	1	0	0	0	1	0	0
GF_8814	0	1	1	0	0	1	1	0	0	1	0	0
GF_8815	0	1	1	0	0	1	1	0	0	1	0	0
GF_8816	0	1	1	0	1	0	1	0	1	0	0	0
GF_8817	0	1	1	0	0	1	1	0	0	1	0	0
GF_8818	0	1	1	0	0	1	1	0	0	1	0	0
GF_8819	0	1	1	0	1	0	1	0	0	1	0	0
GF_8820	1	0	0	0	0	0	0	1	1	0	1	1
GF_8821	1	0	0	0	0	0	0	1	1	0	1	1
GF_8822	1	0	0	0	0	0	0	1	1	0	1	1
GF_8823	1	0	0	0	0	0	0	1	1	0	1	1
GF_8824	1	0	0	0	0	0	0	1	1	0	1	1
GF_8825	1	0	0	0	0	0	0	1	1	0	1	1
GF_8826	0	0	1	0	0	1	0	1	1	0	0	1
GF_8827	1	0	0	1	0	0	0	1	0	0	1	1
GF_8828	1	0	0	1	0	0	0	1	1	0	0	1
GF_8829	0	1	1	0	0	1	1	0	0	1	0	0
GF_8830	1	0	0	1	0	0	0	1	0	0	1	1
GF_8831	0	1	1	0	0	0	1	0	1	1	0	0
GF_8832	0	0	0	1	0	0	0	1	1	0	1	1
GF_8833	0	1	1	0	0	1	1	0	0	1	0	0
GF_8834	0	1	1	0	1	1	0	0	0	1	0	0
GF_8835	0	1	1	0	1	1	1	0	0	0	0	0
GF_8836	0	1	1	0	0	0	1	0	1	1	0	0
GF_8837	0	1	1	0	0	1	1	0	0	1	0	0
GF_8838	0	0	1	0	1	1	1	0	0	1	0	0
GF_8839	0	1	1	0	0	1	1	0	0	1	0	0
GF_8840	0	1	1	0	0	0	1	0	1	1	0	0
GF_8841	0	1	1	0	1	0	1	0	0	1	0	0
GF_8842	0	1	1	0	0	1	1	0	0	1	0	0
GF_8843	0	1	1	0	0	1	1	0	0	1	0	0
GF_8844	1	0	0	1	0	0	0	1	0	0	1	1
GF_8845	1	0	0	1	0	0	0	1	0	0	1	1
GF_8846	1	0	0	1	0	0	0	1	0	0	1	1
GF_8847	1	0	0	1	0	0	0	1	0	0	1	1
GF_8848	1	0	0	1	0	0	0	1	0	0	1	1
GF_8849	1	0	0	1	0	0	0	1	0	0	1	1
GF_8850	1	0	0	1	0	0	0	1	0	0	1	1
GF_8851	1	0	0	1	0	0	0	1	0	0	1	1
GF_8852	1	0	0	1	0	0	0	1	0	0	1	1
GF_8853	1	0	0	1	0	0	0	1	0	0	1	1
GF_8854	1	0	0	1	0	0	0	1	0	0	1	1
GF_8855	1	0	0	1	0	0	0	1	0	0	1	1
GF_8856	1	0	0	1	0	0	0	1	0	0	1	1
GF_8857	1	0	0	1	0	0	0	1	0	0	1	1
GF_8858	1	0	0	1	0	0	0	1	0	0	1	1
GF_8859	1	0	0	1	0	0	0	1	0	0	1	1
GF_8860	1	0	0	1	0	0	0	1	0	0	1	1
GF_8861	1	0	0	1	0	0	0	1	0	0	1	1
GF_8862	1	0	0	1	0	0	0	1	0	0	1	1
GF_8863	1	0	0	1	0	0	0	1	0	0	1	1
GF_8864	1	0	0	1	0	0	0	1	0	0	1	1
GF_8865	1	0	0	1	0	0	0	1	0	0	1	1
GF_8866	1	0	0	1	0	0	0	1	0	0	1	1
GF_8867	1	0	0	1	0	0	0	1	0	0	1	1
GF_8868	1	0	0	1	0	0	0	1	0	0	1	1
GF_8869	1	0	0	1	0	0	0	1	0	0	1	1
GF_8870	1	0	0	1	0	0	0	1	0	0	1	1
GF_8871	1	0	0	1	0	0	0	1	0	0	1	1
GF_8872	1	0	0	1	0	0	0	1	0	0	1	1
GF_8873	1	0	0	1	0	0	0	1	0	0	1	1
GF_8874	1	0	0	1	0	0	0	1	0	0	1	1
GF_8875	1	0	0	1	0	0	0	1	0	0	1	1
GF_8876	1	0	0	0	0	0	0	1	1	0	1	1
GF_8877	1	0	0	1	0	0	0	1	0	0	1	1
GF_8878	1	0	0	1	0	0	0	1	0	0	1	1
GF_8879	1	0	0	1	0	0	0	1	0	0	1	1
GF_8880	1	0	0	1	0	0	0	1	0	0	1	1
GF_8881	1	0	0	1	0	0	0	1	0	0	1	1
GF_8882	1	0	0	1	0	0	0	1	0	0	1	1
GF_8883	1	0	0	1	0	0	0	1	0	0	1	1
GF_8884	1	0	0	1	0	0	0	1	0	0	1	1
GF_8885	1	0	0	1	0	0	0	1	0	0	1	1
GF_8886	1	0	0	1	0	0	0	1	1	0	0	1
GF_8887	1	0	0	1	0	0	0	1	0	0	1	1
GF_8888	1	0	0	1	0	0	0	1	0	0	1	1
GF_8889	1	0	0	1	0	0	0	1	0	0	1	1
GF_8890	1	0	0	1	0	0	0	1	0	0	1	1
GF_8891	1	0	0	1	0	0	0	1	0	0	1	1
GF_8892	1	0	0	1	0	0	0	1	0	0	1	1
GF_8893	1	0	0	1	0	0	0	1	0	0	1	1
GF_8894	1	0	0	1	0	0	0	1	0	0	1	1
GF_8895	1	0	0	1	0	0	0	1	0	0	1	1
GF_8896	1	0	0	1	0	0	0	1	0	0	1	1
GF_8897	1	0	0	1	0	0	0	1	0	0	1	1
GF_8898	1	0	0	1	0	0	0	1	0	0	1	1
GF_8899	1	0	0	1	0	0	0	1	0	0	1	1
GF_8900	1	0	0	1	0	0	0	1	0	0	1	1
GF_8901	1	0	0	1	0	0	0	1	0	0	1	1
GF_8902	1	0	0	1	0	0	0	1	0	0	1	1
GF_8903	1	0	0	1	0	0	0	1	0	0	1	1
GF_8904	1	0	0	1	0	0	0	1	0	0	1	1
GF_8905	1	0	0	1	0	0	0	1	0	0	1	1
GF_8906	1	0	0	1	0	0	0	1	0	0	1	1
GF_8907	1	0	0	1	0	0	0	1	0	0	1	1
GF_8908	1	0	0	1	0	0	0	1	0	0	1	1
GF_8909	1	0	0	1	0	0	0	1	0	0	1	1
GF_8910	1	0	0	1	0	0	0	1	0	0	1	1
GF_8911	1	0	0	1	0	0	0	1	0	0	1	1
GF_8912	1	0	0	1	0	0	0	1	0	0	1	1
GF_8913	1	0	0	1	0	0	0	1	0	0	1	1
GF_8914	1	0	0	1	0	0	0	1	0	0	1	1
GF_8915	1	0	0	1	0	0	0	1	0	0	1	1
GF_8916	1	0	0	1	0	0	0	1	0	0	1	1
GF_8917	1	0	0	1	0	0	0	1	0	0	1	1
GF_8918	1	0	0	1	0	0	0	1	0	0	1	1
GF_8919	1	0	0	1	0	0	0	1	0	0	1	1
GF_8920	1	0	0	1	0	0	0	1	0	0	1	1
GF_8921	1	0	0	1	0	0	0	1	0	0	1	1
GF_8922	1	0	0	1	0	0	0	1	0	0	1	1
GF_8923	1	0	0	1	0	0	0	1	0	0	1	1
GF_8924	1	0	0	1	0	0	0	1	0	0	1	1
GF_8925	1	0	0	1	0	0	0	1	0	0	1	1
GF_8926	1	0	0	2	0	0	0	1	0	0	0	1
GF_8927	1	0	0	1	0	0	0	1	0	0	1	1
GF_8928	1	0	0	1	0	0	0	1	0	0	1	1
GF_8929	1	0	0	1	0	0	0	1	0	0	1	1
GF_8930	1	0	0	1	0	0	0	1	1	0	1	0
GF_8931	1	0	0	1	0	0	0	1	0	0	1	1
GF_8932	1	0	0	1	0	0	0	1	0	0	1	1
GF_8933	1	0	0	1	0	0	0	1	0	0	1	1
GF_8934	1	0	0	1	0	0	0	1	0	0	1	1
GF_8935	1	0	0	1	0	0	0	1	1	0	0	1
GF_8936	1	0	0	1	0	0	0	1	0	0	1	1
GF_8937	1	0	0	1	0	0	0	1	0	0	1	1
GF_8938	1	0	0	1	0	0	0	1	0	0	1	1
GF_8939	1	0	0	1	0	0	0	1	0	0	1	1
GF_8940	1	0	0	1	0	0	0	1	0	0	1	1
GF_8941	1	0	0	1	0	0	0	1	0	0	1	1
GF_8942	1	0	0	1	0	0	0	1	0	0	1	1
GF_8943	1	0	0	1	0	0	0	1	0	0	1	1
GF_8944	1	0	0	1	0	0	0	1	0	0	1	1
GF_8945	1	0	0	1	0	0	0	1	0	0	1	1
GF_8946	1	0	0	1	0	0	0	1	0	0	1	1
GF_8947	1	0	0	1	0	0	0	1	0	0	1	1
GF_8948	1	0	0	1	0	0	0	1	1	0	0	1
GF_8949	1	0	0	1	0	0	0	1	0	0	1	1
GF_8950	1	0	0	1	0	0	0	1	0	0	1	1
GF_8951	1	0	0	1	0	0	0	1	0	0	1	1
GF_8952	1	0	0	1	0	0	0	1	0	0	1	1
GF_8953	1	0	0	1	0	0	0	1	0	0	1	1
GF_8954	1	0	0	1	0	0	0	1	0	0	1	1
GF_8955	1	0	0	1	0	0	0	1	0	0	1	1
GF_8956	1	0	0	1	0	0	0	1	0	0	1	1
GF_8957	1	0	0	1	0	0	0	1	0	0	1	1
GF_8958	1	0	0	1	0	0	0	1	0	0	1	1
GF_8959	1	0	0	1	0	0	0	1	0	0	1	1
GF_8960	1	0	0	1	0	0	0	1	0	0	1	1
GF_8961	1	0	0	1	0	0	0	1	0	0	1	1
GF_8962	1	0	0	1	0	0	0	1	0	0	1	1
GF_8963	1	0	0	1	0	0	0	1	0	0	1	1
GF_8964	1	0	0	1	0	0	0	1	0	0	1	1
GF_8965	1	0	0	0	0	0	0	1	1	0	1	1
GF_8966	1	0	0	1	0	0	0	1	0	0	1	1
GF_8967	1	0	0	1	0	0	0	1	0	0	1	1
GF_8968	1	0	0	1	0	0	0	1	0	0	1	1
GF_8969	1	0	0	1	0	0	0	1	0	0	1	1
GF_8970	1	0	0	1	0	0	0	1	0	0	1	1
GF_8971	1	0	0	1	0	0	0	1	0	0	1	1
GF_8972	1	0	0	1	0	0	0	1	0	0	1	1
GF_8973	1	0	0	1	0	0	0	1	0	0	1	1
GF_8974	1	0	0	1	0	0	0	2	0	0	1	0
GF_8975	1	0	0	1	0	0	0	1	0	0	1	1
GF_8976	1	0	0	1	0	0	0	1	0	0	1	1
GF_8977	1	0	0	1	0	0	0	1	0	0	1	1
GF_8978	1	0	0	1	0	0	0	1	0	0	1	1
GF_8979	1	0	0	1	0	0	0	1	0	0	1	1
GF_8980	1	0	0	1	0	0	0	1	0	0	1	1
GF_8981	1	0	0	1	0	0	0	1	0	0	1	1
GF_8982	1	0	0	1	0	0	0	1	0	0	1	1
GF_8983	1	0	0	1	0	0	0	1	1	0	1	0
GF_8984	1	0	0	1	0	0	0	1	0	0	1	1
GF_8985	1	0	0	1	0	0	0	1	0	0	1	1
GF_8986	1	0	0	1	0	0	0	1	0	0	1	1
GF_8987	1	0	0	1	0	0	0	1	0	0	1	1
GF_8988	1	0	0	1	0	0	0	1	1	0	0	1
GF_8989	1	0	0	1	0	0	0	1	0	0	1	1
GF_8990	1	0	0	1	0	0	0	1	0	0	1	1
GF_8991	1	0	0	1	0	0	0	1	0	0	1	1
GF_8992	1	0	0	1	0	0	0	1	0	0	1	1
GF_8993	1	0	0	1	0	0	0	1	0	0	1	1
GF_8994	1	0	0	1	0	0	0	1	0	0	1	1
GF_8995	1	0	0	1	0	0	0	1	0	0	1	1
GF_8996	1	0	0	0	0	0	0	1	1	0	1	1
GF_8997	1	0	0	1	0	0	0	1	0	0	1	1
GF_8998	1	0	0	1	0	0	0	1	0	1	1	0
GF_8999	1	0	0	1	0	0	0	1	0	0	1	1
GF_9000	1	0	0	1	0	0	0	1	0	0	1	1
GF_9001	1	0	0	1	0	0	0	1	0	0	1	1
GF_9002	1	0	0	1	0	0	0	1	0	0	1	1
GF_9003	1	0	0	1	0	0	0	1	0	0	1	1
GF_9004	1	0	0	1	0	0	0	1	0	0	1	1
GF_9005	1	0	0	1	0	0	0	1	0	0	1	1
GF_9006	1	0	0	1	0	0	0	0	0	0	2	1
GF_9007	1	0	0	1	0	0	0	1	0	0	1	1
GF_9008	1	0	0	1	0	0	0	1	0	0	1	1
GF_9009	1	0	0	1	0	0	0	1	0	0	1	1
GF_9010	1	0	0	1	0	0	0	1	0	0	1	1
GF_9011	1	0	0	1	0	0	0	1	0	0	1	1
GF_9012	1	0	0	1	0	0	0	1	0	0	1	1
GF_9013	1	0	0	1	0	0	0	1	0	0	1	1
GF_9014	1	0	0	1	0	0	0	1	0	0	1	1
GF_9015	1	0	0	1	0	0	0	1	0	0	1	1
GF_9016	1	0	0	1	0	0	0	1	0	0	1	1
GF_9017	1	0	0	1	0	0	0	1	0	0	1	1
GF_9018	1	0	0	1	0	0	0	1	0	0	1	1
GF_9019	1	0	0	1	0	0	0	1	0	0	1	1
GF_9020	1	0	0	1	0	0	0	1	0	0	1	1
GF_9021	1	0	0	1	0	0	0	1	0	0	1	1
GF_9022	1	0	0	1	0	0	0	1	0	0	1	1
GF_9023	1	0	0	1	0	0	0	1	0	0	1	1
GF_9024	1	0	0	1	0	0	0	1	0	0	1	1
GF_9025	1	0	0	1	0	0	0	1	0	0	1	1
GF_9026	1	0	0	1	0	0	0	1	0	0	1	1
GF_9027	1	0	0	1	0	0	0	1	0	0	1	1
GF_9028	1	0	0	1	0	0	0	1	0	0	1	1
GF_9029	1	0	0	1	0	0	0	1	0	0	1	1
GF_9030	1	0	0	1	0	0	0	1	0	0	1	1
GF_9031	1	0	0	1	0	0	0	1	0	0	1	1
GF_9032	1	0	0	1	0	0	0	1	0	0	1	1
GF_9033	1	0	0	1	0	0	0	1	0	0	1	1
GF_9034	1	0	0	1	0	0	0	1	0	0	1	1
GF_9035	1	0	0	1	0	0	0	1	0	0	1	1
GF_9036	1	0	0	1	0	0	0	1	0	0	1	1
GF_9037	1	0	0	1	0	0	0	1	0	0	1	1
GF_9038	1	0	0	1	0	0	0	1	0	0	1	1
GF_9039	1	0	0	1	0	0	0	1	0	0	1	1
GF_9040	1	0	0	1	0	0	0	1	0	0	1	1
GF_9041	1	0	0	1	0	0	0	1	0	0	1	1
GF_9042	1	0	0	1	0	0	0	1	0	0	1	1
GF_9043	1	0	0	1	0	0	0	1	0	0	1	1
GF_9044	1	0	0	1	0	0	0	1	0	0	1	1
GF_9045	1	0	0	1	0	0	0	1	0	0	1	1
GF_9046	1	0	0	1	0	0	0	1	0	0	1	1
GF_9047	1	0	0	1	0	0	0	1	0	0	1	1
GF_9048	1	0	0	1	0	0	0	1	0	0	1	1
GF_9049	1	0	0	1	0	0	0	1	0	0	1	1
GF_9050	1	0	0	1	0	0	0	1	0	0	1	1
GF_9051	1	0	0	1	0	0	0	1	0	0	1	1
GF_9052	1	0	0	1	0	0	0	1	0	0	1	1
GF_9053	1	0	0	1	0	0	0	1	0	0	1	1
GF_9054	1	0	0	1	0	0	0	1	0	0	1	1
GF_9055	1	0	0	1	0	0	0	1	0	0	1	1
GF_9056	1	0	0	1	0	0	0	1	0	0	1	1
GF_9057	1	0	0	1	0	0	0	1	0	0	1	1
GF_9058	1	0	0	1	0	0	0	1	0	0	1	1
GF_9059	1	0	0	1	0	0	0	1	0	0	1	1
GF_9060	1	0	0	1	0	0	0	1	0	0	1	1
GF_9061	1	0	0	1	0	0	0	1	0	0	1	1
GF_9062	1	0	0	1	0	0	0	1	0	0	1	1
GF_9063	1	0	0	1	0	0	0	1	0	0	1	1
GF_9064	1	0	0	1	0	0	0	1	0	0	1	1
GF_9065	1	0	0	1	0	0	0	1	0	0	1	1
GF_9066	1	0	0	1	0	0	0	1	0	0	1	1
GF_9067	1	0	0	1	0	0	0	1	0	0	1	1
GF_9068	1	0	0	1	0	0	0	1	0	0	1	1
GF_9069	1	0	0	1	0	0	0	1	0	0	1	1
GF_9070	1	0	0	1	0	0	0	1	0	0	1	1
GF_9071	1	0	0	1	0	0	0	1	0	0	1	1
GF_9072	1	0	0	1	0	0	0	1	0	0	1	1
GF_9073	1	0	0	1	0	0	0	1	0	0	1	1
GF_9074	1	0	0	1	0	0	0	1	0	0	1	1
GF_9075	1	0	0	1	0	0	0	1	0	0	1	1
GF_9076	1	0	0	1	0	0	0	1	0	0	1	1
GF_9077	1	0	0	1	0	0	0	1	0	0	1	1
GF_9078	1	0	0	1	0	0	0	1	0	0	1	1
GF_9079	1	0	0	1	0	0	0	1	0	0	1	1
GF_9080	1	0	0	1	0	0	0	1	0	0	1	1
GF_9081	1	0	0	1	0	0	0	1	0	0	1	1
GF_9082	1	0	0	1	0	0	0	1	0	0	1	1
GF_9083	1	0	0	1	0	0	0	1	0	0	1	1
GF_9084	1	0	0	1	0	0	0	1	0	0	1	1
GF_9085	1	0	0	1	0	0	0	1	0	0	1	1
GF_9086	1	0	0	1	0	0	0	1	0	0	1	1
GF_9087	1	0	0	1	0	0	0	1	0	0	1	1
GF_9088	1	0	0	1	0	0	0	1	0	0	1	1
GF_9089	1	0	0	1	0	0	0	1	0	0	1	1
GF_9090	1	0	0	1	0	0	0	1	0	0	1	1
GF_9091	1	0	0	1	0	0	0	1	0	0	1	1
GF_9092	1	0	0	1	0	0	0	1	0	0	1	1
GF_9093	1	0	0	1	0	0	0	1	0	0	1	1
GF_9094	1	0	0	1	0	0	0	1	0	0	1	1
GF_9095	1	0	0	1	0	0	0	1	0	0	1	1
GF_9096	1	0	0	1	0	0	0	1	0	0	1	1
GF_9097	1	0	0	1	0	0	0	1	0	0	1	1
GF_9098	1	0	0	1	0	0	0	1	0	0	1	1
GF_9099	1	0	0	1	0	0	0	1	0	0	1	1
GF_9100	1	0	0	1	0	0	0	1	0	0	1	1
GF_9101	1	0	0	1	0	0	0	1	0	0	1	1
GF_9102	1	0	0	1	0	0	0	1	0	0	1	1
GF_9103	1	0	0	1	0	0	0	1	0	0	1	1
GF_9104	1	0	0	1	0	0	0	1	0	0	1	1
GF_9105	1	0	0	1	0	0	0	1	0	0	1	1
GF_9106	1	0	0	1	0	0	0	1	0	0	1	1
GF_9107	1	0	0	1	0	0	0	1	0	0	1	1
GF_9108	1	0	0	1	0	0	0	1	0	0	1	1
GF_9109	1	0	0	1	0	0	0	1	0	0	1	1
GF_9110	1	0	0	1	0	0	0	1	0	0	1	1
GF_9111	1	0	0	1	0	0	0	1	0	0	1	1
GF_9112	1	0	0	1	0	0	0	1	0	0	1	1
GF_9113	1	0	0	1	0	0	0	1	0	0	1	1
GF_9114	1	0	0	1	0	0	0	1	0	0	1	1
GF_9115	1	1	0	1	0	0	0	1	0	0	0	1
GF_9116	1	0	0	1	0	0	0	1	0	0	1	1
GF_9117	1	0	0	1	0	0	0	1	0	0	1	1
GF_9118	1	0	0	1	0	0	0	1	0	0	1	1
GF_9119	1	0	0	1	0	0	0	1	0	0	1	1
GF_9120	1	0	0	1	0	0	0	1	0	0	1	1
GF_9121	1	0	0	1	0	0	0	1	0	0	1	1
GF_9122	1	0	0	1	0	0	0	1	0	0	1	1
GF_9123	1	0	0	1	0	0	0	1	0	0	1	1
GF_9124	1	0	0	1	0	0	0	1	0	0	1	1
GF_9125	1	0	0	1	0	0	0	1	0	0	1	1
GF_9126	1	0	0	1	0	0	0	1	0	0	1	1
GF_9127	1	0	0	1	0	0	0	1	0	0	1	1
GF_9128	1	0	0	1	0	0	0	1	0	0	1	1
GF_9129	1	0	0	1	0	0	0	1	0	0	1	1
GF_9130	0	1	0	0	1	1	1	0	1	0	0	0
GF_9131	1	0	0	1	0	0	0	1	0	0	1	1
GF_9132	1	0	0	1	0	0	0	1	0	0	1	1
GF_9133	1	0	0	1	0	0	0	1	0	0	1	1
GF_9134	1	0	0	1	0	0	0	1	0	0	1	1
GF_9135	1	0	0	1	0	0	0	1	0	0	1	1
GF_9136	1	0	0	1	0	0	0	1	0	0	1	1
GF_9137	1	0	0	1	0	0	0	1	0	0	1	1
GF_9138	1	0	0	1	0	0	0	1	0	0	1	1
GF_9139	1	0	0	1	0	0	0	1	0	0	1	1
GF_9140	1	0	0	1	0	0	0	1	0	0	1	1
GF_9141	1	0	0	1	0	0	0	1	0	0	1	1
GF_9142	1	0	0	1	0	0	0	1	0	0	1	1
GF_9143	1	0	0	1	0	0	0	1	0	0	1	1
GF_9144	1	0	0	1	0	0	0	1	0	0	1	1
GF_9145	1	0	0	1	0	0	0	1	0	0	1	1
GF_9146	1	0	0	1	0	0	0	1	0	0	1	1
GF_9147	1	0	0	1	0	0	0	1	0	0	1	1
GF_9148	1	0	0	1	0	0	0	1	0	0	1	1
GF_9149	1	0	0	1	0	0	0	1	0	0	1	1
GF_9150	1	0	0	1	0	0	0	1	0	0	1	1
GF_9151	1	0	0	1	0	0	0	1	0	0	1	1
GF_9152	1	0	0	1	0	0	0	1	0	0	1	1
GF_9153	1	0	0	1	0	0	0	1	0	0	1	1
GF_9154	1	0	0	1	0	0	0	1	0	0	1	1
GF_9155	1	0	0	1	0	0	0	1	0	0	1	1
GF_9156	1	0	0	1	0	0	0	1	0	0	1	1
GF_9157	1	0	0	1	0	0	0	1	0	0	1	1
GF_9158	1	0	0	1	0	0	0	1	0	0	1	1
GF_9159	1	0	0	1	0	0	0	1	0	0	1	1
GF_9160	1	0	0	1	0	0	0	1	0	0	1	1
GF_9161	1	0	0	1	0	0	0	1	0	0	1	1
GF_9162	1	0	0	1	0	0	0	1	0	0	1	1
GF_9163	1	0	0	1	0	0	0	1	0	0	1	1
GF_9164	1	0	0	1	0	0	0	1	0	0	1	1
GF_9165	1	0	0	1	0	0	0	1	0	0	1	1
GF_9166	1	0	0	1	0	0	0	1	0	0	1	1
GF_9167	1	0	0	1	0	0	0	1	0	0	1	1
GF_9168	1	0	0	1	0	0	0	1	0	0	1	1
GF_9169	1	0	0	1	0	0	0	1	0	0	1	1
GF_9170	1	0	0	1	0	0	0	1	0	0	1	1
GF_9171	1	0	0	1	0	0	0	1	0	0	1	1
GF_9172	1	0	0	1	0	0	0	1	0	0	1	1
GF_9173	1	0	0	1	0	0	0	1	0	0	1	1
GF_9174	1	0	0	1	0	0	0	1	0	0	1	1
GF_9175	1	0	0	1	0	0	0	1	0	0	1	1
GF_9176	1	0	0	1	0	0	0	1	0	0	1	1
GF_9177	1	0	0	1	0	0	0	1	0	0	1	1
GF_9178	1	0	0	1	0	0	0	1	0	0	1	1
GF_9179	1	0	0	1	0	0	0	1	0	0	1	1
GF_9180	1	0	0	1	0	0	0	1	0	0	1	1
GF_9181	1	0	0	1	0	0	0	1	0	0	1	1
GF_9182	1	0	0	1	0	0	0	1	0	0	1	1
GF_9183	1	0	0	1	0	0	0	2	0	0	0	1
GF_9184	1	0	0	1	0	0	0	1	0	0	1	1
GF_9185	1	0	0	1	0	0	0	1	0	0	1	1
GF_9186	1	0	0	1	0	0	0	1	0	0	1	1
GF_9187	1	0	0	1	0	0	0	1	0	0	1	1
GF_9188	1	0	0	1	0	0	0	1	0	0	1	1
GF_9189	1	0	0	1	0	0	0	1	0	0	1	1
GF_9190	1	0	0	0	0	0	0	1	0	0	1	2
GF_9191	1	0	0	0	0	0	0	1	0	0	1	2
GF_9192	1	0	0	1	0	0	0	1	0	0	1	1
GF_9193	1	0	0	0	0	0	0	1	1	0	1	1
GF_9194	1	0	0	1	0	0	0	1	1	0	0	1
GF_9195	1	0	0	1	0	0	0	1	0	0	1	1
GF_9196	1	0	0	1	0	0	0	1	0	0	1	1
GF_9197	1	0	0	1	0	0	0	1	0	0	1	1
GF_9198	1	0	0	1	0	0	0	1	0	0	1	1
GF_9199	1	0	0	1	0	0	0	1	0	0	1	1
GF_9200	1	0	0	1	0	0	0	1	0	0	1	1
GF_9201	1	0	0	1	0	0	0	1	0	0	1	1
GF_9202	1	0	0	1	0	0	0	1	0	0	1	1
GF_9203	1	0	0	1	0	0	0	1	0	0	1	1
GF_9204	1	0	0	1	0	0	0	1	0	0	1	1
GF_9205	1	0	0	1	0	0	0	1	0	0	1	1
GF_9206	1	0	0	1	0	0	0	1	0	0	1	1
GF_9207	1	0	0	1	0	0	0	1	0	0	1	1
GF_9208	1	0	0	1	0	0	0	1	0	0	1	1
GF_9209	1	0	0	1	0	0	0	1	0	0	1	1
GF_9210	1	0	0	1	0	0	0	1	0	0	1	1
GF_9211	1	0	0	1	0	0	0	1	0	0	1	1
GF_9212	1	0	0	1	0	0	0	1	0	0	1	1
GF_9213	1	0	0	1	0	0	0	1	0	0	1	1
GF_9214	1	0	0	1	0	0	0	1	0	0	1	1
GF_9215	1	0	0	1	0	0	0	1	0	0	1	1
GF_9216	1	0	0	1	0	0	0	1	0	0	1	1
GF_9217	1	0	0	1	0	0	0	1	0	0	2	0
GF_9218	1	1	0	0	0	0	0	1	0	0	1	1
GF_9219	1	1	0	0	0	0	0	1	0	0	1	1
GF_9220	1	0	0	0	0	0	0	1	1	0	1	1
GF_9221	1	0	0	1	0	0	0	1	0	0	1	1
GF_9222	1	0	0	1	0	0	0	1	0	0	1	1
GF_9223	1	0	0	1	0	0	0	1	0	0	1	1
GF_9224	1	0	0	1	0	0	0	1	0	0	1	1
GF_9225	1	0	0	1	0	0	0	1	0	0	1	1
GF_9226	1	0	0	1	0	0	0	1	0	0	1	1
GF_9227	1	0	0	1	0	0	0	1	0	0	1	1
GF_9228	1	0	0	1	0	0	0	1	0	0	1	1
GF_9229	1	0	0	1	0	0	0	1	0	0	1	1
GF_9230	1	0	0	1	0	0	0	1	0	0	1	1
GF_9231	1	0	0	1	0	0	0	1	0	0	1	1
GF_9232	1	0	0	1	0	0	0	1	0	0	1	1
GF_9233	1	0	0	1	0	0	0	1	0	0	1	1
GF_9234	1	0	0	1	0	0	0	1	0	0	1	1
GF_9235	1	0	0	1	0	0	0	1	0	0	1	1
GF_9236	1	0	0	1	0	0	0	1	0	0	1	1
GF_9237	1	0	0	1	0	0	0	1	0	0	1	1
GF_9238	1	0	0	1	0	0	0	1	0	0	1	1
GF_9239	1	0	0	1	0	0	0	1	0	0	1	1
GF_9240	1	0	0	1	0	0	0	1	0	0	1	1
GF_9241	1	0	0	1	0	0	0	1	0	0	1	1
GF_9242	1	0	0	1	0	0	0	1	0	0	1	1
GF_9243	1	0	0	1	0	0	0	1	0	0	1	1
GF_9244	1	0	0	1	0	0	0	1	0	0	1	1
GF_9245	1	0	0	1	0	0	0	1	1	0	1	0
GF_9246	1	0	0	1	0	0	0	1	0	0	1	1
GF_9247	1	0	0	1	0	0	0	1	0	0	1	1
GF_9248	1	0	0	1	0	0	0	1	0	0	1	1
GF_9249	1	0	0	1	0	0	0	1	0	0	1	1
GF_9250	1	0	0	1	0	0	0	1	0	0	1	1
GF_9251	1	0	0	1	0	0	0	1	0	0	1	1
GF_9252	1	0	0	1	0	0	0	1	0	0	1	1
GF_9253	1	0	0	1	0	0	0	1	0	0	1	1
GF_9254	1	0	0	1	0	0	0	1	0	0	1	1
GF_9255	1	0	0	1	0	0	0	1	0	0	1	1
GF_9256	1	0	0	1	0	0	0	1	0	0	1	1
GF_9257	1	0	0	1	0	0	0	1	0	0	1	1
GF_9258	1	0	0	1	0	0	0	1	0	0	1	1
GF_9259	1	0	0	1	0	0	0	1	0	0	1	1
GF_9260	1	0	0	1	0	0	0	1	0	0	1	1
GF_9261	1	0	0	1	0	0	0	1	0	0	1	1
GF_9262	1	0	0	1	0	0	0	1	0	0	1	1
GF_9263	1	0	0	1	0	0	0	1	0	0	1	1
GF_9264	1	0	0	1	0	0	0	1	0	0	1	1
GF_9265	1	0	0	1	0	0	0	1	0	0	1	1
GF_9266	1	0	0	1	0	0	0	1	0	0	1	1
GF_9267	1	0	0	1	0	0	0	1	0	0	1	1
GF_9268	1	0	0	1	0	0	0	1	0	0	1	1
GF_9269	1	0	0	1	0	0	0	1	0	0	1	1
GF_9270	1	0	0	1	0	0	0	1	0	0	1	1
GF_9271	1	0	0	1	0	0	0	1	0	0	1	1
GF_9272	1	0	0	1	0	0	0	1	0	0	1	1
GF_9273	1	0	0	1	0	0	0	1	0	0	1	1
GF_9274	1	0	0	1	0	0	0	1	0	0	1	1
GF_9275	1	0	0	1	0	0	0	1	0	0	1	1
GF_9276	1	0	0	1	0	0	0	1	0	0	1	1
GF_9277	1	0	0	1	0	0	0	1	0	0	1	1
GF_9278	1	0	0	1	0	0	0	1	0	0	1	1
GF_9279	1	0	0	1	0	0	0	1	0	0	1	1
GF_9280	1	0	0	1	0	0	0	1	0	0	1	1
GF_9281	1	0	0	1	0	0	0	1	0	0	1	1
GF_9282	1	0	0	1	0	0	0	1	0	0	1	1
GF_9283	1	0	0	1	0	0	0	1	0	0	1	1
GF_9284	1	0	0	1	0	0	0	1	0	0	1	1
GF_9285	1	0	0	1	0	0	0	1	0	0	1	1
GF_9286	1	0	0	1	0	0	0	1	0	0	1	1
GF_9287	1	0	0	1	0	0	0	1	0	0	1	1
GF_9288	1	0	0	1	0	0	0	1	0	0	1	1
GF_9289	1	0	0	1	0	0	0	1	0	0	1	1
GF_9290	1	0	0	1	0	0	0	1	0	0	1	1
GF_9291	1	0	0	1	0	0	0	1	0	0	1	1
GF_9292	1	0	0	1	0	0	0	1	0	0	1	1
GF_9293	1	0	0	1	0	0	0	1	0	0	1	1
GF_9294	1	0	0	1	0	0	0	1	0	0	1	1
GF_9295	1	0	0	1	0	0	0	1	0	0	1	1
GF_9296	1	0	0	1	0	0	0	1	0	0	1	1
GF_9297	1	0	0	1	0	0	0	1	0	0	1	1
GF_9298	1	0	0	1	0	0	0	1	0	0	1	1
GF_9299	1	0	0	1	0	0	0	1	0	0	1	1
GF_9300	1	0	0	1	0	0	0	1	0	0	1	1
GF_9301	1	0	0	1	0	0	0	1	0	1	1	0
GF_9302	1	0	0	1	0	0	0	1	0	0	1	1
GF_9303	1	0	0	1	0	0	0	1	0	0	1	1
GF_9304	1	0	0	1	0	0	0	1	0	0	1	1
GF_9305	1	0	0	1	0	0	0	1	0	0	1	1
GF_9306	1	0	0	1	0	0	0	1	0	0	1	1
GF_9307	1	0	0	1	0	0	0	1	0	0	1	1
GF_9308	1	0	0	1	0	0	0	1	0	0	1	1
GF_9309	1	0	0	1	0	0	0	1	0	0	1	1
GF_9310	1	0	0	1	0	0	0	1	0	0	1	1
GF_9311	1	0	0	1	0	0	0	1	1	0	0	1
GF_9312	1	0	0	1	0	0	0	1	0	0	1	1
GF_9313	1	0	0	1	0	0	0	1	0	0	1	1
GF_9314	1	0	0	1	0	0	0	1	0	0	1	1
GF_9315	1	0	0	1	0	0	0	1	0	0	1	1
GF_9316	1	0	0	1	0	0	0	1	0	0	1	1
GF_9317	1	0	0	1	0	0	0	1	0	0	1	1
GF_9318	1	0	0	1	0	0	0	1	0	0	1	1
GF_9319	1	0	0	1	0	0	0	1	0	0	1	1
GF_9320	1	0	0	1	0	0	0	1	0	0	1	1
GF_9321	1	0	0	1	0	0	0	1	0	0	1	1
GF_9322	1	0	0	1	0	0	0	1	0	0	1	1
GF_9323	1	0	0	1	0	0	0	1	0	0	1	1
GF_9324	1	0	0	1	0	0	0	1	0	0	1	1
GF_9325	1	0	0	1	0	0	0	1	0	0	1	1
GF_9326	1	0	0	1	0	0	0	1	0	0	1	1
GF_9327	1	0	0	1	0	0	0	1	0	0	1	1
GF_9328	1	0	0	1	0	0	0	1	0	0	1	1
GF_9329	1	0	0	1	0	0	0	1	0	0	1	1
GF_9330	1	0	0	1	0	0	0	1	0	0	1	1
GF_9331	1	0	0	1	0	0	0	1	0	0	1	1
GF_9332	1	0	0	1	0	0	0	1	0	0	1	1
GF_9333	1	0	0	1	0	0	0	1	0	0	1	1
GF_9334	1	0	0	1	0	0	0	1	0	0	1	1
GF_9335	1	0	0	0	0	0	0	2	0	0	1	1
GF_9336	1	0	0	1	0	0	0	2	0	0	0	1
GF_9337	1	0	0	1	0	0	0	2	0	0	1	0
GF_9338	1	0	0	1	0	0	0	1	0	0	1	1
GF_9339	1	0	0	1	0	0	0	1	0	0	1	1
GF_9340	1	0	0	1	0	0	0	1	0	0	1	1
GF_9341	1	0	0	1	0	0	0	1	0	0	1	1
GF_9342	1	0	0	1	0	0	0	1	0	0	1	1
GF_9343	1	0	0	1	0	0	0	1	0	0	1	1
GF_9344	1	0	0	1	0	0	0	1	0	0	1	1
GF_9345	1	0	0	1	0	0	0	1	0	0	1	1
GF_9346	1	0	0	1	0	0	0	1	0	0	1	1
GF_9347	1	0	0	1	0	0	0	1	0	0	1	1
GF_9348	1	0	0	1	0	0	0	1	0	0	1	1
GF_9349	1	0	0	1	0	0	0	1	0	0	1	1
GF_9350	1	0	0	1	0	0	0	1	0	0	1	1
GF_9351	1	0	0	1	0	0	0	1	0	0	1	1
GF_9352	1	0	0	1	0	0	0	1	0	0	1	1
GF_9353	1	0	0	1	0	0	0	1	0	0	1	1
GF_9354	1	0	0	1	0	0	0	1	0	0	1	1
GF_9355	1	0	0	1	0	0	0	1	0	0	1	1
GF_9356	1	0	0	0	0	0	0	1	1	0	1	1
GF_9357	1	0	0	1	0	0	0	1	0	0	1	1
GF_9358	1	0	0	1	0	0	0	1	0	0	1	1
GF_9359	1	0	0	1	0	0	0	1	0	0	1	1
GF_9360	1	0	0	1	0	0	0	1	1	0	0	1
GF_9361	1	0	0	1	0	0	0	1	0	0	1	1
GF_9362	1	0	0	1	0	0	0	1	0	0	1	1
GF_9363	1	0	0	1	0	0	0	1	0	0	1	1
GF_9364	1	0	0	1	0	0	0	1	0	0	1	1
GF_9365	1	0	0	1	0	0	0	1	0	0	1	1
GF_9366	1	0	0	1	0	0	0	1	0	0	1	1
GF_9367	1	0	0	1	0	0	0	1	0	0	1	1
GF_9368	1	0	0	1	0	0	0	1	0	0	1	1
GF_9369	1	0	0	1	0	0	0	1	0	0	1	1
GF_9370	1	0	0	1	0	0	0	1	0	0	1	1
GF_9371	1	0	0	1	0	0	0	1	0	0	1	1
GF_9372	1	0	0	1	0	0	0	1	0	0	1	1
GF_9373	1	0	0	1	0	0	0	1	0	0	1	1
GF_9374	1	0	0	1	0	0	0	1	0	0	1	1
GF_9375	1	0	0	1	0	0	0	1	0	0	1	1
GF_9376	1	0	0	1	0	0	0	1	0	0	1	1
GF_9377	1	0	0	1	0	0	0	1	0	0	1	1
GF_9378	1	0	0	1	0	0	0	1	0	0	1	1
GF_9379	1	0	0	1	0	0	0	1	0	0	1	1
GF_9380	1	0	0	1	0	0	0	1	0	0	1	1
GF_9381	1	0	0	1	0	0	0	1	0	0	1	1
GF_9382	1	0	0	1	0	0	0	1	0	0	1	1
GF_9383	1	0	0	1	0	0	0	1	0	0	1	1
GF_9384	1	0	0	1	0	0	0	1	0	0	1	1
GF_9385	1	0	0	1	0	0	0	1	0	0	1	1
GF_9386	1	0	0	1	0	0	0	1	0	0	1	1
GF_9387	1	0	0	1	0	0	0	1	0	0	1	1
GF_9388	1	0	0	1	0	0	0	1	0	0	1	1
GF_9389	1	0	0	1	0	0	0	1	0	0	1	1
GF_9390	1	0	0	1	0	0	0	1	0	0	1	1
GF_9391	1	0	0	1	0	0	0	1	0	0	1	1
GF_9392	1	0	0	1	0	0	0	1	0	0	1	1
GF_9393	1	0	0	1	0	0	0	1	0	0	1	1
GF_9394	1	0	0	1	0	0	0	1	0	0	1	1
GF_9395	1	0	0	0	0	0	0	1	1	0	1	1
GF_9396	1	0	0	0	0	0	0	1	1	0	1	1
GF_9397	1	0	0	0	0	0	0	1	1	0	1	1
GF_9398	1	0	0	0	0	0	0	1	1	0	1	1
GF_9399	1	0	0	0	0	0	0	1	1	0	1	1
GF_9400	1	0	0	1	0	0	0	1	0	0	1	1
GF_9401	1	0	0	1	0	0	0	1	0	0	1	1
GF_9402	1	0	0	1	0	0	0	1	0	0	1	1
GF_9403	1	0	0	1	0	0	0	1	0	0	1	1
GF_9404	1	0	0	1	0	0	0	1	0	0	1	1
GF_9405	1	0	0	1	0	0	0	1	0	0	1	1
GF_9406	1	0	0	1	0	0	0	1	0	0	1	1
GF_9407	1	0	0	1	0	0	0	1	0	0	1	1
GF_9408	1	0	0	1	0	0	0	1	0	0	1	1
GF_9409	1	0	0	1	0	0	0	1	0	0	1	1
GF_9410	1	0	0	1	0	0	0	1	0	0	1	1
GF_9411	1	0	0	1	0	0	0	1	0	0	1	1
GF_9412	1	0	0	1	0	0	0	1	0	0	1	1
GF_9413	1	0	0	1	0	0	0	1	0	0	1	1
GF_9414	1	0	0	1	0	0	0	1	0	0	1	1
GF_9415	1	0	0	1	0	0	0	1	0	0	1	1
GF_9416	1	0	0	1	0	0	0	1	0	0	1	1
GF_9417	1	0	0	1	0	0	0	1	0	0	1	1
GF_9418	1	0	0	1	0	0	0	1	0	0	1	1
GF_9419	1	0	0	1	0	0	0	1	0	0	1	1
GF_9420	1	0	0	1	0	0	0	1	0	0	1	1
GF_9421	1	0	0	1	0	0	0	1	0	0	1	1
GF_9422	1	0	0	1	0	0	0	1	0	0	1	1
GF_9423	1	0	0	1	0	0	0	1	0	0	1	1
GF_9424	1	0	0	0	0	0	0	1	0	0	1	2
GF_9425	1	0	0	1	0	0	0	1	0	0	1	1
GF_9426	1	0	0	1	0	0	0	1	0	0	1	1
GF_9427	1	0	0	1	0	0	0	1	0	0	1	1
GF_9428	1	0	0	1	0	0	0	1	0	0	1	1
GF_9429	1	0	0	1	0	0	0	1	0	0	1	1
GF_9430	1	0	0	1	0	0	0	1	0	0	1	1
GF_9431	1	0	0	1	0	0	0	1	0	0	1	1
GF_9432	1	0	0	1	0	0	0	1	0	0	1	1
GF_9433	1	0	0	1	0	0	0	1	0	0	1	1
GF_9434	1	0	0	1	0	0	0	1	0	0	1	1
GF_9435	1	0	0	1	0	0	0	1	0	0	1	1
GF_9436	1	0	0	1	0	0	0	1	0	0	1	1
GF_9437	1	0	0	1	0	0	0	1	0	0	1	1
GF_9438	1	0	0	1	0	0	0	1	0	0	1	1
GF_9439	1	0	0	1	0	0	0	1	0	0	1	1
GF_9440	1	0	0	1	0	0	0	1	0	0	1	1
GF_9441	1	0	0	1	0	0	0	1	0	0	1	1
GF_9442	1	0	0	1	0	0	0	1	0	0	1	1
GF_9443	1	0	0	1	0	0	0	1	0	0	1	1
GF_9444	1	0	0	1	0	0	0	1	0	0	1	1
GF_9445	1	0	0	1	0	0	0	1	0	0	1	1
GF_9446	1	0	0	1	0	0	0	1	0	0	1	1
GF_9447	1	0	0	1	0	0	0	1	0	0	1	1
GF_9448	1	0	0	1	0	0	0	1	0	0	1	1
GF_9449	1	0	0	1	0	0	0	1	0	0	1	1
GF_9450	1	0	0	1	0	0	0	1	0	0	1	1
GF_9451	1	0	0	1	0	0	0	1	0	0	1	1
GF_9452	1	0	0	1	0	0	0	1	0	0	1	1
GF_9453	1	0	0	1	0	0	0	1	0	0	1	1
GF_9454	1	0	0	1	0	0	0	1	0	0	1	1
GF_9455	1	0	0	1	0	0	0	1	0	0	1	1
GF_9456	1	0	0	1	0	0	0	1	0	0	1	1
GF_9457	1	0	0	1	0	0	0	1	0	0	1	1
GF_9458	1	0	0	1	0	0	0	1	0	0	1	1
GF_9459	1	0	0	1	0	0	0	1	0	0	1	1
GF_9460	1	0	0	1	0	0	0	1	0	0	1	1
GF_9461	1	0	0	1	0	0	0	1	0	0	1	1
GF_9462	1	0	0	1	0	0	0	1	0	0	1	1
GF_9463	1	0	0	1	0	0	0	1	0	0	1	1
GF_9464	1	0	0	1	0	0	0	1	0	0	1	1
GF_9465	1	0	0	1	0	0	0	1	0	0	1	1
GF_9466	1	0	0	1	0	0	0	1	0	0	1	1
GF_9467	1	0	0	1	0	0	0	1	0	0	1	1
GF_9468	1	0	0	1	0	0	0	1	0	0	1	1
GF_9469	1	0	0	1	0	0	0	1	0	0	1	1
GF_9470	1	0	0	1	0	0	0	1	0	0	1	1
GF_9471	1	0	0	1	0	0	0	1	0	0	1	1
GF_9472	1	0	0	1	0	0	0	1	0	0	1	1
GF_9473	1	0	0	1	0	0	0	1	0	0	1	1
GF_9474	1	0	0	1	0	0	0	1	0	0	1	1
GF_9475	1	0	0	1	0	0	0	1	0	0	1	1
GF_9476	1	0	0	1	0	0	0	1	0	0	1	1
GF_9477	1	0	0	1	0	0	0	1	0	0	1	1
GF_9478	1	0	0	1	0	0	0	1	0	0	1	1
GF_9479	1	0	0	1	0	0	0	1	0	0	1	1
GF_9480	1	0	0	1	0	0	0	1	0	0	1	1
GF_9481	1	0	0	1	0	0	0	1	0	0	1	1
GF_9482	1	0	0	1	0	0	0	1	0	0	1	1
GF_9483	1	0	0	1	0	0	0	1	0	0	1	1
GF_9484	1	0	0	1	0	0	0	1	0	0	1	1
GF_9485	1	0	0	1	0	0	0	1	0	0	1	1
GF_9486	1	0	0	1	0	0	0	1	0	0	1	1
GF_9487	1	0	0	1	0	0	0	1	0	0	1	1
GF_9488	1	0	0	1	0	0	0	1	0	0	1	1
GF_9489	1	0	0	1	0	0	0	1	0	0	1	1
GF_9490	1	0	0	1	0	0	0	1	0	0	1	1
GF_9491	1	0	0	1	0	0	0	1	0	0	1	1
GF_9492	1	0	0	1	0	0	0	1	0	0	1	1
GF_9493	1	0	0	1	0	0	0	1	0	0	1	1
GF_9494	1	0	0	1	0	0	0	1	0	0	1	1
GF_9495	1	0	0	1	0	0	0	1	0	0	1	1
GF_9496	1	0	0	1	0	0	0	1	0	0	1	1
GF_9497	1	0	0	1	0	0	0	1	0	0	1	1
GF_9498	1	0	0	1	0	0	0	1	0	0	1	1
GF_9499	1	0	0	1	0	0	0	1	0	0	1	1
GF_9500	1	0	0	1	0	0	0	1	0	0	1	1
GF_9501	1	0	0	1	0	0	0	1	0	0	1	1
GF_9502	1	0	0	1	0	0	0	1	0	0	1	1
GF_9503	1	0	0	1	0	0	0	1	0	0	1	1
GF_9504	1	0	0	1	0	0	0	1	0	0	1	1
GF_9505	1	0	0	1	0	0	0	1	0	0	1	1
GF_9506	1	0	0	1	0	0	0	1	0	0	1	1
GF_9507	1	0	0	1	0	0	0	1	0	0	1	1
GF_9508	1	0	0	1	0	0	0	1	0	0	1	1
GF_9509	1	0	0	1	0	0	0	1	0	0	1	1
GF_9510	1	0	0	1	0	0	0	1	0	0	1	1
GF_9511	1	0	0	1	0	0	0	1	0	0	1	1
GF_9512	1	0	0	1	0	0	0	1	0	0	1	1
GF_9513	1	0	0	1	0	0	0	1	0	0	1	1
GF_9514	1	0	0	1	0	0	0	1	0	0	1	1
GF_9515	1	0	0	1	0	0	0	1	0	0	1	1
GF_9516	1	0	0	1	0	0	0	1	0	0	1	1
GF_9517	1	0	0	1	0	0	0	1	0	0	1	1
GF_9518	1	0	0	1	0	0	0	1	0	0	1	1
GF_9519	1	0	0	1	0	0	0	1	0	0	1	1
GF_9520	1	0	0	1	0	0	0	1	0	0	1	1
GF_9521	1	0	0	1	0	0	0	1	0	0	1	1
GF_9522	1	0	0	1	0	0	0	1	0	0	1	1
GF_9523	1	0	0	1	0	0	0	1	0	0	1	1
GF_9524	1	0	0	1	0	0	0	1	0	0	1	1
GF_9525	1	0	0	1	0	0	0	1	0	0	1	1
GF_9526	1	0	0	1	0	0	0	1	0	0	1	1
GF_9527	1	0	0	1	0	0	0	1	0	0	1	1
GF_9528	1	0	0	1	0	0	0	1	0	0	1	1
GF_9529	1	0	0	1	0	0	0	1	0	0	1	1
GF_9530	1	0	0	1	0	0	0	1	0	0	1	1
GF_9531	1	0	0	1	0	0	0	1	0	0	1	1
GF_9532	1	0	0	1	0	0	0	1	0	0	1	1
GF_9533	1	0	0	1	0	0	0	1	0	0	1	1
GF_9534	1	0	0	1	0	0	0	1	0	0	1	1
GF_9535	1	0	0	1	0	0	0	1	0	0	1	1
GF_9536	1	0	0	1	0	0	0	1	0	0	1	1
GF_9537	1	0	0	1	0	0	0	1	0	0	1	1
GF_9538	1	0	0	1	0	0	0	1	0	0	1	1
GF_9539	1	0	0	1	0	0	0	1	0	0	1	1
GF_9540	1	0	0	1	0	0	0	1	0	0	1	1
GF_9541	1	0	0	1	0	0	0	1	0	0	1	1
GF_9542	1	0	0	1	0	0	0	1	0	0	1	1
GF_9543	1	0	0	1	0	0	0	1	0	0	1	1
GF_9544	1	0	0	1	0	0	0	1	0	0	1	1
GF_9545	1	0	0	0	0	0	0	1	1	0	1	1
GF_9546	0	0	0	1	0	0	0	1	0	0	1	2
GF_9547	0	0	0	1	0	0	0	2	0	0	1	1
GF_9548	1	0	0	1	0	0	0	0	1	0	1	1
GF_9549	0	0	1	0	0	1	0	0	1	1	0	1
GF_9550	1	0	0	1	0	0	0	1	0	0	1	1
GF_9551	0	0	0	1	0	0	0	1	1	0	1	1
GF_9552	0	0	0	1	0	0	0	1	0	0	2	1
GF_9553	0	0	0	1	0	0	0	1	1	0	1	1
GF_9554	1	0	0	1	0	0	0	0	1	0	1	1
GF_9555	0	0	0	0	0	1	0	1	1	0	1	1
GF_9556	0	0	0	1	0	0	0	1	1	0	1	1
GF_9557	0	0	0	1	0	1	0	1	1	0	0	1
GF_9558	1	0	0	1	0	0	0	0	1	0	1	1
GF_9559	0	0	0	1	0	0	0	1	1	0	1	1
GF_9560	0	0	0	1	0	0	0	1	1	0	1	1
GF_9561	0	0	0	1	0	0	1	1	0	0	1	1
GF_9562	1	0	0	1	0	0	0	1	0	0	1	1
GF_9563	1	0	0	1	0	0	0	1	0	0	1	1
GF_9564	0	0	0	1	0	0	0	1	1	0	1	1
GF_9565	1	0	0	1	0	0	0	0	1	0	1	1
GF_9566	1	0	0	1	0	0	0	1	1	0	0	1
GF_9567	0	0	1	1	0	0	0	1	0	0	1	1
GF_9568	0	0	0	1	0	0	0	1	1	0	1	1
GF_9569	0	0	0	1	0	0	0	1	1	0	1	1
GF_9570	0	0	0	1	0	0	0	1	1	0	1	1
GF_9571	1	0	0	1	0	0	0	1	0	0	1	1
GF_9572	0	0	0	1	0	0	0	1	1	0	1	1
GF_9573	0	0	0	1	0	0	0	1	1	0	1	1
GF_9574	1	0	0	1	0	0	0	0	1	0	1	1
GF_9575	0	0	0	1	0	0	0	1	0	0	2	1
GF_9576	1	0	0	1	0	0	0	1	0	0	1	1
GF_9577	0	0	0	1	0	0	0	1	1	0	1	1
GF_9578	0	0	0	1	0	0	0	1	1	0	1	1
GF_9579	0	0	0	1	0	0	0	1	1	0	1	1
GF_9580	0	1	0	0	0	1	0	1	0	0	1	1
GF_9581	0	1	0	1	0	0	0	1	0	1	1	0
GF_9582	0	1	0	0	1	1	0	0	1	1	0	0
GF_9583	0	1	0	0	0	1	1	0	1	1	0	0
GF_9584	0	1	0	1	0	0	0	1	0	0	1	1
GF_9585	0	0	0	1	0	0	0	0	0	0	1	3
GF_9586	1	0	0	1	0	0	0	1	1	0	1	0
GF_9587	0	0	0	0	0	0	0	0	0	4	0	0
GF_9588	0	0	0	0	0	0	0	0	0	4	0	0
GF_9589	0	0	2	0	0	0	0	0	0	2	0	0
GF_9590	0	0	0	0	0	0	0	0	0	4	0	0
GF_9591	0	1	0	0	0	0	0	0	0	3	0	0
GF_9592	0	1	1	0	0	0	0	0	0	2	0	0
GF_9593	0	2	0	0	0	0	0	0	0	2	0	0
GF_9594	0	0	0	0	0	0	0	0	0	4	0	0
GF_9595	0	1	1	0	0	0	0	0	0	2	0	0
GF_9596	0	0	0	0	0	0	0	0	2	2	0	0
GF_9597	0	2	0	0	0	0	0	0	0	2	0	0
GF_9598	0	0	0	0	0	0	0	0	0	4	0	0
GF_9599	0	2	0	0	0	0	0	0	0	2	0	0
GF_9600	0	2	0	0	0	0	0	0	0	2	0	0
GF_9601	0	1	0	0	0	0	1	0	0	2	0	0
GF_9602	0	1	0	0	1	0	0	0	0	2	0	0
GF_9603	0	2	0	0	0	0	0	0	0	2	0	0
GF_9604	0	0	0	0	0	0	0	0	0	4	0	0
GF_9605	0	1	0	0	0	0	0	0	0	3	0	0
GF_9606	0	0	0	0	0	0	0	0	0	4	0	0
GF_9607	0	1	0	0	0	0	0	0	0	3	0	0
GF_9608	0	0	0	0	0	0	0	0	0	4	0	0
GF_9609	0	0	0	0	0	0	0	0	0	4	0	0
GF_9610	0	0	0	0	0	0	0	0	0	4	0	0
GF_9611	0	0	0	0	0	0	1	0	0	3	0	0
GF_9612	0	0	0	0	0	0	0	0	0	4	0	0
GF_9613	0	0	0	0	0	0	0	0	0	4	0	0
GF_9614	0	0	0	0	0	0	0	0	0	4	0	0
GF_9615	1	0	0	0	0	0	0	0	0	2	1	0
GF_9616	0	0	1	0	0	0	1	0	0	2	0	0
GF_9617	0	0	0	0	0	0	0	0	0	4	0	0
GF_9618	0	2	0	0	0	0	0	0	0	2	0	0
GF_9619	0	1	0	0	0	0	0	0	0	3	0	0
GF_9620	0	0	0	0	0	0	0	0	0	4	0	0
GF_9621	0	1	0	0	0	0	0	0	0	3	0	0
GF_9622	0	0	4	0	0	0	0	0	0	0	0	0
GF_9623	0	0	4	0	0	0	0	0	0	0	0	0
GF_9624	0	0	4	0	0	0	0	0	0	0	0	0
GF_9625	0	0	2	0	0	0	0	0	0	0	0	2
GF_9626	0	1	2	0	0	0	1	0	0	0	0	0
GF_9627	0	1	2	0	0	0	0	0	0	1	0	0
GF_9628	0	0	4	0	0	0	0	0	0	0	0	0
GF_9629	0	0	4	0	0	0	0	0	0	0	0	0
GF_9630	0	0	4	0	0	0	0	0	0	0	0	0
GF_9631	0	1	2	0	0	1	0	0	0	0	0	0
GF_9632	0	0	4	0	0	0	0	0	0	0	0	0
GF_9633	0	0	4	0	0	0	0	0	0	0	0	0
GF_9634	0	1	2	0	0	0	0	0	0	1	0	0
GF_9635	0	1	2	0	0	0	0	0	0	1	0	0
GF_9636	0	0	4	0	0	0	0	0	0	0	0	0
GF_9637	0	0	4	0	0	0	0	0	0	0	0	0
GF_9638	0	0	3	0	0	0	0	0	0	1	0	0
GF_9639	0	0	4	0	0	0	0	0	0	0	0	0
GF_9640	0	0	4	0	0	0	0	0	0	0	0	0
GF_9641	0	0	4	0	0	0	0	0	0	0	0	0
GF_9642	0	0	4	0	0	0	0	0	0	0	0	0
GF_9643	0	1	3	0	0	0	0	0	0	0	0	0
GF_9644	0	1	2	0	0	0	0	0	0	1	0	0
GF_9645	0	0	3	0	0	1	0	0	0	0	0	0
GF_9646	0	0	4	0	0	0	0	0	0	0	0	0
GF_9647	0	0	4	0	0	0	0	0	0	0	0	0
GF_9648	0	1	2	0	0	0	0	0	0	1	0	0
GF_9649	0	0	3	1	0	0	0	0	0	0	0	0
GF_9650	0	0	4	0	0	0	0	0	0	0	0	0
GF_9651	0	1	2	0	0	0	0	0	0	1	0	0
GF_9652	0	0	4	0	0	0	0	0	0	0	0	0
GF_9653	0	0	4	0	0	0	0	0	0	0	0	0
GF_9654	0	0	3	1	0	0	0	0	0	0	0	0
GF_9655	0	0	4	0	0	0	0	0	0	0	0	0
GF_9656	0	0	4	0	0	0	0	0	0	0	0	0
GF_9657	0	0	4	0	0	0	0	0	0	0	0	0
GF_9658	0	0	4	0	0	0	0	0	0	0	0	0
GF_9659	0	0	3	0	1	0	0	0	0	0	0	0
GF_9660	0	0	4	0	0	0	0	0	0	0	0	0
GF_9661	0	0	4	0	0	0	0	0	0	0	0	0
GF_9662	0	1	2	0	0	0	0	0	0	1	0	0
GF_9663	0	0	4	0	0	0	0	0	0	0	0	0
GF_9664	0	0	4	0	0	0	0	0	0	0	0	0
GF_9665	0	0	4	0	0	0	0	0	0	0	0	0
GF_9666	0	0	4	0	0	0	0	0	0	0	0	0
GF_9667	0	0	4	0	0	0	0	0	0	0	0	0
GF_9668	0	0	4	0	0	0	0	0	0	0	0	0
GF_9669	0	2	2	0	0	0	0	0	0	0	0	0
GF_9670	0	0	4	0	0	0	0	0	0	0	0	0
GF_9671	0	0	4	0	0	0	0	0	0	0	0	0
GF_9672	0	0	4	0	0	0	0	0	0	0	0	0
GF_9673	0	0	2	0	0	2	0	0	0	0	0	0
GF_9674	0	0	3	0	0	0	0	0	0	1	0	0
GF_9675	0	0	3	0	0	0	0	0	1	0	0	0
GF_9676	0	0	3	0	0	0	0	0	0	0	1	0
GF_9677	0	0	3	0	0	0	1	0	0	0	0	0
GF_9678	0	0	4	0	0	0	0	0	0	0	0	0
GF_9679	0	1	3	0	0	0	0	0	0	0	0	0
GF_9680	0	0	4	0	0	0	0	0	0	0	0	0
GF_9681	0	1	2	0	0	1	0	0	0	0	0	0
GF_9682	0	2	2	0	0	0	0	0	0	0	0	0
GF_9683	0	0	3	0	0	0	0	0	0	1	0	0
GF_9684	0	0	3	0	1	0	0	0	0	0	0	0
GF_9685	0	0	3	0	0	1	0	0	0	0	0	0
GF_9686	0	0	4	0	0	0	0	0	0	0	0	0
GF_9687	0	0	4	0	0	0	0	0	0	0	0	0
GF_9688	2	0	0	1	0	0	0	0	1	0	0	0
GF_9689	0	0	0	0	0	0	0	0	4	0	0	0
GF_9690	0	0	0	0	0	0	0	0	4	0	0	0
GF_9691	0	0	0	0	0	0	0	0	4	0	0	0
GF_9692	0	0	0	1	0	0	0	0	3	0	0	0
GF_9693	0	0	3	0	0	0	0	0	0	1	0	0
GF_9694	0	0	4	0	0	0	0	0	0	0	0	0
GF_9695	0	1	2	0	0	0	0	0	0	1	0	0
GF_9696	0	1	2	0	0	0	0	0	0	1	0	0
GF_9697	0	0	4	0	0	0	0	0	0	0	0	0
GF_9698	0	0	3	0	0	0	0	0	0	1	0	0
GF_9699	0	0	4	0	0	0	0	0	0	0	0	0
GF_9700	0	0	2	0	0	2	0	0	0	0	0	0
GF_9701	0	1	2	0	0	0	0	0	0	1	0	0
GF_9702	0	0	4	0	0	0	0	0	0	0	0	0
GF_9703	0	1	2	0	0	0	0	0	0	1	0	0
GF_9704	0	0	3	0	0	0	0	0	0	0	1	0
GF_9705	0	1	2	0	0	0	0	0	0	1	0	0
GF_9706	0	1	2	0	0	0	0	0	0	1	0	0
GF_9707	3	0	0	0	0	0	0	0	0	0	0	1
GF_9708	2	0	0	0	0	0	0	1	0	0	0	1
GF_9709	3	0	0	1	0	0	0	0	0	0	0	0
GF_9710	2	0	0	1	0	0	0	0	0	0	1	0
GF_9711	2	0	0	0	0	0	0	0	0	0	1	1
GF_9712	2	0	0	1	0	0	0	0	0	0	0	1
GF_9713	2	0	0	0	0	0	0	1	0	0	0	1
GF_9714	2	0	0	1	0	0	0	0	0	0	1	0
GF_9715	0	0	0	2	0	0	0	0	0	0	0	2
GF_9716	0	0	0	0	0	0	0	1	0	0	1	2
GF_9717	0	0	0	1	0	0	0	0	0	0	0	3
GF_9718	1	0	0	1	0	0	0	0	0	0	0	2
GF_9719	0	0	0	0	0	1	0	0	3	0	0	0
GF_9720	0	0	0	0	0	0	0	0	4	0	0	0
GF_9721	0	0	0	0	0	0	0	2	0	0	0	2
GF_9722	1	0	0	0	0	0	0	0	0	0	1	2
GF_9723	0	0	0	1	0	0	0	1	0	0	0	2
GF_9724	0	0	0	1	0	0	0	1	0	0	0	2
GF_9725	0	4	0	0	0	0	0	0	0	0	0	0
GF_9726	0	4	0	0	0	0	0	0	0	0	0	0
GF_9727	0	3	0	0	0	1	0	0	0	0	0	0
GF_9728	0	3	0	0	0	0	0	0	0	1	0	0
GF_9729	0	4	0	0	0	0	0	0	0	0	0	0
GF_9730	0	3	0	0	0	1	0	0	0	0	0	0
GF_9731	0	4	0	0	0	0	0	0	0	0	0	0
GF_9732	0	4	0	0	0	0	0	0	0	0	0	0
GF_9733	0	4	0	0	0	0	0	0	0	0	0	0
GF_9734	0	4	0	0	0	0	0	0	0	0	0	0
GF_9735	0	4	0	0	0	0	0	0	0	0	0	0
GF_9736	0	4	0	0	0	0	0	0	0	0	0	0
GF_9737	0	3	0	0	0	0	0	0	0	1	0	0
GF_9738	0	3	0	0	0	0	0	0	0	1	0	0
GF_9739	0	4	0	0	0	0	0	0	0	0	0	0
GF_9740	0	4	0	0	0	0	0	0	0	0	0	0
GF_9741	0	3	1	0	0	0	0	0	0	0	0	0
GF_9742	0	3	0	0	0	0	0	0	0	0	1	0
GF_9743	0	4	0	0	0	0	0	0	0	0	0	0
GF_9744	0	4	0	0	0	0	0	0	0	0	0	0
GF_9745	0	4	0	0	0	0	0	0	0	0	0	0
GF_9746	0	4	0	0	0	0	0	0	0	0	0	0
GF_9747	0	4	0	0	0	0	0	0	0	0	0	0
GF_9748	0	3	0	0	0	1	0	0	0	0	0	0
GF_9749	0	4	0	0	0	0	0	0	0	0	0	0
GF_9750	0	2	1	0	0	0	0	0	0	1	0	0
GF_9751	0	4	0	0	0	0	0	0	0	0	0	0
GF_9752	0	3	0	0	0	0	0	0	0	1	0	0
GF_9753	0	4	0	0	0	0	0	0	0	0	0	0
GF_9754	0	2	0	0	0	1	1	0	0	0	0	0
GF_9755	0	4	0	0	0	0	0	0	0	0	0	0
GF_9756	0	3	0	0	0	0	0	0	0	1	0	0
GF_9757	0	4	0	0	0	0	0	0	0	0	0	0
GF_9758	0	4	0	0	0	0	0	0	0	0	0	0
GF_9759	0	4	0	0	0	0	0	0	0	0	0	0
GF_9760	0	4	0	0	0	0	0	0	0	0	0	0
GF_9761	0	3	1	0	0	0	0	0	0	0	0	0
GF_9762	0	4	0	0	0	0	0	0	0	0	0	0
GF_9763	0	3	1	0	0	0	0	0	0	0	0	0
GF_9764	0	4	0	0	0	0	0	0	0	0	0	0
GF_9765	0	0	0	0	0	0	0	0	4	0	0	0
GF_9766	0	0	0	0	0	1	0	0	3	0	0	0
GF_9767	0	3	0	0	0	0	0	0	0	1	0	0
GF_9768	0	3	0	0	0	0	0	0	0	1	0	0
GF_9769	0	3	1	0	0	0	0	0	0	0	0	0
GF_9770	0	4	0	0	0	0	0	0	0	0	0	0
GF_9771	0	4	0	0	0	0	0	0	0	0	0	0
GF_9772	0	4	0	0	0	0	0	0	0	0	0	0
GF_9773	0	2	0	0	0	1	0	0	0	1	0	0
GF_9774	0	2	0	0	0	2	0	0	0	0	0	0
GF_9775	0	2	1	0	0	0	0	0	0	1	0	0
GF_9776	0	2	1	0	0	0	1	0	0	0	0	0
GF_9777	0	3	0	0	0	1	0	0	0	0	0	0
GF_9778	0	4	0	0	0	0	0	0	0	0	0	0
GF_9779	0	4	0	0	0	0	0	0	0	0	0	0
GF_9780	0	4	0	0	0	0	0	0	0	0	0	0
GF_9781	0	2	0	0	0	1	1	0	0	0	0	0
GF_9782	0	3	0	0	0	1	0	0	0	0	0	0
GF_9783	0	2	0	0	1	0	0	0	0	1	0	0
GF_9784	0	3	0	0	0	1	0	0	0	0	0	0
GF_9785	0	2	1	0	0	0	0	0	0	1	0	0
GF_9786	0	4	0	0	0	0	0	0	0	0	0	0
GF_9787	0	2	1	0	0	0	0	0	0	1	0	0
GF_9788	0	4	0	0	0	0	0	0	0	0	0	0
GF_9789	0	4	0	0	0	0	0	0	0	0	0	0
GF_9790	0	3	0	0	0	0	0	0	0	1	0	0
GF_9791	0	4	0	0	0	0	0	0	0	0	0	0
GF_9792	0	3	0	0	0	0	0	0	0	1	0	0
GF_9793	0	2	0	0	0	1	0	0	0	1	0	0
GF_9794	0	3	0	0	0	0	1	0	0	0	0	0
GF_9795	0	4	0	0	0	0	0	0	0	0	0	0
GF_9796	0	3	0	0	0	1	0	0	0	0	0	0
GF_9797	0	2	1	0	0	1	0	0	0	0	0	0
GF_9798	0	2	0	0	0	2	0	0	0	0	0	0
GF_9799	0	3	0	0	0	1	0	0	0	0	0	0
GF_9800	0	4	0	0	0	0	0	0	0	0	0	0
GF_9801	0	3	0	0	0	0	0	0	1	0	0	0
GF_9802	0	2	0	0	0	2	0	0	0	0	0	0
GF_9803	0	3	0	0	0	1	0	0	0	0	0	0
GF_9804	0	2	1	0	0	1	0	0	0	0	0	0
GF_9805	0	2	0	0	0	1	0	0	0	1	0	0
GF_9806	0	0	0	0	0	4	0	0	0	0	0	0
GF_9807	0	0	0	0	0	4	0	0	0	0	0	0
GF_9808	0	0	0	0	0	4	0	0	0	0	0	0
GF_9809	0	0	0	0	0	4	0	0	0	0	0	0
GF_9810	0	1	0	0	0	3	0	0	0	0	0	0
GF_9811	0	0	0	0	0	4	0	0	0	0	0	0
GF_9812	0	0	0	0	0	4	0	0	0	0	0	0
GF_9813	0	0	0	0	0	4	0	0	0	0	0	0
GF_9814	0	0	0	0	0	2	2	0	0	0	0	0
GF_9815	0	1	0	0	0	2	0	0	0	1	0	0
GF_9816	0	0	0	0	0	4	0	0	0	0	0	0
GF_9817	0	0	0	0	0	2	1	0	1	0	0	0
GF_9818	0	0	0	0	0	4	0	0	0	0	0	0
GF_9819	0	0	0	0	0	4	0	0	0	0	0	0
GF_9820	0	0	0	0	0	4	0	0	0	0	0	0
GF_9821	0	0	1	0	0	2	0	0	0	1	0	0
GF_9822	0	0	1	0	0	3	0	0	0	0	0	0
GF_9823	0	0	0	0	0	3	0	0	0	1	0	0
GF_9824	0	0	0	0	0	4	0	0	0	0	0	0
GF_9825	0	0	0	0	0	4	0	0	0	0	0	0
GF_9826	0	0	0	0	0	4	0	0	0	0	0	0
GF_9827	0	0	1	0	0	3	0	0	0	0	0	0
GF_9828	0	0	0	0	0	4	0	0	0	0	0	0
GF_9829	0	0	0	0	0	3	1	0	0	0	0	0
GF_9830	0	0	0	0	0	3	0	0	0	1	0	0
GF_9831	0	0	0	0	0	2	1	0	1	0	0	0
GF_9832	0	0	0	0	0	2	1	0	0	1	0	0
GF_9833	0	0	0	0	0	4	0	0	0	0	0	0
GF_9834	0	0	0	0	0	0	0	0	4	0	0	0
GF_9835	0	0	0	2	0	0	0	0	2	0	0	0
GF_9836	0	0	0	0	0	0	0	0	2	0	2	0
GF_9837	0	0	0	0	0	0	0	0	4	0	0	0
GF_9838	0	0	0	0	0	4	0	0	0	0	0	0
GF_9839	0	0	0	0	0	1	3	0	0	0	0	0
GF_9840	0	0	0	0	0	4	0	0	0	0	0	0
GF_9841	0	0	0	0	4	0	0	0	0	0	0	0
GF_9842	0	0	0	0	4	0	0	0	0	0	0	0
GF_9843	0	0	0	0	4	0	0	0	0	0	0	0
GF_9844	0	0	0	0	4	0	0	0	0	0	0	0
GF_9845	0	0	1	0	2	1	0	0	0	0	0	0
GF_9846	0	0	0	0	4	0	0	0	0	0	0	0
GF_9847	0	0	0	0	4	0	0	0	0	0	0	0
GF_9848	0	0	0	0	4	0	0	0	0	0	0	0
GF_9849	0	0	1	0	2	0	1	0	0	0	0	0
GF_9850	0	0	0	0	4	0	0	0	0	0	0	0
GF_9851	0	0	0	0	4	0	0	0	0	0	0	0
GF_9852	0	0	0	0	4	0	0	0	0	0	0	0
GF_9853	0	0	0	0	4	0	0	0	0	0	0	0
GF_9854	0	1	0	0	2	0	1	0	0	0	0	0
GF_9855	0	0	0	0	4	0	0	0	0	0	0	0
GF_9856	0	0	0	0	3	0	1	0	0	0	0	0
GF_9857	0	0	0	0	4	0	0	0	0	0	0	0
GF_9858	0	0	0	0	4	0	0	0	0	0	0	0
GF_9859	0	0	0	0	4	0	0	0	0	0	0	0
GF_9860	0	0	0	0	3	0	1	0	0	0	0	0
GF_9861	0	0	0	0	4	0	0	0	0	0	0	0
GF_9862	0	0	0	0	4	0	0	0	0	0	0	0
GF_9863	0	0	0	0	4	0	0	0	0	0	0	0
GF_9864	0	0	0	0	4	0	0	0	0	0	0	0
GF_9865	0	0	0	0	3	1	0	0	0	0	0	0
GF_9866	0	0	0	0	4	0	0	0	0	0	0	0
GF_9867	0	0	0	0	4	0	0	0	0	0	0	0
GF_9868	0	0	0	0	4	0	0	0	0	0	0	0
GF_9869	0	0	0	0	3	1	0	0	0	0	0	0
GF_9870	0	0	1	0	2	0	0	0	0	1	0	0
GF_9871	0	0	0	0	4	0	0	0	0	0	0	0
GF_9872	0	0	0	0	2	1	1	0	0	0	0	0
GF_9873	0	0	0	0	4	0	0	0	0	0	0	0
GF_9874	0	0	0	0	4	0	0	0	0	0	0	0
GF_9875	0	0	0	0	4	0	0	0	0	0	0	0
GF_9876	0	0	0	0	2	1	1	0	0	0	0	0
GF_9877	0	1	0	0	3	0	0	0	0	0	0	0
GF_9878	0	0	0	0	4	0	0	0	0	0	0	0
GF_9879	0	0	1	0	2	0	0	0	0	1	0	0
GF_9880	0	1	0	0	2	0	0	0	0	1	0	0
GF_9881	0	0	0	0	4	0	0	0	0	0	0	0
GF_9882	0	0	0	0	2	1	1	0	0	0	0	0
GF_9883	0	0	0	0	4	0	0	0	0	0	0	0
GF_9884	0	0	0	0	2	1	1	0	0	0	0	0
GF_9885	0	1	1	0	2	0	0	0	0	0	0	0
GF_9886	0	1	0	0	3	0	0	0	0	0	0	0
GF_9887	0	0	0	0	2	1	1	0	0	0	0	0
GF_9888	0	0	0	0	4	0	0	0	0	0	0	0
GF_9889	0	0	0	0	4	0	0	0	0	0	0	0
GF_9890	0	0	0	2	0	0	0	1	0	0	0	1
GF_9891	0	0	0	0	0	0	0	0	4	0	0	0
GF_9892	0	0	0	0	0	0	0	0	4	0	0	0
GF_9893	0	0	0	0	0	0	0	0	4	0	0	0
GF_9894	0	0	0	0	0	0	0	0	4	0	0	0
GF_9895	0	1	0	0	0	0	0	0	3	0	0	0
GF_9896	0	0	0	0	0	0	0	0	4	0	0	0
GF_9897	0	0	0	3	0	0	0	0	0	0	1	0
GF_9898	0	0	0	3	0	0	0	0	0	0	0	1
GF_9899	1	0	0	2	0	0	0	0	0	0	1	0
GF_9900	0	0	0	2	0	0	0	1	0	0	0	1
GF_9901	1	0	0	3	0	0	0	0	0	0	0	0
GF_9902	0	0	0	2	0	0	0	1	0	0	0	1
GF_9903	0	0	0	2	0	0	0	1	0	0	0	1
GF_9904	0	0	0	4	0	0	0	0	0	0	0	0
GF_9905	0	0	0	2	0	0	0	0	0	0	1	1
GF_9906	1	0	0	2	0	0	0	0	0	0	0	1
GF_9907	1	0	0	2	0	0	0	0	0	0	1	0
GF_9908	0	0	0	2	0	0	0	1	0	0	0	1
GF_9909	0	0	0	2	0	0	0	0	0	0	2	0
GF_9910	1	0	0	2	0	0	0	0	0	0	0	1
GF_9911	0	0	0	0	0	0	0	4	0	0	0	0
GF_9912	0	0	0	0	0	0	0	2	0	0	1	1
GF_9913	0	0	0	0	0	0	0	3	0	0	0	1
GF_9914	0	0	0	0	0	0	0	2	0	0	1	1
GF_9915	0	0	0	0	0	0	0	0	2	0	1	1
GF_9916	1	0	0	0	0	0	0	2	0	0	0	1
GF_9917	1	0	0	0	0	0	0	2	0	0	0	1
GF_9918	0	0	0	1	0	0	0	0	0	0	3	0
GF_9919	1	0	0	1	0	0	0	0	0	0	2	0
GF_9920	1	0	0	0	0	0	0	0	0	0	2	1
GF_9921	1	0	0	1	0	0	0	0	0	0	2	0
GF_9922	0	0	0	1	0	0	0	0	0	0	2	1
GF_9923	1	0	0	1	0	0	0	0	0	0	2	0
GF_9924	0	0	0	1	0	0	0	0	0	0	3	0
GF_9925	1	0	0	1	0	0	0	0	0	0	2	0
GF_9926	1	0	0	0	0	0	0	1	0	0	2	0
GF_9927	0	0	0	0	0	0	0	1	0	0	2	1
GF_9928	1	0	0	0	0	0	0	0	0	0	2	1
GF_9929	1	0	0	0	0	0	0	0	0	0	3	0
GF_9930	0	0	0	0	1	1	2	0	0	0	0	0
GF_9931	0	0	1	0	0	1	2	0	0	0	0	0
GF_9932	0	1	0	0	0	0	3	0	0	0	0	0
GF_9933	0	0	0	0	0	0	0	0	4	0	0	0
GF_9934	1	0	0	1	0	0	0	0	2	0	0	0
GF_9935	0	1	0	0	0	1	0	0	0	2	0	0
GF_9936	0	1	0	0	0	1	0	0	0	2	0	0
GF_9937	0	1	0	0	0	1	0	0	0	2	0	0
GF_9938	0	1	0	0	0	1	0	0	0	2	0	0
GF_9939	0	0	0	0	0	0	0	0	0	4	0	0
GF_9940	0	0	1	0	0	0	0	0	0	3	0	0
GF_9941	0	0	0	0	0	0	0	0	0	4	0	0
GF_9942	0	0	0	0	0	0	0	0	0	4	0	0
GF_9943	0	0	0	0	0	0	0	0	0	4	0	0
GF_9944	0	0	0	0	0	0	0	0	0	4	0	0
GF_9945	0	0	0	0	0	0	0	0	0	4	0	0
GF_9946	0	0	0	0	0	0	0	0	0	4	0	0
GF_9947	0	0	0	0	0	0	0	0	0	4	0	0
GF_9948	0	0	0	0	0	0	0	0	0	4	0	0
GF_9949	0	0	0	0	0	0	0	0	0	4	0	0
GF_9950	0	0	0	0	0	0	0	0	0	4	0	0
GF_9951	0	0	0	0	0	0	0	0	0	4	0	0
GF_9952	0	0	0	0	0	0	0	0	0	4	0	0
GF_9953	0	0	0	0	0	0	0	0	0	4	0	0
GF_9954	0	0	0	0	0	0	0	0	0	4	0	0
GF_9955	0	0	4	0	0	0	0	0	0	0	0	0
GF_9956	0	0	4	0	0	0	0	0	0	0	0	0
GF_9957	0	0	4	0	0	0	0	0	0	0	0	0
GF_9958	0	0	4	0	0	0	0	0	0	0	0	0
GF_9959	0	0	4	0	0	0	0	0	0	0	0	0
GF_9960	0	0	4	0	0	0	0	0	0	0	0	0
GF_9961	0	0	4	0	0	0	0	0	0	0	0	0
GF_9962	0	0	4	0	0	0	0	0	0	0	0	0
GF_9963	0	0	4	0	0	0	0	0	0	0	0	0
GF_9964	0	0	4	0	0	0	0	0	0	0	0	0
GF_9965	0	0	4	0	0	0	0	0	0	0	0	0
GF_9966	0	0	4	0	0	0	0	0	0	0	0	0
GF_9967	0	0	4	0	0	0	0	0	0	0	0	0
GF_9968	0	0	4	0	0	0	0	0	0	0	0	0
GF_9969	0	0	4	0	0	0	0	0	0	0	0	0
GF_9970	0	0	4	0	0	0	0	0	0	0	0	0
GF_9971	0	0	4	0	0	0	0	0	0	0	0	0
GF_9972	0	0	4	0	0	0	0	0	0	0	0	0
GF_9973	0	0	4	0	0	0	0	0	0	0	0	0
GF_9974	0	0	4	0	0	0	0	0	0	0	0	0
GF_9975	0	0	4	0	0	0	0	0	0	0	0	0
GF_9976	0	0	4	0	0	0	0	0	0	0	0	0
GF_9977	0	0	4	0	0	0	0	0	0	0	0	0
GF_9978	0	0	4	0	0	0	0	0	0	0	0	0
GF_9979	0	0	4	0	0	0	0	0	0	0	0	0
GF_9980	0	0	4	0	0	0	0	0	0	0	0	0
GF_9981	0	0	4	0	0	0	0	0	0	0	0	0
GF_9982	0	0	4	0	0	0	0	0	0	0	0	0
GF_9983	0	0	4	0	0	0	0	0	0	0	0	0
GF_9984	0	0	4	0	0	0	0	0	0	0	0	0
GF_9985	0	0	4	0	0	0	0	0	0	0	0	0
GF_9986	0	4	0	0	0	0	0	0	0	0	0	0
GF_9987	0	4	0	0	0	0	0	0	0	0	0	0
GF_9988	0	4	0	0	0	0	0	0	0	0	0	0
GF_9989	0	4	0	0	0	0	0	0	0	0	0	0
GF_9990	0	4	0	0	0	0	0	0	0	0	0	0
GF_9991	0	4	0	0	0	0	0	0	0	0	0	0
GF_9992	0	4	0	0	0	0	0	0	0	0	0	0
GF_9993	0	4	0	0	0	0	0	0	0	0	0	0
GF_9994	0	4	0	0	0	0	0	0	0	0	0	0
GF_9995	0	4	0	0	0	0	0	0	0	0	0	0
GF_9996	0	4	0	0	0	0	0	0	0	0	0	0
GF_9997	0	4	0	0	0	0	0	0	0	0	0	0
GF_9998	0	4	0	0	0	0	0	0	0	0	0	0
GF_9999	0	4	0	0	0	0	0	0	0	0	0	0
GF_10000	0	4	0	0	0	0	0	0	0	0	0	0
GF_10001	0	4	0	0	0	0	0	0	0	0	0	0
GF_10002	0	4	0	0	0	0	0	0	0	0	0	0
GF_10003	0	4	0	0	0	0	0	0	0	0	0	0
GF_10004	0	4	0	0	0	0	0	0	0	0	0	0
GF_10005	0	4	0	0	0	0	0	0	0	0	0	0
GF_10006	0	4	0	0	0	0	0	0	0	0	0	0
GF_10007	0	4	0	0	0	0	0	0	0	0	0	0
GF_10008	0	4	0	0	0	0	0	0	0	0	0	0
GF_10009	0	4	0	0	0	0	0	0	0	0	0	0
GF_10010	0	4	0	0	0	0	0	0	0	0	0	0
GF_10011	0	4	0	0	0	0	0	0	0	0	0	0
GF_10012	0	4	0	0	0	0	0	0	0	0	0	0
GF_10013	0	4	0	0	0	0	0	0	0	0	0	0
GF_10014	0	4	0	0	0	0	0	0	0	0	0	0
GF_10015	0	4	0	0	0	0	0	0	0	0	0	0
GF_10016	0	4	0	0	0	0	0	0	0	0	0	0
GF_10017	0	4	0	0	0	0	0	0	0	0	0	0
GF_10018	0	4	0	0	0	0	0	0	0	0	0	0
GF_10019	0	4	0	0	0	0	0	0	0	0	0	0
GF_10020	0	4	0	0	0	0	0	0	0	0	0	0
GF_10021	0	4	0	0	0	0	0	0	0	0	0	0
GF_10022	0	4	0	0	0	0	0	0	0	0	0	0
GF_10023	0	2	0	0	0	2	0	0	0	0	0	0
GF_10024	0	4	0	0	0	0	0	0	0	0	0	0
GF_10025	0	4	0	0	0	0	0	0	0	0	0	0
GF_10026	0	4	0	0	0	0	0	0	0	0	0	0
GF_10027	0	4	0	0	0	0	0	0	0	0	0	0
GF_10028	0	4	0	0	0	0	0	0	0	0	0	0
GF_10029	0	4	0	0	0	0	0	0	0	0	0	0
GF_10030	0	4	0	0	0	0	0	0	0	0	0	0
GF_10031	0	4	0	0	0	0	0	0	0	0	0	0
GF_10032	0	4	0	0	0	0	0	0	0	0	0	0
GF_10033	0	4	0	0	0	0	0	0	0	0	0	0
GF_10034	0	0	0	0	0	0	0	0	4	0	0	0
GF_10035	0	4	0	0	0	0	0	0	0	0	0	0
GF_10036	0	4	0	0	0	0	0	0	0	0	0	0
GF_10037	0	4	0	0	0	0	0	0	0	0	0	0
GF_10038	0	4	0	0	0	0	0	0	0	0	0	0
GF_10039	0	4	0	0	0	0	0	0	0	0	0	0
GF_10040	0	4	0	0	0	0	0	0	0	0	0	0
GF_10041	0	4	0	0	0	0	0	0	0	0	0	0
GF_10042	0	4	0	0	0	0	0	0	0	0	0	0
GF_10043	0	4	0	0	0	0	0	0	0	0	0	0
GF_10044	0	4	0	0	0	0	0	0	0	0	0	0
GF_10045	0	4	0	0	0	0	0	0	0	0	0	0
GF_10046	0	4	0	0	0	0	0	0	0	0	0	0
GF_10047	0	4	0	0	0	0	0	0	0	0	0	0
GF_10048	0	4	0	0	0	0	0	0	0	0	0	0
GF_10049	0	0	0	0	0	4	0	0	0	0	0	0
GF_10050	0	0	0	0	0	4	0	0	0	0	0	0
GF_10051	0	0	0	0	0	4	0	0	0	0	0	0
GF_10052	0	0	0	0	0	4	0	0	0	0	0	0
GF_10053	0	0	0	0	0	4	0	0	0	0	0	0
GF_10054	0	0	0	0	0	4	0	0	0	0	0	0
GF_10055	0	0	0	0	0	4	0	0	0	0	0	0
GF_10056	0	0	0	0	0	4	0	0	0	0	0	0
GF_10057	0	0	0	0	0	4	0	0	0	0	0	0
GF_10058	0	0	0	0	0	4	0	0	0	0	0	0
GF_10059	0	0	0	0	0	4	0	0	0	0	0	0
GF_10060	0	0	1	0	0	2	1	0	0	0	0	0
GF_10061	0	0	0	0	0	4	0	0	0	0	0	0
GF_10062	0	0	0	0	0	4	0	0	0	0	0	0
GF_10063	0	0	0	0	0	4	0	0	0	0	0	0
GF_10064	0	0	0	0	0	4	0	0	0	0	0	0
GF_10065	0	0	0	0	0	4	0	0	0	0	0	0
GF_10066	0	0	0	0	0	4	0	0	0	0	0	0
GF_10067	0	0	0	0	0	4	0	0	0	0	0	0
GF_10068	0	0	0	0	0	4	0	0	0	0	0	0
GF_10069	0	0	0	0	0	4	0	0	0	0	0	0
GF_10070	0	0	0	0	0	4	0	0	0	0	0	0
GF_10071	0	0	0	0	0	4	0	0	0	0	0	0
GF_10072	0	0	0	0	0	4	0	0	0	0	0	0
GF_10073	0	0	0	0	0	4	0	0	0	0	0	0
GF_10074	0	0	0	0	0	4	0	0	0	0	0	0
GF_10075	0	0	0	0	0	4	0	0	0	0	0	0
GF_10076	0	0	0	0	0	4	0	0	0	0	0	0
GF_10077	0	0	0	0	0	0	0	0	4	0	0	0
GF_10078	0	0	0	0	0	4	0	0	0	0	0	0
GF_10079	0	0	0	0	0	4	0	0	0	0	0	0
GF_10080	0	0	0	0	4	0	0	0	0	0	0	0
GF_10081	0	0	0	0	4	0	0	0	0	0	0	0
GF_10082	0	0	0	0	4	0	0	0	0	0	0	0
GF_10083	0	0	0	0	4	0	0	0	0	0	0	0
GF_10084	0	0	0	0	4	0	0	0	0	0	0	0
GF_10085	0	0	0	0	4	0	0	0	0	0	0	0
GF_10086	0	0	0	0	4	0	0	0	0	0	0	0
GF_10087	0	0	0	0	4	0	0	0	0	0	0	0
GF_10088	0	0	0	0	4	0	0	0	0	0	0	0
GF_10089	0	0	0	0	4	0	0	0	0	0	0	0
GF_10090	0	0	0	0	4	0	0	0	0	0	0	0
GF_10091	0	0	0	0	4	0	0	0	0	0	0	0
GF_10092	0	0	0	0	4	0	0	0	0	0	0	0
GF_10093	0	0	0	0	4	0	0	0	0	0	0	0
GF_10094	0	0	0	0	4	0	0	0	0	0	0	0
GF_10095	0	0	0	0	4	0	0	0	0	0	0	0
GF_10096	0	0	0	0	4	0	0	0	0	0	0	0
GF_10097	0	0	0	0	4	0	0	0	0	0	0	0
GF_10098	0	0	0	0	4	0	0	0	0	0	0	0
GF_10099	0	0	0	0	4	0	0	0	0	0	0	0
GF_10100	0	0	0	0	4	0	0	0	0	0	0	0
GF_10101	0	0	0	0	4	0	0	0	0	0	0	0
GF_10102	0	0	0	0	4	0	0	0	0	0	0	0
GF_10103	0	0	0	0	4	0	0	0	0	0	0	0
GF_10104	0	0	0	0	4	0	0	0	0	0	0	0
GF_10105	0	0	0	0	4	0	0	0	0	0	0	0
GF_10106	0	0	0	0	4	0	0	0	0	0	0	0
GF_10107	0	0	0	0	4	0	0	0	0	0	0	0
GF_10108	0	0	0	0	4	0	0	0	0	0	0	0
GF_10109	0	0	0	0	4	0	0	0	0	0	0	0
GF_10110	0	0	0	0	4	0	0	0	0	0	0	0
GF_10111	0	0	0	0	4	0	0	0	0	0	0	0
GF_10112	0	0	0	0	4	0	0	0	0	0	0	0
GF_10113	0	0	0	0	4	0	0	0	0	0	0	0
GF_10114	0	0	0	0	4	0	0	0	0	0	0	0
GF_10115	0	0	0	0	4	0	0	0	0	0	0	0
GF_10116	0	0	0	0	4	0	0	0	0	0	0	0
GF_10117	0	0	0	0	4	0	0	0	0	0	0	0
GF_10118	0	0	0	0	4	0	0	0	0	0	0	0
GF_10119	0	0	0	0	4	0	0	0	0	0	0	0
GF_10120	0	0	0	0	4	0	0	0	0	0	0	0
GF_10121	0	0	0	0	4	0	0	0	0	0	0	0
GF_10122	0	0	0	0	4	0	0	0	0	0	0	0
GF_10123	0	0	0	0	4	0	0	0	0	0	0	0
GF_10124	0	0	0	0	4	0	0	0	0	0	0	0
GF_10125	0	0	0	0	4	0	0	0	0	0	0	0
GF_10126	0	0	0	0	4	0	0	0	0	0	0	0
GF_10127	0	0	0	0	3	0	1	0	0	0	0	0
GF_10128	0	0	0	0	4	0	0	0	0	0	0	0
GF_10129	0	0	0	0	4	0	0	0	0	0	0	0
GF_10130	0	0	0	0	4	0	0	0	0	0	0	0
GF_10131	0	0	0	0	4	0	0	0	0	0	0	0
GF_10132	0	0	0	0	4	0	0	0	0	0	0	0
GF_10133	0	0	0	0	4	0	0	0	0	0	0	0
GF_10134	0	0	0	0	4	0	0	0	0	0	0	0
GF_10135	0	0	0	0	4	0	0	0	0	0	0	0
GF_10136	0	0	0	0	4	0	0	0	0	0	0	0
GF_10137	0	0	0	0	4	0	0	0	0	0	0	0
GF_10138	0	0	0	0	4	0	0	0	0	0	0	0
GF_10139	0	0	0	0	4	0	0	0	0	0	0	0
GF_10140	0	0	0	0	4	0	0	0	0	0	0	0
GF_10141	0	0	0	0	4	0	0	0	0	0	0	0
GF_10142	0	0	0	0	4	0	0	0	0	0	0	0
GF_10143	0	0	0	0	4	0	0	0	0	0	0	0
GF_10144	0	0	0	0	4	0	0	0	0	0	0	0
GF_10145	0	0	0	0	4	0	0	0	0	0	0	0
GF_10146	0	0	0	0	4	0	0	0	0	0	0	0
GF_10147	0	0	0	0	4	0	0	0	0	0	0	0
GF_10148	0	0	0	0	4	0	0	0	0	0	0	0
GF_10149	0	0	0	0	4	0	0	0	0	0	0	0
GF_10150	0	0	0	0	4	0	0	0	0	0	0	0
GF_10151	0	0	0	0	4	0	0	0	0	0	0	0
GF_10152	0	0	0	0	4	0	0	0	0	0	0	0
GF_10153	0	0	0	0	4	0	0	0	0	0	0	0
GF_10154	0	0	0	0	4	0	0	0	0	0	0	0
GF_10155	0	0	0	0	4	0	0	0	0	0	0	0
GF_10156	0	0	0	0	4	0	0	0	0	0	0	0
GF_10157	0	0	0	0	4	0	0	0	0	0	0	0
GF_10158	0	0	0	0	4	0	0	0	0	0	0	0
GF_10159	0	0	0	0	4	0	0	0	0	0	0	0
GF_10160	0	0	0	0	4	0	0	0	0	0	0	0
GF_10161	0	0	0	0	4	0	0	0	0	0	0	0
GF_10162	0	0	0	0	4	0	0	0	0	0	0	0
GF_10163	0	0	0	0	4	0	0	0	0	0	0	0
GF_10164	0	0	0	0	4	0	0	0	0	0	0	0
GF_10165	0	0	0	0	4	0	0	0	0	0	0	0
GF_10166	0	0	0	0	4	0	0	0	0	0	0	0
GF_10167	0	0	0	0	0	0	4	0	0	0	0	0
GF_10168	0	0	0	0	0	0	4	0	0	0	0	0
GF_10169	0	0	0	0	0	0	4	0	0	0	0	0
GF_10170	0	0	0	0	0	0	0	0	0	4	0	0
GF_10171	0	0	0	0	0	0	0	0	0	4	0	0
GF_10172	0	0	0	0	0	0	0	0	0	4	0	0
GF_10173	0	1	1	0	1	0	0	0	0	1	0	0
GF_10174	0	0	1	0	1	1	1	0	0	0	0	0
GF_10175	0	1	1	0	1	0	0	0	0	1	0	0
GF_10176	0	0	1	0	1	0	1	0	0	1	0	0
GF_10177	0	0	1	0	1	0	1	0	0	1	0	0
GF_10178	0	1	0	0	1	0	1	0	0	1	0	0
GF_10179	0	1	0	0	1	0	1	0	0	1	0	0
GF_10180	0	1	1	0	1	0	0	0	0	1	0	0
GF_10181	0	0	1	0	1	1	0	0	0	1	0	0
GF_10182	0	1	1	0	1	0	0	0	0	1	0	0
GF_10183	0	1	1	0	1	0	0	0	0	1	0	0
GF_10184	0	1	0	0	1	1	0	0	0	1	0	0
GF_10185	0	1	1	0	1	0	1	0	0	0	0	0
GF_10186	0	1	1	0	0	0	0	0	1	1	0	0
GF_10187	0	1	1	0	0	0	0	0	1	1	0	0
GF_10188	0	1	1	0	0	0	1	0	0	1	0	0
GF_10189	1	1	0	1	0	0	0	0	0	0	1	0
GF_10190	0	1	1	0	0	0	0	0	0	2	0	0
GF_10191	0	1	1	0	0	0	1	0	0	1	0	0
GF_10192	0	1	1	0	0	0	0	0	1	1	0	0
GF_10193	0	1	1	0	0	0	0	0	0	1	0	1
GF_10194	0	1	1	0	0	1	0	0	0	1	0	0
GF_10195	0	1	1	0	1	0	0	1	0	0	0	0
GF_10196	0	1	1	0	0	0	0	0	0	0	1	1
GF_10197	0	1	1	0	0	0	0	0	1	1	0	0
GF_10198	0	1	1	1	0	0	0	0	1	0	0	0
GF_10199	0	1	1	0	0	0	1	0	0	1	0	0
GF_10200	0	1	1	0	0	0	1	0	0	1	0	0
GF_10201	0	1	1	0	0	1	0	0	0	1	0	0
GF_10202	0	1	1	0	0	1	0	0	0	1	0	0
GF_10203	0	1	1	0	0	1	0	0	0	1	0	0
GF_10204	0	0	0	0	0	2	1	0	0	1	0	0
GF_10205	0	1	1	0	0	0	1	0	0	1	0	0
GF_10206	0	1	1	0	0	0	1	0	0	1	0	0
GF_10207	0	1	1	0	0	0	0	0	1	1	0	0
GF_10208	0	1	1	0	0	0	1	0	0	1	0	0
GF_10209	0	1	1	0	0	0	1	0	0	1	0	0
GF_10210	0	0	1	0	0	1	1	0	0	1	0	0
GF_10211	0	1	1	0	0	0	1	0	0	1	0	0
GF_10212	0	1	1	0	0	0	1	0	0	1	0	0
GF_10213	0	1	1	0	0	1	0	0	1	0	0	0
GF_10214	0	1	1	0	0	1	0	0	0	1	0	0
GF_10215	0	0	1	0	1	1	1	0	0	0	0	0
GF_10216	0	1	1	0	0	0	1	0	0	1	0	0
GF_10217	0	1	1	0	0	0	0	0	1	1	0	0
GF_10218	0	1	1	0	1	0	0	0	0	1	0	0
GF_10219	0	1	1	0	0	1	0	0	0	1	0	0
GF_10220	0	1	1	0	0	0	1	0	0	1	0	0
GF_10221	0	1	1	0	1	0	0	0	0	1	0	0
GF_10222	0	1	1	0	0	0	1	0	0	1	0	0
GF_10223	0	1	1	0	1	0	1	0	0	0	0	0
GF_10224	0	1	1	0	0	1	0	0	0	1	0	0
GF_10225	0	1	1	0	0	1	0	0	0	1	0	0
GF_10226	0	1	1	0	1	0	0	0	0	1	0	0
GF_10227	0	1	1	0	0	1	1	0	0	0	0	0
GF_10228	0	2	1	0	0	0	0	0	1	0	0	0
GF_10229	0	0	1	0	0	1	1	0	0	1	0	0
GF_10230	0	1	1	0	0	0	0	0	1	1	0	0
GF_10231	0	0	1	0	1	1	1	0	0	0	0	0
GF_10232	0	1	1	0	0	1	0	0	0	1	0	0
GF_10233	0	1	1	0	0	0	0	0	1	1	0	0
GF_10234	0	0	1	0	0	1	1	0	0	1	0	0
GF_10235	0	0	1	0	0	1	1	0	0	1	0	0
GF_10236	0	1	0	0	0	1	1	0	0	1	0	0
GF_10237	0	1	1	0	1	0	1	0	0	0	0	0
GF_10238	0	1	1	0	1	0	0	0	0	1	0	0
GF_10239	0	1	1	0	1	0	0	0	0	1	0	0
GF_10240	0	1	0	0	0	0	0	1	0	1	0	1
GF_10241	0	0	1	0	0	0	1	0	1	1	0	0
GF_10242	0	1	1	0	0	0	0	0	1	1	0	0
GF_10243	0	1	1	0	0	1	0	0	0	1	0	0
GF_10244	0	0	1	0	1	0	1	0	1	0	0	0
GF_10245	0	0	1	0	1	1	0	0	0	1	0	0
GF_10246	0	1	1	0	0	1	0	0	0	1	0	0
GF_10247	0	0	1	0	1	1	1	0	0	0	0	0
GF_10248	0	1	1	0	0	0	1	0	0	1	0	0
GF_10249	1	0	0	0	0	0	0	1	0	0	1	1
GF_10250	0	1	1	0	0	0	0	0	1	1	0	0
GF_10251	0	1	1	0	0	0	0	0	1	1	0	0
GF_10252	1	0	0	0	0	0	0	1	0	0	1	1
GF_10253	0	1	1	0	0	1	0	0	0	1	0	0
GF_10254	0	1	1	0	0	1	0	0	0	1	0	0
GF_10255	0	1	1	0	0	0	0	0	1	1	0	0
GF_10256	0	1	1	0	0	1	0	0	0	1	0	0
GF_10257	0	1	1	0	0	1	0	0	0	1	0	0
GF_10258	0	1	1	0	0	1	0	0	0	1	0	0
GF_10259	0	1	1	0	0	0	1	0	0	1	0	0
GF_10260	0	0	1	0	0	1	1	0	0	1	0	0
GF_10261	0	1	1	0	0	0	1	0	0	1	0	0
GF_10262	0	0	1	0	0	0	1	0	1	1	0	0
GF_10263	0	1	1	0	0	1	0	0	0	1	0	0
GF_10264	0	1	1	0	0	1	0	0	0	1	0	0
GF_10265	0	1	1	0	0	0	1	0	0	1	0	0
GF_10266	0	1	1	0	0	0	1	0	0	1	0	0
GF_10267	0	0	1	0	1	0	1	0	0	1	0	0
GF_10268	1	0	0	0	0	0	0	1	0	0	1	1
GF_10269	1	0	0	0	0	0	0	1	0	0	0	2
GF_10270	1	0	0	0	0	0	0	1	0	0	1	1
GF_10271	1	0	0	0	0	0	0	1	0	0	1	1
GF_10272	1	0	0	1	0	0	0	1	0	0	0	1
GF_10273	1	0	0	1	0	0	0	1	0	0	0	1
GF_10274	1	0	0	1	0	0	0	1	0	0	1	0
GF_10275	1	0	0	0	0	0	0	1	0	0	1	1
GF_10276	1	0	0	1	0	0	0	1	0	0	1	0
GF_10277	1	0	0	1	0	0	0	1	0	0	0	1
GF_10278	1	0	0	2	0	0	0	1	0	0	0	0
GF_10279	1	0	0	1	0	0	0	1	0	0	1	0
GF_10280	1	0	0	0	0	0	0	1	0	0	1	1
GF_10281	1	0	0	1	0	0	0	1	0	0	0	1
GF_10282	1	0	0	1	0	0	0	1	0	0	0	1
GF_10283	1	0	0	0	0	0	0	1	0	0	1	1
GF_10284	1	0	0	0	0	0	0	1	0	0	1	1
GF_10285	1	0	0	0	0	0	0	1	1	0	0	1
GF_10286	1	0	0	0	0	0	0	1	0	0	1	1
GF_10287	0	2	0	0	0	1	0	0	0	1	0	0
GF_10288	1	0	0	0	0	0	0	1	0	0	1	1
GF_10289	1	0	0	0	0	0	0	1	0	0	1	1
GF_10290	1	0	0	1	0	0	0	1	0	0	1	0
GF_10291	1	0	0	0	0	0	0	1	0	0	1	1
GF_10292	1	0	0	1	0	0	0	1	0	0	1	0
GF_10293	1	0	0	1	0	0	0	1	0	0	1	0
GF_10294	1	0	0	0	0	0	0	1	0	0	1	1
GF_10295	0	0	0	1	0	0	0	1	0	0	1	1
GF_10296	1	0	0	1	0	0	0	1	0	0	0	1
GF_10297	1	0	0	0	0	0	0	1	0	0	1	1
GF_10298	1	0	0	1	0	0	0	0	0	0	1	1
GF_10299	1	0	0	0	0	0	0	1	0	0	1	1
GF_10300	1	0	0	1	0	0	0	1	0	0	0	1
GF_10301	1	0	0	1	0	0	0	1	0	0	0	1
GF_10302	1	0	0	0	0	0	0	1	0	0	1	1
GF_10303	1	0	0	1	0	0	0	1	0	0	0	1
GF_10304	1	0	0	1	0	0	0	1	0	0	1	0
GF_10305	1	0	0	0	0	0	0	1	0	0	1	1
GF_10306	1	0	0	1	0	0	0	1	0	0	1	0
GF_10307	1	0	0	0	0	0	0	1	0	0	1	1
GF_10308	1	0	0	0	0	0	0	1	0	0	1	1
GF_10309	1	0	0	1	0	0	0	1	0	0	0	1
GF_10310	1	0	0	1	0	0	0	1	0	0	0	1
GF_10311	1	0	0	0	0	0	0	1	0	0	1	1
GF_10312	1	0	0	1	0	0	0	1	0	0	0	1
GF_10313	1	0	0	0	0	0	0	1	0	0	1	1
GF_10314	1	0	0	1	0	0	0	1	0	0	0	1
GF_10315	1	0	0	1	0	0	0	1	0	0	1	0
GF_10316	1	0	0	1	0	0	0	1	0	0	1	0
GF_10317	1	0	0	1	0	0	0	1	0	0	1	0
GF_10318	1	0	0	0	0	0	0	1	0	0	1	1
GF_10319	1	0	0	1	0	0	0	1	0	0	1	0
GF_10320	1	0	0	1	0	0	0	1	0	0	0	1
GF_10321	1	0	0	0	0	0	0	1	0	0	1	1
GF_10322	1	0	0	0	0	0	0	1	0	0	1	1
GF_10323	1	0	0	0	0	0	0	1	0	0	1	1
GF_10324	1	0	0	1	0	0	0	1	0	0	1	0
GF_10325	1	0	0	1	0	1	0	1	0	0	0	0
GF_10326	1	0	0	1	0	0	0	1	0	0	1	0
GF_10327	1	0	0	1	0	0	0	1	0	0	0	1
GF_10328	1	0	0	0	0	0	0	1	0	0	1	1
GF_10329	1	0	0	1	0	0	0	1	0	0	1	0
GF_10330	1	0	0	0	0	0	0	1	0	0	1	1
GF_10331	1	0	0	1	0	0	0	1	0	0	0	1
GF_10332	1	0	0	1	0	0	0	1	0	0	0	1
GF_10333	1	0	0	1	0	0	0	1	0	0	0	1
GF_10334	1	0	0	0	0	0	0	1	0	0	1	1
GF_10335	1	0	0	0	0	0	0	1	0	0	1	1
GF_10336	1	0	0	0	0	0	0	1	0	0	1	1
GF_10337	1	0	0	0	0	0	0	1	0	0	1	1
GF_10338	1	0	0	0	0	0	0	1	0	0	1	1
GF_10339	1	0	0	1	0	0	0	1	0	0	1	0
GF_10340	1	0	0	0	0	0	0	1	0	0	1	1
GF_10341	1	0	0	1	0	0	0	1	0	0	0	1
GF_10342	1	0	0	1	0	0	0	1	0	0	1	0
GF_10343	1	0	0	0	0	0	0	1	0	0	1	1
GF_10344	1	0	0	1	0	0	0	1	0	0	0	1
GF_10345	1	0	0	1	0	0	0	1	0	0	0	1
GF_10346	1	0	0	1	0	0	0	1	0	0	1	0
GF_10347	1	0	0	1	0	0	0	1	0	0	0	1
GF_10348	1	0	0	0	0	0	0	1	0	0	1	1
GF_10349	1	0	0	0	0	0	0	1	0	0	1	1
GF_10350	1	0	0	0	0	0	0	1	0	0	1	1
GF_10351	1	0	0	0	0	0	0	1	0	0	1	1
GF_10352	1	0	0	0	0	0	0	1	0	0	1	1
GF_10353	1	0	0	0	0	0	0	1	0	0	1	1
GF_10354	1	0	0	0	0	0	0	1	0	0	1	1
GF_10355	1	0	0	1	0	0	0	1	0	0	1	0
GF_10356	1	0	0	1	0	0	0	1	0	0	0	1
GF_10357	1	0	0	0	0	0	0	1	0	0	1	1
GF_10358	1	0	0	0	0	0	0	1	0	0	1	1
GF_10359	1	0	0	0	0	0	0	2	0	0	0	1
GF_10360	1	0	0	0	0	0	0	1	0	0	1	1
GF_10361	1	0	0	1	0	0	0	1	1	0	0	0
GF_10362	1	0	0	0	0	0	0	1	0	0	1	1
GF_10363	1	0	0	0	0	0	0	1	0	0	1	1
GF_10364	1	0	0	1	0	0	0	1	0	0	0	1
GF_10365	1	0	0	1	0	0	0	1	0	0	0	1
GF_10366	1	0	0	1	0	0	0	1	0	0	1	0
GF_10367	1	0	0	0	0	0	0	1	0	0	1	1
GF_10368	1	1	0	0	0	0	0	1	0	0	0	1
GF_10369	1	0	0	1	0	0	0	1	0	0	0	1
GF_10370	1	0	0	1	0	0	0	1	0	0	1	0
GF_10371	1	0	0	1	0	0	0	1	0	0	0	1
GF_10372	1	0	0	1	0	0	0	1	0	0	0	1
GF_10373	1	0	0	1	0	0	0	1	0	0	0	1
GF_10374	1	0	0	0	0	0	0	1	0	0	1	1
GF_10375	1	0	0	0	0	0	0	1	0	0	1	1
GF_10376	1	0	0	0	0	0	0	1	0	0	1	1
GF_10377	1	0	0	1	0	0	0	1	0	0	1	0
GF_10378	1	0	0	1	0	0	0	1	0	0	0	1
GF_10379	1	0	0	1	0	0	0	1	0	0	1	0
GF_10380	1	0	0	1	0	0	0	1	0	0	0	1
GF_10381	1	0	0	0	0	0	0	1	0	0	1	1
GF_10382	1	0	0	1	0	0	0	1	1	0	0	0
GF_10383	1	0	0	1	0	0	0	1	0	0	1	0
GF_10384	1	0	0	0	0	0	0	1	0	0	1	1
GF_10385	1	0	0	1	0	0	0	1	0	0	0	1
GF_10386	1	0	0	0	0	0	0	1	0	0	1	1
GF_10387	1	0	0	0	0	0	0	1	0	0	1	1
GF_10388	1	0	0	0	0	0	0	1	0	0	1	1
GF_10389	1	0	0	0	0	0	0	1	1	0	0	1
GF_10390	1	0	0	0	0	0	0	1	0	0	1	1
GF_10391	1	0	0	0	0	0	0	1	0	0	1	1
GF_10392	1	0	0	0	0	0	0	1	0	0	1	1
GF_10393	1	0	0	1	0	0	0	1	0	0	0	1
GF_10394	2	0	0	1	0	0	0	0	0	0	0	1
GF_10395	1	0	0	1	0	0	0	1	0	0	1	0
GF_10396	1	0	0	1	0	0	0	1	0	0	1	0
GF_10397	1	0	0	1	0	0	0	1	0	0	0	1
GF_10398	1	0	0	0	0	0	0	1	0	0	1	1
GF_10399	1	0	0	0	0	0	0	1	0	0	1	1
GF_10400	1	0	0	1	0	0	0	1	0	0	1	0
GF_10401	1	0	0	1	0	0	0	1	0	0	0	1
GF_10402	1	0	0	1	0	0	0	1	0	0	0	1
GF_10403	1	0	0	0	0	0	0	1	0	0	1	1
GF_10404	1	0	0	1	0	0	0	1	0	0	0	1
GF_10405	1	0	0	1	0	0	0	1	0	0	0	1
GF_10406	1	0	0	1	0	0	0	1	0	0	0	1
GF_10407	1	0	0	0	0	0	0	1	0	0	1	1
GF_10408	1	0	0	1	0	0	0	1	0	0	0	1
GF_10409	1	0	0	1	0	0	0	1	0	0	1	0
GF_10410	1	0	0	0	0	0	0	1	0	0	1	1
GF_10411	1	0	0	0	0	0	0	1	0	0	1	1
GF_10412	1	0	0	0	0	0	0	1	0	0	1	1
GF_10413	1	0	0	0	0	0	0	1	0	0	1	1
GF_10414	1	0	0	0	0	0	0	1	0	0	1	1
GF_10415	1	0	0	0	0	0	0	1	0	0	1	1
GF_10416	1	0	0	0	0	0	0	1	0	0	1	1
GF_10417	1	0	0	0	0	0	0	1	0	0	1	1
GF_10418	1	0	0	0	0	0	0	1	0	0	1	1
GF_10419	1	0	0	0	0	0	0	1	0	0	1	1
GF_10420	1	0	0	0	0	0	0	1	0	0	1	1
GF_10421	1	0	0	1	0	0	0	1	0	0	1	0
GF_10422	0	0	0	1	0	0	0	1	0	0	1	1
GF_10423	0	0	0	1	0	0	0	1	0	0	1	1
GF_10424	1	0	0	1	0	0	0	0	0	0	1	1
GF_10425	1	0	0	1	0	0	0	0	0	0	1	1
GF_10426	1	0	0	1	0	0	0	0	0	0	1	1
GF_10427	0	0	0	1	0	0	0	1	0	0	1	1
GF_10428	0	0	0	1	0	0	0	1	0	0	1	1
GF_10429	0	0	0	1	0	0	0	1	0	0	1	1
GF_10430	1	0	0	1	0	0	0	0	0	0	1	1
GF_10431	1	0	0	1	0	0	0	0	0	0	1	1
GF_10432	0	0	0	1	0	0	0	1	0	0	1	1
GF_10433	1	0	0	1	0	0	0	0	0	0	1	1
GF_10434	0	0	0	0	0	0	0	1	1	0	1	1
GF_10435	0	0	0	1	0	0	0	1	0	0	0	2
GF_10436	0	0	0	1	0	0	0	1	0	0	1	1
GF_10437	0	0	0	1	0	0	0	1	0	0	1	1
GF_10438	1	0	0	1	0	0	0	0	0	0	1	1
GF_10439	1	0	0	1	0	0	0	0	0	0	0	2
GF_10440	0	0	0	1	0	0	0	1	0	0	1	1
GF_10441	0	0	0	0	0	0	0	1	1	0	1	1
GF_10442	0	0	0	1	0	0	0	1	0	0	1	1
GF_10443	0	0	0	1	0	0	0	1	0	0	1	1
GF_10444	1	0	0	1	0	0	0	0	0	0	1	1
GF_10445	0	0	0	0	0	0	0	1	1	0	1	1
GF_10446	0	0	0	1	0	0	1	0	1	0	0	1
GF_10447	0	0	0	1	0	0	0	0	1	0	1	1
GF_10448	0	0	0	1	0	0	0	0	1	0	1	1
GF_10449	1	0	0	1	0	0	0	0	1	0	0	1
GF_10450	1	0	0	1	0	0	0	0	1	0	0	1
GF_10451	0	0	0	1	0	0	0	2	0	0	0	1
GF_10452	0	0	0	1	0	0	0	1	0	0	1	1
GF_10453	1	0	0	1	0	0	0	0	0	0	1	1
GF_10454	0	0	0	1	0	0	0	1	0	0	1	1
GF_10455	0	0	0	1	0	0	0	1	0	0	1	1
GF_10456	0	0	0	1	0	0	0	1	0	0	1	1
GF_10457	0	0	0	1	0	0	0	1	0	0	1	1
GF_10458	0	0	0	1	0	0	0	1	0	0	1	1
GF_10459	1	0	0	1	0	0	0	0	0	0	1	1
GF_10460	0	0	0	1	0	0	0	1	0	0	1	1
GF_10461	0	0	0	1	0	0	0	1	0	0	1	1
GF_10462	0	0	0	1	0	0	0	1	0	0	1	1
GF_10463	0	0	0	1	0	0	0	1	0	0	1	1
GF_10464	0	0	0	1	0	0	0	1	0	0	1	1
GF_10465	0	0	0	1	0	0	0	1	0	0	1	1
GF_10466	0	0	0	1	0	0	0	1	0	0	1	1
GF_10467	0	0	0	1	0	0	0	1	0	0	1	1
GF_10468	0	0	0	1	0	0	0	1	0	0	1	1
GF_10469	0	0	0	0	0	0	0	1	1	0	1	1
GF_10470	0	0	0	1	0	0	0	1	0	0	1	1
GF_10471	0	0	0	1	0	0	0	1	0	0	1	1
GF_10472	0	0	0	1	0	0	0	1	0	0	1	1
GF_10473	1	0	0	1	0	0	0	0	0	0	1	1
GF_10474	1	0	0	1	0	0	0	1	0	0	0	1
GF_10475	0	0	0	1	0	0	0	1	0	0	1	1
GF_10476	0	0	0	1	0	0	0	1	0	0	1	1
GF_10477	1	0	0	1	0	0	0	0	0	0	1	1
GF_10478	0	0	0	1	0	0	0	1	0	0	1	1
GF_10479	1	0	0	1	0	0	0	0	0	0	1	1
GF_10480	1	0	0	0	0	0	0	0	0	0	2	1
GF_10481	1	0	0	1	0	0	0	0	0	0	1	1
GF_10482	0	0	0	1	0	0	0	1	0	0	1	1
GF_10483	0	0	0	1	0	0	0	1	0	0	1	1
GF_10484	1	0	0	1	0	0	0	0	0	0	1	1
GF_10485	0	0	0	1	0	0	0	1	0	0	1	1
GF_10486	0	0	0	1	0	0	0	1	0	0	1	1
GF_10487	1	0	0	1	0	0	0	0	0	0	1	1
GF_10488	1	0	0	1	0	0	0	0	0	0	1	1
GF_10489	0	0	0	1	0	0	0	1	0	0	1	1
GF_10490	1	0	0	1	0	0	0	0	0	0	1	1
GF_10491	1	0	0	1	0	0	0	0	0	0	1	1
GF_10492	0	0	0	1	0	0	0	1	0	0	1	1
GF_10493	0	0	0	1	0	0	0	1	1	0	0	1
GF_10494	1	0	0	1	0	0	0	0	0	0	1	1
GF_10495	1	0	0	1	0	0	0	0	0	0	1	1
GF_10496	0	0	0	1	0	0	0	1	0	0	1	1
GF_10497	0	0	0	1	0	0	0	1	0	0	1	1
GF_10498	1	0	0	1	0	0	0	0	0	0	1	1
GF_10499	0	0	0	1	0	0	0	1	0	0	1	1
GF_10500	0	0	0	1	0	0	0	1	0	0	1	1
GF_10501	1	0	0	1	0	0	0	0	0	0	1	1
GF_10502	0	0	1	0	0	0	0	1	0	0	1	1
GF_10503	0	0	0	1	0	0	0	1	0	0	1	1
GF_10504	0	0	0	1	0	0	0	1	1	0	0	1
GF_10505	1	0	0	1	0	0	0	0	0	0	1	1
GF_10506	0	0	0	1	0	0	0	1	0	0	1	1
GF_10507	0	0	0	1	0	0	0	1	0	0	1	1
GF_10508	1	0	0	1	0	0	0	0	0	0	1	1
GF_10509	1	0	0	1	0	0	0	0	0	0	1	1
GF_10510	0	0	0	1	0	0	0	1	0	0	1	1
GF_10511	1	0	0	0	0	0	0	0	1	0	1	1
GF_10512	1	0	0	1	0	0	0	0	0	0	1	1
GF_10513	0	0	0	1	0	0	0	1	0	0	1	1
GF_10514	0	0	0	0	0	0	0	1	1	0	1	1
GF_10515	1	0	0	1	0	0	0	0	0	0	1	1
GF_10516	0	0	0	1	0	0	0	1	0	0	1	1
GF_10517	1	0	0	1	0	0	0	0	1	0	0	1
GF_10518	0	0	0	1	0	0	0	1	0	0	1	1
GF_10519	0	0	0	1	0	0	0	1	0	0	1	1
GF_10520	1	0	0	1	0	0	0	0	1	0	0	1
GF_10521	1	0	0	1	0	0	0	0	0	0	1	1
GF_10522	0	0	1	0	0	0	0	1	0	0	1	1
GF_10523	0	2	0	0	0	1	0	0	0	1	0	0
GF_10524	0	1	0	0	1	0	1	0	0	1	0	0
GF_10525	0	1	0	0	0	1	0	0	0	2	0	0
GF_10526	0	1	0	0	0	1	1	0	0	1	0	0
GF_10527	0	1	0	0	0	1	1	0	0	1	0	0
GF_10528	0	1	0	0	1	0	1	0	0	1	0	0
GF_10529	0	1	0	0	0	1	1	0	0	1	0	0
GF_10530	0	1	0	0	0	1	1	0	0	1	0	0
GF_10531	0	1	0	0	0	1	1	0	0	1	0	0
GF_10532	0	1	0	0	0	1	1	0	0	1	0	0
GF_10533	0	1	0	0	0	1	1	0	0	1	0	0
GF_10534	0	0	0	0	1	1	1	0	1	0	0	0
GF_10535	0	0	0	0	1	1	1	0	1	0	0	0
GF_10536	0	0	0	0	1	1	1	0	0	1	0	0
GF_10537	0	0	0	2	0	0	0	0	1	0	0	1
GF_10538	0	2	0	0	0	1	1	0	0	0	0	0
GF_10539	0	0	0	0	2	1	0	0	0	1	0	0
GF_10540	0	0	0	1	0	0	0	0	1	0	1	1
GF_10541	0	0	0	1	0	0	0	0	1	0	1	1
GF_10542	0	0	0	1	0	0	0	0	1	0	1	1
GF_10543	2	0	0	1	0	0	0	0	0	0	1	0
GF_10544	1	0	0	1	0	0	0	1	0	0	1	0
GF_10545	0	0	0	1	0	0	0	0	0	0	2	1
GF_10546	0	0	0	1	0	0	1	1	0	0	1	0
GF_10547	0	0	0	1	0	0	0	0	0	0	1	2
GF_10548	0	0	0	0	0	0	0	0	0	3	0	0
GF_10549	0	0	0	0	0	0	0	0	0	3	0	0
GF_10550	0	0	0	0	0	0	0	1	0	2	0	0
GF_10551	0	0	0	0	0	0	0	0	0	3	0	0
GF_10552	0	0	0	0	0	0	0	0	0	3	0	0
GF_10553	0	0	0	0	0	0	0	0	0	3	0	0
GF_10554	0	0	1	0	0	0	0	0	0	2	0	0
GF_10555	0	0	0	0	0	0	0	0	0	3	0	0
GF_10556	0	0	0	0	0	0	0	0	0	3	0	0
GF_10557	0	0	0	0	0	0	0	0	0	3	0	0
GF_10558	0	0	0	0	0	0	0	0	0	3	0	0
GF_10559	0	0	0	0	0	0	0	0	0	3	0	0
GF_10560	0	1	0	0	0	0	0	0	0	2	0	0
GF_10561	0	0	0	0	0	0	0	0	0	3	0	0
GF_10562	0	0	1	0	0	0	0	0	0	2	0	0
GF_10563	0	0	1	0	0	0	0	0	0	2	0	0
GF_10564	0	0	0	0	0	0	0	0	0	3	0	0
GF_10565	0	0	0	0	0	0	0	0	0	3	0	0
GF_10566	0	0	0	0	0	0	0	0	0	3	0	0
GF_10567	0	0	0	0	0	0	0	0	0	3	0	0
GF_10568	0	0	0	0	0	0	0	0	0	3	0	0
GF_10569	0	0	0	0	0	0	0	0	0	3	0	0
GF_10570	0	0	0	0	0	0	0	0	0	3	0	0
GF_10571	0	1	0	0	0	0	0	0	0	2	0	0
GF_10572	0	0	0	0	0	1	0	0	0	2	0	0
GF_10573	0	0	0	0	0	0	0	0	0	3	0	0
GF_10574	0	0	0	0	0	1	0	0	0	2	0	0
GF_10575	0	0	1	0	0	0	0	0	0	2	0	0
GF_10576	0	1	0	0	0	0	0	0	0	2	0	0
GF_10577	0	0	0	0	0	0	0	0	0	3	0	0
GF_10578	0	0	0	0	0	0	0	0	0	3	0	0
GF_10579	0	0	0	0	0	0	0	0	0	3	0	0
GF_10580	0	0	0	0	0	0	0	0	0	3	0	0
GF_10581	0	0	0	0	0	0	0	0	0	3	0	0
GF_10582	0	0	0	0	0	0	0	0	0	3	0	0
GF_10583	0	0	0	0	0	0	0	0	0	3	0	0
GF_10584	0	0	0	0	0	0	0	0	0	3	0	0
GF_10585	0	0	0	0	0	1	0	0	0	2	0	0
GF_10586	0	1	0	0	0	0	0	0	0	2	0	0
GF_10587	0	0	0	0	0	0	0	0	0	3	0	0
GF_10588	0	0	1	0	0	0	0	0	0	2	0	0
GF_10589	0	1	0	0	0	0	0	0	0	2	0	0
GF_10590	0	0	0	0	0	0	0	0	0	3	0	0
GF_10591	0	0	0	0	0	0	0	0	0	3	0	0
GF_10592	0	0	0	0	0	0	0	0	0	3	0	0
GF_10593	0	0	0	0	0	0	0	0	0	3	0	0
GF_10594	0	0	0	0	0	0	0	0	0	3	0	0
GF_10595	0	1	2	0	0	0	0	0	0	0	0	0
GF_10596	0	0	3	0	0	0	0	0	0	0	0	0
GF_10597	0	0	2	0	0	0	1	0	0	0	0	0
GF_10598	0	0	3	0	0	0	0	0	0	0	0	0
GF_10599	0	0	3	0	0	0	0	0	0	0	0	0
GF_10600	0	0	3	0	0	0	0	0	0	0	0	0
GF_10601	0	0	3	0	0	0	0	0	0	0	0	0
GF_10602	0	0	3	0	0	0	0	0	0	0	0	0
GF_10603	0	0	3	0	0	0	0	0	0	0	0	0
GF_10604	0	0	3	0	0	0	0	0	0	0	0	0
GF_10605	0	1	2	0	0	0	0	0	0	0	0	0
GF_10606	0	0	3	0	0	0	0	0	0	0	0	0
GF_10607	0	0	2	0	0	1	0	0	0	0	0	0
GF_10608	0	0	3	0	0	0	0	0	0	0	0	0
GF_10609	0	0	3	0	0	0	0	0	0	0	0	0
GF_10610	0	0	3	0	0	0	0	0	0	0	0	0
GF_10611	0	0	3	0	0	0	0	0	0	0	0	0
GF_10612	0	0	3	0	0	0	0	0	0	0	0	0
GF_10613	0	0	3	0	0	0	0	0	0	0	0	0
GF_10614	0	0	3	0	0	0	0	0	0	0	0	0
GF_10615	0	0	3	0	0	0	0	0	0	0	0	0
GF_10616	0	0	3	0	0	0	0	0	0	0	0	0
GF_10617	0	0	3	0	0	0	0	0	0	0	0	0
GF_10618	0	0	3	0	0	0	0	0	0	0	0	0
GF_10619	0	0	3	0	0	0	0	0	0	0	0	0
GF_10620	0	0	3	0	0	0	0	0	0	0	0	0
GF_10621	0	1	1	0	0	0	0	0	0	1	0	0
GF_10622	0	0	3	0	0	0	0	0	0	0	0	0
GF_10623	0	0	3	0	0	0	0	0	0	0	0	0
GF_10624	0	0	3	0	0	0	0	0	0	0	0	0
GF_10625	0	1	2	0	0	0	0	0	0	0	0	0
GF_10626	0	0	3	0	0	0	0	0	0	0	0	0
GF_10627	0	0	2	0	0	0	0	0	0	1	0	0
GF_10628	0	0	3	0	0	0	0	0	0	0	0	0
GF_10629	0	0	3	0	0	0	0	0	0	0	0	0
GF_10630	0	0	3	0	0	0	0	0	0	0	0	0
GF_10631	0	0	2	0	0	0	0	0	0	1	0	0
GF_10632	0	0	3	0	0	0	0	0	0	0	0	0
GF_10633	0	0	3	0	0	0	0	0	0	0	0	0
GF_10634	0	0	2	0	0	0	0	0	0	1	0	0
GF_10635	0	0	3	0	0	0	0	0	0	0	0	0
GF_10636	0	0	3	0	0	0	0	0	0	0	0	0
GF_10637	0	0	3	0	0	0	0	0	0	0	0	0
GF_10638	0	0	3	0	0	0	0	0	0	0	0	0
GF_10639	0	0	3	0	0	0	0	0	0	0	0	0
GF_10640	0	0	3	0	0	0	0	0	0	0	0	0
GF_10641	0	0	3	0	0	0	0	0	0	0	0	0
GF_10642	0	0	3	0	0	0	0	0	0	0	0	0
GF_10643	0	0	3	0	0	0	0	0	0	0	0	0
GF_10644	0	0	3	0	0	0	0	0	0	0	0	0
GF_10645	0	0	3	0	0	0	0	0	0	0	0	0
GF_10646	0	0	3	0	0	0	0	0	0	0	0	0
GF_10647	0	0	3	0	0	0	0	0	0	0	0	0
GF_10648	0	0	2	0	0	0	0	0	0	1	0	0
GF_10649	0	0	3	0	0	0	0	0	0	0	0	0
GF_10650	0	0	3	0	0	0	0	0	0	0	0	0
GF_10651	0	0	3	0	0	0	0	0	0	0	0	0
GF_10652	0	0	2	0	0	0	0	0	0	1	0	0
GF_10653	0	0	3	0	0	0	0	0	0	0	0	0
GF_10654	0	0	3	0	0	0	0	0	0	0	0	0
GF_10655	0	1	2	0	0	0	0	0	0	0	0	0
GF_10656	0	0	3	0	0	0	0	0	0	0	0	0
GF_10657	0	0	3	0	0	0	0	0	0	0	0	0
GF_10658	0	0	2	0	0	0	0	0	0	1	0	0
GF_10659	0	0	2	0	0	0	0	0	0	1	0	0
GF_10660	0	0	3	0	0	0	0	0	0	0	0	0
GF_10661	0	0	0	0	0	0	0	0	3	0	0	0
GF_10662	0	0	0	0	0	0	0	0	3	0	0	0
GF_10663	0	0	0	0	0	0	0	0	3	0	0	0
GF_10664	0	0	0	0	0	0	0	0	3	0	0	0
GF_10665	0	0	0	0	0	0	0	0	3	0	0	0
GF_10666	0	0	0	0	0	0	0	0	3	0	0	0
GF_10667	0	0	0	0	0	0	0	0	3	0	0	0
GF_10668	0	0	0	0	0	0	0	0	3	0	0	0
GF_10669	0	0	3	0	0	0	0	0	0	0	0	0
GF_10670	0	1	2	0	0	0	0	0	0	0	0	0
GF_10671	0	0	2	0	0	0	1	0	0	0	0	0
GF_10672	0	0	3	0	0	0	0	0	0	0	0	0
GF_10673	0	0	2	0	0	0	0	0	0	1	0	0
GF_10674	0	0	2	0	0	1	0	0	0	0	0	0
GF_10675	0	0	2	0	0	0	0	0	0	1	0	0
GF_10676	0	0	2	0	0	1	0	0	0	0	0	0
GF_10677	0	1	2	0	0	0	0	0	0	0	0	0
GF_10678	0	0	3	0	0	0	0	0	0	0	0	0
GF_10679	0	0	2	0	0	1	0	0	0	0	0	0
GF_10680	0	0	3	0	0	0	0	0	0	0	0	0
GF_10681	0	0	2	0	1	0	0	0	0	0	0	0
GF_10682	0	0	2	0	0	0	0	0	0	0	0	1
GF_10683	0	0	3	0	0	0	0	0	0	0	0	0
GF_10684	0	0	3	0	0	0	0	0	0	0	0	0
GF_10685	0	0	3	0	0	0	0	0	0	0	0	0
GF_10686	0	1	2	0	0	0	0	0	0	0	0	0
GF_10687	0	0	2	0	1	0	0	0	0	0	0	0
GF_10688	0	0	2	0	1	0	0	0	0	0	0	0
GF_10689	0	0	3	0	0	0	0	0	0	0	0	0
GF_10690	0	0	2	0	0	0	0	0	0	1	0	0
GF_10691	0	0	3	0	0	0	0	0	0	0	0	0
GF_10692	2	0	0	0	0	0	0	1	0	0	0	0
GF_10693	2	0	0	1	0	0	0	0	0	0	0	0
GF_10694	2	0	0	1	0	0	0	0	0	0	0	0
GF_10695	2	0	0	1	0	0	0	0	0	0	0	0
GF_10696	2	0	0	1	0	0	0	0	0	0	0	0
GF_10697	2	0	0	1	0	0	0	0	0	0	0	0
GF_10698	2	0	0	0	0	0	0	0	0	0	1	0
GF_10699	2	0	0	1	0	0	0	0	0	0	0	0
GF_10700	2	0	0	1	0	0	0	0	0	0	0	0
GF_10701	2	0	0	1	0	0	0	0	0	0	0	0
GF_10702	2	0	0	0	0	0	0	1	0	0	0	0
GF_10703	1	0	0	0	0	0	0	0	0	0	0	2
GF_10704	1	0	0	0	0	0	0	0	0	0	0	2
GF_10705	0	0	0	0	0	0	0	1	0	0	0	2
GF_10706	0	0	0	1	0	0	0	0	0	0	0	2
GF_10707	0	0	0	0	0	0	0	0	3	0	0	0
GF_10708	0	0	0	0	0	0	0	0	3	0	0	0
GF_10709	0	0	0	0	0	0	0	0	3	0	0	0
GF_10710	0	0	0	0	0	0	0	1	2	0	0	0
GF_10711	0	0	0	0	0	0	0	0	3	0	0	0
GF_10712	0	0	0	1	0	0	0	0	0	0	0	2
GF_10713	0	0	0	0	0	0	0	1	0	0	0	2
GF_10714	0	0	0	0	0	0	0	0	0	0	2	1
GF_10715	0	0	0	1	0	0	0	0	0	0	0	2
GF_10716	0	0	0	1	0	0	0	0	0	0	0	2
GF_10717	0	0	0	0	0	0	0	1	0	0	0	2
GF_10718	0	3	0	0	0	0	0	0	0	0	0	0
GF_10719	0	3	0	0	0	0	0	0	0	0	0	0
GF_10720	0	2	0	0	0	1	0	0	0	0	0	0
GF_10721	0	3	0	0	0	0	0	0	0	0	0	0
GF_10722	0	2	0	0	0	1	0	0	0	0	0	0
GF_10723	0	3	0	0	0	0	0	0	0	0	0	0
GF_10724	0	3	0	0	0	0	0	0	0	0	0	0
GF_10725	0	3	0	0	0	0	0	0	0	0	0	0
GF_10726	0	3	0	0	0	0	0	0	0	0	0	0
GF_10727	0	3	0	0	0	0	0	0	0	0	0	0
GF_10728	0	3	0	0	0	0	0	0	0	0	0	0
GF_10729	0	3	0	0	0	0	0	0	0	0	0	0
GF_10730	0	2	0	0	0	0	0	0	1	0	0	0
GF_10731	0	3	0	0	0	0	0	0	0	0	0	0
GF_10732	0	2	0	0	0	1	0	0	0	0	0	0
GF_10733	0	3	0	0	0	0	0	0	0	0	0	0
GF_10734	0	3	0	0	0	0	0	0	0	0	0	0
GF_10735	0	3	0	0	0	0	0	0	0	0	0	0
GF_10736	0	3	0	0	0	0	0	0	0	0	0	0
GF_10737	0	3	0	0	0	0	0	0	0	0	0	0
GF_10738	0	3	0	0	0	0	0	0	0	0	0	0
GF_10739	0	3	0	0	0	0	0	0	0	0	0	0
GF_10740	0	3	0	0	0	0	0	0	0	0	0	0
GF_10741	0	3	0	0	0	0	0	0	0	0	0	0
GF_10742	0	3	0	0	0	0	0	0	0	0	0	0
GF_10743	0	3	0	0	0	0	0	0	0	0	0	0
GF_10744	0	3	0	0	0	0	0	0	0	0	0	0
GF_10745	0	3	0	0	0	0	0	0	0	0	0	0
GF_10746	0	3	0	0	0	0	0	0	0	0	0	0
GF_10747	0	2	0	0	0	0	0	0	0	1	0	0
GF_10748	0	3	0	0	0	0	0	0	0	0	0	0
GF_10749	0	3	0	0	0	0	0	0	0	0	0	0
GF_10750	0	3	0	0	0	0	0	0	0	0	0	0
GF_10751	0	3	0	0	0	0	0	0	0	0	0	0
GF_10752	0	3	0	0	0	0	0	0	0	0	0	0
GF_10753	0	3	0	0	0	0	0	0	0	0	0	0
GF_10754	0	3	0	0	0	0	0	0	0	0	0	0
GF_10755	0	3	0	0	0	0	0	0	0	0	0	0
GF_10756	0	3	0	0	0	0	0	0	0	0	0	0
GF_10757	0	3	0	0	0	0	0	0	0	0	0	0
GF_10758	0	3	0	0	0	0	0	0	0	0	0	0
GF_10759	0	3	0	0	0	0	0	0	0	0	0	0
GF_10760	0	2	1	0	0	0	0	0	0	0	0	0
GF_10761	0	2	0	0	0	1	0	0	0	0	0	0
GF_10762	0	3	0	0	0	0	0	0	0	0	0	0
GF_10763	0	3	0	0	0	0	0	0	0	0	0	0
GF_10764	0	3	0	0	0	0	0	0	0	0	0	0
GF_10765	0	3	0	0	0	0	0	0	0	0	0	0
GF_10766	0	2	0	0	0	0	1	0	0	0	0	0
GF_10767	0	3	0	0	0	0	0	0	0	0	0	0
GF_10768	0	3	0	0	0	0	0	0	0	0	0	0
GF_10769	0	3	0	0	0	0	0	0	0	0	0	0
GF_10770	0	2	0	0	1	0	0	0	0	0	0	0
GF_10771	0	2	1	0	0	0	0	0	0	0	0	0
GF_10772	0	3	0	0	0	0	0	0	0	0	0	0
GF_10773	0	2	0	0	0	1	0	0	0	0	0	0
GF_10774	0	2	0	0	0	0	0	0	0	1	0	0
GF_10775	0	2	0	0	0	0	0	0	0	1	0	0
GF_10776	0	3	0	0	0	0	0	0	0	0	0	0
GF_10777	0	2	0	0	0	0	1	0	0	0	0	0
GF_10778	0	3	0	0	0	0	0	0	0	0	0	0
GF_10779	0	2	0	0	1	0	0	0	0	0	0	0
GF_10780	0	2	1	0	0	0	0	0	0	0	0	0
GF_10781	0	3	0	0	0	0	0	0	0	0	0	0
GF_10782	0	2	1	0	0	0	0	0	0	0	0	0
GF_10783	0	3	0	0	0	0	0	0	0	0	0	0
GF_10784	0	3	0	0	0	0	0	0	0	0	0	0
GF_10785	0	3	0	0	0	0	0	0	0	0	0	0
GF_10786	0	1	0	0	0	2	0	0	0	0	0	0
GF_10787	0	3	0	0	0	0	0	0	0	0	0	0
GF_10788	0	2	0	0	0	1	0	0	0	0	0	0
GF_10789	0	0	0	0	0	0	0	0	2	0	0	1
GF_10790	0	0	0	0	0	0	0	0	3	0	0	0
GF_10791	0	0	0	0	0	0	0	0	3	0	0	0
GF_10792	0	0	0	0	0	0	0	0	3	0	0	0
GF_10793	0	0	0	0	0	0	0	0	3	0	0	0
GF_10794	0	0	0	0	0	0	0	0	2	0	0	1
GF_10795	0	0	0	0	0	0	0	0	3	0	0	0
GF_10796	0	2	0	0	0	1	0	0	0	0	0	0
GF_10797	0	2	0	0	1	0	0	0	0	0	0	0
GF_10798	0	3	0	0	0	0	0	0	0	0	0	0
GF_10799	0	2	0	0	0	0	0	0	0	1	0	0
GF_10800	0	3	0	0	0	0	0	0	0	0	0	0
GF_10801	0	2	0	0	0	0	1	0	0	0	0	0
GF_10802	0	2	0	0	0	0	0	0	0	1	0	0
GF_10803	0	3	0	0	0	0	0	0	0	0	0	0
GF_10804	0	2	0	0	0	0	0	0	0	1	0	0
GF_10805	0	2	1	0	0	0	0	0	0	0	0	0
GF_10806	0	2	0	0	0	0	1	0	0	0	0	0
GF_10807	0	3	0	0	0	0	0	0	0	0	0	0
GF_10808	0	3	0	0	0	0	0	0	0	0	0	0
GF_10809	0	2	1	0	0	0	0	0	0	0	0	0
GF_10810	0	2	0	0	0	0	0	0	0	1	0	0
GF_10811	0	3	0	0	0	0	0	0	0	0	0	0
GF_10812	0	3	0	0	0	0	0	0	0	0	0	0
GF_10813	0	3	0	0	0	0	0	0	0	0	0	0
GF_10814	0	2	0	0	0	0	0	0	0	1	0	0
GF_10815	0	3	0	0	0	0	0	0	0	0	0	0
GF_10816	0	2	1	0	0	0	0	0	0	0	0	0
GF_10817	0	2	1	0	0	0	0	0	0	0	0	0
GF_10818	0	2	0	0	0	0	0	0	0	0	1	0
GF_10819	0	2	0	0	0	0	0	0	0	1	0	0
GF_10820	0	3	0	0	0	0	0	0	0	0	0	0
GF_10821	0	3	0	0	0	0	0	0	0	0	0	0
GF_10822	0	3	0	0	0	0	0	0	0	0	0	0
GF_10823	0	3	0	0	0	0	0	0	0	0	0	0
GF_10824	0	2	0	0	0	0	0	0	0	1	0	0
GF_10825	0	2	0	0	0	1	0	0	0	0	0	0
GF_10826	0	3	0	0	0	0	0	0	0	0	0	0
GF_10827	0	3	0	0	0	0	0	0	0	0	0	0
GF_10828	0	2	0	0	0	0	0	0	0	1	0	0
GF_10829	0	3	0	0	0	0	0	0	0	0	0	0
GF_10830	0	2	0	0	0	0	0	0	0	1	0	0
GF_10831	0	3	0	0	0	0	0	0	0	0	0	0
GF_10832	0	3	0	0	0	0	0	0	0	0	0	0
GF_10833	0	3	0	0	0	0	0	0	0	0	0	0
GF_10834	0	3	0	0	0	0	0	0	0	0	0	0
GF_10835	0	3	0	0	0	0	0	0	0	0	0	0
GF_10836	0	3	0	0	0	0	0	0	0	0	0	0
GF_10837	0	2	0	0	0	0	0	0	0	1	0	0
GF_10838	0	2	0	0	1	0	0	0	0	0	0	0
GF_10839	0	2	0	0	0	0	0	0	0	1	0	0
GF_10840	0	2	0	0	0	0	0	0	0	1	0	0
GF_10841	0	3	0	0	0	0	0	0	0	0	0	0
GF_10842	0	2	1	0	0	0	0	0	0	0	0	0
GF_10843	0	2	0	0	0	1	0	0	0	0	0	0
GF_10844	0	3	0	0	0	0	0	0	0	0	0	0
GF_10845	0	2	0	0	0	1	0	0	0	0	0	0
GF_10846	0	3	0	0	0	0	0	0	0	0	0	0
GF_10847	0	2	0	0	0	0	0	0	0	1	0	0
GF_10848	0	2	1	0	0	0	0	0	0	0	0	0
GF_10849	0	2	0	0	0	0	0	0	1	0	0	0
GF_10850	0	2	0	0	0	1	0	0	0	0	0	0
GF_10851	0	2	1	0	0	0	0	0	0	0	0	0
GF_10852	0	3	0	0	0	0	0	0	0	0	0	0
GF_10853	0	2	0	0	0	0	0	0	0	1	0	0
GF_10854	0	2	0	0	0	0	0	0	0	1	0	0
GF_10855	0	3	0	0	0	0	0	0	0	0	0	0
GF_10856	0	0	0	0	0	3	0	0	0	0	0	0
GF_10857	0	0	0	0	0	3	0	0	0	0	0	0
GF_10858	0	0	0	0	0	3	0	0	0	0	0	0
GF_10859	0	1	0	0	0	2	0	0	0	0	0	0
GF_10860	0	0	0	0	0	3	0	0	0	0	0	0
GF_10861	0	0	0	0	0	3	0	0	0	0	0	0
GF_10862	0	0	0	0	0	3	0	0	0	0	0	0
GF_10863	0	0	0	0	0	3	0	0	0	0	0	0
GF_10864	0	0	0	0	0	3	0	0	0	0	0	0
GF_10865	0	0	0	0	0	3	0	0	0	0	0	0
GF_10866	0	0	0	0	1	2	0	0	0	0	0	0
GF_10867	0	1	0	0	0	2	0	0	0	0	0	0
GF_10868	0	0	0	0	0	3	0	0	0	0	0	0
GF_10869	0	0	0	0	0	3	0	0	0	0	0	0
GF_10870	0	0	0	0	0	3	0	0	0	0	0	0
GF_10871	0	0	0	0	0	3	0	0	0	0	0	0
GF_10872	0	0	0	0	0	3	0	0	0	0	0	0
GF_10873	0	0	0	0	0	3	0	0	0	0	0	0
GF_10874	0	0	0	0	0	3	0	0	0	0	0	0
GF_10875	0	0	0	0	0	3	0	0	0	0	0	0
GF_10876	0	0	0	0	0	3	0	0	0	0	0	0
GF_10877	0	0	0	0	0	3	0	0	0	0	0	0
GF_10878	0	1	1	0	0	1	0	0	0	0	0	0
GF_10879	0	0	0	0	0	3	0	0	0	0	0	0
GF_10880	0	0	0	0	0	3	0	0	0	0	0	0
GF_10881	0	0	0	0	0	3	0	0	0	0	0	0
GF_10882	0	1	0	0	0	2	0	0	0	0	0	0
GF_10883	0	0	0	0	0	2	1	0	0	0	0	0
GF_10884	0	0	0	0	0	3	0	0	0	0	0	0
GF_10885	0	0	0	0	0	3	0	0	0	0	0	0
GF_10886	0	0	0	0	0	3	0	0	0	0	0	0
GF_10887	0	0	0	0	0	3	0	0	0	0	0	0
GF_10888	0	0	0	0	0	3	0	0	0	0	0	0
GF_10889	0	0	0	0	0	3	0	0	0	0	0	0
GF_10890	0	0	0	0	0	2	1	0	0	0	0	0
GF_10891	0	0	0	0	0	2	1	0	0	0	0	0
GF_10892	0	1	0	0	0	2	0	0	0	0	0	0
GF_10893	0	0	0	0	0	3	0	0	0	0	0	0
GF_10894	0	0	0	0	1	2	0	0	0	0	0	0
GF_10895	0	0	0	0	0	3	0	0	0	0	0	0
GF_10896	0	0	0	0	0	3	0	0	0	0	0	0
GF_10897	0	0	0	0	0	3	0	0	0	0	0	0
GF_10898	0	0	0	0	0	3	0	0	0	0	0	0
GF_10899	0	0	0	0	0	3	0	0	0	0	0	0
GF_10900	0	1	0	0	0	2	0	0	0	0	0	0
GF_10901	0	0	0	0	0	2	1	0	0	0	0	0
GF_10902	0	0	0	0	0	3	0	0	0	0	0	0
GF_10903	0	0	0	0	0	3	0	0	0	0	0	0
GF_10904	0	0	0	0	0	0	1	0	2	0	0	0
GF_10905	0	0	0	0	0	0	0	0	3	0	0	0
GF_10906	0	0	0	0	0	0	0	0	3	0	0	0
GF_10907	0	0	0	0	0	0	0	0	3	0	0	0
GF_10908	0	0	0	0	0	0	0	0	3	0	0	0
GF_10909	0	0	0	0	0	0	0	0	3	0	0	0
GF_10910	0	0	0	0	0	0	0	0	3	0	0	0
GF_10911	0	0	0	0	0	0	0	0	3	0	0	0
GF_10912	0	0	0	0	0	0	0	0	2	0	1	0
GF_10913	0	0	0	0	0	2	1	0	0	0	0	0
GF_10914	0	0	0	0	0	2	0	0	0	1	0	0
GF_10915	0	0	0	0	0	3	0	0	0	0	0	0
GF_10916	0	0	0	0	0	3	0	0	0	0	0	0
GF_10917	0	1	0	0	0	2	0	0	0	0	0	0
GF_10918	0	0	0	0	0	2	1	0	0	0	0	0
GF_10919	0	0	0	0	0	3	0	0	0	0	0	0
GF_10920	0	0	0	0	0	3	0	0	0	0	0	0
GF_10921	0	0	0	0	0	3	0	0	0	0	0	0
GF_10922	0	0	0	0	0	2	1	0	0	0	0	0
GF_10923	0	0	1	0	0	2	0	0	0	0	0	0
GF_10924	0	1	0	0	0	2	0	0	0	0	0	0
GF_10925	0	0	0	0	3	0	0	0	0	0	0	0
GF_10926	0	0	0	0	3	0	0	0	0	0	0	0
GF_10927	0	0	0	0	3	0	0	0	0	0	0	0
GF_10928	0	0	0	0	3	0	0	0	0	0	0	0
GF_10929	0	0	0	0	3	0	0	0	0	0	0	0
GF_10930	0	0	0	0	3	0	0	0	0	0	0	0
GF_10931	0	0	0	0	2	1	0	0	0	0	0	0
GF_10932	0	0	0	0	2	1	0	0	0	0	0	0
GF_10933	0	0	0	0	3	0	0	0	0	0	0	0
GF_10934	0	0	0	0	3	0	0	0	0	0	0	0
GF_10935	0	0	0	0	3	0	0	0	0	0	0	0
GF_10936	0	0	0	0	2	1	0	0	0	0	0	0
GF_10937	0	0	0	0	3	0	0	0	0	0	0	0
GF_10938	0	0	0	0	3	0	0	0	0	0	0	0
GF_10939	0	0	0	0	3	0	0	0	0	0	0	0
GF_10940	0	0	0	0	3	0	0	0	0	0	0	0
GF_10941	0	0	0	0	3	0	0	0	0	0	0	0
GF_10942	0	0	0	0	3	0	0	0	0	0	0	0
GF_10943	0	0	0	0	3	0	0	0	0	0	0	0
GF_10944	0	0	0	0	3	0	0	0	0	0	0	0
GF_10945	0	0	0	0	3	0	0	0	0	0	0	0
GF_10946	0	0	0	0	3	0	0	0	0	0	0	0
GF_10947	0	0	0	0	3	0	0	0	0	0	0	0
GF_10948	0	0	0	0	3	0	0	0	0	0	0	0
GF_10949	0	0	0	0	2	0	1	0	0	0	0	0
GF_10950	0	0	1	0	2	0	0	0	0	0	0	0
GF_10951	0	0	0	0	3	0	0	0	0	0	0	0
GF_10952	0	0	0	0	2	0	1	0	0	0	0	0
GF_10953	0	0	0	0	3	0	0	0	0	0	0	0
GF_10954	0	0	0	0	3	0	0	0	0	0	0	0
GF_10955	0	0	0	0	3	0	0	0	0	0	0	0
GF_10956	0	0	0	0	3	0	0	0	0	0	0	0
GF_10957	0	0	0	0	3	0	0	0	0	0	0	0
GF_10958	0	0	0	0	3	0	0	0	0	0	0	0
GF_10959	0	0	0	0	3	0	0	0	0	0	0	0
GF_10960	0	0	0	0	3	0	0	0	0	0	0	0
GF_10961	0	0	0	0	3	0	0	0	0	0	0	0
GF_10962	0	0	0	0	2	1	0	0	0	0	0	0
GF_10963	0	0	0	0	3	0	0	0	0	0	0	0
GF_10964	0	0	0	0	3	0	0	0	0	0	0	0
GF_10965	0	0	0	0	2	0	1	0	0	0	0	0
GF_10966	0	0	0	0	3	0	0	0	0	0	0	0
GF_10967	0	0	0	0	3	0	0	0	0	0	0	0
GF_10968	0	0	0	0	3	0	0	0	0	0	0	0
GF_10969	0	0	0	0	3	0	0	0	0	0	0	0
GF_10970	0	0	0	0	3	0	0	0	0	0	0	0
GF_10971	0	0	0	0	3	0	0	0	0	0	0	0
GF_10972	0	0	1	0	2	0	0	0	0	0	0	0
GF_10973	0	0	0	0	3	0	0	0	0	0	0	0
GF_10974	0	0	0	0	3	0	0	0	0	0	0	0
GF_10975	0	0	0	0	3	0	0	0	0	0	0	0
GF_10976	0	0	0	0	3	0	0	0	0	0	0	0
GF_10977	0	0	0	0	2	1	0	0	0	0	0	0
GF_10978	0	0	0	0	3	0	0	0	0	0	0	0
GF_10979	0	0	0	0	3	0	0	0	0	0	0	0
GF_10980	0	0	0	0	2	0	1	0	0	0	0	0
GF_10981	0	1	0	0	2	0	0	0	0	0	0	0
GF_10982	0	0	0	0	2	1	0	0	0	0	0	0
GF_10983	0	0	0	0	3	0	0	0	0	0	0	0
GF_10984	0	0	0	0	2	0	1	0	0	0	0	0
GF_10985	0	0	0	0	2	0	0	0	0	1	0	0
GF_10986	0	0	0	0	3	0	0	0	0	0	0	0
GF_10987	0	0	0	0	3	0	0	0	0	0	0	0
GF_10988	0	0	0	0	3	0	0	0	0	0	0	0
GF_10989	0	0	0	0	2	0	1	0	0	0	0	0
GF_10990	0	0	0	0	3	0	0	0	0	0	0	0
GF_10991	0	0	0	0	3	0	0	0	0	0	0	0
GF_10992	0	0	0	0	3	0	0	0	0	0	0	0
GF_10993	0	0	0	0	2	1	0	0	0	0	0	0
GF_10994	0	0	0	0	3	0	0	0	0	0	0	0
GF_10995	0	0	0	0	3	0	0	0	0	0	0	0
GF_10996	0	0	0	0	3	0	0	0	0	0	0	0
GF_10997	0	0	0	0	3	0	0	0	0	0	0	0
GF_10998	0	0	0	0	2	0	1	0	0	0	0	0
GF_10999	0	0	0	0	3	0	0	0	0	0	0	0
GF_11000	0	0	0	0	3	0	0	0	0	0	0	0
GF_11001	0	0	0	0	3	0	0	0	0	0	0	0
GF_11002	0	0	1	0	2	0	0	0	0	0	0	0
GF_11003	0	0	0	0	3	0	0	0	0	0	0	0
GF_11004	0	0	0	0	3	0	0	0	0	0	0	0
GF_11005	0	0	0	0	3	0	0	0	0	0	0	0
GF_11006	0	0	0	0	3	0	0	0	0	0	0	0
GF_11007	0	0	0	0	3	0	0	0	0	0	0	0
GF_11008	0	0	0	0	3	0	0	0	0	0	0	0
GF_11009	0	0	0	0	2	1	0	0	0	0	0	0
GF_11010	0	0	0	0	3	0	0	0	0	0	0	0
GF_11011	0	0	0	0	3	0	0	0	0	0	0	0
GF_11012	0	0	0	0	2	0	1	0	0	0	0	0
GF_11013	0	0	0	3	0	0	0	0	0	0	0	0
GF_11014	0	0	0	2	0	0	0	1	0	0	0	0
GF_11015	0	0	0	0	0	0	0	0	3	0	0	0
GF_11016	0	0	0	0	0	0	0	0	3	0	0	0
GF_11017	0	0	0	0	0	0	0	0	3	0	0	0
GF_11018	0	0	0	0	0	0	0	0	3	0	0	0
GF_11019	0	0	0	0	0	0	0	0	3	0	0	0
GF_11020	0	0	0	3	0	0	0	0	0	0	0	0
GF_11021	0	0	0	3	0	0	0	0	0	0	0	0
GF_11022	1	0	0	2	0	0	0	0	0	0	0	0
GF_11023	1	0	0	2	0	0	0	0	0	0	0	0
GF_11024	0	0	0	2	0	0	0	1	0	0	0	0
GF_11025	0	0	0	2	0	0	0	0	0	0	1	0
GF_11026	0	0	0	2	0	0	0	0	1	0	0	0
GF_11027	0	0	0	3	0	0	0	0	0	0	0	0
GF_11028	0	0	0	2	0	0	0	0	1	0	0	0
GF_11029	0	0	0	2	0	0	0	0	1	0	0	0
GF_11030	0	0	0	2	0	0	0	0	0	0	1	0
GF_11031	0	0	0	1	0	0	0	2	0	0	0	0
GF_11032	0	0	0	0	0	0	0	2	0	0	1	0
GF_11033	0	0	0	0	0	0	0	2	0	0	0	1
GF_11034	0	0	0	0	0	0	0	2	0	0	1	0
GF_11035	0	0	0	0	0	0	0	0	3	0	0	0
GF_11036	0	0	0	1	0	0	0	1	1	0	0	0
GF_11037	0	0	0	0	0	0	0	0	3	0	0	0
GF_11038	0	0	0	0	0	0	0	0	3	0	0	0
GF_11039	0	0	0	0	0	0	0	2	0	0	0	1
GF_11040	0	0	0	0	0	0	0	2	0	0	0	1
GF_11041	1	0	0	0	0	0	0	0	0	0	2	0
GF_11042	1	0	0	0	0	0	0	0	0	0	2	0
GF_11043	0	0	0	0	0	0	0	0	0	0	2	1
GF_11044	0	0	0	0	0	0	0	0	1	0	2	0
GF_11045	0	0	0	1	0	0	0	0	0	0	2	0
GF_11046	0	0	0	0	0	0	0	0	0	0	3	0
GF_11047	0	0	0	0	0	0	0	1	0	0	2	0
GF_11048	0	0	0	0	0	0	0	1	0	0	2	0
GF_11049	0	0	0	1	0	0	0	0	0	0	2	0
GF_11050	0	0	0	0	0	0	0	0	0	0	2	1
GF_11051	0	0	0	1	0	0	0	0	0	0	2	0
GF_11052	1	0	0	0	0	0	0	0	0	0	2	0
GF_11053	0	0	0	0	0	0	0	0	0	0	3	0
GF_11054	0	0	0	0	0	1	2	0	0	0	0	0
GF_11055	0	0	0	0	0	0	3	0	0	0	0	0
GF_11056	0	0	0	0	0	0	3	0	0	0	0	0
GF_11057	0	0	0	0	0	1	2	0	0	0	0	0
GF_11058	0	0	0	0	0	1	2	0	0	0	0	0
GF_11059	0	0	0	0	0	1	2	0	0	0	0	0
GF_11060	0	0	0	0	0	0	3	0	0	0	0	0
GF_11061	0	0	0	0	0	1	2	0	0	0	0	0
GF_11062	0	0	1	0	0	0	2	0	0	0	0	0
GF_11063	0	0	0	0	0	1	2	0	0	0	0	0
GF_11064	0	1	0	0	0	0	2	0	0	0	0	0
GF_11065	0	0	0	0	0	0	0	1	1	0	0	1
GF_11066	0	1	0	0	0	0	0	0	0	2	0	0
GF_11067	0	1	0	0	0	0	0	0	0	2	0	0
GF_11068	0	0	0	0	0	1	0	0	0	2	0	0
GF_11069	0	0	0	0	0	0	0	0	0	3	0	0
GF_11070	0	1	0	0	0	0	0	0	0	2	0	0
GF_11071	0	1	0	0	0	0	0	0	0	2	0	0
GF_11072	0	1	0	0	0	0	0	0	0	2	0	0
GF_11073	0	0	0	0	0	0	0	0	0	3	0	0
GF_11074	0	1	0	0	0	0	0	0	0	2	0	0
GF_11075	0	1	0	0	0	0	0	0	0	2	0	0
GF_11076	0	0	0	0	0	0	0	0	0	3	0	0
GF_11077	0	0	0	0	0	0	0	0	0	3	0	0
GF_11078	0	0	0	0	0	0	0	0	0	3	0	0
GF_11079	0	1	0	0	0	0	0	0	0	2	0	0
GF_11080	0	0	0	0	0	0	0	0	0	3	0	0
GF_11081	0	1	0	0	0	0	0	0	0	2	0	0
GF_11082	0	0	0	0	0	0	0	0	0	3	0	0
GF_11083	0	0	0	0	0	0	0	0	0	3	0	0
GF_11084	0	1	0	0	0	0	0	0	0	2	0	0
GF_11085	0	0	0	0	0	0	0	0	0	3	0	0
GF_11086	0	0	0	0	0	0	0	0	0	3	0	0
GF_11087	0	0	0	0	0	0	0	0	0	3	0	0
GF_11088	0	0	0	0	0	0	0	0	0	3	0	0
GF_11089	0	0	0	0	0	0	0	0	0	3	0	0
GF_11090	0	0	0	0	0	0	0	0	0	3	0	0
GF_11091	0	0	0	0	0	0	0	0	0	3	0	0
GF_11092	0	0	0	0	0	0	0	0	0	3	0	0
GF_11093	0	0	0	0	0	0	0	0	0	3	0	0
GF_11094	0	0	0	0	0	0	0	0	0	3	0	0
GF_11095	0	0	0	0	0	0	0	0	0	3	0	0
GF_11096	0	0	0	0	0	0	0	0	0	3	0	0
GF_11097	0	0	0	0	0	0	0	0	0	3	0	0
GF_11098	0	0	0	0	0	0	0	0	0	3	0	0
GF_11099	0	0	0	0	0	0	0	0	0	3	0	0
GF_11100	0	0	0	0	0	0	0	0	0	3	0	0
GF_11101	0	0	0	0	0	0	0	0	0	3	0	0
GF_11102	0	0	0	0	0	0	0	0	0	3	0	0
GF_11103	0	0	0	0	0	0	0	0	0	3	0	0
GF_11104	0	0	0	0	0	0	0	0	0	3	0	0
GF_11105	0	0	0	0	0	0	0	0	0	3	0	0
GF_11106	0	0	0	0	0	0	0	0	0	3	0	0
GF_11107	0	0	0	0	0	0	0	0	0	3	0	0
GF_11108	0	0	0	0	0	0	0	0	0	3	0	0
GF_11109	0	0	0	0	0	0	0	0	0	3	0	0
GF_11110	0	0	0	0	0	0	0	0	0	3	0	0
GF_11111	0	0	0	0	0	0	0	0	0	3	0	0
GF_11112	0	0	0	0	0	0	0	0	0	3	0	0
GF_11113	0	0	0	0	0	0	0	0	0	3	0	0
GF_11114	0	0	3	0	0	0	0	0	0	0	0	0
GF_11115	0	0	3	0	0	0	0	0	0	0	0	0
GF_11116	0	0	3	0	0	0	0	0	0	0	0	0
GF_11117	0	0	3	0	0	0	0	0	0	0	0	0
GF_11118	0	0	3	0	0	0	0	0	0	0	0	0
GF_11119	0	0	3	0	0	0	0	0	0	0	0	0
GF_11120	0	0	3	0	0	0	0	0	0	0	0	0
GF_11121	0	0	3	0	0	0	0	0	0	0	0	0
GF_11122	0	0	3	0	0	0	0	0	0	0	0	0
GF_11123	0	0	3	0	0	0	0	0	0	0	0	0
GF_11124	0	0	3	0	0	0	0	0	0	0	0	0
GF_11125	0	0	3	0	0	0	0	0	0	0	0	0
GF_11126	0	0	3	0	0	0	0	0	0	0	0	0
GF_11127	0	0	3	0	0	0	0	0	0	0	0	0
GF_11128	0	0	3	0	0	0	0	0	0	0	0	0
GF_11129	0	0	3	0	0	0	0	0	0	0	0	0
GF_11130	0	0	3	0	0	0	0	0	0	0	0	0
GF_11131	0	0	3	0	0	0	0	0	0	0	0	0
GF_11132	0	0	3	0	0	0	0	0	0	0	0	0
GF_11133	0	0	3	0	0	0	0	0	0	0	0	0
GF_11134	0	0	3	0	0	0	0	0	0	0	0	0
GF_11135	0	0	3	0	0	0	0	0	0	0	0	0
GF_11136	0	0	3	0	0	0	0	0	0	0	0	0
GF_11137	0	0	3	0	0	0	0	0	0	0	0	0
GF_11138	0	0	3	0	0	0	0	0	0	0	0	0
GF_11139	0	0	3	0	0	0	0	0	0	0	0	0
GF_11140	0	0	3	0	0	0	0	0	0	0	0	0
GF_11141	0	0	3	0	0	0	0	0	0	0	0	0
GF_11142	0	0	3	0	0	0	0	0	0	0	0	0
GF_11143	0	0	3	0	0	0	0	0	0	0	0	0
GF_11144	0	0	3	0	0	0	0	0	0	0	0	0
GF_11145	0	0	3	0	0	0	0	0	0	0	0	0
GF_11146	0	0	3	0	0	0	0	0	0	0	0	0
GF_11147	0	0	3	0	0	0	0	0	0	0	0	0
GF_11148	0	0	3	0	0	0	0	0	0	0	0	0
GF_11149	0	0	3	0	0	0	0	0	0	0	0	0
GF_11150	0	0	3	0	0	0	0	0	0	0	0	0
GF_11151	0	0	3	0	0	0	0	0	0	0	0	0
GF_11152	0	0	3	0	0	0	0	0	0	0	0	0
GF_11153	0	0	3	0	0	0	0	0	0	0	0	0
GF_11154	0	0	3	0	0	0	0	0	0	0	0	0
GF_11155	0	0	3	0	0	0	0	0	0	0	0	0
GF_11156	0	0	3	0	0	0	0	0	0	0	0	0
GF_11157	0	0	3	0	0	0	0	0	0	0	0	0
GF_11158	0	0	3	0	0	0	0	0	0	0	0	0
GF_11159	0	0	3	0	0	0	0	0	0	0	0	0
GF_11160	0	0	3	0	0	0	0	0	0	0	0	0
GF_11161	0	0	3	0	0	0	0	0	0	0	0	0
GF_11162	0	0	3	0	0	0	0	0	0	0	0	0
GF_11163	0	0	3	0	0	0	0	0	0	0	0	0
GF_11164	0	0	3	0	0	0	0	0	0	0	0	0
GF_11165	0	0	3	0	0	0	0	0	0	0	0	0
GF_11166	0	0	3	0	0	0	0	0	0	0	0	0
GF_11167	0	0	3	0	0	0	0	0	0	0	0	0
GF_11168	0	0	3	0	0	0	0	0	0	0	0	0
GF_11169	0	0	3	0	0	0	0	0	0	0	0	0
GF_11170	0	0	3	0	0	0	0	0	0	0	0	0
GF_11171	0	0	3	0	0	0	0	0	0	0	0	0
GF_11172	0	0	3	0	0	0	0	0	0	0	0	0
GF_11173	0	0	3	0	0	0	0	0	0	0	0	0
GF_11174	0	0	3	0	0	0	0	0	0	0	0	0
GF_11175	0	0	3	0	0	0	0	0	0	0	0	0
GF_11176	0	0	3	0	0	0	0	0	0	0	0	0
GF_11177	0	0	0	0	0	0	0	0	3	0	0	0
GF_11178	0	0	0	0	0	0	0	0	3	0	0	0
GF_11179	0	0	3	0	0	0	0	0	0	0	0	0
GF_11180	0	0	3	0	0	0	0	0	0	0	0	0
GF_11181	0	0	3	0	0	0	0	0	0	0	0	0
GF_11182	0	0	3	0	0	0	0	0	0	0	0	0
GF_11183	0	0	3	0	0	0	0	0	0	0	0	0
GF_11184	0	0	3	0	0	0	0	0	0	0	0	0
GF_11185	0	0	3	0	0	0	0	0	0	0	0	0
GF_11186	0	0	3	0	0	0	0	0	0	0	0	0
GF_11187	0	0	3	0	0	0	0	0	0	0	0	0
GF_11188	0	0	3	0	0	0	0	0	0	0	0	0
GF_11189	0	0	3	0	0	0	0	0	0	0	0	0
GF_11190	0	0	3	0	0	0	0	0	0	0	0	0
GF_11191	0	0	3	0	0	0	0	0	0	0	0	0
GF_11192	0	0	3	0	0	0	0	0	0	0	0	0
GF_11193	0	0	3	0	0	0	0	0	0	0	0	0
GF_11194	3	0	0	0	0	0	0	0	0	0	0	0
GF_11195	0	0	0	0	0	0	0	0	0	0	0	3
GF_11196	0	3	0	0	0	0	0	0	0	0	0	0
GF_11197	0	3	0	0	0	0	0	0	0	0	0	0
GF_11198	0	3	0	0	0	0	0	0	0	0	0	0
GF_11199	0	3	0	0	0	0	0	0	0	0	0	0
GF_11200	0	3	0	0	0	0	0	0	0	0	0	0
GF_11201	0	3	0	0	0	0	0	0	0	0	0	0
GF_11202	0	3	0	0	0	0	0	0	0	0	0	0
GF_11203	0	3	0	0	0	0	0	0	0	0	0	0
GF_11204	0	2	0	0	0	0	0	0	0	0	1	0
GF_11205	0	3	0	0	0	0	0	0	0	0	0	0
GF_11206	0	2	0	0	0	0	0	0	0	1	0	0
GF_11207	0	3	0	0	0	0	0	0	0	0	0	0
GF_11208	0	3	0	0	0	0	0	0	0	0	0	0
GF_11209	0	3	0	0	0	0	0	0	0	0	0	0
GF_11210	0	3	0	0	0	0	0	0	0	0	0	0
GF_11211	0	3	0	0	0	0	0	0	0	0	0	0
GF_11212	0	3	0	0	0	0	0	0	0	0	0	0
GF_11213	0	3	0	0	0	0	0	0	0	0	0	0
GF_11214	0	3	0	0	0	0	0	0	0	0	0	0
GF_11215	0	3	0	0	0	0	0	0	0	0	0	0
GF_11216	0	3	0	0	0	0	0	0	0	0	0	0
GF_11217	0	3	0	0	0	0	0	0	0	0	0	0
GF_11218	0	3	0	0	0	0	0	0	0	0	0	0
GF_11219	0	3	0	0	0	0	0	0	0	0	0	0
GF_11220	0	3	0	0	0	0	0	0	0	0	0	0
GF_11221	0	3	0	0	0	0	0	0	0	0	0	0
GF_11222	0	3	0	0	0	0	0	0	0	0	0	0
GF_11223	0	3	0	0	0	0	0	0	0	0	0	0
GF_11224	0	3	0	0	0	0	0	0	0	0	0	0
GF_11225	0	3	0	0	0	0	0	0	0	0	0	0
GF_11226	0	3	0	0	0	0	0	0	0	0	0	0
GF_11227	0	3	0	0	0	0	0	0	0	0	0	0
GF_11228	0	3	0	0	0	0	0	0	0	0	0	0
GF_11229	0	3	0	0	0	0	0	0	0	0	0	0
GF_11230	0	3	0	0	0	0	0	0	0	0	0	0
GF_11231	0	3	0	0	0	0	0	0	0	0	0	0
GF_11232	0	3	0	0	0	0	0	0	0	0	0	0
GF_11233	0	3	0	0	0	0	0	0	0	0	0	0
GF_11234	0	3	0	0	0	0	0	0	0	0	0	0
GF_11235	0	3	0	0	0	0	0	0	0	0	0	0
GF_11236	0	3	0	0	0	0	0	0	0	0	0	0
GF_11237	0	3	0	0	0	0	0	0	0	0	0	0
GF_11238	0	3	0	0	0	0	0	0	0	0	0	0
GF_11239	0	3	0	0	0	0	0	0	0	0	0	0
GF_11240	0	3	0	0	0	0	0	0	0	0	0	0
GF_11241	0	3	0	0	0	0	0	0	0	0	0	0
GF_11242	0	3	0	0	0	0	0	0	0	0	0	0
GF_11243	0	3	0	0	0	0	0	0	0	0	0	0
GF_11244	0	3	0	0	0	0	0	0	0	0	0	0
GF_11245	0	3	0	0	0	0	0	0	0	0	0	0
GF_11246	0	3	0	0	0	0	0	0	0	0	0	0
GF_11247	0	0	0	0	0	0	0	0	3	0	0	0
GF_11248	0	0	0	0	0	0	0	0	3	0	0	0
GF_11249	0	3	0	0	0	0	0	0	0	0	0	0
GF_11250	0	3	0	0	0	0	0	0	0	0	0	0
GF_11251	0	3	0	0	0	0	0	0	0	0	0	0
GF_11252	0	3	0	0	0	0	0	0	0	0	0	0
GF_11253	0	3	0	0	0	0	0	0	0	0	0	0
GF_11254	0	3	0	0	0	0	0	0	0	0	0	0
GF_11255	0	3	0	0	0	0	0	0	0	0	0	0
GF_11256	0	3	0	0	0	0	0	0	0	0	0	0
GF_11257	0	3	0	0	0	0	0	0	0	0	0	0
GF_11258	0	3	0	0	0	0	0	0	0	0	0	0
GF_11259	0	3	0	0	0	0	0	0	0	0	0	0
GF_11260	0	3	0	0	0	0	0	0	0	0	0	0
GF_11261	0	3	0	0	0	0	0	0	0	0	0	0
GF_11262	0	3	0	0	0	0	0	0	0	0	0	0
GF_11263	0	3	0	0	0	0	0	0	0	0	0	0
GF_11264	0	3	0	0	0	0	0	0	0	0	0	0
GF_11265	0	3	0	0	0	0	0	0	0	0	0	0
GF_11266	0	3	0	0	0	0	0	0	0	0	0	0
GF_11267	0	3	0	0	0	0	0	0	0	0	0	0
GF_11268	0	3	0	0	0	0	0	0	0	0	0	0
GF_11269	0	3	0	0	0	0	0	0	0	0	0	0
GF_11270	0	3	0	0	0	0	0	0	0	0	0	0
GF_11271	0	3	0	0	0	0	0	0	0	0	0	0
GF_11272	0	3	0	0	0	0	0	0	0	0	0	0
GF_11273	0	3	0	0	0	0	0	0	0	0	0	0
GF_11274	0	3	0	0	0	0	0	0	0	0	0	0
GF_11275	0	2	0	0	0	0	0	0	0	1	0	0
GF_11276	0	3	0	0	0	0	0	0	0	0	0	0
GF_11277	0	3	0	0	0	0	0	0	0	0	0	0
GF_11278	0	3	0	0	0	0	0	0	0	0	0	0
GF_11279	0	3	0	0	0	0	0	0	0	0	0	0
GF_11280	0	3	0	0	0	0	0	0	0	0	0	0
GF_11281	0	3	0	0	0	0	0	0	0	0	0	0
GF_11282	0	2	0	0	0	0	0	0	0	1	0	0
GF_11283	0	3	0	0	0	0	0	0	0	0	0	0
GF_11284	0	3	0	0	0	0	0	0	0	0	0	0
GF_11285	0	0	0	0	0	3	0	0	0	0	0	0
GF_11286	0	0	0	0	0	3	0	0	0	0	0	0
GF_11287	0	0	0	0	0	3	0	0	0	0	0	0
GF_11288	0	0	0	0	0	3	0	0	0	0	0	0
GF_11289	0	0	0	0	0	3	0	0	0	0	0	0
GF_11290	0	0	0	0	0	3	0	0	0	0	0	0
GF_11291	0	0	0	0	0	3	0	0	0	0	0	0
GF_11292	0	0	0	0	0	3	0	0	0	0	0	0
GF_11293	0	0	0	0	0	3	0	0	0	0	0	0
GF_11294	0	0	0	0	0	3	0	0	0	0	0	0
GF_11295	0	0	0	0	0	3	0	0	0	0	0	0
GF_11296	0	0	0	0	0	3	0	0	0	0	0	0
GF_11297	0	0	0	0	0	3	0	0	0	0	0	0
GF_11298	0	0	0	0	0	3	0	0	0	0	0	0
GF_11299	0	0	0	0	0	3	0	0	0	0	0	0
GF_11300	0	0	0	0	0	3	0	0	0	0	0	0
GF_11301	0	0	0	0	0	3	0	0	0	0	0	0
GF_11302	0	0	0	0	0	3	0	0	0	0	0	0
GF_11303	0	0	0	0	0	3	0	0	0	0	0	0
GF_11304	0	0	0	0	0	3	0	0	0	0	0	0
GF_11305	0	0	0	0	0	3	0	0	0	0	0	0
GF_11306	0	0	0	0	0	3	0	0	0	0	0	0
GF_11307	0	0	0	0	0	3	0	0	0	0	0	0
GF_11308	0	0	0	0	0	3	0	0	0	0	0	0
GF_11309	0	0	0	0	0	3	0	0	0	0	0	0
GF_11310	0	0	0	0	0	3	0	0	0	0	0	0
GF_11311	0	0	0	0	0	3	0	0	0	0	0	0
GF_11312	0	0	0	0	0	3	0	0	0	0	0	0
GF_11313	0	0	0	0	0	3	0	0	0	0	0	0
GF_11314	0	0	0	0	0	3	0	0	0	0	0	0
GF_11315	0	0	0	0	0	3	0	0	0	0	0	0
GF_11316	0	0	0	0	0	3	0	0	0	0	0	0
GF_11317	0	0	0	0	0	3	0	0	0	0	0	0
GF_11318	0	0	0	0	0	2	1	0	0	0	0	0
GF_11319	0	0	0	0	0	3	0	0	0	0	0	0
GF_11320	0	0	0	0	0	3	0	0	0	0	0	0
GF_11321	0	0	0	0	0	3	0	0	0	0	0	0
GF_11322	0	0	0	0	0	3	0	0	0	0	0	0
GF_11323	0	0	0	0	0	3	0	0	0	0	0	0
GF_11324	0	0	0	0	0	3	0	0	0	0	0	0
GF_11325	0	0	0	0	0	3	0	0	0	0	0	0
GF_11326	0	0	0	0	0	3	0	0	0	0	0	0
GF_11327	0	0	0	0	0	3	0	0	0	0	0	0
GF_11328	0	0	0	0	0	3	0	0	0	0	0	0
GF_11329	0	0	0	0	0	3	0	0	0	0	0	0
GF_11330	0	0	0	0	0	3	0	0	0	0	0	0
GF_11331	0	0	0	0	0	3	0	0	0	0	0	0
GF_11332	0	0	0	0	0	3	0	0	0	0	0	0
GF_11333	0	0	0	0	0	0	0	0	3	0	0	0
GF_11334	0	0	0	0	0	0	0	0	3	0	0	0
GF_11335	0	0	0	0	0	0	0	0	3	0	0	0
GF_11336	0	0	0	0	0	0	0	0	3	0	0	0
GF_11337	0	0	0	0	0	3	0	0	0	0	0	0
GF_11338	0	0	0	0	0	3	0	0	0	0	0	0
GF_11339	0	0	0	0	0	3	0	0	0	0	0	0
GF_11340	0	0	0	0	0	3	0	0	0	0	0	0
GF_11341	0	0	0	0	3	0	0	0	0	0	0	0
GF_11342	0	0	0	0	3	0	0	0	0	0	0	0
GF_11343	0	0	0	0	3	0	0	0	0	0	0	0
GF_11344	0	0	0	0	3	0	0	0	0	0	0	0
GF_11345	0	0	0	0	3	0	0	0	0	0	0	0
GF_11346	0	0	0	0	3	0	0	0	0	0	0	0
GF_11347	0	0	0	0	3	0	0	0	0	0	0	0
GF_11348	0	0	0	0	3	0	0	0	0	0	0	0
GF_11349	0	0	0	0	3	0	0	0	0	0	0	0
GF_11350	0	0	0	0	3	0	0	0	0	0	0	0
GF_11351	0	0	0	0	3	0	0	0	0	0	0	0
GF_11352	0	0	0	0	3	0	0	0	0	0	0	0
GF_11353	0	0	0	0	3	0	0	0	0	0	0	0
GF_11354	0	0	0	0	3	0	0	0	0	0	0	0
GF_11355	0	0	0	0	3	0	0	0	0	0	0	0
GF_11356	0	0	0	0	3	0	0	0	0	0	0	0
GF_11357	0	0	0	0	3	0	0	0	0	0	0	0
GF_11358	0	0	0	0	3	0	0	0	0	0	0	0
GF_11359	0	0	0	0	3	0	0	0	0	0	0	0
GF_11360	0	0	0	0	3	0	0	0	0	0	0	0
GF_11361	0	0	0	0	3	0	0	0	0	0	0	0
GF_11362	0	0	0	0	3	0	0	0	0	0	0	0
GF_11363	0	0	0	0	3	0	0	0	0	0	0	0
GF_11364	0	0	0	0	3	0	0	0	0	0	0	0
GF_11365	0	0	0	0	3	0	0	0	0	0	0	0
GF_11366	0	0	0	0	3	0	0	0	0	0	0	0
GF_11367	0	0	0	0	3	0	0	0	0	0	0	0
GF_11368	0	0	0	0	3	0	0	0	0	0	0	0
GF_11369	0	0	0	0	3	0	0	0	0	0	0	0
GF_11370	0	0	0	0	3	0	0	0	0	0	0	0
GF_11371	0	0	0	0	3	0	0	0	0	0	0	0
GF_11372	0	0	0	0	3	0	0	0	0	0	0	0
GF_11373	0	0	0	0	3	0	0	0	0	0	0	0
GF_11374	0	0	0	0	3	0	0	0	0	0	0	0
GF_11375	0	0	0	0	3	0	0	0	0	0	0	0
GF_11376	0	0	0	0	3	0	0	0	0	0	0	0
GF_11377	0	0	0	0	3	0	0	0	0	0	0	0
GF_11378	0	0	0	0	3	0	0	0	0	0	0	0
GF_11379	0	0	0	0	3	0	0	0	0	0	0	0
GF_11380	0	0	0	0	3	0	0	0	0	0	0	0
GF_11381	0	0	0	0	3	0	0	0	0	0	0	0
GF_11382	0	0	0	0	3	0	0	0	0	0	0	0
GF_11383	0	0	0	0	3	0	0	0	0	0	0	0
GF_11384	0	0	0	0	3	0	0	0	0	0	0	0
GF_11385	0	0	0	0	3	0	0	0	0	0	0	0
GF_11386	0	0	0	0	3	0	0	0	0	0	0	0
GF_11387	0	0	0	0	3	0	0	0	0	0	0	0
GF_11388	0	0	0	0	3	0	0	0	0	0	0	0
GF_11389	0	0	0	0	3	0	0	0	0	0	0	0
GF_11390	0	0	0	0	3	0	0	0	0	0	0	0
GF_11391	0	0	0	0	3	0	0	0	0	0	0	0
GF_11392	0	0	0	0	3	0	0	0	0	0	0	0
GF_11393	0	0	0	0	3	0	0	0	0	0	0	0
GF_11394	0	0	0	0	3	0	0	0	0	0	0	0
GF_11395	0	0	0	0	3	0	0	0	0	0	0	0
GF_11396	0	0	0	0	3	0	0	0	0	0	0	0
GF_11397	0	0	0	0	3	0	0	0	0	0	0	0
GF_11398	0	0	0	0	3	0	0	0	0	0	0	0
GF_11399	0	0	0	0	3	0	0	0	0	0	0	0
GF_11400	0	0	0	0	3	0	0	0	0	0	0	0
GF_11401	0	0	0	0	3	0	0	0	0	0	0	0
GF_11402	0	0	0	0	3	0	0	0	0	0	0	0
GF_11403	0	0	0	0	3	0	0	0	0	0	0	0
GF_11404	0	0	0	0	3	0	0	0	0	0	0	0
GF_11405	0	0	0	0	3	0	0	0	0	0	0	0
GF_11406	0	0	0	0	3	0	0	0	0	0	0	0
GF_11407	0	0	0	0	3	0	0	0	0	0	0	0
GF_11408	0	0	0	0	3	0	0	0	0	0	0	0
GF_11409	0	0	0	0	3	0	0	0	0	0	0	0
GF_11410	0	0	0	0	3	0	0	0	0	0	0	0
GF_11411	0	0	0	0	3	0	0	0	0	0	0	0
GF_11412	0	0	0	0	3	0	0	0	0	0	0	0
GF_11413	0	0	0	0	3	0	0	0	0	0	0	0
GF_11414	0	0	0	0	3	0	0	0	0	0	0	0
GF_11415	0	0	0	0	3	0	0	0	0	0	0	0
GF_11416	0	0	0	0	3	0	0	0	0	0	0	0
GF_11417	0	0	0	0	3	0	0	0	0	0	0	0
GF_11418	0	0	0	0	3	0	0	0	0	0	0	0
GF_11419	0	0	0	0	3	0	0	0	0	0	0	0
GF_11420	0	0	0	0	3	0	0	0	0	0	0	0
GF_11421	0	0	0	0	3	0	0	0	0	0	0	0
GF_11422	0	0	0	0	3	0	0	0	0	0	0	0
GF_11423	0	0	0	0	3	0	0	0	0	0	0	0
GF_11424	0	0	0	0	3	0	0	0	0	0	0	0
GF_11425	0	0	0	0	3	0	0	0	0	0	0	0
GF_11426	0	0	0	0	3	0	0	0	0	0	0	0
GF_11427	0	0	0	0	3	0	0	0	0	0	0	0
GF_11428	0	0	0	0	3	0	0	0	0	0	0	0
GF_11429	0	0	0	0	3	0	0	0	0	0	0	0
GF_11430	0	0	0	0	3	0	0	0	0	0	0	0
GF_11431	0	0	0	0	3	0	0	0	0	0	0	0
GF_11432	0	0	0	0	3	0	0	0	0	0	0	0
GF_11433	0	0	0	0	3	0	0	0	0	0	0	0
GF_11434	0	0	0	0	3	0	0	0	0	0	0	0
GF_11435	0	0	0	0	3	0	0	0	0	0	0	0
GF_11436	0	0	0	0	3	0	0	0	0	0	0	0
GF_11437	0	0	0	0	3	0	0	0	0	0	0	0
GF_11438	0	0	0	0	3	0	0	0	0	0	0	0
GF_11439	0	0	0	0	3	0	0	0	0	0	0	0
GF_11440	0	0	0	0	3	0	0	0	0	0	0	0
GF_11441	0	0	0	0	3	0	0	0	0	0	0	0
GF_11442	0	0	0	0	3	0	0	0	0	0	0	0
GF_11443	0	0	0	0	3	0	0	0	0	0	0	0
GF_11444	0	0	0	0	3	0	0	0	0	0	0	0
GF_11445	0	0	0	0	3	0	0	0	0	0	0	0
GF_11446	0	0	0	0	3	0	0	0	0	0	0	0
GF_11447	0	0	0	0	3	0	0	0	0	0	0	0
GF_11448	0	0	0	0	3	0	0	0	0	0	0	0
GF_11449	0	0	0	0	3	0	0	0	0	0	0	0
GF_11450	0	0	0	0	3	0	0	0	0	0	0	0
GF_11451	0	0	0	0	3	0	0	0	0	0	0	0
GF_11452	0	0	0	0	3	0	0	0	0	0	0	0
GF_11453	0	0	0	0	3	0	0	0	0	0	0	0
GF_11454	0	0	0	0	3	0	0	0	0	0	0	0
GF_11455	0	0	0	0	3	0	0	0	0	0	0	0
GF_11456	0	0	0	0	3	0	0	0	0	0	0	0
GF_11457	0	0	0	0	3	0	0	0	0	0	0	0
GF_11458	0	0	0	0	3	0	0	0	0	0	0	0
GF_11459	0	0	0	0	3	0	0	0	0	0	0	0
GF_11460	0	0	0	0	3	0	0	0	0	0	0	0
GF_11461	0	0	0	0	3	0	0	0	0	0	0	0
GF_11462	0	0	0	0	3	0	0	0	0	0	0	0
GF_11463	0	0	0	0	3	0	0	0	0	0	0	0
GF_11464	0	0	0	0	3	0	0	0	0	0	0	0
GF_11465	0	0	0	0	3	0	0	0	0	0	0	0
GF_11466	0	0	0	0	3	0	0	0	0	0	0	0
GF_11467	0	0	0	0	3	0	0	0	0	0	0	0
GF_11468	0	0	0	0	3	0	0	0	0	0	0	0
GF_11469	0	0	0	0	3	0	0	0	0	0	0	0
GF_11470	0	0	0	0	3	0	0	0	0	0	0	0
GF_11471	0	0	0	0	3	0	0	0	0	0	0	0
GF_11472	0	0	0	0	3	0	0	0	0	0	0	0
GF_11473	0	0	0	0	3	0	0	0	0	0	0	0
GF_11474	0	0	0	0	3	0	0	0	0	0	0	0
GF_11475	0	0	0	0	3	0	0	0	0	0	0	0
GF_11476	0	0	0	0	3	0	0	0	0	0	0	0
GF_11477	0	0	0	0	3	0	0	0	0	0	0	0
GF_11478	0	0	0	0	3	0	0	0	0	0	0	0
GF_11479	0	0	0	0	3	0	0	0	0	0	0	0
GF_11480	0	0	0	0	3	0	0	0	0	0	0	0
GF_11481	0	0	0	0	3	0	0	0	0	0	0	0
GF_11482	0	0	0	0	3	0	0	0	0	0	0	0
GF_11483	0	0	0	0	3	0	0	0	0	0	0	0
GF_11484	0	0	0	0	3	0	0	0	0	0	0	0
GF_11485	0	0	0	0	3	0	0	0	0	0	0	0
GF_11486	0	0	0	0	3	0	0	0	0	0	0	0
GF_11487	0	0	0	0	3	0	0	0	0	0	0	0
GF_11488	0	0	0	0	3	0	0	0	0	0	0	0
GF_11489	0	0	0	0	3	0	0	0	0	0	0	0
GF_11490	0	0	0	0	3	0	0	0	0	0	0	0
GF_11491	0	0	0	0	3	0	0	0	0	0	0	0
GF_11492	0	0	0	0	3	0	0	0	0	0	0	0
GF_11493	0	0	0	0	3	0	0	0	0	0	0	0
GF_11494	0	0	0	0	3	0	0	0	0	0	0	0
GF_11495	0	0	0	0	3	0	0	0	0	0	0	0
GF_11496	0	0	0	0	3	0	0	0	0	0	0	0
GF_11497	0	0	0	0	3	0	0	0	0	0	0	0
GF_11498	0	0	0	0	3	0	0	0	0	0	0	0
GF_11499	0	0	0	0	3	0	0	0	0	0	0	0
GF_11500	0	0	0	0	3	0	0	0	0	0	0	0
GF_11501	0	0	0	0	3	0	0	0	0	0	0	0
GF_11502	0	0	0	0	0	0	0	3	0	0	0	0
GF_11503	0	0	0	0	0	0	3	0	0	0	0	0
GF_11504	0	0	0	0	0	0	3	0	0	0	0	0
GF_11505	0	0	0	0	0	0	3	0	0	0	0	0
GF_11506	0	0	0	0	0	0	3	0	0	0	0	0
GF_11507	0	0	0	0	0	0	3	0	0	0	0	0
GF_11508	0	0	0	0	0	0	3	0	0	0	0	0
GF_11509	0	0	0	0	0	0	3	0	0	0	0	0
GF_11510	0	0	0	0	0	0	3	0	0	0	0	0
GF_11511	0	0	0	0	0	0	3	0	0	0	0	0
GF_11512	0	0	0	0	0	0	3	0	0	0	0	0
GF_11513	0	0	0	0	0	0	3	0	0	0	0	0
GF_11514	0	0	0	0	0	0	0	0	3	0	0	0
GF_11515	0	0	0	0	0	0	3	0	0	0	0	0
GF_11516	0	0	0	0	0	0	3	0	0	0	0	0
GF_11517	0	0	0	0	0	0	0	0	0	3	0	0
GF_11518	0	0	0	0	0	0	0	0	0	3	0	0
GF_11519	0	0	0	0	0	0	0	0	0	3	0	0
GF_11520	0	0	0	0	0	0	0	0	0	3	0	0
GF_11521	0	0	0	0	0	0	0	0	0	3	0	0
GF_11522	0	0	0	0	0	0	0	0	0	3	0	0
GF_11523	0	0	0	0	0	0	0	0	0	3	0	0
GF_11524	0	0	0	0	0	0	0	0	0	3	0	0
GF_11525	0	0	0	0	0	0	0	0	0	3	0	0
GF_11526	0	0	0	0	0	0	0	0	0	3	0	0
GF_11527	0	0	0	0	0	0	0	0	0	3	0	0
GF_11528	0	0	0	0	0	0	0	0	0	3	0	0
GF_11529	0	0	0	0	1	0	0	0	1	1	0	0
GF_11530	0	0	0	0	1	0	1	0	0	1	0	0
GF_11531	0	1	0	0	0	0	1	0	0	1	0	0
GF_11532	0	0	0	0	1	1	1	0	0	0	0	0
GF_11533	0	1	0	0	1	0	0	0	0	1	0	0
GF_11534	0	1	0	0	0	1	0	0	0	1	0	0
GF_11535	0	0	0	0	1	1	0	0	0	1	0	0
GF_11536	0	1	0	0	1	0	0	0	0	1	0	0
GF_11537	0	1	1	0	0	0	0	0	0	1	0	0
GF_11538	0	1	1	0	0	0	0	0	0	1	0	0
GF_11539	0	1	1	0	0	0	0	0	0	1	0	0
GF_11540	0	1	1	0	0	0	0	0	0	1	0	0
GF_11541	0	1	1	0	0	0	0	0	0	1	0	0
GF_11542	0	1	1	0	0	0	0	0	0	1	0	0
GF_11543	0	1	1	0	0	0	0	0	0	1	0	0
GF_11544	0	1	1	0	0	0	0	0	0	1	0	0
GF_11545	0	1	1	0	0	0	0	0	0	1	0	0
GF_11546	0	1	1	0	0	0	0	0	0	1	0	0
GF_11547	0	1	1	0	0	0	0	0	0	1	0	0
GF_11548	0	0	1	0	0	0	1	0	0	1	0	0
GF_11549	0	1	1	0	0	0	0	0	0	1	0	0
GF_11550	0	1	1	0	0	0	0	0	0	1	0	0
GF_11551	0	1	1	0	0	0	0	0	0	1	0	0
GF_11552	0	1	1	0	0	1	0	0	0	0	0	0
GF_11553	0	1	1	0	0	0	0	0	0	1	0	0
GF_11554	0	1	1	0	0	0	0	0	0	1	0	0
GF_11555	0	1	1	0	0	0	0	0	0	1	0	0
GF_11556	0	1	1	0	0	0	1	0	0	0	0	0
GF_11557	0	1	1	0	0	0	0	0	0	1	0	0
GF_11558	0	1	1	0	0	0	0	0	0	1	0	0
GF_11559	0	1	1	0	0	0	0	0	0	1	0	0
GF_11560	0	1	1	0	0	0	0	0	0	1	0	0
GF_11561	0	1	1	0	0	0	0	0	0	1	0	0
GF_11562	0	1	1	0	0	0	0	0	0	1	0	0
GF_11563	0	1	1	0	0	0	0	0	0	1	0	0
GF_11564	0	1	1	0	0	0	0	0	0	1	0	0
GF_11565	0	1	1	0	0	0	0	0	0	1	0	0
GF_11566	0	1	1	0	0	0	0	0	0	1	0	0
GF_11567	0	1	1	0	0	0	0	0	0	1	0	0
GF_11568	0	1	1	0	0	0	0	0	0	1	0	0
GF_11569	0	1	1	0	0	0	0	0	0	1	0	0
GF_11570	0	1	1	0	0	0	0	0	0	1	0	0
GF_11571	0	1	1	0	0	0	0	0	0	1	0	0
GF_11572	0	1	1	0	0	0	0	0	0	1	0	0
GF_11573	0	1	1	0	0	0	0	0	0	1	0	0
GF_11574	0	1	1	0	0	0	0	0	0	1	0	0
GF_11575	0	1	1	0	0	0	0	0	0	1	0	0
GF_11576	0	1	1	0	0	0	0	0	0	1	0	0
GF_11577	0	1	1	0	0	0	0	0	0	1	0	0
GF_11578	0	0	1	0	0	0	0	0	1	1	0	0
GF_11579	0	1	1	0	0	0	0	0	1	0	0	0
GF_11580	0	1	1	0	0	0	0	0	0	1	0	0
GF_11581	0	1	1	0	0	0	0	0	0	1	0	0
GF_11582	0	0	1	0	0	1	0	0	0	1	0	0
GF_11583	0	1	1	0	0	0	0	0	0	1	0	0
GF_11584	0	1	1	0	0	0	0	0	0	1	0	0
GF_11585	0	1	1	0	0	0	0	0	0	1	0	0
GF_11586	0	1	1	0	0	0	0	0	0	1	0	0
GF_11587	0	1	1	0	0	0	0	0	0	1	0	0
GF_11588	0	1	1	0	0	0	1	0	0	0	0	0
GF_11589	0	1	1	0	0	0	0	0	0	1	0	0
GF_11590	0	0	1	0	0	1	0	0	0	1	0	0
GF_11591	0	1	1	0	0	0	0	0	0	1	0	0
GF_11592	0	0	1	0	1	0	0	0	0	1	0	0
GF_11593	0	1	1	0	0	0	0	0	0	1	0	0
GF_11594	0	1	1	0	0	0	0	0	0	1	0	0
GF_11595	0	1	1	0	0	0	0	0	0	1	0	0
GF_11596	0	1	1	0	0	0	0	0	0	1	0	0
GF_11597	0	1	1	0	0	0	0	0	0	1	0	0
GF_11598	0	1	1	0	0	0	0	0	0	1	0	0
GF_11599	0	1	1	0	0	0	0	0	0	1	0	0
GF_11600	0	0	1	0	0	0	1	0	0	1	0	0
GF_11601	0	1	1	0	0	0	0	0	0	1	0	0
GF_11602	0	1	1	0	0	0	0	0	0	1	0	0
GF_11603	0	1	1	0	0	0	0	0	0	1	0	0
GF_11604	0	0	1	0	0	0	0	0	0	1	0	1
GF_11605	0	1	1	0	0	0	0	0	0	1	0	0
GF_11606	0	1	1	0	0	0	0	0	0	1	0	0
GF_11607	0	1	1	0	0	0	0	0	0	1	0	0
GF_11608	0	0	1	0	1	0	0	0	0	1	0	0
GF_11609	0	1	1	0	1	0	0	0	0	0	0	0
GF_11610	0	1	1	0	0	0	0	0	0	1	0	0
GF_11611	0	1	1	0	0	0	0	0	0	1	0	0
GF_11612	0	1	1	0	0	0	0	0	0	1	0	0
GF_11613	0	1	1	0	0	0	0	0	0	1	0	0
GF_11614	0	1	1	0	0	0	0	0	0	1	0	0
GF_11615	0	1	1	0	0	0	0	0	0	1	0	0
GF_11616	0	0	1	0	1	0	1	0	0	0	0	0
GF_11617	0	0	1	0	0	0	0	0	0	1	0	1
GF_11618	0	1	1	0	0	0	0	0	0	1	0	0
GF_11619	0	0	1	0	1	0	1	0	0	0	0	0
GF_11620	0	1	1	0	0	0	0	0	0	1	0	0
GF_11621	0	0	1	0	0	1	0	0	0	1	0	0
GF_11622	0	1	1	0	0	0	0	0	0	1	0	0
GF_11623	0	1	1	0	0	0	0	0	0	1	0	0
GF_11624	0	1	1	0	0	0	0	0	0	1	0	0
GF_11625	0	1	1	0	0	0	0	0	0	1	0	0
GF_11626	0	1	1	0	0	0	0	0	0	1	0	0
GF_11627	0	1	1	0	0	0	0	0	0	1	0	0
GF_11628	0	1	1	0	0	0	0	0	0	1	0	0
GF_11629	0	1	1	0	0	0	0	0	0	1	0	0
GF_11630	0	1	1	0	0	0	0	0	0	1	0	0
GF_11631	0	1	1	0	0	0	1	0	0	0	0	0
GF_11632	0	0	1	0	0	0	0	0	1	1	0	0
GF_11633	0	1	1	0	0	0	1	0	0	0	0	0
GF_11634	0	1	1	0	0	0	0	0	0	1	0	0
GF_11635	0	1	1	0	0	0	0	0	0	1	0	0
GF_11636	0	1	1	0	0	0	0	0	0	1	0	0
GF_11637	0	1	1	0	0	0	0	0	0	1	0	0
GF_11638	0	1	1	0	0	0	0	0	0	1	0	0
GF_11639	0	1	1	0	0	0	0	0	0	1	0	0
GF_11640	0	1	1	0	0	0	0	0	1	0	0	0
GF_11641	0	1	1	0	0	0	0	0	0	1	0	0
GF_11642	0	1	1	0	0	0	0	0	0	1	0	0
GF_11643	0	1	1	0	0	0	0	0	1	0	0	0
GF_11644	0	1	1	0	0	0	0	0	0	1	0	0
GF_11645	0	0	1	0	0	0	0	0	1	1	0	0
GF_11646	0	1	1	0	0	0	0	0	0	0	0	1
GF_11647	0	1	1	0	1	0	0	0	0	0	0	0
GF_11648	0	0	1	0	0	0	1	0	0	1	0	0
GF_11649	0	1	1	0	0	0	0	0	0	1	0	0
GF_11650	1	0	0	0	0	0	0	0	0	0	1	1
GF_11651	1	0	0	0	0	0	0	1	0	0	0	1
GF_11652	0	0	0	0	0	0	0	1	1	0	1	0
GF_11653	0	1	0	0	0	0	0	0	1	1	0	0
GF_11654	0	0	0	0	0	0	0	1	1	0	1	0
GF_11655	0	0	1	0	0	0	0	0	1	0	0	1
GF_11656	1	0	0	0	0	0	0	0	1	0	0	1
GF_11657	0	0	0	1	0	0	0	0	1	0	0	1
GF_11658	1	0	0	0	0	0	0	0	1	0	0	1
GF_11659	0	1	1	0	0	0	0	0	0	1	0	0
GF_11660	1	0	0	0	0	0	0	0	1	0	1	0
GF_11661	0	1	1	0	0	0	0	0	0	1	0	0
GF_11662	0	0	1	0	0	1	0	0	0	1	0	0
GF_11663	0	1	1	0	0	0	0	0	0	1	0	0
GF_11664	0	1	1	0	0	0	0	0	0	1	0	0
GF_11665	0	1	1	0	0	0	0	0	0	1	0	0
GF_11666	0	1	1	0	0	0	0	0	0	1	0	0
GF_11667	0	1	1	0	0	1	0	0	0	0	0	0
GF_11668	0	1	1	0	0	0	0	0	0	1	0	0
GF_11669	0	1	1	0	1	0	0	0	0	0	0	0
GF_11670	0	1	1	0	0	0	0	0	0	1	0	0
GF_11671	0	1	1	0	0	0	0	0	0	1	0	0
GF_11672	0	1	1	0	0	0	0	0	0	1	0	0
GF_11673	0	0	1	0	0	1	0	0	0	1	0	0
GF_11674	0	1	1	0	0	1	0	0	0	0	0	0
GF_11675	0	1	1	0	0	0	0	0	0	1	0	0
GF_11676	0	1	1	0	0	0	0	0	0	1	0	0
GF_11677	0	1	1	0	0	0	0	0	0	1	0	0
GF_11678	0	1	1	0	0	0	0	0	0	1	0	0
GF_11679	0	0	1	0	0	1	0	0	0	1	0	0
GF_11680	0	1	1	0	0	0	0	0	0	1	0	0
GF_11681	0	1	1	0	0	0	0	0	0	1	0	0
GF_11682	0	1	1	0	0	0	0	0	0	1	0	0
GF_11683	0	1	1	0	0	0	0	0	0	1	0	0
GF_11684	0	1	1	0	0	0	0	0	0	1	0	0
GF_11685	0	1	1	0	0	0	0	0	0	1	0	0
GF_11686	0	1	1	0	0	0	0	0	0	1	0	0
GF_11687	0	1	1	0	0	0	0	0	0	1	0	0
GF_11688	0	1	1	0	0	0	0	0	0	1	0	0
GF_11689	0	1	1	0	0	0	0	0	0	1	0	0
GF_11690	0	1	1	0	0	0	0	0	0	1	0	0
GF_11691	0	1	1	0	0	1	0	0	0	0	0	0
GF_11692	0	1	1	0	0	0	0	0	0	1	0	0
GF_11693	1	0	0	0	0	0	0	1	0	0	0	1
GF_11694	1	0	0	0	0	0	0	1	0	0	0	1
GF_11695	1	0	0	0	0	0	0	1	0	0	0	1
GF_11696	1	0	0	1	0	0	0	1	0	0	0	0
GF_11697	1	0	0	1	0	0	0	1	0	0	0	0
GF_11698	1	0	0	0	0	0	0	1	0	0	0	1
GF_11699	1	0	0	0	0	0	0	1	0	0	0	1
GF_11700	1	0	0	0	0	0	0	1	0	0	0	1
GF_11701	0	0	0	0	0	0	0	1	0	0	1	1
GF_11702	1	0	0	1	0	0	0	1	0	0	0	0
GF_11703	1	0	0	1	0	0	0	1	0	0	0	0
GF_11704	1	0	0	0	0	0	0	1	0	0	0	1
GF_11705	1	0	0	1	0	0	0	1	0	0	0	0
GF_11706	1	0	0	1	0	0	0	1	0	0	0	0
GF_11707	1	0	0	1	0	0	0	1	0	0	0	0
GF_11708	1	0	0	0	0	0	0	1	0	0	1	0
GF_11709	1	0	0	0	0	0	0	1	0	0	0	1
GF_11710	1	0	0	0	0	0	0	1	0	0	1	0
GF_11711	1	0	0	0	0	0	0	1	0	0	1	0
GF_11712	1	0	0	1	0	0	0	0	0	0	0	1
GF_11713	1	0	0	1	0	0	0	1	0	0	0	0
GF_11714	1	0	0	0	0	0	0	1	0	0	0	1
GF_11715	1	0	0	0	0	0	0	1	0	0	0	1
GF_11716	1	0	0	0	0	0	0	1	0	0	1	0
GF_11717	1	0	0	0	0	0	0	1	0	0	0	1
GF_11718	1	0	0	0	0	0	0	1	0	0	0	1
GF_11719	1	0	0	1	0	0	0	1	0	0	0	0
GF_11720	1	0	0	0	0	0	0	1	0	0	0	1
GF_11721	1	0	0	1	0	0	0	1	0	0	0	0
GF_11722	1	0	0	0	0	0	0	1	0	0	1	0
GF_11723	1	0	0	0	0	0	0	1	0	0	1	0
GF_11724	1	0	0	0	0	0	0	0	0	0	1	1
GF_11725	1	0	0	0	0	0	0	1	0	0	1	0
GF_11726	1	0	0	1	0	0	0	1	0	0	0	0
GF_11727	1	0	0	0	0	0	0	1	0	0	1	0
GF_11728	1	0	0	0	0	0	0	1	0	0	0	1
GF_11729	1	0	0	0	0	0	0	1	0	0	0	1
GF_11730	1	0	0	0	0	0	0	0	0	0	1	1
GF_11731	1	0	0	0	0	0	0	1	0	0	0	1
GF_11732	1	0	0	0	0	0	0	1	0	0	0	1
GF_11733	1	0	0	0	0	0	0	1	0	0	1	0
GF_11734	1	0	0	1	0	0	0	1	0	0	0	0
GF_11735	1	0	0	0	0	0	0	1	0	0	0	1
GF_11736	1	0	0	0	0	0	0	1	0	0	0	1
GF_11737	1	0	0	0	0	0	0	1	0	0	0	1
GF_11738	1	0	0	1	0	0	0	1	0	0	0	0
GF_11739	1	0	0	0	0	0	0	1	0	0	1	0
GF_11740	1	0	0	0	0	0	0	1	0	0	0	1
GF_11741	1	0	0	0	0	0	0	1	0	0	1	0
GF_11742	1	0	0	0	0	0	0	1	0	0	1	0
GF_11743	1	0	0	0	0	0	0	1	0	0	1	0
GF_11744	1	0	0	0	0	0	0	1	0	0	0	1
GF_11745	1	0	0	1	0	0	0	1	0	0	0	0
GF_11746	1	0	0	0	0	0	0	1	0	0	1	0
GF_11747	1	0	0	0	0	0	0	1	0	0	0	1
GF_11748	1	0	0	0	0	0	0	1	0	0	1	0
GF_11749	1	0	0	0	0	0	0	1	0	0	0	1
GF_11750	1	0	0	0	0	0	0	1	0	0	1	0
GF_11751	1	0	0	0	0	0	0	1	0	0	0	1
GF_11752	1	0	0	0	0	0	0	1	0	0	1	0
GF_11753	1	0	0	1	0	0	0	1	0	0	0	0
GF_11754	0	0	0	1	0	0	0	1	0	0	1	0
GF_11755	1	0	0	0	0	0	0	1	0	0	0	1
GF_11756	1	0	0	0	0	0	0	1	0	0	1	0
GF_11757	1	0	0	0	0	0	0	1	0	0	0	1
GF_11758	0	0	0	0	0	0	0	1	0	0	1	1
GF_11759	1	0	0	0	0	0	0	0	0	0	1	1
GF_11760	1	0	0	0	0	0	0	1	0	0	0	1
GF_11761	0	0	0	0	0	0	0	1	0	0	1	1
GF_11762	0	0	0	0	0	0	0	1	0	0	1	1
GF_11763	0	0	0	0	0	0	0	1	0	0	1	1
GF_11764	0	0	0	0	0	0	0	1	1	0	0	1
GF_11765	0	0	1	0	0	0	0	1	0	0	0	1
GF_11766	0	0	0	0	0	0	0	1	0	0	1	1
GF_11767	0	0	0	0	0	0	0	1	0	0	1	1
GF_11768	0	0	0	0	0	0	0	1	0	0	1	1
GF_11769	0	0	0	1	0	0	0	1	0	0	0	1
GF_11770	0	0	0	1	0	0	0	1	0	0	0	1
GF_11771	0	0	0	0	0	0	0	1	0	0	1	1
GF_11772	1	0	0	1	0	0	0	0	0	0	0	1
GF_11773	1	0	0	1	0	0	0	0	0	0	0	1
GF_11774	0	0	0	1	0	0	0	1	0	0	0	1
GF_11775	0	0	0	0	0	0	0	1	0	0	1	1
GF_11776	0	0	0	0	0	0	0	1	0	0	1	1
GF_11777	0	0	0	0	0	0	0	1	0	0	1	1
GF_11778	0	0	0	0	0	0	0	1	0	0	1	1
GF_11779	0	0	0	0	0	0	0	1	0	0	1	1
GF_11780	0	0	0	0	0	0	0	1	0	0	1	1
GF_11781	0	0	0	1	0	0	0	1	0	0	0	1
GF_11782	0	0	0	1	0	0	0	0	0	0	1	1
GF_11783	0	0	0	0	0	0	0	1	0	0	1	1
GF_11784	0	0	0	0	0	0	0	1	0	0	1	1
GF_11785	0	0	0	0	0	0	0	1	0	0	1	1
GF_11786	0	0	0	1	0	0	0	1	0	0	0	1
GF_11787	1	0	0	1	0	0	0	0	0	0	0	1
GF_11788	0	0	0	0	0	0	0	1	0	0	1	1
GF_11789	0	0	0	0	0	0	0	1	0	0	1	1
GF_11790	0	0	0	1	0	0	0	1	0	0	0	1
GF_11791	0	0	0	1	0	0	0	1	0	0	0	1
GF_11792	0	0	0	1	0	0	0	1	0	0	0	1
GF_11793	0	0	0	0	0	0	0	1	0	0	1	1
GF_11794	1	0	0	1	0	0	0	0	0	0	0	1
GF_11795	0	0	0	1	0	0	0	1	0	0	0	1
GF_11796	0	0	0	0	0	0	0	1	0	0	1	1
GF_11797	0	0	0	0	0	0	0	1	0	0	1	1
GF_11798	0	0	0	0	0	0	0	1	1	0	0	1
GF_11799	0	0	0	0	0	0	0	1	0	0	1	1
GF_11800	1	0	0	0	0	0	0	0	0	0	1	1
GF_11801	1	0	0	0	0	0	0	0	0	0	1	1
GF_11802	0	0	0	0	0	0	0	1	0	0	1	1
GF_11803	0	0	0	0	0	0	0	1	0	0	1	1
GF_11804	0	0	0	1	0	0	0	1	0	0	0	1
GF_11805	0	0	0	1	0	0	0	1	0	0	0	1
GF_11806	1	0	0	0	0	0	0	0	0	0	1	1
GF_11807	0	0	0	1	0	0	0	1	0	0	0	1
GF_11808	0	0	1	0	0	0	0	1	0	0	0	1
GF_11809	0	0	0	1	0	0	0	1	0	0	0	1
GF_11810	0	0	0	1	0	0	0	1	0	0	0	1
GF_11811	0	0	0	0	0	0	0	1	0	0	1	1
GF_11812	1	0	0	0	0	0	0	0	0	0	1	1
GF_11813	0	0	0	1	0	0	0	1	0	0	0	1
GF_11814	0	0	0	1	0	0	0	1	0	0	0	1
GF_11815	0	0	0	1	0	0	0	1	0	0	1	0
GF_11816	0	0	0	1	0	0	0	1	0	0	0	1
GF_11817	0	0	0	1	0	0	0	1	0	0	0	1
GF_11818	0	0	0	1	0	0	0	1	0	0	0	1
GF_11819	0	0	0	1	0	0	0	1	0	0	0	1
GF_11820	0	1	1	0	0	0	0	0	1	0	0	0
GF_11821	0	0	1	0	0	0	0	0	1	1	0	0
GF_11822	0	0	0	0	0	0	0	1	0	0	1	1
GF_11823	0	0	0	1	0	0	0	1	0	0	0	1
GF_11824	0	0	0	0	0	0	0	1	0	0	1	1
GF_11825	0	0	0	1	0	0	0	1	0	0	0	1
GF_11826	0	0	0	0	0	0	0	1	0	0	1	1
GF_11827	0	0	0	0	0	0	0	1	0	0	1	1
GF_11828	1	0	0	0	0	0	0	0	0	0	1	1
GF_11829	0	0	0	0	0	0	0	1	0	0	1	1
GF_11830	0	0	0	1	0	0	0	1	0	0	0	1
GF_11831	1	0	0	1	0	0	0	0	0	0	0	1
GF_11832	0	0	0	0	0	0	0	1	0	0	1	1
GF_11833	0	0	0	0	0	0	0	1	0	0	1	1
GF_11834	0	0	0	0	0	0	0	1	0	0	1	1
GF_11835	0	0	0	1	0	0	0	1	0	0	0	1
GF_11836	1	0	0	1	0	0	0	0	0	0	0	1
GF_11837	0	0	0	0	0	0	0	1	0	0	1	1
GF_11838	0	0	0	1	0	0	0	1	0	0	0	1
GF_11839	0	0	0	1	0	0	0	1	0	0	0	1
GF_11840	1	0	0	0	0	0	0	0	0	0	1	1
GF_11841	1	0	0	0	0	0	0	0	0	0	1	1
GF_11842	0	0	0	1	0	0	0	0	0	0	1	1
GF_11843	0	0	0	1	0	0	0	1	0	0	0	1
GF_11844	0	0	0	1	0	0	0	1	0	0	0	1
GF_11845	1	0	0	1	0	0	0	0	0	0	0	1
GF_11846	1	0	0	1	0	0	0	0	0	0	0	1
GF_11847	1	0	0	0	0	0	0	0	0	0	1	1
GF_11848	0	0	0	1	0	0	0	1	0	0	0	1
GF_11849	0	0	0	0	0	0	0	1	0	0	1	1
GF_11850	0	0	0	1	0	0	0	1	0	0	0	1
GF_11851	1	0	0	0	0	0	0	0	0	0	1	1
GF_11852	0	0	0	0	0	0	0	1	0	0	1	1
GF_11853	0	0	0	1	0	0	0	1	0	0	0	1
GF_11854	0	0	0	0	0	0	0	1	0	0	1	1
GF_11855	0	0	0	0	0	0	0	1	0	0	1	1
GF_11856	0	0	0	1	0	0	0	1	0	0	0	1
GF_11857	1	0	0	0	0	0	0	0	0	0	1	1
GF_11858	1	0	0	1	0	0	0	0	0	0	0	1
GF_11859	0	0	0	0	0	0	0	1	0	0	1	1
GF_11860	1	0	0	0	0	0	0	0	0	0	1	1
GF_11861	1	0	0	0	0	0	0	0	0	0	1	1
GF_11862	0	0	0	0	0	0	0	1	0	0	1	1
GF_11863	0	0	0	0	0	0	0	1	0	0	1	1
GF_11864	0	0	0	0	0	0	0	1	0	0	1	1
GF_11865	0	0	0	0	0	0	0	1	0	0	1	1
GF_11866	0	0	0	1	0	0	0	1	0	0	0	1
GF_11867	1	0	0	1	0	0	0	0	0	0	0	1
GF_11868	0	0	0	0	0	0	0	1	0	0	1	1
GF_11869	0	0	0	1	0	0	0	1	0	0	0	1
GF_11870	0	0	0	0	0	0	0	1	0	0	1	1
GF_11871	0	0	0	1	0	0	0	1	0	0	0	1
GF_11872	1	0	0	0	0	0	0	0	0	0	1	1
GF_11873	0	0	0	0	0	0	0	1	0	0	1	1
GF_11874	0	0	0	1	0	0	0	1	0	0	0	1
GF_11875	0	0	0	0	0	0	0	1	0	0	1	1
GF_11876	0	0	0	0	0	0	0	1	0	0	1	1
GF_11877	0	0	0	0	0	0	0	1	0	0	1	1
GF_11878	1	0	0	1	0	0	0	0	0	0	0	1
GF_11879	0	0	0	1	0	0	0	0	0	0	1	1
GF_11880	1	0	0	1	0	0	0	0	0	0	0	1
GF_11881	0	0	0	1	0	0	0	1	0	0	0	1
GF_11882	0	0	0	0	0	0	0	1	0	0	1	1
GF_11883	1	0	0	0	0	0	0	0	0	0	1	1
GF_11884	1	0	0	0	0	0	0	0	0	0	1	1
GF_11885	1	0	0	0	0	0	0	0	0	0	1	1
GF_11886	1	0	0	0	0	0	0	0	0	0	1	1
GF_11887	1	0	0	0	0	0	0	0	0	0	1	1
GF_11888	0	0	0	1	0	0	0	1	0	0	0	1
GF_11889	1	0	0	1	0	0	0	0	0	0	0	1
GF_11890	0	0	0	1	0	0	0	1	0	0	0	1
GF_11891	1	0	0	0	0	0	0	0	1	0	0	1
GF_11892	1	0	0	1	0	0	0	0	0	0	0	1
GF_11893	1	0	0	1	0	0	0	0	0	0	0	1
GF_11894	0	0	0	1	0	0	0	1	0	0	0	1
GF_11895	0	0	0	1	0	0	0	1	0	0	0	1
GF_11896	1	0	0	1	0	0	0	0	0	0	0	1
GF_11897	1	0	0	0	0	0	0	0	0	0	1	1
GF_11898	0	0	0	1	0	0	0	1	0	0	0	1
GF_11899	1	0	0	0	0	0	0	0	0	0	1	1
GF_11900	0	0	0	0	0	0	0	1	0	0	1	1
GF_11901	0	1	0	0	0	0	1	0	0	1	0	0
GF_11902	0	1	0	0	0	1	0	0	0	1	0	0
GF_11903	0	1	0	0	0	1	0	0	0	1	0	0
GF_11904	0	0	0	0	1	1	1	0	0	0	0	0
GF_11905	0	1	0	0	0	0	1	0	0	1	0	0
GF_11906	0	1	0	0	1	0	0	0	0	1	0	0
GF_11907	0	1	0	0	0	1	0	0	0	1	0	0
GF_11908	0	1	0	0	1	1	0	0	0	0	0	0
GF_11909	0	1	0	0	0	1	0	0	0	1	0	0
GF_11910	0	1	0	0	0	0	1	0	0	1	0	0
GF_11911	0	1	0	0	0	0	0	0	0	1	1	0
GF_11912	0	1	0	0	0	0	1	0	0	1	0	0
GF_11913	0	1	0	0	0	1	0	0	1	0	0	0
GF_11914	1	0	0	1	0	0	0	0	1	0	0	0
GF_11915	0	0	0	1	0	0	0	0	1	0	0	1
GF_11916	0	0	0	0	0	0	1	0	1	0	0	1
GF_11917	0	0	0	0	0	0	1	0	1	1	0	0
GF_11918	0	1	0	0	0	0	1	0	0	1	0	0
GF_11919	0	1	0	0	0	1	0	0	0	1	0	0
GF_11920	0	1	0	0	0	1	0	0	0	1	0	0
GF_11921	0	1	0	0	0	0	1	0	0	1	0	0
GF_11922	0	1	0	0	0	0	1	0	0	1	0	0
GF_11923	0	1	0	0	0	0	1	0	0	1	0	0
GF_11924	0	1	0	0	0	0	1	0	0	1	0	0
GF_11925	0	1	0	0	0	1	0	0	0	1	0	0
GF_11926	0	1	0	0	1	0	0	0	0	1	0	0
GF_11927	0	1	0	0	0	0	1	0	0	1	0	0
GF_11928	0	1	0	0	0	0	1	0	0	1	0	0
GF_11929	0	1	0	0	0	1	0	0	0	1	0	0
GF_11930	0	1	0	0	0	1	0	0	0	1	0	0
GF_11931	0	1	0	0	0	1	0	0	0	1	0	0
GF_11932	0	1	0	0	0	1	0	0	0	1	0	0
GF_11933	0	0	0	0	1	1	1	0	0	0	0	0
GF_11934	0	0	0	0	0	1	1	0	0	1	0	0
GF_11935	0	0	0	0	0	1	1	0	0	1	0	0
GF_11936	0	1	0	0	0	1	1	0	0	0	0	0
GF_11937	0	0	0	0	0	1	1	0	0	1	0	0
GF_11938	0	0	0	0	1	1	1	0	0	0	0	0
GF_11939	0	0	0	0	1	1	1	0	0	0	0	0
GF_11940	0	0	1	0	0	1	1	0	0	0	0	0
GF_11941	0	1	0	0	0	1	1	0	0	0	0	0
GF_11942	0	1	0	0	0	1	1	0	0	0	0	0
GF_11943	0	1	0	0	0	1	1	0	0	0	0	0
GF_11944	0	0	0	0	0	1	1	0	0	1	0	0
GF_11945	0	0	0	0	1	1	1	0	0	0	0	0
GF_11946	0	0	0	0	1	1	1	0	0	0	0	0
GF_11947	0	0	0	0	1	1	1	0	0	0	0	0
GF_11948	0	1	0	0	0	1	1	0	0	0	0	0
GF_11949	0	0	1	0	0	1	1	0	0	0	0	0
GF_11950	0	1	0	0	0	1	1	0	0	0	0	0
GF_11951	0	0	1	0	0	1	1	0	0	0	0	0
GF_11952	0	0	0	0	1	1	1	0	0	0	0	0
GF_11953	0	0	1	0	0	1	1	0	0	0	0	0
GF_11954	0	0	1	0	0	1	1	0	0	0	0	0
GF_11955	0	0	1	0	0	1	1	0	0	0	0	0
GF_11956	0	0	0	0	1	1	1	0	0	0	0	0
GF_11957	0	0	1	0	0	1	1	0	0	0	0	0
GF_11958	0	0	1	0	0	1	1	0	0	0	0	0
GF_11959	0	0	0	0	1	1	1	0	0	0	0	0
GF_11960	0	0	0	1	0	0	0	0	1	0	0	1
GF_11961	0	0	0	1	0	0	0	0	1	0	1	0
GF_11962	0	0	0	1	0	0	0	0	1	0	0	1
GF_11963	0	0	0	0	0	0	0	0	1	0	1	1
GF_11964	0	1	0	0	0	1	1	0	0	0	0	0
GF_11965	0	0	0	1	0	0	0	0	0	0	1	1
GF_11966	0	1	0	0	0	1	1	0	0	0	0	0
GF_11967	0	1	0	0	0	1	1	0	0	0	0	0
GF_11968	0	1	0	0	0	1	1	0	0	0	0	0
GF_11969	0	0	1	0	0	1	1	0	0	0	0	0
GF_11970	0	0	0	0	1	1	1	0	0	0	0	0
GF_11971	0	0	0	0	0	0	1	0	0	0	1	1
GF_11972	0	1	0	0	0	1	1	0	0	0	0	0
GF_11973	0	0	0	0	1	1	1	0	0	0	0	0
GF_11974	0	1	0	0	1	1	0	0	0	0	0	0
GF_11975	0	0	0	1	0	0	0	1	0	0	1	0
GF_11976	0	1	0	1	0	0	0	0	0	0	1	0
GF_11977	1	0	0	1	0	0	0	0	0	0	1	0
GF_11978	1	0	0	1	0	0	0	0	0	0	1	0
GF_11979	0	0	0	1	0	0	0	0	1	0	0	1
GF_11980	1	0	0	1	0	0	0	0	1	0	0	0
GF_11981	1	0	0	1	0	0	0	0	0	0	1	0
GF_11982	1	0	0	1	0	0	0	0	0	0	1	0
GF_11983	0	0	1	1	0	0	0	1	0	0	0	0
GF_11984	0	0	0	1	0	0	0	1	0	0	1	0
GF_11985	1	0	0	1	0	0	0	0	0	0	1	0
GF_11986	0	0	0	1	0	0	0	1	0	0	1	0
GF_11987	1	0	0	1	0	0	0	0	0	0	1	0
GF_11988	1	0	0	1	0	0	0	0	0	0	1	0
GF_11989	0	0	0	1	0	0	0	0	0	0	1	1
GF_11990	0	0	0	1	0	0	0	1	0	0	1	0
GF_11991	1	0	0	1	0	0	0	0	0	0	1	0
GF_11992	1	0	0	1	0	0	0	0	0	0	1	0
GF_11993	1	0	0	1	0	0	0	0	0	0	1	0
GF_11994	1	0	0	1	0	0	0	0	0	0	1	0
GF_11995	1	0	0	1	0	0	0	0	0	0	1	0
GF_11996	0	0	0	1	0	0	0	0	0	0	1	1
GF_11997	1	0	0	1	0	0	0	0	0	0	1	0
GF_11998	0	0	0	1	0	0	0	0	0	0	1	1
GF_11999	0	0	0	1	0	0	0	0	0	0	1	1
GF_12000	0	0	0	1	0	0	0	2	0	0	0	0
GF_12001	1	0	0	1	0	0	0	0	0	0	1	0
GF_12002	1	0	0	1	0	0	0	0	0	0	1	0
GF_12003	1	0	0	1	0	0	0	0	0	0	1	0
GF_12004	1	0	0	1	0	0	0	0	0	0	1	0
GF_12005	0	0	0	1	0	0	0	0	0	0	1	1
GF_12006	0	0	0	1	0	0	0	0	0	0	1	1
GF_12007	0	0	0	1	0	0	0	1	0	0	1	0
GF_12008	0	0	0	1	0	0	0	0	0	0	1	1
GF_12009	1	0	0	1	0	0	0	0	0	0	1	0
GF_12010	0	0	0	1	0	0	0	1	0	0	1	0
GF_12011	1	0	0	1	0	0	0	0	0	0	1	0
GF_12012	0	0	0	1	0	0	0	0	0	0	2	0
GF_12013	0	0	0	1	0	0	0	1	0	0	1	0
GF_12014	1	0	0	1	0	0	0	0	0	0	1	0
GF_12015	1	0	0	0	0	0	0	1	0	0	1	0
GF_12016	0	0	0	1	0	0	0	0	0	0	1	1
GF_12017	1	0	0	1	0	0	0	0	0	0	1	0
GF_12018	0	0	0	1	0	0	0	0	0	0	1	1
GF_12019	1	0	0	1	0	0	0	0	0	0	1	0
GF_12020	0	0	0	1	0	0	0	0	0	0	1	1
GF_12021	0	0	0	1	0	0	0	1	0	0	1	0
GF_12022	1	0	0	1	0	0	0	0	0	0	1	0
GF_12023	1	0	0	1	0	0	0	0	0	0	1	0
GF_12024	0	0	0	1	0	0	0	1	0	0	1	0
GF_12025	0	0	0	1	0	0	0	1	0	0	1	0
GF_12026	1	0	0	1	0	0	0	0	0	0	1	0
GF_12027	1	0	0	1	0	0	0	0	0	0	1	0
GF_12028	0	0	0	1	0	0	0	0	1	0	1	0
GF_12029	0	0	0	1	0	0	0	0	0	0	1	1
GF_12030	0	0	0	1	0	0	0	0	0	0	1	1
GF_12031	0	0	0	1	0	0	0	1	0	0	1	0
GF_12032	0	0	0	1	0	0	0	0	0	0	1	1
GF_12033	0	0	0	1	0	0	0	1	0	0	1	0
GF_12034	1	0	0	1	0	0	0	0	0	0	1	0
GF_12035	0	0	0	1	0	0	0	1	0	0	1	0
GF_12036	0	0	0	1	0	0	0	1	0	0	1	0
GF_12037	0	1	0	0	0	0	0	0	1	1	0	0
GF_12038	0	0	0	0	0	0	1	0	1	1	0	0
GF_12039	0	0	1	0	0	0	0	1	0	1	0	0
GF_12040	1	0	0	0	0	0	0	0	0	0	1	1
GF_12041	1	0	0	0	0	0	0	1	0	0	1	0
GF_12042	0	0	0	0	0	0	0	1	0	0	1	1
GF_12043	0	1	0	0	0	0	1	0	0	1	0	0
GF_12044	0	0	0	0	0	0	0	0	0	2	0	0
GF_12045	0	0	0	0	0	0	0	0	0	2	0	0
GF_12046	0	0	0	0	0	0	0	0	0	2	0	0
GF_12047	0	0	0	0	0	0	0	0	0	2	0	0
GF_12048	0	0	0	0	0	0	0	0	0	2	0	0
GF_12049	0	0	0	0	0	0	0	0	0	2	0	0
GF_12050	0	0	0	0	0	0	0	0	0	2	0	0
GF_12051	0	0	0	0	0	0	0	0	0	2	0	0
GF_12052	0	0	0	0	0	0	0	0	0	2	0	0
GF_12053	0	0	0	0	0	0	0	0	0	2	0	0
GF_12054	0	0	0	0	0	0	0	0	0	2	0	0
GF_12055	0	0	0	0	0	0	0	0	0	2	0	0
GF_12056	0	0	0	0	0	0	0	0	0	2	0	0
GF_12057	0	0	0	0	0	0	0	0	0	2	0	0
GF_12058	0	0	0	0	0	0	0	0	0	2	0	0
GF_12059	0	0	0	0	0	0	0	0	0	2	0	0
GF_12060	0	0	0	0	0	0	0	0	0	2	0	0
GF_12061	0	0	0	0	0	0	0	0	0	2	0	0
GF_12062	0	0	0	0	0	0	0	0	0	2	0	0
GF_12063	0	0	0	0	0	0	0	0	0	2	0	0
GF_12064	0	0	0	0	0	0	0	0	0	2	0	0
GF_12065	0	0	0	0	0	0	0	0	0	2	0	0
GF_12066	0	0	0	0	0	0	0	0	0	2	0	0
GF_12067	0	0	0	0	0	0	0	0	0	2	0	0
GF_12068	0	0	0	0	0	0	0	0	0	2	0	0
GF_12069	0	0	0	0	0	0	0	0	0	2	0	0
GF_12070	0	0	0	0	0	0	0	0	0	2	0	0
GF_12071	0	0	0	0	0	0	0	0	0	2	0	0
GF_12072	0	0	0	0	0	0	0	0	0	2	0	0
GF_12073	0	0	0	0	0	0	0	0	0	2	0	0
GF_12074	0	0	0	0	0	0	0	0	0	2	0	0
GF_12075	0	0	0	0	0	0	0	0	0	2	0	0
GF_12076	0	0	0	0	0	0	0	0	0	2	0	0
GF_12077	0	0	0	0	0	0	0	0	0	2	0	0
GF_12078	0	0	0	0	0	0	0	0	0	2	0	0
GF_12079	0	0	0	0	0	0	0	0	0	2	0	0
GF_12080	0	0	0	0	0	0	0	0	0	2	0	0
GF_12081	0	0	0	0	0	0	0	0	0	2	0	0
GF_12082	0	0	0	0	0	0	0	0	0	2	0	0
GF_12083	0	0	0	0	0	0	0	0	0	2	0	0
GF_12084	0	0	0	0	0	0	0	0	0	2	0	0
GF_12085	0	0	0	0	0	0	0	0	0	2	0	0
GF_12086	0	0	0	0	0	0	0	0	0	2	0	0
GF_12087	0	0	0	0	0	0	0	0	0	2	0	0
GF_12088	0	0	0	0	0	0	0	0	0	2	0	0
GF_12089	0	0	0	0	0	0	0	0	0	2	0	0
GF_12090	0	0	0	0	0	0	0	0	0	2	0	0
GF_12091	0	0	0	0	0	0	0	0	0	2	0	0
GF_12092	0	0	0	0	0	0	0	0	0	2	0	0
GF_12093	0	0	0	0	0	0	0	0	0	2	0	0
GF_12094	0	0	0	0	0	0	0	0	0	2	0	0
GF_12095	0	0	0	0	0	0	0	0	0	2	0	0
GF_12096	0	0	0	0	0	0	0	0	0	2	0	0
GF_12097	0	0	0	0	0	0	0	0	0	2	0	0
GF_12098	0	0	0	0	0	0	0	0	0	2	0	0
GF_12099	0	0	0	0	0	0	0	0	0	2	0	0
GF_12100	0	0	0	0	0	0	0	0	0	2	0	0
GF_12101	0	0	0	0	0	0	0	0	0	2	0	0
GF_12102	0	0	0	0	0	0	0	0	0	2	0	0
GF_12103	0	0	0	0	0	0	0	0	0	2	0	0
GF_12104	0	0	0	0	0	0	0	0	0	2	0	0
GF_12105	0	0	0	0	0	0	0	0	0	2	0	0
GF_12106	0	0	0	0	0	0	0	0	0	2	0	0
GF_12107	0	0	0	0	0	0	0	0	0	2	0	0
GF_12108	0	0	0	0	0	0	0	0	0	2	0	0
GF_12109	0	0	0	0	0	0	0	0	0	2	0	0
GF_12110	0	0	0	0	0	0	0	0	0	2	0	0
GF_12111	0	0	0	0	0	0	0	0	0	2	0	0
GF_12112	0	0	2	0	0	0	0	0	0	0	0	0
GF_12113	0	0	2	0	0	0	0	0	0	0	0	0
GF_12114	0	0	2	0	0	0	0	0	0	0	0	0
GF_12115	0	0	2	0	0	0	0	0	0	0	0	0
GF_12116	0	0	2	0	0	0	0	0	0	0	0	0
GF_12117	0	0	2	0	0	0	0	0	0	0	0	0
GF_12118	0	0	2	0	0	0	0	0	0	0	0	0
GF_12119	0	0	2	0	0	0	0	0	0	0	0	0
GF_12120	0	0	2	0	0	0	0	0	0	0	0	0
GF_12121	0	0	2	0	0	0	0	0	0	0	0	0
GF_12122	0	0	2	0	0	0	0	0	0	0	0	0
GF_12123	0	0	2	0	0	0	0	0	0	0	0	0
GF_12124	0	0	2	0	0	0	0	0	0	0	0	0
GF_12125	0	0	2	0	0	0	0	0	0	0	0	0
GF_12126	0	0	2	0	0	0	0	0	0	0	0	0
GF_12127	0	0	2	0	0	0	0	0	0	0	0	0
GF_12128	0	0	2	0	0	0	0	0	0	0	0	0
GF_12129	0	0	2	0	0	0	0	0	0	0	0	0
GF_12130	0	0	2	0	0	0	0	0	0	0	0	0
GF_12131	0	0	2	0	0	0	0	0	0	0	0	0
GF_12132	0	0	2	0	0	0	0	0	0	0	0	0
GF_12133	0	0	2	0	0	0	0	0	0	0	0	0
GF_12134	0	0	2	0	0	0	0	0	0	0	0	0
GF_12135	0	0	2	0	0	0	0	0	0	0	0	0
GF_12136	0	0	2	0	0	0	0	0	0	0	0	0
GF_12137	0	0	2	0	0	0	0	0	0	0	0	0
GF_12138	0	0	2	0	0	0	0	0	0	0	0	0
GF_12139	0	0	2	0	0	0	0	0	0	0	0	0
GF_12140	0	0	2	0	0	0	0	0	0	0	0	0
GF_12141	0	0	2	0	0	0	0	0	0	0	0	0
GF_12142	0	0	2	0	0	0	0	0	0	0	0	0
GF_12143	0	0	2	0	0	0	0	0	0	0	0	0
GF_12144	0	0	2	0	0	0	0	0	0	0	0	0
GF_12145	0	0	2	0	0	0	0	0	0	0	0	0
GF_12146	0	0	2	0	0	0	0	0	0	0	0	0
GF_12147	0	0	2	0	0	0	0	0	0	0	0	0
GF_12148	0	0	2	0	0	0	0	0	0	0	0	0
GF_12149	0	0	2	0	0	0	0	0	0	0	0	0
GF_12150	0	0	2	0	0	0	0	0	0	0	0	0
GF_12151	0	0	2	0	0	0	0	0	0	0	0	0
GF_12152	0	0	2	0	0	0	0	0	0	0	0	0
GF_12153	0	0	2	0	0	0	0	0	0	0	0	0
GF_12154	0	0	2	0	0	0	0	0	0	0	0	0
GF_12155	0	0	2	0	0	0	0	0	0	0	0	0
GF_12156	0	0	2	0	0	0	0	0	0	0	0	0
GF_12157	0	0	2	0	0	0	0	0	0	0	0	0
GF_12158	0	0	2	0	0	0	0	0	0	0	0	0
GF_12159	0	0	2	0	0	0	0	0	0	0	0	0
GF_12160	0	0	2	0	0	0	0	0	0	0	0	0
GF_12161	0	0	2	0	0	0	0	0	0	0	0	0
GF_12162	0	0	2	0	0	0	0	0	0	0	0	0
GF_12163	0	0	2	0	0	0	0	0	0	0	0	0
GF_12164	0	0	2	0	0	0	0	0	0	0	0	0
GF_12165	0	0	2	0	0	0	0	0	0	0	0	0
GF_12166	0	0	2	0	0	0	0	0	0	0	0	0
GF_12167	0	0	2	0	0	0	0	0	0	0	0	0
GF_12168	0	0	2	0	0	0	0	0	0	0	0	0
GF_12169	0	0	2	0	0	0	0	0	0	0	0	0
GF_12170	0	0	2	0	0	0	0	0	0	0	0	0
GF_12171	0	0	2	0	0	0	0	0	0	0	0	0
GF_12172	0	0	2	0	0	0	0	0	0	0	0	0
GF_12173	0	0	2	0	0	0	0	0	0	0	0	0
GF_12174	0	0	2	0	0	0	0	0	0	0	0	0
GF_12175	0	0	2	0	0	0	0	0	0	0	0	0
GF_12176	0	0	2	0	0	0	0	0	0	0	0	0
GF_12177	0	0	2	0	0	0	0	0	0	0	0	0
GF_12178	0	0	2	0	0	0	0	0	0	0	0	0
GF_12179	0	0	2	0	0	0	0	0	0	0	0	0
GF_12180	0	0	2	0	0	0	0	0	0	0	0	0
GF_12181	0	0	2	0	0	0	0	0	0	0	0	0
GF_12182	0	0	2	0	0	0	0	0	0	0	0	0
GF_12183	0	0	2	0	0	0	0	0	0	0	0	0
GF_12184	0	0	2	0	0	0	0	0	0	0	0	0
GF_12185	0	0	2	0	0	0	0	0	0	0	0	0
GF_12186	0	0	2	0	0	0	0	0	0	0	0	0
GF_12187	0	0	2	0	0	0	0	0	0	0	0	0
GF_12188	0	0	2	0	0	0	0	0	0	0	0	0
GF_12189	0	0	2	0	0	0	0	0	0	0	0	0
GF_12190	0	0	2	0	0	0	0	0	0	0	0	0
GF_12191	0	0	2	0	0	0	0	0	0	0	0	0
GF_12192	0	0	2	0	0	0	0	0	0	0	0	0
GF_12193	0	0	2	0	0	0	0	0	0	0	0	0
GF_12194	0	0	2	0	0	0	0	0	0	0	0	0
GF_12195	0	0	2	0	0	0	0	0	0	0	0	0
GF_12196	0	0	2	0	0	0	0	0	0	0	0	0
GF_12197	0	0	2	0	0	0	0	0	0	0	0	0
GF_12198	0	0	2	0	0	0	0	0	0	0	0	0
GF_12199	0	0	2	0	0	0	0	0	0	0	0	0
GF_12200	0	0	2	0	0	0	0	0	0	0	0	0
GF_12201	0	0	0	0	0	0	0	0	2	0	0	0
GF_12202	0	0	0	0	0	0	0	0	2	0	0	0
GF_12203	0	0	0	0	0	0	0	0	2	0	0	0
GF_12204	0	0	0	0	0	0	0	0	2	0	0	0
GF_12205	0	0	0	0	0	0	0	0	2	0	0	0
GF_12206	0	0	0	0	0	0	0	0	2	0	0	0
GF_12207	0	0	0	0	0	0	0	0	2	0	0	0
GF_12208	0	0	0	0	0	0	0	0	2	0	0	0
GF_12209	0	0	0	0	0	0	0	0	2	0	0	0
GF_12210	0	0	0	0	0	0	0	0	2	0	0	0
GF_12211	0	0	0	0	0	0	0	0	2	0	0	0
GF_12212	0	0	0	0	0	0	0	0	2	0	0	0
GF_12213	0	0	0	0	0	0	0	0	2	0	0	0
GF_12214	0	0	0	0	0	0	0	0	2	0	0	0
GF_12215	0	0	0	0	0	0	0	0	2	0	0	0
GF_12216	0	0	0	0	0	0	0	0	2	0	0	0
GF_12217	0	0	0	0	0	0	0	0	2	0	0	0
GF_12218	0	0	0	0	0	0	0	0	2	0	0	0
GF_12219	0	0	2	0	0	0	0	0	0	0	0	0
GF_12220	0	0	2	0	0	0	0	0	0	0	0	0
GF_12221	0	0	2	0	0	0	0	0	0	0	0	0
GF_12222	0	0	2	0	0	0	0	0	0	0	0	0
GF_12223	0	0	2	0	0	0	0	0	0	0	0	0
GF_12224	0	0	2	0	0	0	0	0	0	0	0	0
GF_12225	0	0	2	0	0	0	0	0	0	0	0	0
GF_12226	0	0	2	0	0	0	0	0	0	0	0	0
GF_12227	0	0	2	0	0	0	0	0	0	0	0	0
GF_12228	0	0	2	0	0	0	0	0	0	0	0	0
GF_12229	0	0	2	0	0	0	0	0	0	0	0	0
GF_12230	0	0	2	0	0	0	0	0	0	0	0	0
GF_12231	0	0	2	0	0	0	0	0	0	0	0	0
GF_12232	0	0	2	0	0	0	0	0	0	0	0	0
GF_12233	0	0	2	0	0	0	0	0	0	0	0	0
GF_12234	0	0	2	0	0	0	0	0	0	0	0	0
GF_12235	0	0	2	0	0	0	0	0	0	0	0	0
GF_12236	0	0	2	0	0	0	0	0	0	0	0	0
GF_12237	0	0	2	0	0	0	0	0	0	0	0	0
GF_12238	0	0	2	0	0	0	0	0	0	0	0	0
GF_12239	0	0	2	0	0	0	0	0	0	0	0	0
GF_12240	0	0	2	0	0	0	0	0	0	0	0	0
GF_12241	0	0	2	0	0	0	0	0	0	0	0	0
GF_12242	0	0	2	0	0	0	0	0	0	0	0	0
GF_12243	0	0	2	0	0	0	0	0	0	0	0	0
GF_12244	0	0	2	0	0	0	0	0	0	0	0	0
GF_12245	0	0	2	0	0	0	0	0	0	0	0	0
GF_12246	0	0	2	0	0	0	0	0	0	0	0	0
GF_12247	0	0	2	0	0	0	0	0	0	0	0	0
GF_12248	0	0	2	0	0	0	0	0	0	0	0	0
GF_12249	0	0	2	0	0	0	0	0	0	0	0	0
GF_12250	0	0	2	0	0	0	0	0	0	0	0	0
GF_12251	0	0	2	0	0	0	0	0	0	0	0	0
GF_12252	0	0	2	0	0	0	0	0	0	0	0	0
GF_12253	0	0	2	0	0	0	0	0	0	0	0	0
GF_12254	0	0	2	0	0	0	0	0	0	0	0	0
GF_12255	0	0	2	0	0	0	0	0	0	0	0	0
GF_12256	0	0	2	0	0	0	0	0	0	0	0	0
GF_12257	0	0	2	0	0	0	0	0	0	0	0	0
GF_12258	0	0	2	0	0	0	0	0	0	0	0	0
GF_12259	2	0	0	0	0	0	0	0	0	0	0	0
GF_12260	2	0	0	0	0	0	0	0	0	0	0	0
GF_12261	2	0	0	0	0	0	0	0	0	0	0	0
GF_12262	2	0	0	0	0	0	0	0	0	0	0	0
GF_12263	2	0	0	0	0	0	0	0	0	0	0	0
GF_12264	2	0	0	0	0	0	0	0	0	0	0	0
GF_12265	2	0	0	0	0	0	0	0	0	0	0	0
GF_12266	2	0	0	0	0	0	0	0	0	0	0	0
GF_12267	2	0	0	0	0	0	0	0	0	0	0	0
GF_12268	2	0	0	0	0	0	0	0	0	0	0	0
GF_12269	0	0	0	0	0	0	0	0	0	0	0	2
GF_12270	0	0	0	0	0	0	0	0	0	0	0	2
GF_12271	0	0	0	0	0	0	0	0	0	0	0	2
GF_12272	0	0	0	0	0	0	0	0	2	0	0	0
GF_12273	0	0	0	0	0	0	0	0	2	0	0	0
GF_12274	0	0	0	0	0	0	0	0	2	0	0	0
GF_12275	0	0	0	0	0	0	0	0	2	0	0	0
GF_12276	0	0	0	0	0	0	0	0	2	0	0	0
GF_12277	0	0	0	0	0	0	0	0	2	0	0	0
GF_12278	0	0	0	0	0	0	0	0	2	0	0	0
GF_12279	0	0	0	0	0	0	0	0	2	0	0	0
GF_12280	0	0	0	0	0	0	0	0	2	0	0	0
GF_12281	0	0	0	0	0	0	0	0	2	0	0	0
GF_12282	0	0	0	0	0	0	0	0	2	0	0	0
GF_12283	0	0	0	0	0	0	0	0	2	0	0	0
GF_12284	0	0	0	0	0	0	0	0	2	0	0	0
GF_12285	0	0	0	0	0	0	0	0	2	0	0	0
GF_12286	0	0	0	0	0	0	0	0	2	0	0	0
GF_12287	0	0	0	0	0	0	0	0	0	0	0	2
GF_12288	0	0	0	0	0	0	0	0	0	0	0	2
GF_12289	0	0	0	0	0	0	0	0	0	0	0	2
GF_12290	0	0	0	0	0	0	0	0	0	0	0	2
GF_12291	0	0	0	0	0	0	0	0	0	0	0	2
GF_12292	0	0	0	0	0	0	0	0	0	0	0	2
GF_12293	0	2	0	0	0	0	0	0	0	0	0	0
GF_12294	0	2	0	0	0	0	0	0	0	0	0	0
GF_12295	0	2	0	0	0	0	0	0	0	0	0	0
GF_12296	0	2	0	0	0	0	0	0	0	0	0	0
GF_12297	0	2	0	0	0	0	0	0	0	0	0	0
GF_12298	0	2	0	0	0	0	0	0	0	0	0	0
GF_12299	0	2	0	0	0	0	0	0	0	0	0	0
GF_12300	0	2	0	0	0	0	0	0	0	0	0	0
GF_12301	0	2	0	0	0	0	0	0	0	0	0	0
GF_12302	0	2	0	0	0	0	0	0	0	0	0	0
GF_12303	0	2	0	0	0	0	0	0	0	0	0	0
GF_12304	0	2	0	0	0	0	0	0	0	0	0	0
GF_12305	0	2	0	0	0	0	0	0	0	0	0	0
GF_12306	0	2	0	0	0	0	0	0	0	0	0	0
GF_12307	0	2	0	0	0	0	0	0	0	0	0	0
GF_12308	0	2	0	0	0	0	0	0	0	0	0	0
GF_12309	0	2	0	0	0	0	0	0	0	0	0	0
GF_12310	0	2	0	0	0	0	0	0	0	0	0	0
GF_12311	0	2	0	0	0	0	0	0	0	0	0	0
GF_12312	0	2	0	0	0	0	0	0	0	0	0	0
GF_12313	0	2	0	0	0	0	0	0	0	0	0	0
GF_12314	0	2	0	0	0	0	0	0	0	0	0	0
GF_12315	0	2	0	0	0	0	0	0	0	0	0	0
GF_12316	0	2	0	0	0	0	0	0	0	0	0	0
GF_12317	0	2	0	0	0	0	0	0	0	0	0	0
GF_12318	0	2	0	0	0	0	0	0	0	0	0	0
GF_12319	0	2	0	0	0	0	0	0	0	0	0	0
GF_12320	0	2	0	0	0	0	0	0	0	0	0	0
GF_12321	0	2	0	0	0	0	0	0	0	0	0	0
GF_12322	0	2	0	0	0	0	0	0	0	0	0	0
GF_12323	0	2	0	0	0	0	0	0	0	0	0	0
GF_12324	0	2	0	0	0	0	0	0	0	0	0	0
GF_12325	0	2	0	0	0	0	0	0	0	0	0	0
GF_12326	0	2	0	0	0	0	0	0	0	0	0	0
GF_12327	0	2	0	0	0	0	0	0	0	0	0	0
GF_12328	0	2	0	0	0	0	0	0	0	0	0	0
GF_12329	0	2	0	0	0	0	0	0	0	0	0	0
GF_12330	0	2	0	0	0	0	0	0	0	0	0	0
GF_12331	0	2	0	0	0	0	0	0	0	0	0	0
GF_12332	0	2	0	0	0	0	0	0	0	0	0	0
GF_12333	0	2	0	0	0	0	0	0	0	0	0	0
GF_12334	0	2	0	0	0	0	0	0	0	0	0	0
GF_12335	0	2	0	0	0	0	0	0	0	0	0	0
GF_12336	0	2	0	0	0	0	0	0	0	0	0	0
GF_12337	0	2	0	0	0	0	0	0	0	0	0	0
GF_12338	0	1	1	0	0	0	0	0	0	0	0	0
GF_12339	0	2	0	0	0	0	0	0	0	0	0	0
GF_12340	0	2	0	0	0	0	0	0	0	0	0	0
GF_12341	0	2	0	0	0	0	0	0	0	0	0	0
GF_12342	0	2	0	0	0	0	0	0	0	0	0	0
GF_12343	0	2	0	0	0	0	0	0	0	0	0	0
GF_12344	0	2	0	0	0	0	0	0	0	0	0	0
GF_12345	0	2	0	0	0	0	0	0	0	0	0	0
GF_12346	0	2	0	0	0	0	0	0	0	0	0	0
GF_12347	0	2	0	0	0	0	0	0	0	0	0	0
GF_12348	0	2	0	0	0	0	0	0	0	0	0	0
GF_12349	0	2	0	0	0	0	0	0	0	0	0	0
GF_12350	0	2	0	0	0	0	0	0	0	0	0	0
GF_12351	0	2	0	0	0	0	0	0	0	0	0	0
GF_12352	0	2	0	0	0	0	0	0	0	0	0	0
GF_12353	0	2	0	0	0	0	0	0	0	0	0	0
GF_12354	0	2	0	0	0	0	0	0	0	0	0	0
GF_12355	0	2	0	0	0	0	0	0	0	0	0	0
GF_12356	0	2	0	0	0	0	0	0	0	0	0	0
GF_12357	0	2	0	0	0	0	0	0	0	0	0	0
GF_12358	0	2	0	0	0	0	0	0	0	0	0	0
GF_12359	0	2	0	0	0	0	0	0	0	0	0	0
GF_12360	0	2	0	0	0	0	0	0	0	0	0	0
GF_12361	0	2	0	0	0	0	0	0	0	0	0	0
GF_12362	0	2	0	0	0	0	0	0	0	0	0	0
GF_12363	0	2	0	0	0	0	0	0	0	0	0	0
GF_12364	0	2	0	0	0	0	0	0	0	0	0	0
GF_12365	0	2	0	0	0	0	0	0	0	0	0	0
GF_12366	0	0	0	0	0	0	0	0	2	0	0	0
GF_12367	0	0	0	0	0	0	0	0	2	0	0	0
GF_12368	0	0	0	0	0	0	0	0	2	0	0	0
GF_12369	0	0	0	0	0	0	0	0	2	0	0	0
GF_12370	0	0	0	0	0	0	0	0	2	0	0	0
GF_12371	0	0	0	0	0	0	0	0	2	0	0	0
GF_12372	0	0	0	0	0	0	0	0	2	0	0	0
GF_12373	0	0	0	0	0	0	0	0	2	0	0	0
GF_12374	0	0	0	0	0	0	0	0	2	0	0	0
GF_12375	0	0	0	0	0	0	0	0	2	0	0	0
GF_12376	0	0	0	0	0	0	0	0	2	0	0	0
GF_12377	0	0	0	0	0	0	0	0	2	0	0	0
GF_12378	0	0	0	0	0	0	0	0	2	0	0	0
GF_12379	0	0	0	0	0	0	0	0	2	0	0	0
GF_12380	0	0	0	0	0	0	0	0	2	0	0	0
GF_12381	0	0	0	0	0	0	0	0	2	0	0	0
GF_12382	0	0	0	0	0	0	0	0	2	0	0	0
GF_12383	0	0	0	0	0	0	0	0	2	0	0	0
GF_12384	0	2	0	0	0	0	0	0	0	0	0	0
GF_12385	0	2	0	0	0	0	0	0	0	0	0	0
GF_12386	0	2	0	0	0	0	0	0	0	0	0	0
GF_12387	0	2	0	0	0	0	0	0	0	0	0	0
GF_12388	0	2	0	0	0	0	0	0	0	0	0	0
GF_12389	0	2	0	0	0	0	0	0	0	0	0	0
GF_12390	0	2	0	0	0	0	0	0	0	0	0	0
GF_12391	0	2	0	0	0	0	0	0	0	0	0	0
GF_12392	0	2	0	0	0	0	0	0	0	0	0	0
GF_12393	0	2	0	0	0	0	0	0	0	0	0	0
GF_12394	0	2	0	0	0	0	0	0	0	0	0	0
GF_12395	0	2	0	0	0	0	0	0	0	0	0	0
GF_12396	0	2	0	0	0	0	0	0	0	0	0	0
GF_12397	0	2	0	0	0	0	0	0	0	0	0	0
GF_12398	0	2	0	0	0	0	0	0	0	0	0	0
GF_12399	0	2	0	0	0	0	0	0	0	0	0	0
GF_12400	0	2	0	0	0	0	0	0	0	0	0	0
GF_12401	0	2	0	0	0	0	0	0	0	0	0	0
GF_12402	0	2	0	0	0	0	0	0	0	0	0	0
GF_12403	0	2	0	0	0	0	0	0	0	0	0	0
GF_12404	0	2	0	0	0	0	0	0	0	0	0	0
GF_12405	0	2	0	0	0	0	0	0	0	0	0	0
GF_12406	0	2	0	0	0	0	0	0	0	0	0	0
GF_12407	0	2	0	0	0	0	0	0	0	0	0	0
GF_12408	0	2	0	0	0	0	0	0	0	0	0	0
GF_12409	0	2	0	0	0	0	0	0	0	0	0	0
GF_12410	0	2	0	0	0	0	0	0	0	0	0	0
GF_12411	0	2	0	0	0	0	0	0	0	0	0	0
GF_12412	0	2	0	0	0	0	0	0	0	0	0	0
GF_12413	0	2	0	0	0	0	0	0	0	0	0	0
GF_12414	0	2	0	0	0	0	0	0	0	0	0	0
GF_12415	0	2	0	0	0	0	0	0	0	0	0	0
GF_12416	0	2	0	0	0	0	0	0	0	0	0	0
GF_12417	0	2	0	0	0	0	0	0	0	0	0	0
GF_12418	0	2	0	0	0	0	0	0	0	0	0	0
GF_12419	0	2	0	0	0	0	0	0	0	0	0	0
GF_12420	0	2	0	0	0	0	0	0	0	0	0	0
GF_12421	0	2	0	0	0	0	0	0	0	0	0	0
GF_12422	0	2	0	0	0	0	0	0	0	0	0	0
GF_12423	0	2	0	0	0	0	0	0	0	0	0	0
GF_12424	0	2	0	0	0	0	0	0	0	0	0	0
GF_12425	0	2	0	0	0	0	0	0	0	0	0	0
GF_12426	0	2	0	0	0	0	0	0	0	0	0	0
GF_12427	0	2	0	0	0	0	0	0	0	0	0	0
GF_12428	0	2	0	0	0	0	0	0	0	0	0	0
GF_12429	0	2	0	0	0	0	0	0	0	0	0	0
GF_12430	0	2	0	0	0	0	0	0	0	0	0	0
GF_12431	0	2	0	0	0	0	0	0	0	0	0	0
GF_12432	0	2	0	0	0	0	0	0	0	0	0	0
GF_12433	0	2	0	0	0	0	0	0	0	0	0	0
GF_12434	0	2	0	0	0	0	0	0	0	0	0	0
GF_12435	0	2	0	0	0	0	0	0	0	0	0	0
GF_12436	0	2	0	0	0	0	0	0	0	0	0	0
GF_12437	0	2	0	0	0	0	0	0	0	0	0	0
GF_12438	0	2	0	0	0	0	0	0	0	0	0	0
GF_12439	0	2	0	0	0	0	0	0	0	0	0	0
GF_12440	0	2	0	0	0	0	0	0	0	0	0	0
GF_12441	0	2	0	0	0	0	0	0	0	0	0	0
GF_12442	0	2	0	0	0	0	0	0	0	0	0	0
GF_12443	0	2	0	0	0	0	0	0	0	0	0	0
GF_12444	0	2	0	0	0	0	0	0	0	0	0	0
GF_12445	0	2	0	0	0	0	0	0	0	0	0	0
GF_12446	0	2	0	0	0	0	0	0	0	0	0	0
GF_12447	0	2	0	0	0	0	0	0	0	0	0	0
GF_12448	0	2	0	0	0	0	0	0	0	0	0	0
GF_12449	0	2	0	0	0	0	0	0	0	0	0	0
GF_12450	0	2	0	0	0	0	0	0	0	0	0	0
GF_12451	0	2	0	0	0	0	0	0	0	0	0	0
GF_12452	0	2	0	0	0	0	0	0	0	0	0	0
GF_12453	0	2	0	0	0	0	0	0	0	0	0	0
GF_12454	0	2	0	0	0	0	0	0	0	0	0	0
GF_12455	0	2	0	0	0	0	0	0	0	0	0	0
GF_12456	0	2	0	0	0	0	0	0	0	0	0	0
GF_12457	0	2	0	0	0	0	0	0	0	0	0	0
GF_12458	0	2	0	0	0	0	0	0	0	0	0	0
GF_12459	0	2	0	0	0	0	0	0	0	0	0	0
GF_12460	0	2	0	0	0	0	0	0	0	0	0	0
GF_12461	0	2	0	0	0	0	0	0	0	0	0	0
GF_12462	0	2	0	0	0	0	0	0	0	0	0	0
GF_12463	0	2	0	0	0	0	0	0	0	0	0	0
GF_12464	0	2	0	0	0	0	0	0	0	0	0	0
GF_12465	0	2	0	0	0	0	0	0	0	0	0	0
GF_12466	0	2	0	0	0	0	0	0	0	0	0	0
GF_12467	0	2	0	0	0	0	0	0	0	0	0	0
GF_12468	0	2	0	0	0	0	0	0	0	0	0	0
GF_12469	0	2	0	0	0	0	0	0	0	0	0	0
GF_12470	0	2	0	0	0	0	0	0	0	0	0	0
GF_12471	0	2	0	0	0	0	0	0	0	0	0	0
GF_12472	0	2	0	0	0	0	0	0	0	0	0	0
GF_12473	0	2	0	0	0	0	0	0	0	0	0	0
GF_12474	0	2	0	0	0	0	0	0	0	0	0	0
GF_12475	0	2	0	0	0	0	0	0	0	0	0	0
GF_12476	0	2	0	0	0	0	0	0	0	0	0	0
GF_12477	0	2	0	0	0	0	0	0	0	0	0	0
GF_12478	0	2	0	0	0	0	0	0	0	0	0	0
GF_12479	0	2	0	0	0	0	0	0	0	0	0	0
GF_12480	0	2	0	0	0	0	0	0	0	0	0	0
GF_12481	0	2	0	0	0	0	0	0	0	0	0	0
GF_12482	0	2	0	0	0	0	0	0	0	0	0	0
GF_12483	0	2	0	0	0	0	0	0	0	0	0	0
GF_12484	0	0	0	0	0	2	0	0	0	0	0	0
GF_12485	0	0	0	0	0	2	0	0	0	0	0	0
GF_12486	0	0	0	0	0	2	0	0	0	0	0	0
GF_12487	0	0	0	0	0	2	0	0	0	0	0	0
GF_12488	0	0	0	0	0	2	0	0	0	0	0	0
GF_12489	0	0	0	0	0	2	0	0	0	0	0	0
GF_12490	0	0	0	0	0	2	0	0	0	0	0	0
GF_12491	0	0	0	0	0	2	0	0	0	0	0	0
GF_12492	0	0	0	0	0	2	0	0	0	0	0	0
GF_12493	0	0	0	0	0	2	0	0	0	0	0	0
GF_12494	0	0	0	0	0	2	0	0	0	0	0	0
GF_12495	0	0	0	0	0	2	0	0	0	0	0	0
GF_12496	0	0	0	0	0	2	0	0	0	0	0	0
GF_12497	0	0	0	0	0	2	0	0	0	0	0	0
GF_12498	0	0	0	0	0	2	0	0	0	0	0	0
GF_12499	0	0	0	0	0	2	0	0	0	0	0	0
GF_12500	0	0	0	0	0	2	0	0	0	0	0	0
GF_12501	0	0	0	0	0	2	0	0	0	0	0	0
GF_12502	0	0	0	0	0	2	0	0	0	0	0	0
GF_12503	0	0	0	0	0	2	0	0	0	0	0	0
GF_12504	0	0	0	0	0	2	0	0	0	0	0	0
GF_12505	0	0	0	0	0	2	0	0	0	0	0	0
GF_12506	0	0	0	0	0	2	0	0	0	0	0	0
GF_12507	0	0	0	0	0	2	0	0	0	0	0	0
GF_12508	0	0	0	0	0	2	0	0	0	0	0	0
GF_12509	0	0	0	0	0	2	0	0	0	0	0	0
GF_12510	0	0	0	0	0	2	0	0	0	0	0	0
GF_12511	0	0	0	0	0	2	0	0	0	0	0	0
GF_12512	0	0	0	0	0	2	0	0	0	0	0	0
GF_12513	0	0	0	0	0	2	0	0	0	0	0	0
GF_12514	0	0	0	0	0	2	0	0	0	0	0	0
GF_12515	0	0	0	0	0	1	0	0	0	1	0	0
GF_12516	0	0	0	0	0	2	0	0	0	0	0	0
GF_12517	0	0	0	0	0	2	0	0	0	0	0	0
GF_12518	0	0	0	0	0	2	0	0	0	0	0	0
GF_12519	0	0	0	0	0	2	0	0	0	0	0	0
GF_12520	0	0	0	0	0	2	0	0	0	0	0	0
GF_12521	0	0	0	0	0	2	0	0	0	0	0	0
GF_12522	0	0	0	0	0	2	0	0	0	0	0	0
GF_12523	0	0	0	0	0	2	0	0	0	0	0	0
GF_12524	0	0	0	0	0	2	0	0	0	0	0	0
GF_12525	0	0	0	0	0	2	0	0	0	0	0	0
GF_12526	0	0	0	0	0	2	0	0	0	0	0	0
GF_12527	0	0	0	0	0	2	0	0	0	0	0	0
GF_12528	0	0	0	0	0	2	0	0	0	0	0	0
GF_12529	0	0	0	0	0	2	0	0	0	0	0	0
GF_12530	0	0	0	0	0	2	0	0	0	0	0	0
GF_12531	0	0	0	0	0	2	0	0	0	0	0	0
GF_12532	0	0	0	0	0	2	0	0	0	0	0	0
GF_12533	0	0	0	0	0	2	0	0	0	0	0	0
GF_12534	0	0	0	0	0	2	0	0	0	0	0	0
GF_12535	0	0	0	0	0	2	0	0	0	0	0	0
GF_12536	0	0	0	0	0	2	0	0	0	0	0	0
GF_12537	0	0	0	0	0	2	0	0	0	0	0	0
GF_12538	0	0	0	0	0	2	0	0	0	0	0	0
GF_12539	0	0	0	0	0	2	0	0	0	0	0	0
GF_12540	0	0	0	0	0	2	0	0	0	0	0	0
GF_12541	0	0	0	0	0	2	0	0	0	0	0	0
GF_12542	0	0	0	0	0	2	0	0	0	0	0	0
GF_12543	0	0	0	0	0	2	0	0	0	0	0	0
GF_12544	0	0	0	0	0	2	0	0	0	0	0	0
GF_12545	0	0	0	0	0	2	0	0	0	0	0	0
GF_12546	0	0	0	0	0	2	0	0	0	0	0	0
GF_12547	0	0	0	0	0	2	0	0	0	0	0	0
GF_12548	0	0	0	0	0	2	0	0	0	0	0	0
GF_12549	0	0	0	0	0	2	0	0	0	0	0	0
GF_12550	0	0	0	0	0	2	0	0	0	0	0	0
GF_12551	0	0	0	0	0	2	0	0	0	0	0	0
GF_12552	0	0	0	0	0	2	0	0	0	0	0	0
GF_12553	0	0	0	0	0	2	0	0	0	0	0	0
GF_12554	0	0	0	0	0	2	0	0	0	0	0	0
GF_12555	0	0	0	0	0	2	0	0	0	0	0	0
GF_12556	0	0	0	0	0	2	0	0	0	0	0	0
GF_12557	0	0	0	0	0	2	0	0	0	0	0	0
GF_12558	0	0	0	0	0	2	0	0	0	0	0	0
GF_12559	0	0	0	0	0	0	0	0	2	0	0	0
GF_12560	0	0	0	0	0	0	0	0	2	0	0	0
GF_12561	0	0	0	0	0	0	0	0	2	0	0	0
GF_12562	0	0	0	0	0	0	0	0	2	0	0	0
GF_12563	0	0	0	0	0	0	0	0	2	0	0	0
GF_12564	0	0	0	0	0	0	0	0	2	0	0	0
GF_12565	0	0	0	0	0	0	0	0	2	0	0	0
GF_12566	0	0	0	0	0	0	0	0	2	0	0	0
GF_12567	0	0	0	0	0	0	0	0	2	0	0	0
GF_12568	0	0	0	0	0	0	0	0	2	0	0	0
GF_12569	0	0	0	0	0	0	0	0	2	0	0	0
GF_12570	0	0	0	0	0	0	0	0	2	0	0	0
GF_12571	0	0	0	0	0	2	0	0	0	0	0	0
GF_12572	0	0	0	0	0	2	0	0	0	0	0	0
GF_12573	0	0	0	0	0	2	0	0	0	0	0	0
GF_12574	0	0	0	0	0	2	0	0	0	0	0	0
GF_12575	0	0	0	0	0	2	0	0	0	0	0	0
GF_12576	0	0	0	0	0	2	0	0	0	0	0	0
GF_12577	0	0	0	0	0	2	0	0	0	0	0	0
GF_12578	0	0	0	0	0	2	0	0	0	0	0	0
GF_12579	0	0	0	0	0	2	0	0	0	0	0	0
GF_12580	0	0	0	0	0	2	0	0	0	0	0	0
GF_12581	0	0	0	0	0	2	0	0	0	0	0	0
GF_12582	0	0	0	0	0	2	0	0	0	0	0	0
GF_12583	0	0	0	0	0	2	0	0	0	0	0	0
GF_12584	0	0	0	0	0	2	0	0	0	0	0	0
GF_12585	0	0	0	0	0	2	0	0	0	0	0	0
GF_12586	0	0	0	0	0	2	0	0	0	0	0	0
GF_12587	0	0	0	0	0	2	0	0	0	0	0	0
GF_12588	0	0	0	0	0	2	0	0	0	0	0	0
GF_12589	0	0	0	0	0	2	0	0	0	0	0	0
GF_12590	0	0	0	0	0	2	0	0	0	0	0	0
GF_12591	0	0	0	0	0	2	0	0	0	0	0	0
GF_12592	0	0	0	0	0	2	0	0	0	0	0	0
GF_12593	0	0	0	0	0	2	0	0	0	0	0	0
GF_12594	0	0	0	0	2	0	0	0	0	0	0	0
GF_12595	0	0	0	0	2	0	0	0	0	0	0	0
GF_12596	0	0	0	0	2	0	0	0	0	0	0	0
GF_12597	0	0	0	0	2	0	0	0	0	0	0	0
GF_12598	0	0	0	0	2	0	0	0	0	0	0	0
GF_12599	0	0	0	0	2	0	0	0	0	0	0	0
GF_12600	0	0	0	0	2	0	0	0	0	0	0	0
GF_12601	0	0	0	0	2	0	0	0	0	0	0	0
GF_12602	0	0	0	0	2	0	0	0	0	0	0	0
GF_12603	0	0	0	0	2	0	0	0	0	0	0	0
GF_12604	0	0	0	0	2	0	0	0	0	0	0	0
GF_12605	0	0	0	0	2	0	0	0	0	0	0	0
GF_12606	0	0	0	0	2	0	0	0	0	0	0	0
GF_12607	0	0	0	0	2	0	0	0	0	0	0	0
GF_12608	0	0	0	0	2	0	0	0	0	0	0	0
GF_12609	0	0	0	0	2	0	0	0	0	0	0	0
GF_12610	0	0	0	0	2	0	0	0	0	0	0	0
GF_12611	0	0	0	0	2	0	0	0	0	0	0	0
GF_12612	0	0	0	0	2	0	0	0	0	0	0	0
GF_12613	0	0	0	0	2	0	0	0	0	0	0	0
GF_12614	0	0	0	0	2	0	0	0	0	0	0	0
GF_12615	0	0	0	0	2	0	0	0	0	0	0	0
GF_12616	0	0	0	0	2	0	0	0	0	0	0	0
GF_12617	0	0	0	0	2	0	0	0	0	0	0	0
GF_12618	0	0	0	0	2	0	0	0	0	0	0	0
GF_12619	0	0	0	0	2	0	0	0	0	0	0	0
GF_12620	0	0	0	0	2	0	0	0	0	0	0	0
GF_12621	0	0	0	0	2	0	0	0	0	0	0	0
GF_12622	0	0	0	0	2	0	0	0	0	0	0	0
GF_12623	0	0	0	0	2	0	0	0	0	0	0	0
GF_12624	0	0	0	0	2	0	0	0	0	0	0	0
GF_12625	0	0	0	0	2	0	0	0	0	0	0	0
GF_12626	0	0	0	0	2	0	0	0	0	0	0	0
GF_12627	0	0	0	0	2	0	0	0	0	0	0	0
GF_12628	0	0	0	0	2	0	0	0	0	0	0	0
GF_12629	0	0	0	0	2	0	0	0	0	0	0	0
GF_12630	0	0	0	0	2	0	0	0	0	0	0	0
GF_12631	0	0	0	0	2	0	0	0	0	0	0	0
GF_12632	0	0	0	0	2	0	0	0	0	0	0	0
GF_12633	0	0	0	0	2	0	0	0	0	0	0	0
GF_12634	0	0	0	0	2	0	0	0	0	0	0	0
GF_12635	0	0	0	0	2	0	0	0	0	0	0	0
GF_12636	0	0	0	0	2	0	0	0	0	0	0	0
GF_12637	0	0	0	0	2	0	0	0	0	0	0	0
GF_12638	0	0	0	0	2	0	0	0	0	0	0	0
GF_12639	0	0	0	0	2	0	0	0	0	0	0	0
GF_12640	0	0	0	0	2	0	0	0	0	0	0	0
GF_12641	0	0	0	0	2	0	0	0	0	0	0	0
GF_12642	0	0	0	0	2	0	0	0	0	0	0	0
GF_12643	0	0	0	0	2	0	0	0	0	0	0	0
GF_12644	0	0	0	0	2	0	0	0	0	0	0	0
GF_12645	0	0	0	0	2	0	0	0	0	0	0	0
GF_12646	0	0	0	0	2	0	0	0	0	0	0	0
GF_12647	0	0	0	0	2	0	0	0	0	0	0	0
GF_12648	0	0	0	0	2	0	0	0	0	0	0	0
GF_12649	0	0	0	0	2	0	0	0	0	0	0	0
GF_12650	0	0	0	0	2	0	0	0	0	0	0	0
GF_12651	0	0	0	0	2	0	0	0	0	0	0	0
GF_12652	0	0	0	0	2	0	0	0	0	0	0	0
GF_12653	0	0	0	0	2	0	0	0	0	0	0	0
GF_12654	0	0	0	0	2	0	0	0	0	0	0	0
GF_12655	0	0	0	0	2	0	0	0	0	0	0	0
GF_12656	0	0	0	0	2	0	0	0	0	0	0	0
GF_12657	0	0	0	0	2	0	0	0	0	0	0	0
GF_12658	0	0	0	0	2	0	0	0	0	0	0	0
GF_12659	0	0	0	0	2	0	0	0	0	0	0	0
GF_12660	0	0	0	0	2	0	0	0	0	0	0	0
GF_12661	0	0	0	0	2	0	0	0	0	0	0	0
GF_12662	0	0	0	0	2	0	0	0	0	0	0	0
GF_12663	0	0	0	0	2	0	0	0	0	0	0	0
GF_12664	0	0	0	0	2	0	0	0	0	0	0	0
GF_12665	0	0	0	0	2	0	0	0	0	0	0	0
GF_12666	0	0	0	0	2	0	0	0	0	0	0	0
GF_12667	0	0	0	0	2	0	0	0	0	0	0	0
GF_12668	0	0	0	0	2	0	0	0	0	0	0	0
GF_12669	0	0	0	0	2	0	0	0	0	0	0	0
GF_12670	0	0	0	0	2	0	0	0	0	0	0	0
GF_12671	0	0	0	0	2	0	0	0	0	0	0	0
GF_12672	0	0	0	0	2	0	0	0	0	0	0	0
GF_12673	0	0	0	0	2	0	0	0	0	0	0	0
GF_12674	0	0	0	0	2	0	0	0	0	0	0	0
GF_12675	0	0	0	0	2	0	0	0	0	0	0	0
GF_12676	0	0	0	0	2	0	0	0	0	0	0	0
GF_12677	0	0	0	0	2	0	0	0	0	0	0	0
GF_12678	0	0	0	0	2	0	0	0	0	0	0	0
GF_12679	0	0	0	0	2	0	0	0	0	0	0	0
GF_12680	0	0	0	0	2	0	0	0	0	0	0	0
GF_12681	0	0	0	0	2	0	0	0	0	0	0	0
GF_12682	0	0	0	0	2	0	0	0	0	0	0	0
GF_12683	0	0	0	0	2	0	0	0	0	0	0	0
GF_12684	0	0	0	0	2	0	0	0	0	0	0	0
GF_12685	0	0	0	0	2	0	0	0	0	0	0	0
GF_12686	0	0	0	0	2	0	0	0	0	0	0	0
GF_12687	0	0	0	0	2	0	0	0	0	0	0	0
GF_12688	0	0	0	0	2	0	0	0	0	0	0	0
GF_12689	0	0	0	0	2	0	0	0	0	0	0	0
GF_12690	0	0	0	0	2	0	0	0	0	0	0	0
GF_12691	0	0	0	0	2	0	0	0	0	0	0	0
GF_12692	0	0	0	0	2	0	0	0	0	0	0	0
GF_12693	0	0	0	0	2	0	0	0	0	0	0	0
GF_12694	0	0	0	0	2	0	0	0	0	0	0	0
GF_12695	0	0	0	0	2	0	0	0	0	0	0	0
GF_12696	0	0	0	0	2	0	0	0	0	0	0	0
GF_12697	0	0	0	0	2	0	0	0	0	0	0	0
GF_12698	0	0	0	0	2	0	0	0	0	0	0	0
GF_12699	0	0	0	0	2	0	0	0	0	0	0	0
GF_12700	0	0	0	0	2	0	0	0	0	0	0	0
GF_12701	0	0	0	0	2	0	0	0	0	0	0	0
GF_12702	0	0	0	0	2	0	0	0	0	0	0	0
GF_12703	0	0	0	0	2	0	0	0	0	0	0	0
GF_12704	0	0	0	0	2	0	0	0	0	0	0	0
GF_12705	0	0	0	0	2	0	0	0	0	0	0	0
GF_12706	0	0	0	0	2	0	0	0	0	0	0	0
GF_12707	0	0	0	0	2	0	0	0	0	0	0	0
GF_12708	0	0	0	0	2	0	0	0	0	0	0	0
GF_12709	0	0	0	0	2	0	0	0	0	0	0	0
GF_12710	0	0	0	0	2	0	0	0	0	0	0	0
GF_12711	0	0	0	0	2	0	0	0	0	0	0	0
GF_12712	0	0	0	0	2	0	0	0	0	0	0	0
GF_12713	0	0	0	0	2	0	0	0	0	0	0	0
GF_12714	0	0	0	0	2	0	0	0	0	0	0	0
GF_12715	0	0	0	0	2	0	0	0	0	0	0	0
GF_12716	0	0	0	0	2	0	0	0	0	0	0	0
GF_12717	0	0	0	0	2	0	0	0	0	0	0	0
GF_12718	0	0	0	0	2	0	0	0	0	0	0	0
GF_12719	0	0	0	0	2	0	0	0	0	0	0	0
GF_12720	0	0	0	0	2	0	0	0	0	0	0	0
GF_12721	0	0	0	0	2	0	0	0	0	0	0	0
GF_12722	0	0	0	0	2	0	0	0	0	0	0	0
GF_12723	0	0	0	0	2	0	0	0	0	0	0	0
GF_12724	0	0	0	0	2	0	0	0	0	0	0	0
GF_12725	0	0	0	0	2	0	0	0	0	0	0	0
GF_12726	0	0	0	0	2	0	0	0	0	0	0	0
GF_12727	0	0	0	0	2	0	0	0	0	0	0	0
GF_12728	0	0	0	0	2	0	0	0	0	0	0	0
GF_12729	0	0	0	0	2	0	0	0	0	0	0	0
GF_12730	0	0	0	0	2	0	0	0	0	0	0	0
GF_12731	0	0	0	0	2	0	0	0	0	0	0	0
GF_12732	0	0	0	0	2	0	0	0	0	0	0	0
GF_12733	0	0	0	0	2	0	0	0	0	0	0	0
GF_12734	0	0	0	0	2	0	0	0	0	0	0	0
GF_12735	0	0	0	0	2	0	0	0	0	0	0	0
GF_12736	0	0	0	0	2	0	0	0	0	0	0	0
GF_12737	0	0	0	0	2	0	0	0	0	0	0	0
GF_12738	0	0	0	0	2	0	0	0	0	0	0	0
GF_12739	0	0	0	0	2	0	0	0	0	0	0	0
GF_12740	0	0	0	0	2	0	0	0	0	0	0	0
GF_12741	0	0	0	0	2	0	0	0	0	0	0	0
GF_12742	0	0	0	0	2	0	0	0	0	0	0	0
GF_12743	0	0	0	0	2	0	0	0	0	0	0	0
GF_12744	0	0	0	0	2	0	0	0	0	0	0	0
GF_12745	0	0	0	0	2	0	0	0	0	0	0	0
GF_12746	0	0	0	0	2	0	0	0	0	0	0	0
GF_12747	0	0	0	0	2	0	0	0	0	0	0	0
GF_12748	0	0	0	0	0	0	0	0	2	0	0	0
GF_12749	0	0	0	0	0	0	0	0	2	0	0	0
GF_12750	0	0	0	0	0	0	0	0	2	0	0	0
GF_12751	0	0	0	0	0	0	0	0	2	0	0	0
GF_12752	0	0	0	0	0	0	0	0	2	0	0	0
GF_12753	0	0	0	0	0	0	0	0	2	0	0	0
GF_12754	0	0	0	0	0	0	0	0	2	0	0	0
GF_12755	0	0	0	0	0	0	0	0	2	0	0	0
GF_12756	0	0	0	0	0	0	0	0	2	0	0	0
GF_12757	0	0	0	0	0	0	0	0	2	0	0	0
GF_12758	0	0	0	0	0	0	0	0	2	0	0	0
GF_12759	0	0	0	0	0	0	0	0	2	0	0	0
GF_12760	0	0	0	0	0	0	0	0	2	0	0	0
GF_12761	0	0	0	0	0	0	0	0	2	0	0	0
GF_12762	0	0	0	0	0	0	0	0	2	0	0	0
GF_12763	0	0	0	0	0	0	0	0	2	0	0	0
GF_12764	0	0	0	0	0	0	0	0	2	0	0	0
GF_12765	0	0	0	0	0	0	0	0	2	0	0	0
GF_12766	0	0	0	0	0	0	0	0	2	0	0	0
GF_12767	0	0	0	0	0	0	0	0	2	0	0	0
GF_12768	0	0	0	0	0	0	0	0	2	0	0	0
GF_12769	0	0	0	0	0	0	0	0	2	0	0	0
GF_12770	0	0	0	0	0	0	0	0	2	0	0	0
GF_12771	0	0	0	0	0	0	0	0	2	0	0	0
GF_12772	0	0	0	0	0	0	0	0	2	0	0	0
GF_12773	0	0	0	2	0	0	0	0	0	0	0	0
GF_12774	0	0	0	2	0	0	0	0	0	0	0	0
GF_12775	0	0	0	2	0	0	0	0	0	0	0	0
GF_12776	0	0	0	2	0	0	0	0	0	0	0	0
GF_12777	0	0	0	2	0	0	0	0	0	0	0	0
GF_12778	0	0	0	2	0	0	0	0	0	0	0	0
GF_12779	0	0	0	2	0	0	0	0	0	0	0	0
GF_12780	0	0	0	2	0	0	0	0	0	0	0	0
GF_12781	0	0	0	2	0	0	0	0	0	0	0	0
GF_12782	0	0	0	2	0	0	0	0	0	0	0	0
GF_12783	0	0	0	2	0	0	0	0	0	0	0	0
GF_12784	0	0	0	2	0	0	0	0	0	0	0	0
GF_12785	0	0	0	2	0	0	0	0	0	0	0	0
GF_12786	0	0	0	2	0	0	0	0	0	0	0	0
GF_12787	0	0	0	2	0	0	0	0	0	0	0	0
GF_12788	0	0	0	0	0	0	0	2	0	0	0	0
GF_12789	0	0	0	0	0	0	0	2	0	0	0	0
GF_12790	0	0	0	0	0	0	0	2	0	0	0	0
GF_12791	0	0	0	0	0	0	0	2	0	0	0	0
GF_12792	0	0	0	0	0	0	0	2	0	0	0	0
GF_12793	0	0	0	0	0	0	0	0	2	0	0	0
GF_12794	0	0	0	0	0	0	0	0	2	0	0	0
GF_12795	0	0	0	0	0	0	0	0	2	0	0	0
GF_12796	0	0	0	0	0	0	0	0	2	0	0	0
GF_12797	0	0	0	0	0	0	0	0	2	0	0	0
GF_12798	0	0	0	0	0	0	0	0	2	0	0	0
GF_12799	0	0	0	0	0	0	0	0	2	0	0	0
GF_12800	0	0	0	0	0	0	0	0	2	0	0	0
GF_12801	0	0	0	0	0	0	0	0	2	0	0	0
GF_12802	0	0	0	0	0	0	0	0	2	0	0	0
GF_12803	0	0	0	0	0	0	0	0	2	0	0	0
GF_12804	0	0	0	0	0	0	0	0	2	0	0	0
GF_12805	0	0	0	0	0	0	0	0	2	0	0	0
GF_12806	0	0	0	0	0	0	0	2	0	0	0	0
GF_12807	0	0	0	0	0	0	0	2	0	0	0	0
GF_12808	0	0	0	0	0	0	0	0	0	0	2	0
GF_12809	0	0	0	0	0	0	0	0	0	0	2	0
GF_12810	0	0	0	0	0	0	0	0	0	0	2	0
GF_12811	0	0	0	0	0	0	0	0	0	0	2	0
GF_12812	0	0	0	0	0	0	0	0	0	0	2	0
GF_12813	0	0	0	0	0	0	0	0	0	0	2	0
GF_12814	0	0	0	0	0	0	0	0	0	0	2	0
GF_12815	0	0	0	0	0	0	0	0	0	0	2	0
GF_12816	0	0	0	0	0	0	0	0	0	0	2	0
GF_12817	0	0	0	0	0	0	0	0	0	0	2	0
GF_12818	0	0	0	0	0	0	0	0	0	0	2	0
GF_12819	0	0	0	0	0	0	0	0	0	0	2	0
GF_12820	0	0	0	0	0	0	0	0	0	0	2	0
GF_12821	0	0	0	0	0	0	0	0	0	0	2	0
GF_12822	0	0	0	0	0	0	0	0	0	0	2	0
GF_12823	0	0	0	0	0	0	0	0	0	0	2	0
GF_12824	0	0	0	0	0	0	0	0	0	0	2	0
GF_12825	0	0	0	0	0	0	0	0	0	0	2	0
GF_12826	0	0	0	0	0	0	0	0	0	0	2	0
GF_12827	0	0	0	0	0	0	2	0	0	0	0	0
GF_12828	0	0	0	0	0	0	2	0	0	0	0	0
GF_12829	0	0	0	0	0	0	2	0	0	0	0	0
GF_12830	0	0	0	0	0	0	2	0	0	0	0	0
GF_12831	0	0	0	0	0	0	2	0	0	0	0	0
GF_12832	0	0	0	0	0	0	2	0	0	0	0	0
GF_12833	0	0	0	0	0	0	2	0	0	0	0	0
GF_12834	0	0	0	0	0	0	2	0	0	0	0	0
GF_12835	0	0	0	0	0	0	2	0	0	0	0	0
GF_12836	0	0	0	0	0	0	2	0	0	0	0	0
GF_12837	0	0	0	0	0	0	0	0	2	0	0	0
GF_12838	0	0	0	0	0	0	0	0	2	0	0	0
GF_12839	0	0	0	0	0	0	0	0	2	0	0	0
GF_12840	0	0	0	0	0	0	0	0	0	2	0	0
GF_12841	0	0	0	0	0	0	0	0	0	2	0	0
GF_12842	0	0	0	0	0	0	0	0	0	2	0	0
GF_12843	0	0	0	0	0	0	0	0	0	2	0	0
GF_12844	0	0	0	0	0	0	0	0	0	2	0	0
GF_12845	0	0	0	0	0	0	0	0	0	2	0	0
GF_12846	0	0	0	0	0	0	0	0	0	2	0	0
GF_12847	0	0	0	0	0	0	2	0	0	0	0	0
GF_12848	0	0	0	0	0	0	2	0	0	0	0	0
GF_12849	0	0	0	0	0	0	2	0	0	0	0	0
GF_12850	0	0	0	0	0	0	2	0	0	0	0	0
GF_12851	0	0	0	0	0	0	2	0	0	0	0	0
GF_12852	0	0	0	0	0	0	2	0	0	0	0	0
GF_12853	0	0	0	0	0	0	0	0	0	2	0	0
GF_12854	0	0	0	0	0	0	0	0	0	2	0	0
GF_12855	0	0	0	0	0	0	0	0	0	2	0	0
GF_12856	0	0	0	0	0	0	0	0	0	2	0	0
GF_12857	0	0	0	0	0	0	0	0	0	2	0	0
GF_12858	0	0	0	0	0	0	0	0	0	2	0	0
GF_12859	0	0	0	0	0	0	0	0	0	2	0	0
GF_12860	0	0	0	0	0	0	0	0	0	2	0	0
GF_12861	0	0	0	0	0	0	0	0	0	2	0	0
GF_12862	0	0	0	0	0	0	0	0	0	2	0	0
GF_12863	0	0	0	0	0	0	0	0	0	2	0	0
GF_12864	0	0	0	0	0	0	0	0	0	2	0	0
GF_12865	0	0	0	0	0	0	0	0	0	2	0	0
GF_12866	0	0	0	0	0	0	0	0	0	2	0	0
GF_12867	0	0	0	0	0	0	0	0	0	2	0	0
GF_12868	0	0	0	0	0	0	0	0	0	2	0	0
GF_12869	0	0	0	0	0	0	0	0	0	2	0	0
GF_12870	0	0	0	0	0	0	0	0	0	2	0	0
GF_12871	0	0	0	0	0	0	0	0	0	2	0	0
GF_12872	0	0	0	0	0	0	0	0	0	2	0	0
GF_12873	0	0	0	0	0	0	0	0	0	2	0	0
GF_12874	0	0	0	0	0	0	0	0	0	2	0	0
GF_12875	0	0	0	0	0	0	0	0	0	2	0	0
GF_12876	0	0	0	0	0	0	0	0	0	2	0	0
GF_12877	0	0	0	0	0	0	0	0	0	2	0	0
GF_12878	0	0	0	0	0	0	0	0	0	2	0	0
GF_12879	0	0	0	0	0	0	0	0	0	2	0	0
GF_12880	0	0	0	0	0	0	0	0	0	2	0	0
GF_12881	0	0	0	0	0	0	0	0	0	2	0	0
GF_12882	0	0	0	0	0	0	0	0	0	2	0	0
GF_12883	0	0	0	0	0	0	0	0	0	2	0	0
GF_12884	0	0	0	0	0	0	0	0	0	2	0	0
GF_12885	0	0	0	0	0	0	0	0	0	2	0	0
GF_12886	0	0	0	0	0	0	0	0	0	2	0	0
GF_12887	0	0	0	0	0	0	0	0	0	2	0	0
GF_12888	0	0	0	0	0	0	0	0	0	2	0	0
GF_12889	0	0	0	0	0	0	0	0	0	2	0	0
GF_12890	0	0	0	0	0	0	0	0	0	2	0	0
GF_12891	0	0	0	0	0	0	0	0	0	2	0	0
GF_12892	0	0	0	0	0	0	0	0	0	2	0	0
GF_12893	0	0	0	0	0	0	0	0	0	2	0	0
GF_12894	0	0	0	0	0	0	0	0	0	2	0	0
GF_12895	0	0	0	0	0	0	0	0	0	2	0	0
GF_12896	0	0	0	0	0	0	0	0	0	2	0	0
GF_12897	0	0	0	0	0	0	0	0	0	2	0	0
GF_12898	0	0	0	0	0	0	0	0	0	2	0	0
GF_12899	0	0	0	0	0	0	0	0	0	2	0	0
GF_12900	0	0	0	0	0	0	0	0	0	2	0	0
GF_12901	0	0	0	0	0	0	0	0	0	2	0	0
GF_12902	0	0	0	0	0	0	0	0	0	2	0	0
GF_12903	0	0	0	0	0	0	0	0	0	2	0	0
GF_12904	0	0	0	0	0	0	0	0	0	2	0	0
GF_12905	0	0	0	0	0	0	0	0	0	2	0	0
GF_12906	0	0	0	0	0	0	0	0	0	2	0	0
GF_12907	0	0	0	0	0	0	0	0	0	2	0	0
GF_12908	0	0	0	0	0	0	0	0	0	2	0	0
GF_12909	0	0	0	0	0	0	0	0	0	2	0	0
GF_12910	0	0	0	0	0	0	0	0	0	2	0	0
GF_12911	0	0	0	0	0	0	0	0	0	2	0	0
GF_12912	0	0	0	0	0	0	0	0	0	2	0	0
GF_12913	0	0	0	0	0	0	0	0	0	2	0	0
GF_12914	0	0	0	0	0	0	0	0	0	2	0	0
GF_12915	0	0	0	0	0	0	0	0	0	2	0	0
GF_12916	0	0	0	0	0	0	0	0	0	2	0	0
GF_12917	0	0	0	0	0	0	0	0	0	2	0	0
GF_12918	0	0	0	0	0	0	0	0	0	2	0	0
GF_12919	0	0	0	0	0	0	0	0	0	2	0	0
GF_12920	0	0	0	0	0	0	0	0	0	2	0	0
GF_12921	0	0	0	0	0	0	0	0	0	2	0	0
GF_12922	0	0	0	0	0	0	0	0	0	2	0	0
GF_12923	0	0	0	0	0	0	0	0	0	2	0	0
GF_12924	0	0	0	0	0	0	0	0	0	2	0	0
GF_12925	0	0	0	0	0	0	0	0	0	2	0	0
GF_12926	0	0	0	0	0	0	0	0	0	2	0	0
GF_12927	0	0	0	0	0	0	0	0	0	2	0	0
GF_12928	0	0	0	0	0	0	0	0	0	2	0	0
GF_12929	0	0	0	0	0	0	0	0	0	2	0	0
GF_12930	0	0	0	0	0	0	0	0	0	2	0	0
GF_12931	0	0	0	0	0	0	0	0	0	2	0	0
GF_12932	0	0	0	0	0	0	0	0	0	2	0	0
GF_12933	0	0	0	0	0	0	0	0	0	2	0	0
GF_12934	0	0	0	0	0	0	0	0	0	2	0	0
GF_12935	0	0	0	0	0	0	0	0	0	2	0	0
GF_12936	0	0	0	0	0	0	0	0	0	2	0	0
GF_12937	0	0	0	0	0	0	0	0	0	2	0	0
GF_12938	0	0	0	0	0	0	0	0	0	2	0	0
GF_12939	0	0	0	0	0	0	0	0	0	2	0	0
GF_12940	0	0	0	0	0	0	0	0	0	2	0	0
GF_12941	0	0	0	0	0	0	0	0	0	2	0	0
GF_12942	0	0	0	0	0	0	0	0	0	2	0	0
GF_12943	0	0	0	0	0	0	0	0	0	2	0	0
GF_12944	0	0	0	0	0	0	0	0	0	2	0	0
GF_12945	0	0	0	0	0	0	0	0	0	2	0	0
GF_12946	0	0	0	0	0	0	0	0	0	2	0	0
GF_12947	0	0	0	0	0	0	0	0	0	2	0	0
GF_12948	0	0	0	0	0	0	0	0	0	2	0	0
GF_12949	0	0	0	0	0	0	0	0	0	2	0	0
GF_12950	0	0	0	0	0	0	0	0	0	2	0	0
GF_12951	0	0	0	0	0	0	0	0	0	2	0	0
GF_12952	0	0	0	0	0	0	0	0	0	2	0	0
GF_12953	0	0	0	0	0	0	0	0	0	2	0	0
GF_12954	0	0	0	0	0	0	0	0	0	2	0	0
GF_12955	0	0	0	0	0	0	0	0	0	2	0	0
GF_12956	0	0	0	0	0	0	0	0	0	2	0	0
GF_12957	0	0	0	0	0	0	0	0	0	2	0	0
GF_12958	0	0	0	0	0	0	0	0	0	2	0	0
GF_12959	0	0	0	0	0	0	0	0	0	2	0	0
GF_12960	0	0	0	0	0	0	0	0	0	2	0	0
GF_12961	0	0	2	0	0	0	0	0	0	0	0	0
GF_12962	0	0	2	0	0	0	0	0	0	0	0	0
GF_12963	0	0	2	0	0	0	0	0	0	0	0	0
GF_12964	0	0	2	0	0	0	0	0	0	0	0	0
GF_12965	0	0	2	0	0	0	0	0	0	0	0	0
GF_12966	0	0	2	0	0	0	0	0	0	0	0	0
GF_12967	0	0	2	0	0	0	0	0	0	0	0	0
GF_12968	0	0	2	0	0	0	0	0	0	0	0	0
GF_12969	0	0	2	0	0	0	0	0	0	0	0	0
GF_12970	0	0	2	0	0	0	0	0	0	0	0	0
GF_12971	0	0	2	0	0	0	0	0	0	0	0	0
GF_12972	0	0	2	0	0	0	0	0	0	0	0	0
GF_12973	0	0	2	0	0	0	0	0	0	0	0	0
GF_12974	0	0	2	0	0	0	0	0	0	0	0	0
GF_12975	0	0	2	0	0	0	0	0	0	0	0	0
GF_12976	0	0	2	0	0	0	0	0	0	0	0	0
GF_12977	0	0	2	0	0	0	0	0	0	0	0	0
GF_12978	0	0	2	0	0	0	0	0	0	0	0	0
GF_12979	0	0	2	0	0	0	0	0	0	0	0	0
GF_12980	0	0	2	0	0	0	0	0	0	0	0	0
GF_12981	0	0	2	0	0	0	0	0	0	0	0	0
GF_12982	0	0	2	0	0	0	0	0	0	0	0	0
GF_12983	0	0	2	0	0	0	0	0	0	0	0	0
GF_12984	0	0	2	0	0	0	0	0	0	0	0	0
GF_12985	0	0	2	0	0	0	0	0	0	0	0	0
GF_12986	0	0	2	0	0	0	0	0	0	0	0	0
GF_12987	0	0	2	0	0	0	0	0	0	0	0	0
GF_12988	0	0	2	0	0	0	0	0	0	0	0	0
GF_12989	0	0	2	0	0	0	0	0	0	0	0	0
GF_12990	0	0	2	0	0	0	0	0	0	0	0	0
GF_12991	0	0	2	0	0	0	0	0	0	0	0	0
GF_12992	0	0	2	0	0	0	0	0	0	0	0	0
GF_12993	0	0	2	0	0	0	0	0	0	0	0	0
GF_12994	0	0	2	0	0	0	0	0	0	0	0	0
GF_12995	0	0	2	0	0	0	0	0	0	0	0	0
GF_12996	0	0	2	0	0	0	0	0	0	0	0	0
GF_12997	0	0	2	0	0	0	0	0	0	0	0	0
GF_12998	0	0	2	0	0	0	0	0	0	0	0	0
GF_12999	0	0	2	0	0	0	0	0	0	0	0	0
GF_13000	0	0	2	0	0	0	0	0	0	0	0	0
GF_13001	0	0	2	0	0	0	0	0	0	0	0	0
GF_13002	0	0	2	0	0	0	0	0	0	0	0	0
GF_13003	0	0	2	0	0	0	0	0	0	0	0	0
GF_13004	0	0	2	0	0	0	0	0	0	0	0	0
GF_13005	0	0	2	0	0	0	0	0	0	0	0	0
GF_13006	0	0	2	0	0	0	0	0	0	0	0	0
GF_13007	0	0	2	0	0	0	0	0	0	0	0	0
GF_13008	0	0	2	0	0	0	0	0	0	0	0	0
GF_13009	0	0	2	0	0	0	0	0	0	0	0	0
GF_13010	0	0	2	0	0	0	0	0	0	0	0	0
GF_13011	0	0	2	0	0	0	0	0	0	0	0	0
GF_13012	0	0	2	0	0	0	0	0	0	0	0	0
GF_13013	0	0	2	0	0	0	0	0	0	0	0	0
GF_13014	0	0	2	0	0	0	0	0	0	0	0	0
GF_13015	0	0	2	0	0	0	0	0	0	0	0	0
GF_13016	0	0	2	0	0	0	0	0	0	0	0	0
GF_13017	0	0	2	0	0	0	0	0	0	0	0	0
GF_13018	0	0	2	0	0	0	0	0	0	0	0	0
GF_13019	0	0	2	0	0	0	0	0	0	0	0	0
GF_13020	0	0	2	0	0	0	0	0	0	0	0	0
GF_13021	0	0	2	0	0	0	0	0	0	0	0	0
GF_13022	0	0	2	0	0	0	0	0	0	0	0	0
GF_13023	0	0	2	0	0	0	0	0	0	0	0	0
GF_13024	0	0	2	0	0	0	0	0	0	0	0	0
GF_13025	0	0	2	0	0	0	0	0	0	0	0	0
GF_13026	0	0	2	0	0	0	0	0	0	0	0	0
GF_13027	0	0	2	0	0	0	0	0	0	0	0	0
GF_13028	0	0	2	0	0	0	0	0	0	0	0	0
GF_13029	0	0	2	0	0	0	0	0	0	0	0	0
GF_13030	0	0	2	0	0	0	0	0	0	0	0	0
GF_13031	0	0	2	0	0	0	0	0	0	0	0	0
GF_13032	0	0	2	0	0	0	0	0	0	0	0	0
GF_13033	0	0	2	0	0	0	0	0	0	0	0	0
GF_13034	0	0	2	0	0	0	0	0	0	0	0	0
GF_13035	0	0	2	0	0	0	0	0	0	0	0	0
GF_13036	0	0	2	0	0	0	0	0	0	0	0	0
GF_13037	0	0	2	0	0	0	0	0	0	0	0	0
GF_13038	0	0	2	0	0	0	0	0	0	0	0	0
GF_13039	0	0	2	0	0	0	0	0	0	0	0	0
GF_13040	0	0	2	0	0	0	0	0	0	0	0	0
GF_13041	0	0	2	0	0	0	0	0	0	0	0	0
GF_13042	0	0	2	0	0	0	0	0	0	0	0	0
GF_13043	0	0	2	0	0	0	0	0	0	0	0	0
GF_13044	0	0	2	0	0	0	0	0	0	0	0	0
GF_13045	0	0	2	0	0	0	0	0	0	0	0	0
GF_13046	0	0	2	0	0	0	0	0	0	0	0	0
GF_13047	0	0	2	0	0	0	0	0	0	0	0	0
GF_13048	0	0	2	0	0	0	0	0	0	0	0	0
GF_13049	0	0	2	0	0	0	0	0	0	0	0	0
GF_13050	0	0	2	0	0	0	0	0	0	0	0	0
GF_13051	0	0	2	0	0	0	0	0	0	0	0	0
GF_13052	0	0	2	0	0	0	0	0	0	0	0	0
GF_13053	0	0	2	0	0	0	0	0	0	0	0	0
GF_13054	0	0	2	0	0	0	0	0	0	0	0	0
GF_13055	0	0	2	0	0	0	0	0	0	0	0	0
GF_13056	0	0	2	0	0	0	0	0	0	0	0	0
GF_13057	0	0	2	0	0	0	0	0	0	0	0	0
GF_13058	0	0	2	0	0	0	0	0	0	0	0	0
GF_13059	0	0	2	0	0	0	0	0	0	0	0	0
GF_13060	0	0	2	0	0	0	0	0	0	0	0	0
GF_13061	0	0	2	0	0	0	0	0	0	0	0	0
GF_13062	0	0	2	0	0	0	0	0	0	0	0	0
GF_13063	0	0	2	0	0	0	0	0	0	0	0	0
GF_13064	0	0	2	0	0	0	0	0	0	0	0	0
GF_13065	0	0	2	0	0	0	0	0	0	0	0	0
GF_13066	0	0	2	0	0	0	0	0	0	0	0	0
GF_13067	0	0	2	0	0	0	0	0	0	0	0	0
GF_13068	0	0	2	0	0	0	0	0	0	0	0	0
GF_13069	0	0	2	0	0	0	0	0	0	0	0	0
GF_13070	0	0	2	0	0	0	0	0	0	0	0	0
GF_13071	0	0	2	0	0	0	0	0	0	0	0	0
GF_13072	0	0	2	0	0	0	0	0	0	0	0	0
GF_13073	0	0	2	0	0	0	0	0	0	0	0	0
GF_13074	0	0	2	0	0	0	0	0	0	0	0	0
GF_13075	0	0	2	0	0	0	0	0	0	0	0	0
GF_13076	0	0	2	0	0	0	0	0	0	0	0	0
GF_13077	0	0	2	0	0	0	0	0	0	0	0	0
GF_13078	0	0	2	0	0	0	0	0	0	0	0	0
GF_13079	0	0	2	0	0	0	0	0	0	0	0	0
GF_13080	0	0	2	0	0	0	0	0	0	0	0	0
GF_13081	0	0	2	0	0	0	0	0	0	0	0	0
GF_13082	0	0	2	0	0	0	0	0	0	0	0	0
GF_13083	0	0	2	0	0	0	0	0	0	0	0	0
GF_13084	0	0	2	0	0	0	0	0	0	0	0	0
GF_13085	0	0	2	0	0	0	0	0	0	0	0	0
GF_13086	0	0	2	0	0	0	0	0	0	0	0	0
GF_13087	0	0	2	0	0	0	0	0	0	0	0	0
GF_13088	0	0	2	0	0	0	0	0	0	0	0	0
GF_13089	0	0	2	0	0	0	0	0	0	0	0	0
GF_13090	0	0	2	0	0	0	0	0	0	0	0	0
GF_13091	0	0	2	0	0	0	0	0	0	0	0	0
GF_13092	0	0	2	0	0	0	0	0	0	0	0	0
GF_13093	0	0	2	0	0	0	0	0	0	0	0	0
GF_13094	0	0	2	0	0	0	0	0	0	0	0	0
GF_13095	0	0	2	0	0	0	0	0	0	0	0	0
GF_13096	0	0	2	0	0	0	0	0	0	0	0	0
GF_13097	0	0	2	0	0	0	0	0	0	0	0	0
GF_13098	0	0	2	0	0	0	0	0	0	0	0	0
GF_13099	0	0	2	0	0	0	0	0	0	0	0	0
GF_13100	0	0	2	0	0	0	0	0	0	0	0	0
GF_13101	0	0	2	0	0	0	0	0	0	0	0	0
GF_13102	0	0	2	0	0	0	0	0	0	0	0	0
GF_13103	0	0	2	0	0	0	0	0	0	0	0	0
GF_13104	0	0	2	0	0	0	0	0	0	0	0	0
GF_13105	0	0	2	0	0	0	0	0	0	0	0	0
GF_13106	0	0	2	0	0	0	0	0	0	0	0	0
GF_13107	0	0	2	0	0	0	0	0	0	0	0	0
GF_13108	0	0	2	0	0	0	0	0	0	0	0	0
GF_13109	0	0	2	0	0	0	0	0	0	0	0	0
GF_13110	0	0	2	0	0	0	0	0	0	0	0	0
GF_13111	0	0	2	0	0	0	0	0	0	0	0	0
GF_13112	0	0	2	0	0	0	0	0	0	0	0	0
GF_13113	0	0	2	0	0	0	0	0	0	0	0	0
GF_13114	0	0	2	0	0	0	0	0	0	0	0	0
GF_13115	0	0	2	0	0	0	0	0	0	0	0	0
GF_13116	0	0	2	0	0	0	0	0	0	0	0	0
GF_13117	0	0	2	0	0	0	0	0	0	0	0	0
GF_13118	0	0	2	0	0	0	0	0	0	0	0	0
GF_13119	0	0	2	0	0	0	0	0	0	0	0	0
GF_13120	0	0	2	0	0	0	0	0	0	0	0	0
GF_13121	0	0	2	0	0	0	0	0	0	0	0	0
GF_13122	0	0	2	0	0	0	0	0	0	0	0	0
GF_13123	0	0	2	0	0	0	0	0	0	0	0	0
GF_13124	0	0	2	0	0	0	0	0	0	0	0	0
GF_13125	0	0	2	0	0	0	0	0	0	0	0	0
GF_13126	0	0	2	0	0	0	0	0	0	0	0	0
GF_13127	0	0	2	0	0	0	0	0	0	0	0	0
GF_13128	0	0	2	0	0	0	0	0	0	0	0	0
GF_13129	0	0	2	0	0	0	0	0	0	0	0	0
GF_13130	0	0	2	0	0	0	0	0	0	0	0	0
GF_13131	0	0	2	0	0	0	0	0	0	0	0	0
GF_13132	0	0	2	0	0	0	0	0	0	0	0	0
GF_13133	0	0	2	0	0	0	0	0	0	0	0	0
GF_13134	0	0	2	0	0	0	0	0	0	0	0	0
GF_13135	0	0	2	0	0	0	0	0	0	0	0	0
GF_13136	0	0	2	0	0	0	0	0	0	0	0	0
GF_13137	0	0	2	0	0	0	0	0	0	0	0	0
GF_13138	0	0	0	0	0	0	0	0	2	0	0	0
GF_13139	0	0	0	0	0	0	0	0	2	0	0	0
GF_13140	0	0	0	0	0	0	0	0	2	0	0	0
GF_13141	0	0	0	0	0	0	0	0	2	0	0	0
GF_13142	0	0	2	0	0	0	0	0	0	0	0	0
GF_13143	0	0	2	0	0	0	0	0	0	0	0	0
GF_13144	0	0	2	0	0	0	0	0	0	0	0	0
GF_13145	0	0	2	0	0	0	0	0	0	0	0	0
GF_13146	0	0	2	0	0	0	0	0	0	0	0	0
GF_13147	0	0	2	0	0	0	0	0	0	0	0	0
GF_13148	0	0	2	0	0	0	0	0	0	0	0	0
GF_13149	0	0	2	0	0	0	0	0	0	0	0	0
GF_13150	0	0	2	0	0	0	0	0	0	0	0	0
GF_13151	0	0	2	0	0	0	0	0	0	0	0	0
GF_13152	0	0	2	0	0	0	0	0	0	0	0	0
GF_13153	0	0	2	0	0	0	0	0	0	0	0	0
GF_13154	0	0	2	0	0	0	0	0	0	0	0	0
GF_13155	0	0	2	0	0	0	0	0	0	0	0	0
GF_13156	0	0	2	0	0	0	0	0	0	0	0	0
GF_13157	0	0	2	0	0	0	0	0	0	0	0	0
GF_13158	0	0	2	0	0	0	0	0	0	0	0	0
GF_13159	0	0	2	0	0	0	0	0	0	0	0	0
GF_13160	0	0	2	0	0	0	0	0	0	0	0	0
GF_13161	0	0	2	0	0	0	0	0	0	0	0	0
GF_13162	0	0	2	0	0	0	0	0	0	0	0	0
GF_13163	0	0	2	0	0	0	0	0	0	0	0	0
GF_13164	0	0	2	0	0	0	0	0	0	0	0	0
GF_13165	0	0	2	0	0	0	0	0	0	0	0	0
GF_13166	0	0	2	0	0	0	0	0	0	0	0	0
GF_13167	0	0	2	0	0	0	0	0	0	0	0	0
GF_13168	0	0	2	0	0	0	0	0	0	0	0	0
GF_13169	0	0	2	0	0	0	0	0	0	0	0	0
GF_13170	0	0	2	0	0	0	0	0	0	0	0	0
GF_13171	0	0	2	0	0	0	0	0	0	0	0	0
GF_13172	0	0	2	0	0	0	0	0	0	0	0	0
GF_13173	0	0	2	0	0	0	0	0	0	0	0	0
GF_13174	0	0	2	0	0	0	0	0	0	0	0	0
GF_13175	0	0	2	0	0	0	0	0	0	0	0	0
GF_13176	0	0	2	0	0	0	0	0	0	0	0	0
GF_13177	0	0	2	0	0	0	0	0	0	0	0	0
GF_13178	0	0	2	0	0	0	0	0	0	0	0	0
GF_13179	0	0	2	0	0	0	0	0	0	0	0	0
GF_13180	0	0	2	0	0	0	0	0	0	0	0	0
GF_13181	0	0	2	0	0	0	0	0	0	0	0	0
GF_13182	0	0	2	0	0	0	0	0	0	0	0	0
GF_13183	0	0	2	0	0	0	0	0	0	0	0	0
GF_13184	0	0	2	0	0	0	0	0	0	0	0	0
GF_13185	0	0	2	0	0	0	0	0	0	0	0	0
GF_13186	0	0	2	0	0	0	0	0	0	0	0	0
GF_13187	0	0	2	0	0	0	0	0	0	0	0	0
GF_13188	0	0	2	0	0	0	0	0	0	0	0	0
GF_13189	0	0	2	0	0	0	0	0	0	0	0	0
GF_13190	0	0	2	0	0	0	0	0	0	0	0	0
GF_13191	0	0	2	0	0	0	0	0	0	0	0	0
GF_13192	0	0	2	0	0	0	0	0	0	0	0	0
GF_13193	0	0	2	0	0	0	0	0	0	0	0	0
GF_13194	0	0	2	0	0	0	0	0	0	0	0	0
GF_13195	0	0	2	0	0	0	0	0	0	0	0	0
GF_13196	0	0	2	0	0	0	0	0	0	0	0	0
GF_13197	0	0	2	0	0	0	0	0	0	0	0	0
GF_13198	0	0	2	0	0	0	0	0	0	0	0	0
GF_13199	0	0	2	0	0	0	0	0	0	0	0	0
GF_13200	0	0	2	0	0	0	0	0	0	0	0	0
GF_13201	0	0	2	0	0	0	0	0	0	0	0	0
GF_13202	0	0	2	0	0	0	0	0	0	0	0	0
GF_13203	0	0	2	0	0	0	0	0	0	0	0	0
GF_13204	0	0	2	0	0	0	0	0	0	0	0	0
GF_13205	0	0	2	0	0	0	0	0	0	0	0	0
GF_13206	0	0	2	0	0	0	0	0	0	0	0	0
GF_13207	0	0	0	0	0	0	0	0	0	0	0	2
GF_13208	0	0	0	0	0	0	0	0	2	0	0	0
GF_13209	0	0	0	0	0	0	0	0	2	0	0	0
GF_13210	0	0	0	0	0	0	0	0	2	0	0	0
GF_13211	0	0	0	0	0	0	0	0	2	0	0	0
GF_13212	0	0	0	0	0	0	0	0	2	0	0	0
GF_13213	0	0	0	0	0	0	0	0	2	0	0	0
GF_13214	0	0	0	0	0	0	0	0	2	0	0	0
GF_13215	0	0	0	0	0	0	0	0	0	0	0	2
GF_13216	0	2	0	0	0	0	0	0	0	0	0	0
GF_13217	0	2	0	0	0	0	0	0	0	0	0	0
GF_13218	0	2	0	0	0	0	0	0	0	0	0	0
GF_13219	0	2	0	0	0	0	0	0	0	0	0	0
GF_13220	0	2	0	0	0	0	0	0	0	0	0	0
GF_13221	0	2	0	0	0	0	0	0	0	0	0	0
GF_13222	0	2	0	0	0	0	0	0	0	0	0	0
GF_13223	0	2	0	0	0	0	0	0	0	0	0	0
GF_13224	0	2	0	0	0	0	0	0	0	0	0	0
GF_13225	0	2	0	0	0	0	0	0	0	0	0	0
GF_13226	0	2	0	0	0	0	0	0	0	0	0	0
GF_13227	0	2	0	0	0	0	0	0	0	0	0	0
GF_13228	0	2	0	0	0	0	0	0	0	0	0	0
GF_13229	0	2	0	0	0	0	0	0	0	0	0	0
GF_13230	0	2	0	0	0	0	0	0	0	0	0	0
GF_13231	0	2	0	0	0	0	0	0	0	0	0	0
GF_13232	0	2	0	0	0	0	0	0	0	0	0	0
GF_13233	0	2	0	0	0	0	0	0	0	0	0	0
GF_13234	0	2	0	0	0	0	0	0	0	0	0	0
GF_13235	0	2	0	0	0	0	0	0	0	0	0	0
GF_13236	0	2	0	0	0	0	0	0	0	0	0	0
GF_13237	0	2	0	0	0	0	0	0	0	0	0	0
GF_13238	0	2	0	0	0	0	0	0	0	0	0	0
GF_13239	0	2	0	0	0	0	0	0	0	0	0	0
GF_13240	0	2	0	0	0	0	0	0	0	0	0	0
GF_13241	0	2	0	0	0	0	0	0	0	0	0	0
GF_13242	0	2	0	0	0	0	0	0	0	0	0	0
GF_13243	0	2	0	0	0	0	0	0	0	0	0	0
GF_13244	0	2	0	0	0	0	0	0	0	0	0	0
GF_13245	0	2	0	0	0	0	0	0	0	0	0	0
GF_13246	0	2	0	0	0	0	0	0	0	0	0	0
GF_13247	0	2	0	0	0	0	0	0	0	0	0	0
GF_13248	0	2	0	0	0	0	0	0	0	0	0	0
GF_13249	0	2	0	0	0	0	0	0	0	0	0	0
GF_13250	0	2	0	0	0	0	0	0	0	0	0	0
GF_13251	0	2	0	0	0	0	0	0	0	0	0	0
GF_13252	0	2	0	0	0	0	0	0	0	0	0	0
GF_13253	0	2	0	0	0	0	0	0	0	0	0	0
GF_13254	0	2	0	0	0	0	0	0	0	0	0	0
GF_13255	0	2	0	0	0	0	0	0	0	0	0	0
GF_13256	0	2	0	0	0	0	0	0	0	0	0	0
GF_13257	0	2	0	0	0	0	0	0	0	0	0	0
GF_13258	0	2	0	0	0	0	0	0	0	0	0	0
GF_13259	0	2	0	0	0	0	0	0	0	0	0	0
GF_13260	0	2	0	0	0	0	0	0	0	0	0	0
GF_13261	0	2	0	0	0	0	0	0	0	0	0	0
GF_13262	0	2	0	0	0	0	0	0	0	0	0	0
GF_13263	0	2	0	0	0	0	0	0	0	0	0	0
GF_13264	0	2	0	0	0	0	0	0	0	0	0	0
GF_13265	0	2	0	0	0	0	0	0	0	0	0	0
GF_13266	0	2	0	0	0	0	0	0	0	0	0	0
GF_13267	0	2	0	0	0	0	0	0	0	0	0	0
GF_13268	0	2	0	0	0	0	0	0	0	0	0	0
GF_13269	0	2	0	0	0	0	0	0	0	0	0	0
GF_13270	0	2	0	0	0	0	0	0	0	0	0	0
GF_13271	0	2	0	0	0	0	0	0	0	0	0	0
GF_13272	0	2	0	0	0	0	0	0	0	0	0	0
GF_13273	0	2	0	0	0	0	0	0	0	0	0	0
GF_13274	0	2	0	0	0	0	0	0	0	0	0	0
GF_13275	0	2	0	0	0	0	0	0	0	0	0	0
GF_13276	0	2	0	0	0	0	0	0	0	0	0	0
GF_13277	0	2	0	0	0	0	0	0	0	0	0	0
GF_13278	0	2	0	0	0	0	0	0	0	0	0	0
GF_13279	0	2	0	0	0	0	0	0	0	0	0	0
GF_13280	0	2	0	0	0	0	0	0	0	0	0	0
GF_13281	0	2	0	0	0	0	0	0	0	0	0	0
GF_13282	0	2	0	0	0	0	0	0	0	0	0	0
GF_13283	0	2	0	0	0	0	0	0	0	0	0	0
GF_13284	0	2	0	0	0	0	0	0	0	0	0	0
GF_13285	0	2	0	0	0	0	0	0	0	0	0	0
GF_13286	0	2	0	0	0	0	0	0	0	0	0	0
GF_13287	0	2	0	0	0	0	0	0	0	0	0	0
GF_13288	0	2	0	0	0	0	0	0	0	0	0	0
GF_13289	0	2	0	0	0	0	0	0	0	0	0	0
GF_13290	0	2	0	0	0	0	0	0	0	0	0	0
GF_13291	0	2	0	0	0	0	0	0	0	0	0	0
GF_13292	0	2	0	0	0	0	0	0	0	0	0	0
GF_13293	0	2	0	0	0	0	0	0	0	0	0	0
GF_13294	0	2	0	0	0	0	0	0	0	0	0	0
GF_13295	0	2	0	0	0	0	0	0	0	0	0	0
GF_13296	0	2	0	0	0	0	0	0	0	0	0	0
GF_13297	0	2	0	0	0	0	0	0	0	0	0	0
GF_13298	0	2	0	0	0	0	0	0	0	0	0	0
GF_13299	0	2	0	0	0	0	0	0	0	0	0	0
GF_13300	0	2	0	0	0	0	0	0	0	0	0	0
GF_13301	0	2	0	0	0	0	0	0	0	0	0	0
GF_13302	0	2	0	0	0	0	0	0	0	0	0	0
GF_13303	0	2	0	0	0	0	0	0	0	0	0	0
GF_13304	0	2	0	0	0	0	0	0	0	0	0	0
GF_13305	0	2	0	0	0	0	0	0	0	0	0	0
GF_13306	0	2	0	0	0	0	0	0	0	0	0	0
GF_13307	0	2	0	0	0	0	0	0	0	0	0	0
GF_13308	0	2	0	0	0	0	0	0	0	0	0	0
GF_13309	0	2	0	0	0	0	0	0	0	0	0	0
GF_13310	0	2	0	0	0	0	0	0	0	0	0	0
GF_13311	0	2	0	0	0	0	0	0	0	0	0	0
GF_13312	0	2	0	0	0	0	0	0	0	0	0	0
GF_13313	0	2	0	0	0	0	0	0	0	0	0	0
GF_13314	0	2	0	0	0	0	0	0	0	0	0	0
GF_13315	0	2	0	0	0	0	0	0	0	0	0	0
GF_13316	0	2	0	0	0	0	0	0	0	0	0	0
GF_13317	0	2	0	0	0	0	0	0	0	0	0	0
GF_13318	0	2	0	0	0	0	0	0	0	0	0	0
GF_13319	0	2	0	0	0	0	0	0	0	0	0	0
GF_13320	0	2	0	0	0	0	0	0	0	0	0	0
GF_13321	0	2	0	0	0	0	0	0	0	0	0	0
GF_13322	0	2	0	0	0	0	0	0	0	0	0	0
GF_13323	0	2	0	0	0	0	0	0	0	0	0	0
GF_13324	0	2	0	0	0	0	0	0	0	0	0	0
GF_13325	0	2	0	0	0	0	0	0	0	0	0	0
GF_13326	0	2	0	0	0	0	0	0	0	0	0	0
GF_13327	0	2	0	0	0	0	0	0	0	0	0	0
GF_13328	0	2	0	0	0	0	0	0	0	0	0	0
GF_13329	0	2	0	0	0	0	0	0	0	0	0	0
GF_13330	0	2	0	0	0	0	0	0	0	0	0	0
GF_13331	0	2	0	0	0	0	0	0	0	0	0	0
GF_13332	0	2	0	0	0	0	0	0	0	0	0	0
GF_13333	0	2	0	0	0	0	0	0	0	0	0	0
GF_13334	0	2	0	0	0	0	0	0	0	0	0	0
GF_13335	0	2	0	0	0	0	0	0	0	0	0	0
GF_13336	0	2	0	0	0	0	0	0	0	0	0	0
GF_13337	0	2	0	0	0	0	0	0	0	0	0	0
GF_13338	0	2	0	0	0	0	0	0	0	0	0	0
GF_13339	0	2	0	0	0	0	0	0	0	0	0	0
GF_13340	0	2	0	0	0	0	0	0	0	0	0	0
GF_13341	0	2	0	0	0	0	0	0	0	0	0	0
GF_13342	0	2	0	0	0	0	0	0	0	0	0	0
GF_13343	0	0	0	0	0	0	0	0	2	0	0	0
GF_13344	0	0	0	0	0	0	0	0	2	0	0	0
GF_13345	0	0	0	0	0	0	0	0	2	0	0	0
GF_13346	0	0	0	0	0	0	0	0	2	0	0	0
GF_13347	0	2	0	0	0	0	0	0	0	0	0	0
GF_13348	0	2	0	0	0	0	0	0	0	0	0	0
GF_13349	0	2	0	0	0	0	0	0	0	0	0	0
GF_13350	0	2	0	0	0	0	0	0	0	0	0	0
GF_13351	0	2	0	0	0	0	0	0	0	0	0	0
GF_13352	0	2	0	0	0	0	0	0	0	0	0	0
GF_13353	0	2	0	0	0	0	0	0	0	0	0	0
GF_13354	0	2	0	0	0	0	0	0	0	0	0	0
GF_13355	0	2	0	0	0	0	0	0	0	0	0	0
GF_13356	0	2	0	0	0	0	0	0	0	0	0	0
GF_13357	0	2	0	0	0	0	0	0	0	0	0	0
GF_13358	0	2	0	0	0	0	0	0	0	0	0	0
GF_13359	0	2	0	0	0	0	0	0	0	0	0	0
GF_13360	0	2	0	0	0	0	0	0	0	0	0	0
GF_13361	0	2	0	0	0	0	0	0	0	0	0	0
GF_13362	0	2	0	0	0	0	0	0	0	0	0	0
GF_13363	0	2	0	0	0	0	0	0	0	0	0	0
GF_13364	0	2	0	0	0	0	0	0	0	0	0	0
GF_13365	0	2	0	0	0	0	0	0	0	0	0	0
GF_13366	0	2	0	0	0	0	0	0	0	0	0	0
GF_13367	0	2	0	0	0	0	0	0	0	0	0	0
GF_13368	0	2	0	0	0	0	0	0	0	0	0	0
GF_13369	0	2	0	0	0	0	0	0	0	0	0	0
GF_13370	0	2	0	0	0	0	0	0	0	0	0	0
GF_13371	0	2	0	0	0	0	0	0	0	0	0	0
GF_13372	0	2	0	0	0	0	0	0	0	0	0	0
GF_13373	0	2	0	0	0	0	0	0	0	0	0	0
GF_13374	0	2	0	0	0	0	0	0	0	0	0	0
GF_13375	0	2	0	0	0	0	0	0	0	0	0	0
GF_13376	0	2	0	0	0	0	0	0	0	0	0	0
GF_13377	0	2	0	0	0	0	0	0	0	0	0	0
GF_13378	0	2	0	0	0	0	0	0	0	0	0	0
GF_13379	0	2	0	0	0	0	0	0	0	0	0	0
GF_13380	0	2	0	0	0	0	0	0	0	0	0	0
GF_13381	0	2	0	0	0	0	0	0	0	0	0	0
GF_13382	0	2	0	0	0	0	0	0	0	0	0	0
GF_13383	0	2	0	0	0	0	0	0	0	0	0	0
GF_13384	0	2	0	0	0	0	0	0	0	0	0	0
GF_13385	0	2	0	0	0	0	0	0	0	0	0	0
GF_13386	0	2	0	0	0	0	0	0	0	0	0	0
GF_13387	0	2	0	0	0	0	0	0	0	0	0	0
GF_13388	0	2	0	0	0	0	0	0	0	0	0	0
GF_13389	0	2	0	0	0	0	0	0	0	0	0	0
GF_13390	0	2	0	0	0	0	0	0	0	0	0	0
GF_13391	0	2	0	0	0	0	0	0	0	0	0	0
GF_13392	0	2	0	0	0	0	0	0	0	0	0	0
GF_13393	0	2	0	0	0	0	0	0	0	0	0	0
GF_13394	0	2	0	0	0	0	0	0	0	0	0	0
GF_13395	0	2	0	0	0	0	0	0	0	0	0	0
GF_13396	0	2	0	0	0	0	0	0	0	0	0	0
GF_13397	0	2	0	0	0	0	0	0	0	0	0	0
GF_13398	0	2	0	0	0	0	0	0	0	0	0	0
GF_13399	0	2	0	0	0	0	0	0	0	0	0	0
GF_13400	0	2	0	0	0	0	0	0	0	0	0	0
GF_13401	0	2	0	0	0	0	0	0	0	0	0	0
GF_13402	0	2	0	0	0	0	0	0	0	0	0	0
GF_13403	0	2	0	0	0	0	0	0	0	0	0	0
GF_13404	0	2	0	0	0	0	0	0	0	0	0	0
GF_13405	0	2	0	0	0	0	0	0	0	0	0	0
GF_13406	0	2	0	0	0	0	0	0	0	0	0	0
GF_13407	0	2	0	0	0	0	0	0	0	0	0	0
GF_13408	0	2	0	0	0	0	0	0	0	0	0	0
GF_13409	0	2	0	0	0	0	0	0	0	0	0	0
GF_13410	0	2	0	0	0	0	0	0	0	0	0	0
GF_13411	0	2	0	0	0	0	0	0	0	0	0	0
GF_13412	0	2	0	0	0	0	0	0	0	0	0	0
GF_13413	0	2	0	0	0	0	0	0	0	0	0	0
GF_13414	0	2	0	0	0	0	0	0	0	0	0	0
GF_13415	0	2	0	0	0	0	0	0	0	0	0	0
GF_13416	0	2	0	0	0	0	0	0	0	0	0	0
GF_13417	0	2	0	0	0	0	0	0	0	0	0	0
GF_13418	0	2	0	0	0	0	0	0	0	0	0	0
GF_13419	0	2	0	0	0	0	0	0	0	0	0	0
GF_13420	0	2	0	0	0	0	0	0	0	0	0	0
GF_13421	0	2	0	0	0	0	0	0	0	0	0	0
GF_13422	0	2	0	0	0	0	0	0	0	0	0	0
GF_13423	0	2	0	0	0	0	0	0	0	0	0	0
GF_13424	0	2	0	0	0	0	0	0	0	0	0	0
GF_13425	0	2	0	0	0	0	0	0	0	0	0	0
GF_13426	0	2	0	0	0	0	0	0	0	0	0	0
GF_13427	0	2	0	0	0	0	0	0	0	0	0	0
GF_13428	0	2	0	0	0	0	0	0	0	0	0	0
GF_13429	0	2	0	0	0	0	0	0	0	0	0	0
GF_13430	0	2	0	0	0	0	0	0	0	0	0	0
GF_13431	0	2	0	0	0	0	0	0	0	0	0	0
GF_13432	0	2	0	0	0	0	0	0	0	0	0	0
GF_13433	0	2	0	0	0	0	0	0	0	0	0	0
GF_13434	0	2	0	0	0	0	0	0	0	0	0	0
GF_13435	0	2	0	0	0	0	0	0	0	0	0	0
GF_13436	0	2	0	0	0	0	0	0	0	0	0	0
GF_13437	0	2	0	0	0	0	0	0	0	0	0	0
GF_13438	0	2	0	0	0	0	0	0	0	0	0	0
GF_13439	0	2	0	0	0	0	0	0	0	0	0	0
GF_13440	0	2	0	0	0	0	0	0	0	0	0	0
GF_13441	0	2	0	0	0	0	0	0	0	0	0	0
GF_13442	0	2	0	0	0	0	0	0	0	0	0	0
GF_13443	0	2	0	0	0	0	0	0	0	0	0	0
GF_13444	0	2	0	0	0	0	0	0	0	0	0	0
GF_13445	0	2	0	0	0	0	0	0	0	0	0	0
GF_13446	0	2	0	0	0	0	0	0	0	0	0	0
GF_13447	0	2	0	0	0	0	0	0	0	0	0	0
GF_13448	0	2	0	0	0	0	0	0	0	0	0	0
GF_13449	0	2	0	0	0	0	0	0	0	0	0	0
GF_13450	0	2	0	0	0	0	0	0	0	0	0	0
GF_13451	0	2	0	0	0	0	0	0	0	0	0	0
GF_13452	0	2	0	0	0	0	0	0	0	0	0	0
GF_13453	0	2	0	0	0	0	0	0	0	0	0	0
GF_13454	0	2	0	0	0	0	0	0	0	0	0	0
GF_13455	0	2	0	0	0	0	0	0	0	0	0	0
GF_13456	0	2	0	0	0	0	0	0	0	0	0	0
GF_13457	0	2	0	0	0	0	0	0	0	0	0	0
GF_13458	0	2	0	0	0	0	0	0	0	0	0	0
GF_13459	0	2	0	0	0	0	0	0	0	0	0	0
GF_13460	0	2	0	0	0	0	0	0	0	0	0	0
GF_13461	0	2	0	0	0	0	0	0	0	0	0	0
GF_13462	0	2	0	0	0	0	0	0	0	0	0	0
GF_13463	0	2	0	0	0	0	0	0	0	0	0	0
GF_13464	0	2	0	0	0	0	0	0	0	0	0	0
GF_13465	0	2	0	0	0	0	0	0	0	0	0	0
GF_13466	0	2	0	0	0	0	0	0	0	0	0	0
GF_13467	0	2	0	0	0	0	0	0	0	0	0	0
GF_13468	0	2	0	0	0	0	0	0	0	0	0	0
GF_13469	0	2	0	0	0	0	0	0	0	0	0	0
GF_13470	0	2	0	0	0	0	0	0	0	0	0	0
GF_13471	0	2	0	0	0	0	0	0	0	0	0	0
GF_13472	0	2	0	0	0	0	0	0	0	0	0	0
GF_13473	0	2	0	0	0	0	0	0	0	0	0	0
GF_13474	0	0	0	0	0	2	0	0	0	0	0	0
GF_13475	0	0	0	0	0	2	0	0	0	0	0	0
GF_13476	0	0	0	0	0	2	0	0	0	0	0	0
GF_13477	0	0	0	0	0	2	0	0	0	0	0	0
GF_13478	0	0	0	0	0	2	0	0	0	0	0	0
GF_13479	0	0	0	0	0	2	0	0	0	0	0	0
GF_13480	0	0	0	0	0	2	0	0	0	0	0	0
GF_13481	0	0	0	0	0	2	0	0	0	0	0	0
GF_13482	0	0	0	0	0	2	0	0	0	0	0	0
GF_13483	0	0	0	0	0	2	0	0	0	0	0	0
GF_13484	0	0	0	0	0	2	0	0	0	0	0	0
GF_13485	0	0	0	0	0	2	0	0	0	0	0	0
GF_13486	0	0	0	0	0	2	0	0	0	0	0	0
GF_13487	0	0	0	0	0	2	0	0	0	0	0	0
GF_13488	0	0	0	0	0	2	0	0	0	0	0	0
GF_13489	0	0	0	0	0	2	0	0	0	0	0	0
GF_13490	0	0	0	0	0	2	0	0	0	0	0	0
GF_13491	0	0	0	0	0	2	0	0	0	0	0	0
GF_13492	0	0	0	0	0	2	0	0	0	0	0	0
GF_13493	0	0	0	0	0	2	0	0	0	0	0	0
GF_13494	0	0	0	0	0	2	0	0	0	0	0	0
GF_13495	0	0	0	0	0	2	0	0	0	0	0	0
GF_13496	0	0	0	0	0	2	0	0	0	0	0	0
GF_13497	0	0	0	0	0	2	0	0	0	0	0	0
GF_13498	0	0	0	0	0	2	0	0	0	0	0	0
GF_13499	0	0	0	0	0	2	0	0	0	0	0	0
GF_13500	0	0	0	0	0	2	0	0	0	0	0	0
GF_13501	0	0	0	0	0	2	0	0	0	0	0	0
GF_13502	0	0	0	0	0	2	0	0	0	0	0	0
GF_13503	0	0	0	0	0	2	0	0	0	0	0	0
GF_13504	0	0	0	0	0	2	0	0	0	0	0	0
GF_13505	0	0	0	0	0	2	0	0	0	0	0	0
GF_13506	0	0	0	0	0	2	0	0	0	0	0	0
GF_13507	0	0	0	0	0	2	0	0	0	0	0	0
GF_13508	0	0	0	0	0	2	0	0	0	0	0	0
GF_13509	0	0	0	0	0	2	0	0	0	0	0	0
GF_13510	0	0	0	0	0	2	0	0	0	0	0	0
GF_13511	0	0	0	0	0	2	0	0	0	0	0	0
GF_13512	0	0	0	0	0	2	0	0	0	0	0	0
GF_13513	0	0	0	0	0	2	0	0	0	0	0	0
GF_13514	0	0	0	0	0	2	0	0	0	0	0	0
GF_13515	0	0	0	0	0	2	0	0	0	0	0	0
GF_13516	0	0	0	0	0	2	0	0	0	0	0	0
GF_13517	0	0	0	0	0	2	0	0	0	0	0	0
GF_13518	0	0	0	0	0	2	0	0	0	0	0	0
GF_13519	0	0	0	0	0	2	0	0	0	0	0	0
GF_13520	0	0	0	0	0	2	0	0	0	0	0	0
GF_13521	0	0	0	0	0	2	0	0	0	0	0	0
GF_13522	0	0	0	0	0	2	0	0	0	0	0	0
GF_13523	0	0	0	0	0	2	0	0	0	0	0	0
GF_13524	0	0	0	0	0	2	0	0	0	0	0	0
GF_13525	0	0	0	0	0	2	0	0	0	0	0	0
GF_13526	0	0	0	0	0	2	0	0	0	0	0	0
GF_13527	0	0	0	0	0	2	0	0	0	0	0	0
GF_13528	0	0	0	0	0	2	0	0	0	0	0	0
GF_13529	0	0	0	0	0	2	0	0	0	0	0	0
GF_13530	0	0	0	0	0	2	0	0	0	0	0	0
GF_13531	0	0	0	0	0	2	0	0	0	0	0	0
GF_13532	0	0	0	0	0	2	0	0	0	0	0	0
GF_13533	0	0	0	0	0	2	0	0	0	0	0	0
GF_13534	0	0	0	0	0	2	0	0	0	0	0	0
GF_13535	0	0	0	0	0	2	0	0	0	0	0	0
GF_13536	0	0	0	0	0	2	0	0	0	0	0	0
GF_13537	0	0	0	0	0	2	0	0	0	0	0	0
GF_13538	0	0	0	0	0	2	0	0	0	0	0	0
GF_13539	0	0	0	0	0	2	0	0	0	0	0	0
GF_13540	0	0	0	0	0	2	0	0	0	0	0	0
GF_13541	0	0	0	0	0	2	0	0	0	0	0	0
GF_13542	0	0	0	0	0	2	0	0	0	0	0	0
GF_13543	0	0	0	0	0	2	0	0	0	0	0	0
GF_13544	0	0	0	0	0	2	0	0	0	0	0	0
GF_13545	0	0	0	0	0	2	0	0	0	0	0	0
GF_13546	0	0	0	0	0	2	0	0	0	0	0	0
GF_13547	0	0	0	0	0	2	0	0	0	0	0	0
GF_13548	0	0	0	0	0	2	0	0	0	0	0	0
GF_13549	0	0	0	0	0	2	0	0	0	0	0	0
GF_13550	0	0	0	0	0	2	0	0	0	0	0	0
GF_13551	0	0	0	0	0	2	0	0	0	0	0	0
GF_13552	0	0	0	0	0	2	0	0	0	0	0	0
GF_13553	0	0	0	0	0	2	0	0	0	0	0	0
GF_13554	0	0	0	0	0	2	0	0	0	0	0	0
GF_13555	0	0	0	0	0	2	0	0	0	0	0	0
GF_13556	0	0	0	0	0	2	0	0	0	0	0	0
GF_13557	0	0	0	0	0	2	0	0	0	0	0	0
GF_13558	0	0	0	0	0	2	0	0	0	0	0	0
GF_13559	0	0	0	0	0	2	0	0	0	0	0	0
GF_13560	0	0	0	0	0	2	0	0	0	0	0	0
GF_13561	0	0	0	0	0	2	0	0	0	0	0	0
GF_13562	0	0	0	0	0	2	0	0	0	0	0	0
GF_13563	0	0	0	0	0	2	0	0	0	0	0	0
GF_13564	0	0	0	0	0	2	0	0	0	0	0	0
GF_13565	0	0	0	0	0	2	0	0	0	0	0	0
GF_13566	0	0	0	0	0	2	0	0	0	0	0	0
GF_13567	0	0	0	0	0	2	0	0	0	0	0	0
GF_13568	0	0	0	0	0	2	0	0	0	0	0	0
GF_13569	0	0	0	0	0	2	0	0	0	0	0	0
GF_13570	0	0	0	0	0	2	0	0	0	0	0	0
GF_13571	0	0	0	0	0	2	0	0	0	0	0	0
GF_13572	0	0	0	0	0	2	0	0	0	0	0	0
GF_13573	0	0	0	0	0	2	0	0	0	0	0	0
GF_13574	0	0	0	0	0	2	0	0	0	0	0	0
GF_13575	0	0	0	0	0	2	0	0	0	0	0	0
GF_13576	0	0	0	0	0	2	0	0	0	0	0	0
GF_13577	0	0	0	0	0	2	0	0	0	0	0	0
GF_13578	0	0	0	0	0	2	0	0	0	0	0	0
GF_13579	0	0	0	0	0	2	0	0	0	0	0	0
GF_13580	0	0	0	0	0	2	0	0	0	0	0	0
GF_13581	0	0	0	0	0	2	0	0	0	0	0	0
GF_13582	0	0	0	0	0	2	0	0	0	0	0	0
GF_13583	0	0	0	0	0	2	0	0	0	0	0	0
GF_13584	0	0	0	0	0	2	0	0	0	0	0	0
GF_13585	0	0	0	0	0	2	0	0	0	0	0	0
GF_13586	0	0	0	0	0	2	0	0	0	0	0	0
GF_13587	0	0	0	0	0	2	0	0	0	0	0	0
GF_13588	0	0	0	0	0	2	0	0	0	0	0	0
GF_13589	0	0	0	0	0	2	0	0	0	0	0	0
GF_13590	0	0	0	0	0	2	0	0	0	0	0	0
GF_13591	0	0	0	0	0	2	0	0	0	0	0	0
GF_13592	0	0	0	0	0	2	0	0	0	0	0	0
GF_13593	0	0	0	0	0	2	0	0	0	0	0	0
GF_13594	0	0	0	0	0	2	0	0	0	0	0	0
GF_13595	0	0	0	0	0	2	0	0	0	0	0	0
GF_13596	0	0	0	0	0	2	0	0	0	0	0	0
GF_13597	0	0	0	0	0	2	0	0	0	0	0	0
GF_13598	0	0	0	0	0	2	0	0	0	0	0	0
GF_13599	0	0	0	0	0	2	0	0	0	0	0	0
GF_13600	0	0	0	0	0	2	0	0	0	0	0	0
GF_13601	0	0	0	0	0	2	0	0	0	0	0	0
GF_13602	0	0	0	0	0	2	0	0	0	0	0	0
GF_13603	0	0	0	0	0	2	0	0	0	0	0	0
GF_13604	0	0	0	0	0	2	0	0	0	0	0	0
GF_13605	0	0	0	0	0	2	0	0	0	0	0	0
GF_13606	0	0	0	0	0	2	0	0	0	0	0	0
GF_13607	0	0	0	0	0	2	0	0	0	0	0	0
GF_13608	0	0	0	0	0	2	0	0	0	0	0	0
GF_13609	0	0	0	0	0	2	0	0	0	0	0	0
GF_13610	0	0	0	0	0	2	0	0	0	0	0	0
GF_13611	0	0	0	0	0	2	0	0	0	0	0	0
GF_13612	0	0	0	0	0	2	0	0	0	0	0	0
GF_13613	0	0	0	0	0	2	0	0	0	0	0	0
GF_13614	0	0	0	0	0	2	0	0	0	0	0	0
GF_13615	0	0	0	0	0	2	0	0	0	0	0	0
GF_13616	0	0	0	0	0	2	0	0	0	0	0	0
GF_13617	0	0	0	0	0	2	0	0	0	0	0	0
GF_13618	0	0	0	0	0	2	0	0	0	0	0	0
GF_13619	0	0	0	0	0	2	0	0	0	0	0	0
GF_13620	0	0	0	0	0	2	0	0	0	0	0	0
GF_13621	0	0	0	0	0	2	0	0	0	0	0	0
GF_13622	0	0	0	0	0	2	0	0	0	0	0	0
GF_13623	0	0	0	0	0	2	0	0	0	0	0	0
GF_13624	0	0	0	0	0	2	0	0	0	0	0	0
GF_13625	0	0	0	0	0	2	0	0	0	0	0	0
GF_13626	0	0	0	0	0	2	0	0	0	0	0	0
GF_13627	0	0	0	0	0	2	0	0	0	0	0	0
GF_13628	0	0	0	0	0	2	0	0	0	0	0	0
GF_13629	0	0	0	0	0	2	0	0	0	0	0	0
GF_13630	0	0	0	0	0	2	0	0	0	0	0	0
GF_13631	0	0	0	0	0	2	0	0	0	0	0	0
GF_13632	0	0	0	0	0	2	0	0	0	0	0	0
GF_13633	0	0	0	0	0	2	0	0	0	0	0	0
GF_13634	0	0	0	0	0	2	0	0	0	0	0	0
GF_13635	0	0	0	0	0	2	0	0	0	0	0	0
GF_13636	0	0	0	0	0	2	0	0	0	0	0	0
GF_13637	0	0	0	0	0	2	0	0	0	0	0	0
GF_13638	0	0	0	0	0	2	0	0	0	0	0	0
GF_13639	0	0	0	0	0	2	0	0	0	0	0	0
GF_13640	0	0	0	0	0	2	0	0	0	0	0	0
GF_13641	0	0	0	0	0	2	0	0	0	0	0	0
GF_13642	0	0	0	0	0	2	0	0	0	0	0	0
GF_13643	0	0	0	0	0	2	0	0	0	0	0	0
GF_13644	0	0	0	0	0	2	0	0	0	0	0	0
GF_13645	0	0	0	0	0	2	0	0	0	0	0	0
GF_13646	0	0	0	0	0	2	0	0	0	0	0	0
GF_13647	0	0	0	0	0	2	0	0	0	0	0	0
GF_13648	0	0	0	0	0	2	0	0	0	0	0	0
GF_13649	0	0	0	0	0	2	0	0	0	0	0	0
GF_13650	0	0	0	0	0	2	0	0	0	0	0	0
GF_13651	0	0	0	0	0	2	0	0	0	0	0	0
GF_13652	0	0	0	0	0	2	0	0	0	0	0	0
GF_13653	0	0	0	0	0	0	0	0	2	0	0	0
GF_13654	0	0	0	0	0	0	0	0	2	0	0	0
GF_13655	0	0	0	0	0	0	0	0	2	0	0	0
GF_13656	0	0	0	0	0	0	0	0	2	0	0	0
GF_13657	0	0	0	0	0	2	0	0	0	0	0	0
GF_13658	0	0	0	0	0	2	0	0	0	0	0	0
GF_13659	0	0	0	0	0	2	0	0	0	0	0	0
GF_13660	0	0	0	0	0	2	0	0	0	0	0	0
GF_13661	0	0	0	0	0	2	0	0	0	0	0	0
GF_13662	0	0	0	0	0	2	0	0	0	0	0	0
GF_13663	0	0	0	0	0	2	0	0	0	0	0	0
GF_13664	0	0	0	0	0	2	0	0	0	0	0	0
GF_13665	0	0	0	0	0	2	0	0	0	0	0	0
GF_13666	0	0	0	0	0	2	0	0	0	0	0	0
GF_13667	0	0	0	0	0	2	0	0	0	0	0	0
GF_13668	0	0	0	0	0	2	0	0	0	0	0	0
GF_13669	0	0	0	0	0	2	0	0	0	0	0	0
GF_13670	0	0	0	0	0	2	0	0	0	0	0	0
GF_13671	0	0	0	0	0	2	0	0	0	0	0	0
GF_13672	0	0	0	0	0	2	0	0	0	0	0	0
GF_13673	0	0	0	0	0	2	0	0	0	0	0	0
GF_13674	0	0	0	0	0	2	0	0	0	0	0	0
GF_13675	0	0	0	0	0	2	0	0	0	0	0	0
GF_13676	0	0	0	0	0	2	0	0	0	0	0	0
GF_13677	0	0	0	0	0	2	0	0	0	0	0	0
GF_13678	0	0	0	0	0	2	0	0	0	0	0	0
GF_13679	0	0	0	0	0	2	0	0	0	0	0	0
GF_13680	0	0	0	0	0	2	0	0	0	0	0	0
GF_13681	0	0	0	0	0	2	0	0	0	0	0	0
GF_13682	0	0	0	0	0	2	0	0	0	0	0	0
GF_13683	0	0	0	0	0	2	0	0	0	0	0	0
GF_13684	0	0	0	0	0	2	0	0	0	0	0	0
GF_13685	0	0	0	0	0	2	0	0	0	0	0	0
GF_13686	0	0	0	0	0	2	0	0	0	0	0	0
GF_13687	0	0	0	0	0	2	0	0	0	0	0	0
GF_13688	0	0	0	0	0	2	0	0	0	0	0	0
GF_13689	0	0	0	0	0	2	0	0	0	0	0	0
GF_13690	0	0	0	0	0	2	0	0	0	0	0	0
GF_13691	0	0	0	0	2	0	0	0	0	0	0	0
GF_13692	0	0	0	0	2	0	0	0	0	0	0	0
GF_13693	0	0	0	0	2	0	0	0	0	0	0	0
GF_13694	0	0	0	0	2	0	0	0	0	0	0	0
GF_13695	0	0	0	0	2	0	0	0	0	0	0	0
GF_13696	0	0	0	0	2	0	0	0	0	0	0	0
GF_13697	0	0	0	0	2	0	0	0	0	0	0	0
GF_13698	0	0	0	0	2	0	0	0	0	0	0	0
GF_13699	0	0	0	0	2	0	0	0	0	0	0	0
GF_13700	0	0	0	0	2	0	0	0	0	0	0	0
GF_13701	0	0	0	0	2	0	0	0	0	0	0	0
GF_13702	0	0	0	0	2	0	0	0	0	0	0	0
GF_13703	0	0	0	0	2	0	0	0	0	0	0	0
GF_13704	0	0	0	0	2	0	0	0	0	0	0	0
GF_13705	0	0	0	0	2	0	0	0	0	0	0	0
GF_13706	0	0	0	0	2	0	0	0	0	0	0	0
GF_13707	0	0	0	0	2	0	0	0	0	0	0	0
GF_13708	0	0	0	0	2	0	0	0	0	0	0	0
GF_13709	0	0	0	0	2	0	0	0	0	0	0	0
GF_13710	0	0	0	0	2	0	0	0	0	0	0	0
GF_13711	0	0	0	0	2	0	0	0	0	0	0	0
GF_13712	0	0	0	0	2	0	0	0	0	0	0	0
GF_13713	0	0	0	0	2	0	0	0	0	0	0	0
GF_13714	0	0	0	0	2	0	0	0	0	0	0	0
GF_13715	0	0	0	0	2	0	0	0	0	0	0	0
GF_13716	0	0	0	0	2	0	0	0	0	0	0	0
GF_13717	0	0	0	0	2	0	0	0	0	0	0	0
GF_13718	0	0	0	0	2	0	0	0	0	0	0	0
GF_13719	0	0	0	0	2	0	0	0	0	0	0	0
GF_13720	0	0	0	0	2	0	0	0	0	0	0	0
GF_13721	0	0	0	0	2	0	0	0	0	0	0	0
GF_13722	0	0	0	0	2	0	0	0	0	0	0	0
GF_13723	0	0	0	0	2	0	0	0	0	0	0	0
GF_13724	0	0	0	0	2	0	0	0	0	0	0	0
GF_13725	0	0	0	0	2	0	0	0	0	0	0	0
GF_13726	0	0	0	0	2	0	0	0	0	0	0	0
GF_13727	0	0	0	0	2	0	0	0	0	0	0	0
GF_13728	0	0	0	0	2	0	0	0	0	0	0	0
GF_13729	0	0	0	0	2	0	0	0	0	0	0	0
GF_13730	0	0	0	0	2	0	0	0	0	0	0	0
GF_13731	0	0	0	0	2	0	0	0	0	0	0	0
GF_13732	0	0	0	0	2	0	0	0	0	0	0	0
GF_13733	0	0	0	0	2	0	0	0	0	0	0	0
GF_13734	0	0	0	0	2	0	0	0	0	0	0	0
GF_13735	0	0	0	0	2	0	0	0	0	0	0	0
GF_13736	0	0	0	0	2	0	0	0	0	0	0	0
GF_13737	0	0	0	0	2	0	0	0	0	0	0	0
GF_13738	0	0	0	0	2	0	0	0	0	0	0	0
GF_13739	0	0	0	0	2	0	0	0	0	0	0	0
GF_13740	0	0	0	0	2	0	0	0	0	0	0	0
GF_13741	0	0	0	0	2	0	0	0	0	0	0	0
GF_13742	0	0	0	0	2	0	0	0	0	0	0	0
GF_13743	0	0	0	0	2	0	0	0	0	0	0	0
GF_13744	0	0	0	0	2	0	0	0	0	0	0	0
GF_13745	0	0	0	0	2	0	0	0	0	0	0	0
GF_13746	0	0	0	0	2	0	0	0	0	0	0	0
GF_13747	0	0	0	0	2	0	0	0	0	0	0	0
GF_13748	0	0	0	0	2	0	0	0	0	0	0	0
GF_13749	0	0	0	0	2	0	0	0	0	0	0	0
GF_13750	0	0	0	0	2	0	0	0	0	0	0	0
GF_13751	0	0	0	0	2	0	0	0	0	0	0	0
GF_13752	0	0	0	0	2	0	0	0	0	0	0	0
GF_13753	0	0	0	0	2	0	0	0	0	0	0	0
GF_13754	0	0	0	0	2	0	0	0	0	0	0	0
GF_13755	0	0	0	0	2	0	0	0	0	0	0	0
GF_13756	0	0	0	0	2	0	0	0	0	0	0	0
GF_13757	0	0	0	0	2	0	0	0	0	0	0	0
GF_13758	0	0	0	0	2	0	0	0	0	0	0	0
GF_13759	0	0	0	0	2	0	0	0	0	0	0	0
GF_13760	0	0	0	0	2	0	0	0	0	0	0	0
GF_13761	0	0	0	0	2	0	0	0	0	0	0	0
GF_13762	0	0	0	0	2	0	0	0	0	0	0	0
GF_13763	0	0	0	0	2	0	0	0	0	0	0	0
GF_13764	0	0	0	0	2	0	0	0	0	0	0	0
GF_13765	0	0	0	0	2	0	0	0	0	0	0	0
GF_13766	0	0	0	0	2	0	0	0	0	0	0	0
GF_13767	0	0	0	0	2	0	0	0	0	0	0	0
GF_13768	0	0	0	0	2	0	0	0	0	0	0	0
GF_13769	0	0	0	0	2	0	0	0	0	0	0	0
GF_13770	0	0	0	0	2	0	0	0	0	0	0	0
GF_13771	0	0	0	0	2	0	0	0	0	0	0	0
GF_13772	0	0	0	0	2	0	0	0	0	0	0	0
GF_13773	0	0	0	0	2	0	0	0	0	0	0	0
GF_13774	0	0	0	0	2	0	0	0	0	0	0	0
GF_13775	0	0	0	0	2	0	0	0	0	0	0	0
GF_13776	0	0	0	0	2	0	0	0	0	0	0	0
GF_13777	0	0	0	0	2	0	0	0	0	0	0	0
GF_13778	0	0	0	0	2	0	0	0	0	0	0	0
GF_13779	0	0	0	0	2	0	0	0	0	0	0	0
GF_13780	0	0	0	0	2	0	0	0	0	0	0	0
GF_13781	0	0	0	0	2	0	0	0	0	0	0	0
GF_13782	0	0	0	0	2	0	0	0	0	0	0	0
GF_13783	0	0	0	0	2	0	0	0	0	0	0	0
GF_13784	0	0	0	0	2	0	0	0	0	0	0	0
GF_13785	0	0	0	0	2	0	0	0	0	0	0	0
GF_13786	0	0	0	0	2	0	0	0	0	0	0	0
GF_13787	0	0	0	0	2	0	0	0	0	0	0	0
GF_13788	0	0	0	0	2	0	0	0	0	0	0	0
GF_13789	0	0	0	0	2	0	0	0	0	0	0	0
GF_13790	0	0	0	0	2	0	0	0	0	0	0	0
GF_13791	0	0	0	0	2	0	0	0	0	0	0	0
GF_13792	0	0	0	0	2	0	0	0	0	0	0	0
GF_13793	0	0	0	0	2	0	0	0	0	0	0	0
GF_13794	0	0	0	0	2	0	0	0	0	0	0	0
GF_13795	0	0	0	0	2	0	0	0	0	0	0	0
GF_13796	0	0	0	0	2	0	0	0	0	0	0	0
GF_13797	0	0	0	0	2	0	0	0	0	0	0	0
GF_13798	0	0	0	0	2	0	0	0	0	0	0	0
GF_13799	0	0	0	0	2	0	0	0	0	0	0	0
GF_13800	0	0	0	0	2	0	0	0	0	0	0	0
GF_13801	0	0	0	0	2	0	0	0	0	0	0	0
GF_13802	0	0	0	0	2	0	0	0	0	0	0	0
GF_13803	0	0	0	0	2	0	0	0	0	0	0	0
GF_13804	0	0	0	0	2	0	0	0	0	0	0	0
GF_13805	0	0	0	0	2	0	0	0	0	0	0	0
GF_13806	0	0	0	0	2	0	0	0	0	0	0	0
GF_13807	0	0	0	0	2	0	0	0	0	0	0	0
GF_13808	0	0	0	0	2	0	0	0	0	0	0	0
GF_13809	0	0	0	0	2	0	0	0	0	0	0	0
GF_13810	0	0	0	0	2	0	0	0	0	0	0	0
GF_13811	0	0	0	0	2	0	0	0	0	0	0	0
GF_13812	0	0	0	0	2	0	0	0	0	0	0	0
GF_13813	0	0	0	0	2	0	0	0	0	0	0	0
GF_13814	0	0	0	0	2	0	0	0	0	0	0	0
GF_13815	0	0	0	0	2	0	0	0	0	0	0	0
GF_13816	0	0	0	0	2	0	0	0	0	0	0	0
GF_13817	0	0	0	0	2	0	0	0	0	0	0	0
GF_13818	0	0	0	0	2	0	0	0	0	0	0	0
GF_13819	0	0	0	0	2	0	0	0	0	0	0	0
GF_13820	0	0	0	0	2	0	0	0	0	0	0	0
GF_13821	0	0	0	0	2	0	0	0	0	0	0	0
GF_13822	0	0	0	0	2	0	0	0	0	0	0	0
GF_13823	0	0	0	0	2	0	0	0	0	0	0	0
GF_13824	0	0	0	0	2	0	0	0	0	0	0	0
GF_13825	0	0	0	0	2	0	0	0	0	0	0	0
GF_13826	0	0	0	0	2	0	0	0	0	0	0	0
GF_13827	0	0	0	0	2	0	0	0	0	0	0	0
GF_13828	0	0	0	0	2	0	0	0	0	0	0	0
GF_13829	0	0	0	0	2	0	0	0	0	0	0	0
GF_13830	0	0	0	0	2	0	0	0	0	0	0	0
GF_13831	0	0	0	0	2	0	0	0	0	0	0	0
GF_13832	0	0	0	0	2	0	0	0	0	0	0	0
GF_13833	0	0	0	0	2	0	0	0	0	0	0	0
GF_13834	0	0	0	0	2	0	0	0	0	0	0	0
GF_13835	0	0	0	0	2	0	0	0	0	0	0	0
GF_13836	0	0	0	0	2	0	0	0	0	0	0	0
GF_13837	0	0	0	0	2	0	0	0	0	0	0	0
GF_13838	0	0	0	0	2	0	0	0	0	0	0	0
GF_13839	0	0	0	0	2	0	0	0	0	0	0	0
GF_13840	0	0	0	0	2	0	0	0	0	0	0	0
GF_13841	0	0	0	0	2	0	0	0	0	0	0	0
GF_13842	0	0	0	0	2	0	0	0	0	0	0	0
GF_13843	0	0	0	0	2	0	0	0	0	0	0	0
GF_13844	0	0	0	0	2	0	0	0	0	0	0	0
GF_13845	0	0	0	0	2	0	0	0	0	0	0	0
GF_13846	0	0	0	0	2	0	0	0	0	0	0	0
GF_13847	0	0	0	0	2	0	0	0	0	0	0	0
GF_13848	0	0	0	0	2	0	0	0	0	0	0	0
GF_13849	0	0	0	0	2	0	0	0	0	0	0	0
GF_13850	0	0	0	0	2	0	0	0	0	0	0	0
GF_13851	0	0	0	0	2	0	0	0	0	0	0	0
GF_13852	0	0	0	0	2	0	0	0	0	0	0	0
GF_13853	0	0	0	0	2	0	0	0	0	0	0	0
GF_13854	0	0	0	0	2	0	0	0	0	0	0	0
GF_13855	0	0	0	0	2	0	0	0	0	0	0	0
GF_13856	0	0	0	0	2	0	0	0	0	0	0	0
GF_13857	0	0	0	0	2	0	0	0	0	0	0	0
GF_13858	0	0	0	0	2	0	0	0	0	0	0	0
GF_13859	0	0	0	0	2	0	0	0	0	0	0	0
GF_13860	0	0	0	0	2	0	0	0	0	0	0	0
GF_13861	0	0	0	0	2	0	0	0	0	0	0	0
GF_13862	0	0	0	0	2	0	0	0	0	0	0	0
GF_13863	0	0	0	0	2	0	0	0	0	0	0	0
GF_13864	0	0	0	0	2	0	0	0	0	0	0	0
GF_13865	0	0	0	0	2	0	0	0	0	0	0	0
GF_13866	0	0	0	0	2	0	0	0	0	0	0	0
GF_13867	0	0	0	0	2	0	0	0	0	0	0	0
GF_13868	0	0	0	0	2	0	0	0	0	0	0	0
GF_13869	0	0	0	0	2	0	0	0	0	0	0	0
GF_13870	0	0	0	0	2	0	0	0	0	0	0	0
GF_13871	0	0	0	0	2	0	0	0	0	0	0	0
GF_13872	0	0	0	0	2	0	0	0	0	0	0	0
GF_13873	0	0	0	0	2	0	0	0	0	0	0	0
GF_13874	0	0	0	0	2	0	0	0	0	0	0	0
GF_13875	0	0	0	0	2	0	0	0	0	0	0	0
GF_13876	0	0	0	0	2	0	0	0	0	0	0	0
GF_13877	0	0	0	0	2	0	0	0	0	0	0	0
GF_13878	0	0	0	0	2	0	0	0	0	0	0	0
GF_13879	0	0	0	0	2	0	0	0	0	0	0	0
GF_13880	0	0	0	0	2	0	0	0	0	0	0	0
GF_13881	0	0	0	0	2	0	0	0	0	0	0	0
GF_13882	0	0	0	0	2	0	0	0	0	0	0	0
GF_13883	0	0	0	0	2	0	0	0	0	0	0	0
GF_13884	0	0	0	0	2	0	0	0	0	0	0	0
GF_13885	0	0	0	0	2	0	0	0	0	0	0	0
GF_13886	0	0	0	0	2	0	0	0	0	0	0	0
GF_13887	0	0	0	0	2	0	0	0	0	0	0	0
GF_13888	0	0	0	0	2	0	0	0	0	0	0	0
GF_13889	0	0	0	0	2	0	0	0	0	0	0	0
GF_13890	0	0	0	0	2	0	0	0	0	0	0	0
GF_13891	0	0	0	0	2	0	0	0	0	0	0	0
GF_13892	0	0	0	0	2	0	0	0	0	0	0	0
GF_13893	0	0	0	0	2	0	0	0	0	0	0	0
GF_13894	0	0	0	0	2	0	0	0	0	0	0	0
GF_13895	0	0	0	0	2	0	0	0	0	0	0	0
GF_13896	0	0	0	0	2	0	0	0	0	0	0	0
GF_13897	0	0	0	0	2	0	0	0	0	0	0	0
GF_13898	0	0	0	0	2	0	0	0	0	0	0	0
GF_13899	0	0	0	0	2	0	0	0	0	0	0	0
GF_13900	0	0	0	0	2	0	0	0	0	0	0	0
GF_13901	0	0	0	0	2	0	0	0	0	0	0	0
GF_13902	0	0	0	0	2	0	0	0	0	0	0	0
GF_13903	0	0	0	0	2	0	0	0	0	0	0	0
GF_13904	0	0	0	0	2	0	0	0	0	0	0	0
GF_13905	0	0	0	0	2	0	0	0	0	0	0	0
GF_13906	0	0	0	0	2	0	0	0	0	0	0	0
GF_13907	0	0	0	0	2	0	0	0	0	0	0	0
GF_13908	0	0	0	0	2	0	0	0	0	0	0	0
GF_13909	0	0	0	0	2	0	0	0	0	0	0	0
GF_13910	0	0	0	0	2	0	0	0	0	0	0	0
GF_13911	0	0	0	0	2	0	0	0	0	0	0	0
GF_13912	0	0	0	0	2	0	0	0	0	0	0	0
GF_13913	0	0	0	0	2	0	0	0	0	0	0	0
GF_13914	0	0	0	0	2	0	0	0	0	0	0	0
GF_13915	0	0	0	0	2	0	0	0	0	0	0	0
GF_13916	0	0	0	0	2	0	0	0	0	0	0	0
GF_13917	0	0	0	0	2	0	0	0	0	0	0	0
GF_13918	0	0	0	0	2	0	0	0	0	0	0	0
GF_13919	0	0	0	0	2	0	0	0	0	0	0	0
GF_13920	0	0	0	0	2	0	0	0	0	0	0	0
GF_13921	0	0	0	0	2	0	0	0	0	0	0	0
GF_13922	0	0	0	0	2	0	0	0	0	0	0	0
GF_13923	0	0	0	0	2	0	0	0	0	0	0	0
GF_13924	0	0	0	0	2	0	0	0	0	0	0	0
GF_13925	0	0	0	0	2	0	0	0	0	0	0	0
GF_13926	0	0	0	0	2	0	0	0	0	0	0	0
GF_13927	0	0	0	0	2	0	0	0	0	0	0	0
GF_13928	0	0	0	0	2	0	0	0	0	0	0	0
GF_13929	0	0	0	0	2	0	0	0	0	0	0	0
GF_13930	0	0	0	0	2	0	0	0	0	0	0	0
GF_13931	0	0	0	0	2	0	0	0	0	0	0	0
GF_13932	0	0	0	0	2	0	0	0	0	0	0	0
GF_13933	0	0	0	0	2	0	0	0	0	0	0	0
GF_13934	0	0	0	0	2	0	0	0	0	0	0	0
GF_13935	0	0	0	0	2	0	0	0	0	0	0	0
GF_13936	0	0	0	0	2	0	0	0	0	0	0	0
GF_13937	0	0	0	0	2	0	0	0	0	0	0	0
GF_13938	0	0	0	0	2	0	0	0	0	0	0	0
GF_13939	0	0	0	0	2	0	0	0	0	0	0	0
GF_13940	0	0	0	0	2	0	0	0	0	0	0	0
GF_13941	0	0	0	0	2	0	0	0	0	0	0	0
GF_13942	0	0	0	0	2	0	0	0	0	0	0	0
GF_13943	0	0	0	0	2	0	0	0	0	0	0	0
GF_13944	0	0	0	0	2	0	0	0	0	0	0	0
GF_13945	0	0	0	0	2	0	0	0	0	0	0	0
GF_13946	0	0	0	0	2	0	0	0	0	0	0	0
GF_13947	0	0	0	0	2	0	0	0	0	0	0	0
GF_13948	0	0	0	0	2	0	0	0	0	0	0	0
GF_13949	0	0	0	0	2	0	0	0	0	0	0	0
GF_13950	0	0	0	0	2	0	0	0	0	0	0	0
GF_13951	0	0	0	0	2	0	0	0	0	0	0	0
GF_13952	0	0	0	0	2	0	0	0	0	0	0	0
GF_13953	0	0	0	0	2	0	0	0	0	0	0	0
GF_13954	0	0	0	0	2	0	0	0	0	0	0	0
GF_13955	0	0	0	0	2	0	0	0	0	0	0	0
GF_13956	0	0	0	0	2	0	0	0	0	0	0	0
GF_13957	0	0	0	0	2	0	0	0	0	0	0	0
GF_13958	0	0	0	0	2	0	0	0	0	0	0	0
GF_13959	0	0	0	0	2	0	0	0	0	0	0	0
GF_13960	0	0	0	0	2	0	0	0	0	0	0	0
GF_13961	0	0	0	0	2	0	0	0	0	0	0	0
GF_13962	0	0	0	0	2	0	0	0	0	0	0	0
GF_13963	0	0	0	0	2	0	0	0	0	0	0	0
GF_13964	0	0	0	0	2	0	0	0	0	0	0	0
GF_13965	0	0	0	0	2	0	0	0	0	0	0	0
GF_13966	0	0	0	0	2	0	0	0	0	0	0	0
GF_13967	0	0	0	0	2	0	0	0	0	0	0	0
GF_13968	0	0	0	0	2	0	0	0	0	0	0	0
GF_13969	0	0	0	0	2	0	0	0	0	0	0	0
GF_13970	0	0	0	0	2	0	0	0	0	0	0	0
GF_13971	0	0	0	0	2	0	0	0	0	0	0	0
GF_13972	0	0	0	0	2	0	0	0	0	0	0	0
GF_13973	0	0	0	0	2	0	0	0	0	0	0	0
GF_13974	0	0	0	0	2	0	0	0	0	0	0	0
GF_13975	0	0	0	0	2	0	0	0	0	0	0	0
GF_13976	0	0	0	0	2	0	0	0	0	0	0	0
GF_13977	0	0	0	0	2	0	0	0	0	0	0	0
GF_13978	0	0	0	0	2	0	0	0	0	0	0	0
GF_13979	0	0	0	0	2	0	0	0	0	0	0	0
GF_13980	0	0	0	0	2	0	0	0	0	0	0	0
GF_13981	0	0	0	0	2	0	0	0	0	0	0	0
GF_13982	0	0	0	0	2	0	0	0	0	0	0	0
GF_13983	0	0	0	0	2	0	0	0	0	0	0	0
GF_13984	0	0	0	0	2	0	0	0	0	0	0	0
GF_13985	0	0	0	0	2	0	0	0	0	0	0	0
GF_13986	0	0	0	0	2	0	0	0	0	0	0	0
GF_13987	0	0	0	0	2	0	0	0	0	0	0	0
GF_13988	0	0	0	0	2	0	0	0	0	0	0	0
GF_13989	0	0	0	0	2	0	0	0	0	0	0	0
GF_13990	0	0	0	0	2	0	0	0	0	0	0	0
GF_13991	0	0	0	0	2	0	0	0	0	0	0	0
GF_13992	0	0	0	0	2	0	0	0	0	0	0	0
GF_13993	0	0	0	0	2	0	0	0	0	0	0	0
GF_13994	0	0	0	0	2	0	0	0	0	0	0	0
GF_13995	0	0	0	0	2	0	0	0	0	0	0	0
GF_13996	0	0	0	0	2	0	0	0	0	0	0	0
GF_13997	0	0	0	0	2	0	0	0	0	0	0	0
GF_13998	0	0	0	0	2	0	0	0	0	0	0	0
GF_13999	0	0	0	0	2	0	0	0	0	0	0	0
GF_14000	0	0	0	0	2	0	0	0	0	0	0	0
GF_14001	0	0	0	0	2	0	0	0	0	0	0	0
GF_14002	0	0	0	0	2	0	0	0	0	0	0	0
GF_14003	0	0	0	0	2	0	0	0	0	0	0	0
GF_14004	0	0	0	0	2	0	0	0	0	0	0	0
GF_14005	0	0	0	0	2	0	0	0	0	0	0	0
GF_14006	0	0	0	0	2	0	0	0	0	0	0	0
GF_14007	0	0	0	0	2	0	0	0	0	0	0	0
GF_14008	0	0	0	0	2	0	0	0	0	0	0	0
GF_14009	0	0	0	0	2	0	0	0	0	0	0	0
GF_14010	0	0	0	0	2	0	0	0	0	0	0	0
GF_14011	0	0	0	0	2	0	0	0	0	0	0	0
GF_14012	0	0	0	0	2	0	0	0	0	0	0	0
GF_14013	0	0	0	0	2	0	0	0	0	0	0	0
GF_14014	0	0	0	0	2	0	0	0	0	0	0	0
GF_14015	0	0	0	0	2	0	0	0	0	0	0	0
GF_14016	0	0	0	0	2	0	0	0	0	0	0	0
GF_14017	0	0	0	0	2	0	0	0	0	0	0	0
GF_14018	0	0	0	0	2	0	0	0	0	0	0	0
GF_14019	0	0	0	0	2	0	0	0	0	0	0	0
GF_14020	0	0	0	0	2	0	0	0	0	0	0	0
GF_14021	0	0	0	0	2	0	0	0	0	0	0	0
GF_14022	0	0	0	0	2	0	0	0	0	0	0	0
GF_14023	0	0	0	0	2	0	0	0	0	0	0	0
GF_14024	0	0	0	0	2	0	0	0	0	0	0	0
GF_14025	0	0	0	0	2	0	0	0	0	0	0	0
GF_14026	0	0	0	0	2	0	0	0	0	0	0	0
GF_14027	0	0	0	0	2	0	0	0	0	0	0	0
GF_14028	0	0	0	0	2	0	0	0	0	0	0	0
GF_14029	0	0	0	0	2	0	0	0	0	0	0	0
GF_14030	0	0	0	0	2	0	0	0	0	0	0	0
GF_14031	0	0	0	0	2	0	0	0	0	0	0	0
GF_14032	0	0	0	0	2	0	0	0	0	0	0	0
GF_14033	0	0	0	0	2	0	0	0	0	0	0	0
GF_14034	0	0	0	0	2	0	0	0	0	0	0	0
GF_14035	0	0	0	0	2	0	0	0	0	0	0	0
GF_14036	0	0	0	0	2	0	0	0	0	0	0	0
GF_14037	0	0	0	0	2	0	0	0	0	0	0	0
GF_14038	0	0	0	0	2	0	0	0	0	0	0	0
GF_14039	0	0	0	0	2	0	0	0	0	0	0	0
GF_14040	0	0	0	0	2	0	0	0	0	0	0	0
GF_14041	0	0	0	0	2	0	0	0	0	0	0	0
GF_14042	0	0	0	0	2	0	0	0	0	0	0	0
GF_14043	0	0	0	0	2	0	0	0	0	0	0	0
GF_14044	0	0	0	0	2	0	0	0	0	0	0	0
GF_14045	0	0	0	0	2	0	0	0	0	0	0	0
GF_14046	0	0	0	0	2	0	0	0	0	0	0	0
GF_14047	0	0	0	0	2	0	0	0	0	0	0	0
GF_14048	0	0	0	0	2	0	0	0	0	0	0	0
GF_14049	0	0	0	0	2	0	0	0	0	0	0	0
GF_14050	0	0	0	0	2	0	0	0	0	0	0	0
GF_14051	0	0	0	0	2	0	0	0	0	0	0	0
GF_14052	0	0	0	0	2	0	0	0	0	0	0	0
GF_14053	0	0	0	0	2	0	0	0	0	0	0	0
GF_14054	0	0	0	0	2	0	0	0	0	0	0	0
GF_14055	0	0	0	0	2	0	0	0	0	0	0	0
GF_14056	0	0	0	0	2	0	0	0	0	0	0	0
GF_14057	0	0	0	0	2	0	0	0	0	0	0	0
GF_14058	0	0	0	0	2	0	0	0	0	0	0	0
GF_14059	0	0	0	0	2	0	0	0	0	0	0	0
GF_14060	0	0	0	0	2	0	0	0	0	0	0	0
GF_14061	0	0	0	0	2	0	0	0	0	0	0	0
GF_14062	0	0	0	0	2	0	0	0	0	0	0	0
GF_14063	0	0	0	0	2	0	0	0	0	0	0	0
GF_14064	0	0	0	0	2	0	0	0	0	0	0	0
GF_14065	0	0	0	0	2	0	0	0	0	0	0	0
GF_14066	0	0	0	0	2	0	0	0	0	0	0	0
GF_14067	0	0	0	0	2	0	0	0	0	0	0	0
GF_14068	0	0	0	0	2	0	0	0	0	0	0	0
GF_14069	0	0	0	0	2	0	0	0	0	0	0	0
GF_14070	0	0	0	0	2	0	0	0	0	0	0	0
GF_14071	0	0	0	0	2	0	0	0	0	0	0	0
GF_14072	0	0	0	0	2	0	0	0	0	0	0	0
GF_14073	0	0	0	0	2	0	0	0	0	0	0	0
GF_14074	0	0	0	0	2	0	0	0	0	0	0	0
GF_14075	0	0	0	0	2	0	0	0	0	0	0	0
GF_14076	0	0	0	0	2	0	0	0	0	0	0	0
GF_14077	0	0	0	0	2	0	0	0	0	0	0	0
GF_14078	0	0	0	0	2	0	0	0	0	0	0	0
GF_14079	0	0	0	0	2	0	0	0	0	0	0	0
GF_14080	0	0	0	0	2	0	0	0	0	0	0	0
GF_14081	0	0	0	0	2	0	0	0	0	0	0	0
GF_14082	0	0	0	0	2	0	0	0	0	0	0	0
GF_14083	0	0	0	0	2	0	0	0	0	0	0	0
GF_14084	0	0	0	0	2	0	0	0	0	0	0	0
GF_14085	0	0	0	0	2	0	0	0	0	0	0	0
GF_14086	0	0	0	0	2	0	0	0	0	0	0	0
GF_14087	0	0	0	0	2	0	0	0	0	0	0	0
GF_14088	0	0	0	0	2	0	0	0	0	0	0	0
GF_14089	0	0	0	0	2	0	0	0	0	0	0	0
GF_14090	0	0	0	0	2	0	0	0	0	0	0	0
GF_14091	0	0	0	0	2	0	0	0	0	0	0	0
GF_14092	0	0	0	0	2	0	0	0	0	0	0	0
GF_14093	0	0	0	0	2	0	0	0	0	0	0	0
GF_14094	0	0	0	0	2	0	0	0	0	0	0	0
GF_14095	0	0	0	0	2	0	0	0	0	0	0	0
GF_14096	0	0	0	0	2	0	0	0	0	0	0	0
GF_14097	0	0	0	0	2	0	0	0	0	0	0	0
GF_14098	0	0	0	0	2	0	0	0	0	0	0	0
GF_14099	0	0	0	0	2	0	0	0	0	0	0	0
GF_14100	0	0	0	0	2	0	0	0	0	0	0	0
GF_14101	0	0	0	0	2	0	0	0	0	0	0	0
GF_14102	0	0	0	0	2	0	0	0	0	0	0	0
GF_14103	0	0	0	0	2	0	0	0	0	0	0	0
GF_14104	0	0	0	0	2	0	0	0	0	0	0	0
GF_14105	0	0	0	0	2	0	0	0	0	0	0	0
GF_14106	0	0	0	0	2	0	0	0	0	0	0	0
GF_14107	0	0	0	0	2	0	0	0	0	0	0	0
GF_14108	0	0	0	0	2	0	0	0	0	0	0	0
GF_14109	0	0	0	0	2	0	0	0	0	0	0	0
GF_14110	0	0	0	0	2	0	0	0	0	0	0	0
GF_14111	0	0	0	0	2	0	0	0	0	0	0	0
GF_14112	0	0	0	0	2	0	0	0	0	0	0	0
GF_14113	0	0	0	0	2	0	0	0	0	0	0	0
GF_14114	0	0	0	0	2	0	0	0	0	0	0	0
GF_14115	0	0	0	0	2	0	0	0	0	0	0	0
GF_14116	0	0	0	0	2	0	0	0	0	0	0	0
GF_14117	0	0	0	0	2	0	0	0	0	0	0	0
GF_14118	0	0	0	0	2	0	0	0	0	0	0	0
GF_14119	0	0	0	0	2	0	0	0	0	0	0	0
GF_14120	0	0	0	0	2	0	0	0	0	0	0	0
GF_14121	0	0	0	0	2	0	0	0	0	0	0	0
GF_14122	0	0	0	0	2	0	0	0	0	0	0	0
GF_14123	0	0	0	0	2	0	0	0	0	0	0	0
GF_14124	0	0	0	0	2	0	0	0	0	0	0	0
GF_14125	0	0	0	0	2	0	0	0	0	0	0	0
GF_14126	0	0	0	0	2	0	0	0	0	0	0	0
GF_14127	0	0	0	0	2	0	0	0	0	0	0	0
GF_14128	0	0	0	0	2	0	0	0	0	0	0	0
GF_14129	0	0	0	0	2	0	0	0	0	0	0	0
GF_14130	0	0	0	0	2	0	0	0	0	0	0	0
GF_14131	0	0	0	0	2	0	0	0	0	0	0	0
GF_14132	0	0	0	0	2	0	0	0	0	0	0	0
GF_14133	0	0	0	0	2	0	0	0	0	0	0	0
GF_14134	0	0	0	0	2	0	0	0	0	0	0	0
GF_14135	0	0	0	0	2	0	0	0	0	0	0	0
GF_14136	0	0	0	0	2	0	0	0	0	0	0	0
GF_14137	0	0	0	0	2	0	0	0	0	0	0	0
GF_14138	0	0	0	0	2	0	0	0	0	0	0	0
GF_14139	0	0	0	0	2	0	0	0	0	0	0	0
GF_14140	0	0	0	0	2	0	0	0	0	0	0	0
GF_14141	0	0	0	0	2	0	0	0	0	0	0	0
GF_14142	0	0	0	0	2	0	0	0	0	0	0	0
GF_14143	0	0	0	0	2	0	0	0	0	0	0	0
GF_14144	0	0	0	0	2	0	0	0	0	0	0	0
GF_14145	0	0	0	0	2	0	0	0	0	0	0	0
GF_14146	0	0	0	0	2	0	0	0	0	0	0	0
GF_14147	0	0	0	0	2	0	0	0	0	0	0	0
GF_14148	0	0	0	0	2	0	0	0	0	0	0	0
GF_14149	0	0	0	0	2	0	0	0	0	0	0	0
GF_14150	0	0	0	0	2	0	0	0	0	0	0	0
GF_14151	0	0	0	0	2	0	0	0	0	0	0	0
GF_14152	0	0	0	0	2	0	0	0	0	0	0	0
GF_14153	0	0	0	0	2	0	0	0	0	0	0	0
GF_14154	0	0	0	0	2	0	0	0	0	0	0	0
GF_14155	0	0	0	0	2	0	0	0	0	0	0	0
GF_14156	0	0	0	0	2	0	0	0	0	0	0	0
GF_14157	0	0	0	0	2	0	0	0	0	0	0	0
GF_14158	0	0	0	0	2	0	0	0	0	0	0	0
GF_14159	0	0	0	0	2	0	0	0	0	0	0	0
GF_14160	0	0	0	0	2	0	0	0	0	0	0	0
GF_14161	0	0	0	0	2	0	0	0	0	0	0	0
GF_14162	0	0	0	0	2	0	0	0	0	0	0	0
GF_14163	0	0	0	0	2	0	0	0	0	0	0	0
GF_14164	0	0	0	0	2	0	0	0	0	0	0	0
GF_14165	0	0	0	0	2	0	0	0	0	0	0	0
GF_14166	0	0	0	0	2	0	0	0	0	0	0	0
GF_14167	0	0	0	0	2	0	0	0	0	0	0	0
GF_14168	0	0	0	0	2	0	0	0	0	0	0	0
GF_14169	0	0	0	0	2	0	0	0	0	0	0	0
GF_14170	0	0	0	0	2	0	0	0	0	0	0	0
GF_14171	0	0	0	0	2	0	0	0	0	0	0	0
GF_14172	0	0	0	0	2	0	0	0	0	0	0	0
GF_14173	0	0	0	0	2	0	0	0	0	0	0	0
GF_14174	0	0	0	0	2	0	0	0	0	0	0	0
GF_14175	0	0	0	0	2	0	0	0	0	0	0	0
GF_14176	0	0	0	0	2	0	0	0	0	0	0	0
GF_14177	0	0	0	0	2	0	0	0	0	0	0	0
GF_14178	0	0	0	0	2	0	0	0	0	0	0	0
GF_14179	0	0	0	0	2	0	0	0	0	0	0	0
GF_14180	0	0	0	0	2	0	0	0	0	0	0	0
GF_14181	0	0	0	0	2	0	0	0	0	0	0	0
GF_14182	0	0	0	0	2	0	0	0	0	0	0	0
GF_14183	0	0	0	0	2	0	0	0	0	0	0	0
GF_14184	0	0	0	0	2	0	0	0	0	0	0	0
GF_14185	0	0	0	0	2	0	0	0	0	0	0	0
GF_14186	0	0	0	0	2	0	0	0	0	0	0	0
GF_14187	0	0	0	0	2	0	0	0	0	0	0	0
GF_14188	0	0	0	0	2	0	0	0	0	0	0	0
GF_14189	0	0	0	0	2	0	0	0	0	0	0	0
GF_14190	0	0	0	0	2	0	0	0	0	0	0	0
GF_14191	0	0	0	0	2	0	0	0	0	0	0	0
GF_14192	0	0	0	0	2	0	0	0	0	0	0	0
GF_14193	0	0	0	0	2	0	0	0	0	0	0	0
GF_14194	0	0	0	0	2	0	0	0	0	0	0	0
GF_14195	0	0	0	0	2	0	0	0	0	0	0	0
GF_14196	0	0	0	0	2	0	0	0	0	0	0	0
GF_14197	0	0	0	0	2	0	0	0	0	0	0	0
GF_14198	0	0	0	0	2	0	0	0	0	0	0	0
GF_14199	0	0	0	0	2	0	0	0	0	0	0	0
GF_14200	0	0	0	0	2	0	0	0	0	0	0	0
GF_14201	0	0	0	0	2	0	0	0	0	0	0	0
GF_14202	0	0	0	0	2	0	0	0	0	0	0	0
GF_14203	0	0	0	0	2	0	0	0	0	0	0	0
GF_14204	0	0	0	0	2	0	0	0	0	0	0	0
GF_14205	0	0	0	0	2	0	0	0	0	0	0	0
GF_14206	0	0	0	0	2	0	0	0	0	0	0	0
GF_14207	0	0	0	0	2	0	0	0	0	0	0	0
GF_14208	0	0	0	0	2	0	0	0	0	0	0	0
GF_14209	0	0	0	0	2	0	0	0	0	0	0	0
GF_14210	0	0	0	0	2	0	0	0	0	0	0	0
GF_14211	0	0	0	0	2	0	0	0	0	0	0	0
GF_14212	0	0	0	0	2	0	0	0	0	0	0	0
GF_14213	0	0	0	0	2	0	0	0	0	0	0	0
GF_14214	0	0	0	0	2	0	0	0	0	0	0	0
GF_14215	0	0	0	0	2	0	0	0	0	0	0	0
GF_14216	0	0	0	0	2	0	0	0	0	0	0	0
GF_14217	0	0	0	0	2	0	0	0	0	0	0	0
GF_14218	0	0	0	2	0	0	0	0	0	0	0	0
GF_14219	0	0	0	0	0	0	0	0	2	0	0	0
GF_14220	0	0	0	0	0	0	0	0	2	0	0	0
GF_14221	0	0	0	0	0	0	0	0	2	0	0	0
GF_14222	0	0	0	0	0	0	0	0	2	0	0	0
GF_14223	0	0	0	0	0	0	0	0	2	0	0	0
GF_14224	0	0	0	0	0	0	0	0	2	0	0	0
GF_14225	0	0	0	0	0	0	0	0	2	0	0	0
GF_14226	0	0	0	0	0	0	0	0	2	0	0	0
GF_14227	0	0	0	0	0	0	0	0	2	0	0	0
GF_14228	0	0	0	0	0	0	0	0	2	0	0	0
GF_14229	0	0	0	0	0	0	0	0	2	0	0	0
GF_14230	0	0	0	2	0	0	0	0	0	0	0	0
GF_14231	0	0	0	2	0	0	0	0	0	0	0	0
GF_14232	0	0	0	0	0	0	0	0	2	0	0	0
GF_14233	0	0	0	0	0	0	0	0	2	0	0	0
GF_14234	0	0	0	0	0	0	0	0	2	0	0	0
GF_14235	0	0	0	0	0	0	0	0	2	0	0	0
GF_14236	0	0	0	0	0	0	0	0	2	0	0	0
GF_14237	0	0	0	0	0	0	0	0	2	0	0	0
GF_14238	0	0	0	0	0	0	0	0	2	0	0	0
GF_14239	0	0	0	0	0	0	0	0	2	0	0	0
GF_14240	0	0	0	0	0	0	0	0	2	0	0	0
GF_14241	0	0	0	0	0	0	0	0	2	0	0	0
GF_14242	0	0	0	0	0	0	0	0	2	0	0	0
GF_14243	0	0	0	0	0	0	0	0	2	0	0	0
GF_14244	0	0	0	0	0	0	0	0	0	0	2	0
GF_14245	0	0	0	0	0	0	2	0	0	0	0	0
GF_14246	0	0	0	0	0	0	2	0	0	0	0	0
GF_14247	0	0	0	0	0	0	2	0	0	0	0	0
GF_14248	0	0	0	0	0	0	2	0	0	0	0	0
GF_14249	0	0	0	0	0	0	2	0	0	0	0	0
GF_14250	0	0	0	0	0	0	2	0	0	0	0	0
GF_14251	0	0	0	0	0	0	2	0	0	0	0	0
GF_14252	0	0	0	0	0	0	2	0	0	0	0	0
GF_14253	0	0	0	0	0	0	2	0	0	0	0	0
GF_14254	0	0	0	0	0	0	2	0	0	0	0	0
GF_14255	0	0	0	0	0	0	2	0	0	0	0	0
GF_14256	0	0	0	0	0	0	2	0	0	0	0	0
GF_14257	0	0	0	0	0	0	2	0	0	0	0	0
GF_14258	0	0	0	0	0	0	2	0	0	0	0	0
GF_14259	0	0	0	0	0	0	2	0	0	0	0	0
GF_14260	0	0	0	0	0	0	2	0	0	0	0	0
GF_14261	0	0	0	0	0	0	2	0	0	0	0	0
GF_14262	0	0	0	0	0	0	2	0	0	0	0	0
GF_14263	0	0	0	0	0	0	2	0	0	0	0	0
GF_14264	0	0	0	0	0	0	2	0	0	0	0	0
GF_14265	0	0	0	0	0	0	2	0	0	0	0	0
GF_14266	0	0	0	0	0	0	2	0	0	0	0	0
GF_14267	0	0	0	0	0	0	2	0	0	0	0	0
GF_14268	0	0	0	0	0	0	2	0	0	0	0	0
GF_14269	0	0	0	0	0	0	2	0	0	0	0	0
GF_14270	0	0	0	0	0	0	2	0	0	0	0	0
GF_14271	0	0	0	0	0	0	2	0	0	0	0	0
GF_14272	0	0	0	0	0	0	2	0	0	0	0	0
GF_14273	0	0	0	0	0	0	2	0	0	0	0	0
GF_14274	0	0	0	0	0	0	2	0	0	0	0	0
GF_14275	0	0	0	0	0	0	2	0	0	0	0	0
GF_14276	0	0	0	0	0	0	2	0	0	0	0	0
GF_14277	0	0	0	0	0	0	2	0	0	0	0	0
GF_14278	0	0	0	0	0	0	2	0	0	0	0	0
GF_14279	0	0	0	0	0	0	2	0	0	0	0	0
GF_14280	0	0	0	0	0	0	2	0	0	0	0	0
GF_14281	0	0	0	0	0	0	0	0	2	0	0	0
GF_14282	0	0	0	0	0	0	0	0	2	0	0	0
GF_14283	0	0	0	0	0	0	0	0	2	0	0	0
GF_14284	0	0	0	0	0	0	0	0	0	2	0	0
GF_14285	0	0	0	0	0	0	0	0	0	2	0	0
GF_14286	0	0	0	0	0	0	0	0	0	2	0	0
GF_14287	0	0	0	0	0	0	0	0	0	2	0	0
GF_14288	0	0	0	0	0	0	0	0	0	2	0	0
GF_14289	0	0	0	0	0	0	0	0	0	2	0	0
GF_14290	0	0	0	0	0	0	0	0	0	2	0	0
GF_14291	0	0	0	0	0	0	0	0	0	2	0	0
GF_14292	0	0	0	0	0	0	2	0	0	0	0	0
GF_14293	0	0	0	0	0	0	2	0	0	0	0	0
GF_14294	0	0	0	0	0	0	2	0	0	0	0	0
GF_14295	0	0	0	0	0	0	2	0	0	0	0	0
GF_14296	0	0	0	0	0	0	2	0	0	0	0	0
GF_14297	0	0	0	0	0	0	2	0	0	0	0	0
GF_14298	0	0	0	0	0	0	0	0	0	2	0	0
GF_14299	0	0	0	0	0	0	0	0	0	2	0	0
GF_14300	0	0	0	0	0	0	0	0	0	2	0	0
GF_14301	0	0	0	0	0	0	0	0	0	2	0	0
GF_14302	0	0	0	0	0	0	0	0	0	2	0	0
GF_14303	0	0	0	0	0	0	0	0	0	2	0	0
GF_14304	0	0	0	0	0	0	0	0	0	2	0	0
GF_14305	0	0	0	0	0	0	0	0	0	2	0	0
GF_14306	0	0	0	0	0	0	0	0	0	2	0	0
GF_14307	0	0	0	0	0	0	0	0	0	2	0	0
GF_14308	0	0	0	0	0	0	0	0	0	2	0	0
GF_14309	0	0	0	0	0	0	0	0	0	2	0	0
GF_14310	0	0	0	0	0	0	0	0	0	2	0	0
GF_14311	0	0	0	0	0	0	0	0	0	2	0	0
GF_14312	0	0	0	0	0	0	0	0	0	2	0	0
GF_14313	0	0	0	0	0	0	0	0	0	2	0	0
GF_14314	0	0	0	0	0	0	0	0	0	2	0	0
GF_14315	0	0	0	0	0	0	0	0	0	2	0	0
GF_14316	0	0	0	0	0	0	0	0	0	2	0	0
GF_14317	0	0	0	0	0	0	0	0	0	2	0	0
GF_14318	0	0	0	0	0	0	0	0	0	2	0	0
GF_14319	0	0	0	0	0	0	0	0	0	2	0	0
GF_14320	0	0	0	0	0	0	0	0	0	2	0	0
GF_14321	0	0	0	0	0	0	0	0	0	2	0	0
GF_14322	0	0	0	0	0	0	0	0	0	2	0	0
GF_14323	0	0	0	0	0	0	0	0	0	2	0	0
GF_14324	0	0	0	0	0	0	0	0	0	2	0	0
GF_14325	0	0	0	0	0	0	0	0	0	2	0	0
GF_14326	0	0	0	0	0	0	0	0	0	2	0	0
GF_14327	0	0	0	0	0	0	0	0	0	2	0	0
GF_14328	0	0	0	0	0	0	0	0	0	2	0	0
GF_14329	0	0	0	0	0	0	0	0	0	2	0	0
GF_14330	0	0	0	0	0	0	0	0	0	2	0	0
GF_14331	0	0	0	0	0	0	0	0	0	2	0	0
GF_14332	0	0	0	0	1	0	0	0	0	1	0	0
GF_14333	0	0	0	0	1	0	0	0	0	1	0	0
GF_14334	0	1	0	0	0	0	0	0	0	1	0	0
GF_14335	0	0	0	0	1	1	0	0	0	0	0	0
GF_14336	0	1	0	0	0	0	0	0	0	1	0	0
GF_14337	0	1	0	0	0	0	0	0	0	1	0	0
GF_14338	0	1	0	0	0	0	0	0	0	1	0	0
GF_14339	0	1	1	0	0	0	0	0	0	0	0	0
GF_14340	0	0	1	0	0	0	0	0	0	1	0	0
GF_14341	0	0	1	0	0	0	0	0	0	1	0	0
GF_14342	0	1	1	0	0	0	0	0	0	0	0	0
GF_14343	0	0	1	0	0	0	0	0	0	1	0	0
GF_14344	0	0	0	0	1	1	0	0	0	0	0	0
GF_14345	0	1	0	0	0	0	0	0	0	1	0	0
GF_14346	0	1	1	0	0	0	0	0	0	0	0	0
GF_14347	0	0	1	0	0	0	0	0	0	1	0	0
GF_14348	0	1	1	0	0	0	0	0	0	0	0	0
GF_14349	0	0	1	0	0	0	0	0	0	1	0	0
GF_14350	0	1	0	0	0	0	0	0	0	1	0	0
GF_14351	0	1	1	0	0	0	0	0	0	0	0	0
GF_14352	0	0	1	0	0	0	0	0	0	1	0	0
GF_14353	0	1	0	0	0	0	0	0	0	1	0	0
GF_14354	0	1	1	0	0	0	0	0	0	0	0	0
GF_14355	0	1	1	0	0	0	0	0	0	0	0	0
GF_14356	0	0	1	0	0	0	0	0	0	1	0	0
GF_14357	0	0	1	0	0	0	0	0	0	1	0	0
GF_14358	0	1	1	0	0	0	0	0	0	0	0	0
GF_14359	0	0	1	0	0	0	0	0	0	1	0	0
GF_14360	0	1	1	0	0	0	0	0	0	0	0	0
GF_14361	0	0	1	0	0	0	0	0	0	1	0	0
GF_14362	0	1	1	0	0	0	0	0	0	0	0	0
GF_14363	0	0	1	0	0	0	0	0	0	1	0	0
GF_14364	0	1	1	0	0	0	0	0	0	0	0	0
GF_14365	0	1	1	0	0	0	0	0	0	0	0	0
GF_14366	0	0	1	0	0	0	0	0	0	1	0	0
GF_14367	0	0	1	0	0	0	0	0	0	1	0	0
GF_14368	0	1	1	0	0	0	0	0	0	0	0	0
GF_14369	0	0	1	0	1	0	0	0	0	0	0	0
GF_14370	0	1	1	0	0	0	0	0	0	0	0	0
GF_14371	0	0	1	0	0	0	0	0	0	1	0	0
GF_14372	0	0	1	0	0	0	0	0	0	1	0	0
GF_14373	0	0	1	0	1	0	0	0	0	0	0	0
GF_14374	0	1	1	0	0	0	0	0	0	0	0	0
GF_14375	0	1	1	0	0	0	0	0	0	0	0	0
GF_14376	0	0	1	0	0	0	0	0	0	1	0	0
GF_14377	0	0	1	0	1	0	0	0	0	0	0	0
GF_14378	0	0	1	0	0	0	0	0	0	1	0	0
GF_14379	0	0	1	0	0	0	0	0	0	1	0	0
GF_14380	0	1	1	0	0	0	0	0	0	0	0	0
GF_14381	0	1	1	0	0	0	0	0	0	0	0	0
GF_14382	0	0	1	0	1	0	0	0	0	0	0	0
GF_14383	0	0	1	0	1	0	0	0	0	0	0	0
GF_14384	0	0	1	0	0	0	0	0	0	1	0	0
GF_14385	0	0	1	0	0	0	0	0	0	1	0	0
GF_14386	0	1	0	0	0	0	0	0	0	1	0	0
GF_14387	0	0	1	0	0	0	0	0	0	1	0	0
GF_14388	0	1	1	0	0	0	0	0	0	0	0	0
GF_14389	0	1	1	0	0	0	0	0	0	0	0	0
GF_14390	0	1	1	0	0	0	0	0	0	0	0	0
GF_14391	1	0	1	0	0	0	0	0	0	0	0	0
GF_14392	0	1	1	0	0	0	0	0	0	0	0	0
GF_14393	0	1	0	0	0	0	0	0	0	1	0	0
GF_14394	0	0	1	0	0	0	0	0	0	1	0	0
GF_14395	0	0	1	0	0	0	0	0	0	1	0	0
GF_14396	0	0	1	0	0	0	0	0	0	1	0	0
GF_14397	0	1	1	0	0	0	0	0	0	0	0	0
GF_14398	0	1	1	0	0	0	0	0	0	0	0	0
GF_14399	0	0	1	0	0	0	0	0	0	1	0	0
GF_14400	0	1	1	0	0	0	0	0	0	0	0	0
GF_14401	0	0	1	0	0	0	0	0	0	1	0	0
GF_14402	0	1	1	0	0	0	0	0	0	0	0	0
GF_14403	0	1	1	0	0	0	0	0	0	0	0	0
GF_14404	0	0	1	0	0	0	0	0	0	1	0	0
GF_14405	0	0	1	0	0	0	0	0	0	1	0	0
GF_14406	0	0	1	0	0	0	0	0	0	1	0	0
GF_14407	0	0	1	0	0	0	0	0	0	1	0	0
GF_14408	0	0	1	0	0	0	0	0	0	1	0	0
GF_14409	0	1	1	0	0	0	0	0	0	0	0	0
GF_14410	0	0	1	0	0	0	0	0	0	1	0	0
GF_14411	0	1	0	0	0	0	0	0	0	1	0	0
GF_14412	0	0	1	0	0	0	0	0	0	1	0	0
GF_14413	0	1	1	0	0	0	0	0	0	0	0	0
GF_14414	0	1	1	0	0	0	0	0	0	0	0	0
GF_14415	0	1	1	0	0	0	0	0	0	0	0	0
GF_14416	0	1	1	0	0	0	0	0	0	0	0	0
GF_14417	0	1	0	0	0	0	0	0	0	1	0	0
GF_14418	0	0	1	0	0	0	0	0	0	1	0	0
GF_14419	0	1	1	0	0	0	0	0	0	0	0	0
GF_14420	0	1	1	0	0	0	0	0	0	0	0	0
GF_14421	0	1	1	0	0	0	0	0	0	0	0	0
GF_14422	0	0	1	0	1	0	0	0	0	0	0	0
GF_14423	0	0	1	0	0	0	0	0	0	1	0	0
GF_14424	0	1	1	0	0	0	0	0	0	0	0	0
GF_14425	0	0	1	0	0	0	0	0	0	1	0	0
GF_14426	0	0	1	0	0	0	0	0	0	1	0	0
GF_14427	0	0	1	0	0	0	0	0	0	1	0	0
GF_14428	0	0	1	0	0	0	0	0	0	1	0	0
GF_14429	0	1	1	0	0	0	0	0	0	0	0	0
GF_14430	0	0	1	0	0	0	0	0	0	1	0	0
GF_14431	0	0	1	0	0	0	0	0	0	1	0	0
GF_14432	0	1	1	0	0	0	0	0	0	0	0	0
GF_14433	0	0	1	0	0	0	0	0	0	1	0	0
GF_14434	0	1	1	0	0	0	0	0	0	0	0	0
GF_14435	0	0	1	0	0	0	0	0	0	1	0	0
GF_14436	0	0	1	0	0	0	0	0	0	1	0	0
GF_14437	0	1	1	0	0	0	0	0	0	0	0	0
GF_14438	0	1	1	0	0	0	0	0	0	0	0	0
GF_14439	0	0	1	0	1	0	0	0	0	0	0	0
GF_14440	0	1	1	0	0	0	0	0	0	0	0	0
GF_14441	0	1	1	0	0	0	0	0	0	0	0	0
GF_14442	0	1	1	0	0	0	0	0	0	0	0	0
GF_14443	0	0	1	0	0	0	0	0	0	1	0	0
GF_14444	0	0	1	0	0	0	0	0	0	1	0	0
GF_14445	0	0	1	0	0	0	0	0	0	1	0	0
GF_14446	0	0	0	0	0	0	0	0	1	1	0	0
GF_14447	0	0	0	0	0	0	0	0	1	0	0	1
GF_14448	0	1	0	0	0	0	0	0	0	1	0	0
GF_14449	1	0	0	0	0	0	0	0	1	0	0	0
GF_14450	0	0	1	0	0	0	0	0	1	0	0	0
GF_14451	0	1	0	0	0	1	0	0	0	0	0	0
GF_14452	0	1	0	0	0	0	0	0	1	0	0	0
GF_14453	0	0	0	1	0	0	0	0	0	0	0	1
GF_14454	0	0	0	0	0	0	0	0	0	0	1	1
GF_14455	1	0	0	0	0	0	0	0	1	0	0	0
GF_14456	0	0	1	0	0	0	0	0	1	0	0	0
GF_14457	0	1	0	0	0	0	0	0	0	1	0	0
GF_14458	0	1	0	0	0	0	0	0	0	1	0	0
GF_14459	0	1	1	0	0	0	0	0	0	0	0	0
GF_14460	0	1	1	0	0	0	0	0	0	0	0	0
GF_14461	0	0	1	0	0	0	0	0	0	1	0	0
GF_14462	0	1	1	0	0	0	0	0	0	0	0	0
GF_14463	0	1	1	0	0	0	0	0	0	0	0	0
GF_14464	0	0	1	0	0	0	0	0	0	1	0	0
GF_14465	0	0	1	0	0	0	0	0	0	1	0	0
GF_14466	0	1	1	0	0	0	0	0	0	0	0	0
GF_14467	0	1	1	0	0	0	0	0	0	0	0	0
GF_14468	0	1	1	0	0	0	0	0	0	0	0	0
GF_14469	0	1	1	0	0	0	0	0	0	0	0	0
GF_14470	0	1	1	0	0	0	0	0	0	0	0	0
GF_14471	0	1	1	0	0	0	0	0	0	0	0	0
GF_14472	0	0	1	0	0	0	0	0	0	1	0	0
GF_14473	0	0	1	0	0	0	0	0	0	1	0	0
GF_14474	0	1	1	0	0	0	0	0	0	0	0	0
GF_14475	0	1	1	0	0	0	0	0	0	0	0	0
GF_14476	0	1	1	0	0	0	0	0	0	0	0	0
GF_14477	0	1	1	0	0	0	0	0	0	0	0	0
GF_14478	0	1	1	0	0	0	0	0	0	0	0	0
GF_14479	0	1	1	0	0	0	0	0	0	0	0	0
GF_14480	0	1	0	0	0	0	0	0	0	1	0	0
GF_14481	0	0	1	0	0	0	0	0	0	1	0	0
GF_14482	0	0	1	0	0	0	0	0	0	1	0	0
GF_14483	0	1	1	0	0	0	0	0	0	0	0	0
GF_14484	0	0	1	0	0	0	0	0	0	1	0	0
GF_14485	0	1	1	0	0	0	0	0	0	0	0	0
GF_14486	0	0	1	0	0	0	0	0	0	1	0	0
GF_14487	0	1	0	0	0	0	0	0	0	1	0	0
GF_14488	0	0	1	0	0	0	0	0	0	1	0	0
GF_14489	0	1	1	0	0	0	0	0	0	0	0	0
GF_14490	0	0	1	0	0	0	0	0	0	1	0	0
GF_14491	0	1	0	0	0	0	0	0	0	1	0	0
GF_14492	0	0	1	0	0	0	0	0	0	1	0	0
GF_14493	0	0	1	0	0	0	0	0	0	1	0	0
GF_14494	0	1	1	0	0	0	0	0	0	0	0	0
GF_14495	0	0	1	0	0	0	0	0	0	1	0	0
GF_14496	0	0	1	0	0	0	0	0	0	1	0	0
GF_14497	1	0	0	0	0	0	0	1	0	0	0	0
GF_14498	0	0	0	0	0	0	0	1	0	0	1	0
GF_14499	1	0	0	0	0	0	0	1	0	0	0	0
GF_14500	1	0	0	0	0	0	0	1	0	0	0	0
GF_14501	1	0	0	0	0	0	0	1	0	0	0	0
GF_14502	1	0	0	0	0	0	0	1	0	0	0	0
GF_14503	1	0	0	0	0	0	0	1	0	0	0	0
GF_14504	1	0	0	0	0	0	0	1	0	0	0	0
GF_14505	1	0	0	0	0	0	0	0	0	0	0	1
GF_14506	1	0	0	0	0	0	0	1	0	0	0	0
GF_14507	1	0	0	0	0	0	0	1	0	0	0	0
GF_14508	1	0	0	0	0	0	0	0	0	0	0	1
GF_14509	1	0	0	0	0	0	0	1	0	0	0	0
GF_14510	1	0	0	0	0	0	0	1	0	0	0	0
GF_14511	1	0	0	0	0	0	0	1	0	0	0	0
GF_14512	1	0	0	0	0	0	0	1	0	0	0	0
GF_14513	1	0	0	0	0	0	0	1	0	0	0	0
GF_14514	0	0	0	0	0	0	0	1	0	0	1	0
GF_14515	1	0	0	0	0	0	0	0	0	0	0	1
GF_14516	1	0	0	0	0	0	0	1	0	0	0	0
GF_14517	1	0	0	0	0	0	0	1	0	0	0	0
GF_14518	1	0	0	0	0	0	0	1	0	0	0	0
GF_14519	1	0	0	0	0	0	0	1	0	0	0	0
GF_14520	1	0	0	0	0	0	0	1	0	0	0	0
GF_14521	0	1	0	0	0	0	0	0	0	1	0	0
GF_14522	1	0	0	0	0	0	0	1	0	0	0	0
GF_14523	1	0	0	0	0	0	0	1	0	0	0	0
GF_14524	1	0	0	0	0	0	0	1	0	0	0	0
GF_14525	1	0	0	0	0	0	0	1	0	0	0	0
GF_14526	1	0	0	0	0	0	0	1	0	0	0	0
GF_14527	1	0	0	0	0	0	0	1	0	0	0	0
GF_14528	1	0	0	0	0	0	0	1	0	0	0	0
GF_14529	1	0	0	0	0	0	0	1	0	0	0	0
GF_14530	0	1	0	0	0	0	0	0	0	1	0	0
GF_14531	1	0	0	1	0	0	0	0	0	0	0	0
GF_14532	0	1	0	0	0	0	0	0	0	1	0	0
GF_14533	1	0	0	0	0	0	0	1	0	0	0	0
GF_14534	0	0	0	0	0	0	0	1	0	0	0	1
GF_14535	0	0	0	0	0	0	0	1	0	0	0	1
GF_14536	0	0	0	0	0	0	0	1	0	0	0	1
GF_14537	0	0	0	0	0	0	0	1	0	0	0	1
GF_14538	0	0	0	0	0	0	0	1	0	0	0	1
GF_14539	0	0	0	0	0	0	0	1	0	0	0	1
GF_14540	0	0	0	0	0	0	0	1	0	0	0	1
GF_14541	0	0	0	0	0	0	0	1	0	0	0	1
GF_14542	0	0	0	0	0	0	0	1	0	0	0	1
GF_14543	0	0	0	0	0	0	0	1	0	0	0	1
GF_14544	0	0	0	0	0	0	0	1	0	0	0	1
GF_14545	0	0	0	0	0	0	0	1	0	0	0	1
GF_14546	0	0	0	0	0	0	0	1	0	0	0	1
GF_14547	0	0	0	0	0	0	0	1	0	0	0	1
GF_14548	0	0	0	0	0	0	0	1	0	0	0	1
GF_14549	0	0	0	0	0	0	0	1	0	0	0	1
GF_14550	0	0	0	0	0	0	0	1	0	0	0	1
GF_14551	0	0	0	0	0	0	0	1	0	0	0	1
GF_14552	1	0	0	0	0	0	0	0	0	0	0	1
GF_14553	0	0	0	0	0	0	0	1	0	0	0	1
GF_14554	0	0	0	0	0	0	0	1	0	0	0	1
GF_14555	0	0	0	0	0	0	0	1	0	0	0	1
GF_14556	0	0	0	0	0	0	0	1	0	0	0	1
GF_14557	0	0	0	0	0	0	0	1	0	0	0	1
GF_14558	0	0	0	0	0	0	0	1	0	0	0	1
GF_14559	1	0	0	0	0	0	0	0	0	0	0	1
GF_14560	1	0	0	0	0	0	0	0	0	0	0	1
GF_14561	0	0	0	0	0	0	0	1	0	0	0	1
GF_14562	0	0	0	0	0	0	0	1	0	0	0	1
GF_14563	0	0	0	0	0	0	0	1	0	0	0	1
GF_14564	0	0	0	0	0	0	0	1	0	0	0	1
GF_14565	0	0	0	0	0	0	0	1	0	0	1	0
GF_14566	0	0	0	0	0	0	0	1	0	0	0	1
GF_14567	0	0	0	0	0	0	0	1	0	0	0	1
GF_14568	0	0	0	0	0	0	0	1	0	0	0	1
GF_14569	0	0	0	0	0	0	0	1	0	0	0	1
GF_14570	0	0	0	0	0	0	0	1	0	0	0	1
GF_14571	0	0	0	0	0	0	0	1	0	0	0	1
GF_14572	1	0	0	0	0	0	0	0	0	0	0	1
GF_14573	1	0	0	0	0	0	0	0	0	0	0	1
GF_14574	0	0	0	0	0	0	0	1	0	0	0	1
GF_14575	0	0	0	0	0	0	0	1	0	0	0	1
GF_14576	1	0	0	0	0	0	0	0	0	0	0	1
GF_14577	1	0	0	0	0	0	0	0	0	0	0	1
GF_14578	0	0	0	0	0	0	0	1	0	0	0	1
GF_14579	0	0	0	0	0	0	0	1	0	0	0	1
GF_14580	0	0	0	0	0	0	0	1	0	0	0	1
GF_14581	0	0	0	0	0	0	0	1	0	0	0	1
GF_14582	0	0	0	0	0	0	0	1	0	0	0	1
GF_14583	0	0	0	0	0	0	0	1	0	0	0	1
GF_14584	0	0	0	0	0	0	0	1	0	0	0	1
GF_14585	1	0	0	0	0	0	0	0	0	0	0	1
GF_14586	0	0	0	0	0	0	0	1	0	0	0	1
GF_14587	0	0	0	0	0	0	0	1	0	0	0	1
GF_14588	0	0	0	0	0	0	0	1	0	0	0	1
GF_14589	0	0	0	0	0	0	0	1	0	0	0	1
GF_14590	0	0	0	0	0	0	0	1	0	0	0	1
GF_14591	0	0	0	0	0	0	0	1	0	0	0	1
GF_14592	0	0	0	0	0	0	0	1	0	0	0	1
GF_14593	0	0	0	0	0	0	0	1	0	0	0	1
GF_14594	1	0	0	0	0	0	0	0	0	0	0	1
GF_14595	0	0	0	0	0	0	0	1	0	0	0	1
GF_14596	0	0	0	0	0	0	0	1	0	0	0	1
GF_14597	0	0	0	0	0	0	0	1	0	0	0	1
GF_14598	0	0	0	0	0	0	0	1	0	0	0	1
GF_14599	0	1	0	0	0	0	0	0	1	0	0	0
GF_14600	0	0	0	0	0	0	0	0	1	1	0	0
GF_14601	1	0	0	0	0	0	0	0	1	0	0	0
GF_14602	0	0	0	0	0	0	0	0	1	0	0	1
GF_14603	0	0	0	0	0	0	0	0	1	0	1	0
GF_14604	0	0	1	0	0	0	0	0	1	0	0	0
GF_14605	0	0	0	0	0	0	0	0	0	0	1	1
GF_14606	1	0	0	0	0	0	0	0	0	0	0	1
GF_14607	0	0	0	0	0	0	0	1	0	0	0	1
GF_14608	0	0	0	0	0	0	0	1	0	0	0	1
GF_14609	0	0	0	0	0	0	0	1	0	0	0	1
GF_14610	0	0	0	0	0	0	0	1	0	0	0	1
GF_14611	0	0	0	0	0	0	0	1	0	0	0	1
GF_14612	0	0	0	0	0	0	0	1	0	0	0	1
GF_14613	0	0	0	0	0	0	0	1	0	0	0	1
GF_14614	1	0	0	0	0	0	0	0	0	0	0	1
GF_14615	0	0	0	0	0	0	0	1	0	0	0	1
GF_14616	0	0	0	0	0	0	0	1	0	0	0	1
GF_14617	0	0	0	0	0	0	0	1	0	0	0	1
GF_14618	0	0	0	0	0	0	0	1	0	0	0	1
GF_14619	0	0	0	0	0	0	0	1	0	0	0	1
GF_14620	0	0	0	0	0	0	0	1	0	0	0	1
GF_14621	0	0	0	0	0	0	0	1	0	0	0	1
GF_14622	0	0	0	0	0	0	0	1	0	0	0	1
GF_14623	0	0	0	0	0	0	0	1	0	0	0	1
GF_14624	0	0	0	0	0	0	0	1	0	0	0	1
GF_14625	0	0	0	0	0	0	0	1	0	0	0	1
GF_14626	0	0	0	0	0	0	0	1	0	0	0	1
GF_14627	0	0	0	0	0	0	0	1	0	0	0	1
GF_14628	0	0	0	0	0	0	0	1	0	0	0	1
GF_14629	0	0	0	0	0	0	0	1	0	0	0	1
GF_14630	0	1	0	0	0	0	0	0	0	1	0	0
GF_14631	0	0	0	0	0	0	0	1	0	0	0	1
GF_14632	0	0	0	0	0	0	0	1	0	0	0	1
GF_14633	0	0	0	0	0	0	0	1	0	0	0	1
GF_14634	0	0	0	0	0	0	0	1	0	0	0	1
GF_14635	0	0	0	0	0	0	0	1	0	0	0	1
GF_14636	1	0	0	0	0	0	0	0	0	0	0	1
GF_14637	1	0	0	0	0	0	0	0	0	0	0	1
GF_14638	0	0	0	1	0	0	0	0	0	0	0	1
GF_14639	0	0	0	0	0	0	0	1	0	0	0	1
GF_14640	0	0	0	0	0	0	0	1	0	0	0	1
GF_14641	0	0	0	0	0	0	0	1	0	0	0	1
GF_14642	0	0	0	0	0	0	0	1	0	0	0	1
GF_14643	0	0	0	0	0	0	0	1	0	0	0	1
GF_14644	0	0	0	0	0	0	0	1	0	0	0	1
GF_14645	0	0	0	0	0	0	0	1	0	0	0	1
GF_14646	0	0	0	0	0	0	0	1	0	0	0	1
GF_14647	1	0	0	0	0	0	0	0	0	0	0	1
GF_14648	0	0	0	0	0	0	0	1	0	0	0	1
GF_14649	0	0	0	0	0	0	0	1	0	0	0	1
GF_14650	0	0	0	0	0	0	0	1	0	0	0	1
GF_14651	0	0	0	0	0	0	0	1	0	0	0	1
GF_14652	0	0	0	0	0	0	0	1	0	0	0	1
GF_14653	0	0	0	0	0	0	0	1	0	0	0	1
GF_14654	1	0	0	0	0	0	0	0	0	0	0	1
GF_14655	0	0	0	0	0	0	0	1	0	0	0	1
GF_14656	1	0	0	0	0	0	0	0	0	0	0	1
GF_14657	0	0	0	0	0	0	0	1	0	0	0	1
GF_14658	0	0	0	0	0	0	0	1	0	0	0	1
GF_14659	0	0	0	0	0	0	0	1	0	0	0	1
GF_14660	0	0	0	0	0	0	0	1	0	0	0	1
GF_14661	0	0	0	0	0	0	0	1	0	0	0	1
GF_14662	0	0	0	0	0	0	0	1	0	0	0	1
GF_14663	0	0	0	0	0	0	0	1	0	0	0	1
GF_14664	0	0	0	0	0	0	0	1	0	0	0	1
GF_14665	0	0	0	0	0	0	0	1	0	0	0	1
GF_14666	0	0	0	0	0	0	0	1	0	0	0	1
GF_14667	0	0	0	0	0	0	0	1	0	0	0	1
GF_14668	0	0	0	0	0	0	0	1	0	0	0	1
GF_14669	0	0	0	0	0	0	0	1	0	0	0	1
GF_14670	0	0	0	0	0	0	0	1	0	0	0	1
GF_14671	1	0	0	0	0	0	0	0	0	0	0	1
GF_14672	0	0	0	0	0	0	0	1	0	0	0	1
GF_14673	1	0	0	0	0	0	0	0	0	0	0	1
GF_14674	1	0	0	0	0	0	0	0	0	0	0	1
GF_14675	1	0	0	0	0	0	0	0	0	0	0	1
GF_14676	0	0	0	0	0	0	0	1	0	0	0	1
GF_14677	0	0	0	0	0	0	0	1	0	0	0	1
GF_14678	0	0	0	0	0	0	0	1	0	0	0	1
GF_14679	0	0	0	0	0	0	0	1	0	0	0	1
GF_14680	1	0	0	0	0	0	0	0	0	0	0	1
GF_14681	0	0	0	0	0	0	0	1	0	0	1	0
GF_14682	0	0	0	0	0	0	0	1	0	0	0	1
GF_14683	1	0	0	0	0	0	0	0	0	0	0	1
GF_14684	1	0	0	0	0	0	0	0	0	0	0	1
GF_14685	1	0	0	0	0	0	0	0	0	0	0	1
GF_14686	0	0	0	0	0	0	0	1	0	0	0	1
GF_14687	0	0	0	0	0	0	0	1	0	0	0	1
GF_14688	0	0	0	0	0	0	0	1	0	0	0	1
GF_14689	1	0	0	0	0	0	0	0	0	0	0	1
GF_14690	0	0	0	0	0	0	0	1	0	0	0	1
GF_14691	0	0	0	1	0	0	0	0	0	0	0	1
GF_14692	0	0	0	0	0	0	0	1	0	0	0	1
GF_14693	0	0	0	0	0	0	0	1	0	0	0	1
GF_14694	0	0	0	0	0	0	0	1	0	0	0	1
GF_14695	0	0	0	0	0	0	0	1	0	0	0	1
GF_14696	0	0	0	0	0	0	0	1	0	0	0	1
GF_14697	0	0	0	0	0	0	0	1	0	0	0	1
GF_14698	0	1	0	0	0	0	0	0	0	1	0	0
GF_14699	0	1	0	0	0	0	0	0	0	1	0	0
GF_14700	0	1	0	0	0	0	0	0	0	1	0	0
GF_14701	0	1	0	0	0	0	0	0	0	1	0	0
GF_14702	0	1	0	0	0	0	0	0	0	1	0	0
GF_14703	0	1	0	0	0	0	0	0	0	1	0	0
GF_14704	0	1	0	0	0	0	0	0	0	1	0	0
GF_14705	0	1	0	0	0	0	0	0	0	1	0	0
GF_14706	0	1	0	0	0	0	0	0	0	1	0	0
GF_14707	0	1	0	0	0	0	0	0	0	1	0	0
GF_14708	0	1	0	0	0	0	0	0	0	1	0	0
GF_14709	0	1	0	0	0	0	0	0	0	1	0	0
GF_14710	0	1	0	0	0	0	0	0	0	1	0	0
GF_14711	0	1	0	0	0	0	0	0	0	1	0	0
GF_14712	0	1	0	0	0	0	0	0	0	1	0	0
GF_14713	0	1	0	0	0	0	0	0	0	1	0	0
GF_14714	0	1	0	0	0	0	0	0	0	1	0	0
GF_14715	0	1	0	0	0	0	0	0	0	1	0	0
GF_14716	0	1	0	0	0	0	0	0	0	1	0	0
GF_14717	0	1	0	0	0	0	0	0	0	1	0	0
GF_14718	0	1	0	0	0	0	0	0	0	1	0	0
GF_14719	0	1	0	0	0	0	0	0	0	1	0	0
GF_14720	0	1	0	0	0	0	0	0	0	1	0	0
GF_14721	0	1	0	0	0	0	0	0	0	1	0	0
GF_14722	0	1	0	0	0	0	0	0	0	1	0	0
GF_14723	0	1	0	0	0	0	0	0	0	1	0	0
GF_14724	0	1	0	0	0	0	0	0	0	1	0	0
GF_14725	0	1	0	0	0	0	0	0	0	1	0	0
GF_14726	0	1	0	0	0	0	0	0	0	1	0	0
GF_14727	0	1	0	0	0	0	0	0	0	1	0	0
GF_14728	0	1	0	0	0	0	0	0	0	1	0	0
GF_14729	0	1	0	0	0	0	0	0	0	1	0	0
GF_14730	0	1	0	0	0	0	0	0	0	1	0	0
GF_14731	0	1	0	0	0	0	0	0	0	1	0	0
GF_14732	0	1	0	0	0	0	0	0	0	1	0	0
GF_14733	0	1	0	0	0	0	0	0	0	1	0	0
GF_14734	0	1	0	0	0	0	0	0	0	1	0	0
GF_14735	0	1	0	0	0	0	0	0	0	1	0	0
GF_14736	0	1	0	0	0	0	0	0	0	1	0	0
GF_14737	0	1	0	0	0	0	0	0	0	1	0	0
GF_14738	0	1	0	0	0	0	0	0	0	1	0	0
GF_14739	0	1	0	0	0	0	0	0	0	1	0	0
GF_14740	0	1	0	0	0	0	0	0	0	1	0	0
GF_14741	0	1	0	0	0	0	0	0	0	1	0	0
GF_14742	0	1	0	0	0	0	0	0	0	1	0	0
GF_14743	0	1	0	0	0	0	0	0	0	1	0	0
GF_14744	0	1	0	0	0	0	0	0	0	1	0	0
GF_14745	0	1	0	0	0	0	0	0	0	1	0	0
GF_14746	0	1	0	0	0	0	0	0	0	1	0	0
GF_14747	0	1	0	0	0	0	0	0	0	1	0	0
GF_14748	0	1	0	0	0	0	0	0	0	1	0	0
GF_14749	0	1	0	0	0	0	0	0	0	1	0	0
GF_14750	0	1	0	0	0	0	0	0	0	1	0	0
GF_14751	0	1	0	0	0	0	0	0	0	1	0	0
GF_14752	0	1	0	0	0	0	0	0	0	1	0	0
GF_14753	0	1	0	0	0	0	0	0	0	1	0	0
GF_14754	0	1	0	0	0	0	0	0	0	1	0	0
GF_14755	0	1	0	0	0	0	0	0	0	1	0	0
GF_14756	0	1	0	0	0	0	0	0	0	1	0	0
GF_14757	0	1	0	0	0	0	0	0	0	1	0	0
GF_14758	0	1	0	0	0	0	0	0	0	1	0	0
GF_14759	0	1	0	0	0	0	0	0	0	1	0	0
GF_14760	0	1	0	0	0	0	0	0	0	1	0	0
GF_14761	0	1	0	0	0	0	0	0	0	1	0	0
GF_14762	0	1	0	0	0	0	0	0	0	1	0	0
GF_14763	0	1	0	0	0	0	0	0	0	1	0	0
GF_14764	0	1	0	0	0	0	0	0	0	1	0	0
GF_14765	0	1	0	0	0	0	0	0	0	1	0	0
GF_14766	0	1	0	0	0	0	0	0	0	1	0	0
GF_14767	0	1	0	0	0	0	0	0	0	1	0	0
GF_14768	0	1	0	0	0	0	0	0	0	1	0	0
GF_14769	0	1	0	0	0	0	0	0	0	1	0	0
GF_14770	0	1	0	0	0	0	0	0	0	1	0	0
GF_14771	0	1	0	0	0	0	0	0	0	1	0	0
GF_14772	0	1	0	0	0	0	0	0	0	1	0	0
GF_14773	0	1	0	0	0	0	0	0	0	1	0	0
GF_14774	0	1	0	0	0	0	0	0	0	1	0	0
GF_14775	0	1	0	0	0	0	0	0	0	1	0	0
GF_14776	0	1	0	0	0	0	0	0	0	1	0	0
GF_14777	0	1	0	0	0	0	0	0	0	1	0	0
GF_14778	0	1	0	0	0	0	0	0	0	1	0	0
GF_14779	0	1	0	0	0	0	0	0	0	1	0	0
GF_14780	0	1	0	0	0	0	0	0	0	1	0	0
GF_14781	0	1	0	0	0	0	0	0	0	1	0	0
GF_14782	0	1	0	0	0	0	0	0	0	1	0	0
GF_14783	0	1	0	0	0	0	0	0	0	1	0	0
GF_14784	0	1	0	0	0	0	0	0	0	1	0	0
GF_14785	0	1	0	0	0	0	0	0	0	1	0	0
GF_14786	0	1	0	0	0	0	0	0	0	1	0	0
GF_14787	0	1	0	0	0	0	0	0	0	1	0	0
GF_14788	0	1	0	0	0	0	0	0	0	1	0	0
GF_14789	0	1	0	0	0	0	0	0	0	1	0	0
GF_14790	0	1	0	0	0	0	0	0	0	1	0	0
GF_14791	0	1	0	0	0	0	0	0	0	1	0	0
GF_14792	0	1	0	0	0	0	0	0	0	1	0	0
GF_14793	0	1	0	0	0	0	0	0	0	1	0	0
GF_14794	0	1	0	0	0	0	0	0	0	1	0	0
GF_14795	0	1	0	0	0	0	0	0	0	1	0	0
GF_14796	0	1	0	0	0	0	0	0	0	1	0	0
GF_14797	0	1	0	0	0	0	0	0	0	1	0	0
GF_14798	0	1	0	0	0	0	0	0	0	1	0	0
GF_14799	0	1	0	0	0	0	0	0	0	1	0	0
GF_14800	0	1	0	0	0	0	0	0	0	1	0	0
GF_14801	0	1	0	0	0	0	0	0	0	1	0	0
GF_14802	0	1	0	0	0	0	0	0	0	1	0	0
GF_14803	0	1	0	0	0	0	0	0	0	1	0	0
GF_14804	0	1	0	0	0	0	0	0	0	1	0	0
GF_14805	0	1	0	0	0	0	0	0	0	1	0	0
GF_14806	0	1	0	0	0	0	0	0	0	1	0	0
GF_14807	0	1	0	0	0	0	0	0	0	1	0	0
GF_14808	0	1	0	0	0	0	0	0	0	1	0	0
GF_14809	0	1	0	0	0	0	0	0	0	1	0	0
GF_14810	0	1	0	0	0	0	0	0	0	1	0	0
GF_14811	0	1	0	0	0	0	0	0	0	1	0	0
GF_14812	0	1	0	0	0	0	0	0	0	1	0	0
GF_14813	0	0	0	0	0	0	0	0	0	0	1	1
GF_14814	0	0	0	0	0	0	0	1	1	0	0	0
GF_14815	1	0	0	0	0	0	0	0	1	0	0	0
GF_14816	0	0	1	0	0	0	0	0	1	0	0	0
GF_14817	0	0	0	0	0	0	0	0	1	1	0	0
GF_14818	0	0	0	0	0	0	0	0	1	1	0	0
GF_14819	0	1	0	0	0	0	0	0	0	1	0	0
GF_14820	0	1	0	0	0	0	0	0	0	1	0	0
GF_14821	0	1	0	0	0	0	0	0	0	1	0	0
GF_14822	0	1	0	0	0	0	0	0	0	1	0	0
GF_14823	0	1	0	0	0	0	0	0	0	1	0	0
GF_14824	0	1	0	0	0	0	0	0	0	1	0	0
GF_14825	0	1	0	0	0	0	0	0	0	1	0	0
GF_14826	0	1	0	0	0	0	0	0	0	1	0	0
GF_14827	0	1	0	0	0	0	0	0	0	1	0	0
GF_14828	0	1	0	0	0	0	0	0	0	1	0	0
GF_14829	0	1	0	0	0	0	0	0	0	1	0	0
GF_14830	0	1	0	0	0	0	0	0	0	1	0	0
GF_14831	0	1	0	0	0	0	0	0	0	1	0	0
GF_14832	0	1	0	0	0	0	0	0	0	1	0	0
GF_14833	0	1	0	0	0	0	0	0	0	1	0	0
GF_14834	0	1	0	0	0	0	0	0	0	1	0	0
GF_14835	0	1	0	0	0	0	0	0	0	1	0	0
GF_14836	0	1	0	0	0	0	0	0	0	1	0	0
GF_14837	0	1	0	0	0	0	0	0	0	1	0	0
GF_14838	0	1	0	0	0	0	0	0	0	1	0	0
GF_14839	0	1	0	0	0	0	0	0	0	1	0	0
GF_14840	0	1	0	0	0	0	0	0	0	1	0	0
GF_14841	0	1	0	0	0	0	0	0	0	1	0	0
GF_14842	0	1	0	0	0	0	0	0	0	1	0	0
GF_14843	0	1	0	0	0	0	0	0	0	1	0	0
GF_14844	0	1	0	0	0	0	0	0	0	1	0	0
GF_14845	0	1	0	0	0	0	0	0	0	1	0	0
GF_14846	0	1	0	0	0	0	0	0	0	1	0	0
GF_14847	0	1	0	0	0	0	0	0	0	1	0	0
GF_14848	0	1	0	0	0	0	0	0	0	1	0	0
GF_14849	0	1	0	0	0	0	0	0	0	1	0	0
GF_14850	0	1	0	0	0	0	0	0	0	1	0	0
GF_14851	0	1	0	0	0	0	0	0	0	1	0	0
GF_14852	0	1	0	0	0	0	0	0	0	1	0	0
GF_14853	0	1	0	0	0	0	0	0	0	1	0	0
GF_14854	0	1	0	0	0	0	0	0	0	1	0	0
GF_14855	0	1	0	0	0	0	0	0	0	1	0	0
GF_14856	0	1	0	0	0	0	0	0	0	1	0	0
GF_14857	0	1	0	0	0	0	0	0	0	1	0	0
GF_14858	0	1	0	0	0	0	0	0	0	1	0	0
GF_14859	0	1	0	0	0	0	0	0	0	1	0	0
GF_14860	0	1	0	0	0	0	0	0	0	1	0	0
GF_14861	0	1	0	0	0	0	0	0	0	1	0	0
GF_14862	0	1	0	0	0	0	0	0	0	1	0	0
GF_14863	0	1	0	0	0	0	0	0	0	1	0	0
GF_14864	0	1	0	0	0	0	0	0	0	1	0	0
GF_14865	0	1	0	0	0	0	0	0	0	1	0	0
GF_14866	0	1	0	0	0	0	0	0	0	1	0	0
GF_14867	0	1	0	0	0	0	0	0	0	1	0	0
GF_14868	0	1	0	0	0	0	0	0	0	1	0	0
GF_14869	0	1	0	0	0	0	0	0	0	1	0	0
GF_14870	0	1	0	0	0	0	0	0	0	1	0	0
GF_14871	0	1	0	0	0	0	0	0	0	1	0	0
GF_14872	0	1	0	0	0	0	0	0	0	1	0	0
GF_14873	0	1	0	0	0	0	0	0	0	1	0	0
GF_14874	0	1	0	0	0	0	0	0	0	1	0	0
GF_14875	0	1	0	0	0	0	0	0	0	1	0	0
GF_14876	0	1	0	0	0	0	0	0	0	1	0	0
GF_14877	0	1	0	0	0	0	0	0	0	1	0	0
GF_14878	0	1	0	0	0	0	0	0	0	1	0	0
GF_14879	0	1	0	0	0	0	0	0	0	1	0	0
GF_14880	0	1	0	0	0	0	0	0	0	1	0	0
GF_14881	0	1	0	0	0	0	0	0	0	1	0	0
GF_14882	0	1	0	0	0	0	0	0	0	1	0	0
GF_14883	0	1	0	0	0	0	0	0	0	1	0	0
GF_14884	0	1	0	0	0	0	0	0	0	1	0	0
GF_14885	0	1	0	0	0	0	0	0	0	1	0	0
GF_14886	0	1	0	0	0	0	0	0	0	1	0	0
GF_14887	0	1	0	0	0	0	0	0	0	1	0	0
GF_14888	0	1	0	0	0	0	0	0	0	1	0	0
GF_14889	0	1	0	0	0	0	0	0	0	1	0	0
GF_14890	0	1	0	0	0	0	0	0	0	1	0	0
GF_14891	0	1	0	0	0	0	0	0	0	1	0	0
GF_14892	0	1	0	0	0	0	0	0	0	1	0	0
GF_14893	0	1	0	0	0	0	0	0	0	1	0	0
GF_14894	0	1	0	0	0	0	0	0	0	1	0	0
GF_14895	0	1	0	0	0	0	0	0	0	1	0	0
GF_14896	0	1	0	0	0	0	0	0	0	1	0	0
GF_14897	0	1	0	0	0	0	0	0	0	1	0	0
GF_14898	0	1	0	0	0	0	0	0	0	1	0	0
GF_14899	0	1	0	0	0	0	0	0	0	1	0	0
GF_14900	0	1	0	0	0	0	0	0	0	1	0	0
GF_14901	0	1	0	0	0	0	0	0	0	1	0	0
GF_14902	0	1	0	0	0	0	0	0	0	1	0	0
GF_14903	0	1	0	0	0	0	0	0	0	1	0	0
GF_14904	0	1	0	0	0	0	0	0	0	1	0	0
GF_14905	0	1	0	0	0	0	0	0	0	1	0	0
GF_14906	0	1	0	0	0	0	0	0	0	1	0	0
GF_14907	0	1	0	0	0	0	0	0	0	1	0	0
GF_14908	0	1	0	0	0	0	0	0	0	1	0	0
GF_14909	0	1	0	0	0	0	0	0	0	1	0	0
GF_14910	0	1	0	0	0	0	0	0	0	1	0	0
GF_14911	0	1	0	0	0	0	0	0	0	1	0	0
GF_14912	0	1	0	0	0	0	0	0	0	1	0	0
GF_14913	0	1	0	0	0	0	0	0	0	1	0	0
GF_14914	0	1	0	0	0	0	0	0	0	1	0	0
GF_14915	0	1	0	0	0	0	0	0	0	1	0	0
GF_14916	0	1	0	0	0	0	0	0	0	1	0	0
GF_14917	0	1	0	0	0	0	0	0	0	1	0	0
GF_14918	0	1	0	0	0	0	0	0	0	1	0	0
GF_14919	0	1	0	0	0	0	0	0	0	1	0	0
GF_14920	0	1	0	0	0	0	0	0	0	1	0	0
GF_14921	0	1	0	0	0	0	0	0	0	1	0	0
GF_14922	0	1	0	0	0	0	0	0	0	1	0	0
GF_14923	0	1	0	0	0	0	0	0	0	1	0	0
GF_14924	0	1	0	0	0	0	0	0	0	1	0	0
GF_14925	0	1	0	0	0	0	0	0	0	1	0	0
GF_14926	0	1	0	0	0	0	0	0	0	1	0	0
GF_14927	0	1	0	0	0	0	0	0	0	1	0	0
GF_14928	0	1	0	0	0	0	0	0	0	1	0	0
GF_14929	0	1	0	0	0	0	0	0	0	1	0	0
GF_14930	0	1	0	0	0	0	0	0	0	1	0	0
GF_14931	0	1	0	0	0	0	0	0	0	1	0	0
GF_14932	0	1	0	0	0	0	0	0	0	1	0	0
GF_14933	0	1	0	0	0	0	0	0	0	1	0	0
GF_14934	0	1	0	0	0	0	0	0	0	1	0	0
GF_14935	0	1	0	0	0	0	0	0	0	1	0	0
GF_14936	0	1	0	0	0	0	0	0	0	1	0	0
GF_14937	0	1	0	0	0	0	0	0	0	1	0	0
GF_14938	0	1	0	0	0	0	0	0	0	1	0	0
GF_14939	0	1	0	0	0	0	0	0	0	1	0	0
GF_14940	0	1	0	0	0	0	0	0	0	1	0	0
GF_14941	0	1	0	0	0	0	0	0	0	1	0	0
GF_14942	0	1	0	0	0	0	0	0	0	1	0	0
GF_14943	0	1	0	0	0	0	0	0	0	1	0	0
GF_14944	0	1	0	0	0	0	0	0	0	1	0	0
GF_14945	0	1	0	0	0	0	0	0	0	1	0	0
GF_14946	0	1	0	0	0	0	0	0	0	1	0	0
GF_14947	0	1	0	0	0	0	0	0	0	1	0	0
GF_14948	0	1	0	0	0	0	0	0	0	1	0	0
GF_14949	0	1	0	0	0	0	0	0	0	1	0	0
GF_14950	0	1	0	0	0	0	0	0	0	1	0	0
GF_14951	0	1	0	0	0	0	0	0	0	1	0	0
GF_14952	0	1	0	0	0	1	0	0	0	0	0	0
GF_14953	0	0	0	0	0	1	1	0	0	0	0	0
GF_14954	0	0	0	0	0	1	0	0	0	1	0	0
GF_14955	0	0	0	0	0	1	0	0	0	1	0	0
GF_14956	0	0	0	0	0	1	1	0	0	0	0	0
GF_14957	0	1	0	0	0	1	0	0	0	0	0	0
GF_14958	0	0	1	0	0	1	0	0	0	0	0	0
GF_14959	0	1	0	0	0	1	0	0	0	0	0	0
GF_14960	0	0	0	0	0	1	1	0	0	0	0	0
GF_14961	0	1	0	0	0	1	0	0	0	0	0	0
GF_14962	0	0	0	0	0	1	0	0	1	0	0	0
GF_14963	0	0	0	0	1	1	0	0	0	0	0	0
GF_14964	0	0	0	0	0	1	0	0	0	1	0	0
GF_14965	0	1	0	0	0	1	0	0	0	0	0	0
GF_14966	0	1	0	0	0	1	0	0	0	0	0	0
GF_14967	0	0	0	0	0	1	1	0	0	0	0	0
GF_14968	0	1	0	0	0	1	0	0	0	0	0	0
GF_14969	0	0	1	0	0	1	0	0	0	0	0	0
GF_14970	0	0	1	0	0	1	0	0	0	0	0	0
GF_14971	0	0	0	0	0	1	1	0	0	0	0	0
GF_14972	0	0	1	0	0	1	0	0	0	0	0	0
GF_14973	0	0	1	0	0	1	0	0	0	0	0	0
GF_14974	0	0	0	0	0	1	0	0	1	0	0	0
GF_14975	0	0	1	0	0	1	0	0	0	0	0	0
GF_14976	0	1	0	0	0	1	0	0	0	0	0	0
GF_14977	0	0	0	0	0	1	1	0	0	0	0	0
GF_14978	0	1	0	0	0	1	0	0	0	0	0	0
GF_14979	0	0	0	0	0	1	1	0	0	0	0	0
GF_14980	0	0	0	0	0	1	1	0	0	0	0	0
GF_14981	0	0	1	0	0	1	0	0	0	0	0	0
GF_14982	0	0	0	0	1	1	0	0	0	0	0	0
GF_14983	0	0	1	0	0	1	0	0	0	0	0	0
GF_14984	0	0	0	0	0	1	1	0	0	0	0	0
GF_14985	0	0	0	0	0	1	1	0	0	0	0	0
GF_14986	0	0	0	0	0	1	1	0	0	0	0	0
GF_14987	0	0	0	0	0	1	1	0	0	0	0	0
GF_14988	0	0	0	0	0	1	0	0	0	1	0	0
GF_14989	0	0	0	0	0	1	0	0	0	1	0	0
GF_14990	0	0	0	0	0	1	0	0	0	1	0	0
GF_14991	0	0	0	0	0	1	1	0	0	0	0	0
GF_14992	0	0	0	0	0	1	0	0	0	1	0	0
GF_14993	0	0	0	0	1	0	1	0	0	0	0	0
GF_14994	0	0	1	0	0	1	0	0	0	0	0	0
GF_14995	0	0	0	0	0	1	1	0	0	0	0	0
GF_14996	0	0	1	0	0	1	0	0	0	0	0	0
GF_14997	0	0	0	0	0	1	0	0	0	1	0	0
GF_14998	0	1	0	0	0	1	0	0	0	0	0	0
GF_14999	0	0	1	0	0	1	0	0	0	0	0	0
GF_15000	0	0	0	0	0	1	1	0	0	0	0	0
GF_15001	0	1	0	0	0	1	0	0	0	0	0	0
GF_15002	0	1	0	0	0	1	0	0	0	0	0	0
GF_15003	0	0	1	0	0	1	0	0	0	0	0	0
GF_15004	0	1	0	0	0	1	0	0	0	0	0	0
GF_15005	0	0	0	0	1	1	0	0	0	0	0	0
GF_15006	0	1	0	0	0	1	0	0	0	0	0	0
GF_15007	0	1	0	0	0	1	0	0	0	0	0	0
GF_15008	0	0	1	0	0	1	0	0	0	0	0	0
GF_15009	0	0	0	0	1	1	0	0	0	0	0	0
GF_15010	0	0	0	0	0	1	1	0	0	0	0	0
GF_15011	0	0	0	0	0	1	1	0	0	0	0	0
GF_15012	0	1	0	0	0	1	0	0	0	0	0	0
GF_15013	0	0	0	0	0	1	1	0	0	0	0	0
GF_15014	0	0	0	0	0	1	0	0	0	1	0	0
GF_15015	0	0	0	0	0	1	1	0	0	0	0	0
GF_15016	0	0	0	0	0	1	0	0	0	1	0	0
GF_15017	0	0	0	0	0	1	1	0	0	0	0	0
GF_15018	0	1	0	0	0	1	0	0	0	0	0	0
GF_15019	0	0	0	0	0	1	0	0	1	0	0	0
GF_15020	0	0	0	0	0	1	1	0	0	0	0	0
GF_15021	0	0	0	0	0	1	1	0	0	0	0	0
GF_15022	0	0	0	0	0	1	0	0	0	1	0	0
GF_15023	0	0	0	0	0	1	1	0	0	0	0	0
GF_15024	0	0	0	0	0	1	1	0	0	0	0	0
GF_15025	0	0	0	0	0	1	1	0	0	0	0	0
GF_15026	0	0	0	0	0	1	1	0	0	0	0	0
GF_15027	0	1	0	0	0	1	0	0	0	0	0	0
GF_15028	0	0	0	0	1	1	0	0	0	0	0	0
GF_15029	0	0	0	0	0	1	1	0	0	0	0	0
GF_15030	0	0	0	0	0	1	1	0	0	0	0	0
GF_15031	0	0	0	0	0	1	1	0	0	0	0	0
GF_15032	0	0	0	0	1	1	0	0	0	0	0	0
GF_15033	0	1	0	0	0	1	0	0	0	0	0	0
GF_15034	0	0	0	0	0	1	0	0	0	1	0	0
GF_15035	0	0	0	0	0	1	1	0	0	0	0	0
GF_15036	0	1	0	0	0	1	0	0	0	0	0	0
GF_15037	0	0	1	0	0	1	0	0	0	0	0	0
GF_15038	0	0	1	0	0	1	0	0	0	0	0	0
GF_15039	0	0	0	0	0	1	1	0	0	0	0	0
GF_15040	0	1	0	0	0	1	0	0	0	0	0	0
GF_15041	0	0	0	0	0	1	1	0	0	0	0	0
GF_15042	0	0	0	0	0	1	1	0	0	0	0	0
GF_15043	0	0	0	0	0	1	1	0	0	0	0	0
GF_15044	0	0	0	0	0	1	1	0	0	0	0	0
GF_15045	0	0	0	0	0	1	1	0	0	0	0	0
GF_15046	0	0	0	0	0	1	0	0	0	1	0	0
GF_15047	0	1	0	0	0	1	0	0	0	0	0	0
GF_15048	0	0	0	0	0	1	1	0	0	0	0	0
GF_15049	0	0	0	0	0	1	1	0	0	0	0	0
GF_15050	0	1	0	0	0	1	0	0	0	0	0	0
GF_15051	0	1	0	0	0	1	0	0	0	0	0	0
GF_15052	0	0	0	0	0	1	1	0	0	0	0	0
GF_15053	0	1	0	0	0	1	0	0	0	0	0	0
GF_15054	0	1	0	0	0	1	0	0	0	0	0	0
GF_15055	0	0	0	0	0	1	1	0	0	0	0	0
GF_15056	0	0	0	0	0	1	1	0	0	0	0	0
GF_15057	0	0	0	0	0	1	0	0	0	1	0	0
GF_15058	0	0	0	0	0	1	0	0	0	1	0	0
GF_15059	0	1	0	0	0	1	0	0	0	0	0	0
GF_15060	0	0	0	0	0	1	0	0	0	1	0	0
GF_15061	0	1	0	0	0	1	0	0	0	0	0	0
GF_15062	0	1	0	0	0	1	0	0	0	0	0	0
GF_15063	0	0	0	0	0	1	1	0	0	0	0	0
GF_15064	0	0	0	0	0	1	1	0	0	0	0	0
GF_15065	0	0	0	0	0	1	1	0	0	0	0	0
GF_15066	0	0	0	0	0	1	1	0	0	0	0	0
GF_15067	0	0	0	0	0	0	0	0	1	0	1	0
GF_15068	0	1	0	0	0	0	0	0	1	0	0	0
GF_15069	1	0	0	0	0	0	0	0	0	0	1	0
GF_15070	0	0	0	1	0	0	0	0	0	0	1	0
GF_15071	0	0	0	0	0	0	0	0	1	1	0	0
GF_15072	0	0	0	0	1	0	0	0	1	0	0	0
GF_15073	0	0	1	0	0	0	0	0	1	0	0	0
GF_15074	0	0	1	0	0	1	0	0	0	0	0	0
GF_15075	0	0	0	0	0	1	0	0	0	1	0	0
GF_15076	0	0	0	0	0	1	1	0	0	0	0	0
GF_15077	0	1	0	0	0	1	0	0	0	0	0	0
GF_15078	0	1	0	0	0	1	0	0	0	0	0	0
GF_15079	0	0	0	0	0	1	0	0	1	0	0	0
GF_15080	0	0	0	0	0	1	0	0	0	1	0	0
GF_15081	0	0	0	0	0	1	1	0	0	0	0	0
GF_15082	0	0	0	0	0	1	1	0	0	0	0	0
GF_15083	0	1	0	0	0	1	0	0	0	0	0	0
GF_15084	0	0	0	0	1	1	0	0	0	0	0	0
GF_15085	0	0	0	0	0	1	0	0	0	1	0	0
GF_15086	0	0	0	0	0	1	1	0	0	0	0	0
GF_15087	0	0	0	0	0	1	1	0	0	0	0	0
GF_15088	0	1	0	0	0	1	0	0	0	0	0	0
GF_15089	0	1	0	0	0	1	0	0	0	0	0	0
GF_15090	0	0	1	0	0	1	0	0	0	0	0	0
GF_15091	0	0	0	0	0	1	0	0	0	1	0	0
GF_15092	0	1	0	0	0	1	0	0	0	0	0	0
GF_15093	0	0	0	0	0	1	1	0	0	0	0	0
GF_15094	0	1	0	0	0	1	0	0	0	0	0	0
GF_15095	0	1	0	0	0	1	0	0	0	0	0	0
GF_15096	0	0	0	0	0	1	1	0	0	0	0	0
GF_15097	0	0	0	0	0	1	0	0	0	1	0	0
GF_15098	0	0	0	0	1	1	0	0	0	0	0	0
GF_15099	0	0	0	0	0	1	1	0	0	0	0	0
GF_15100	0	0	0	0	1	1	0	0	0	0	0	0
GF_15101	0	1	0	0	0	1	0	0	0	0	0	0
GF_15102	0	0	0	0	1	1	0	0	0	0	0	0
GF_15103	0	1	0	0	0	1	0	0	0	0	0	0
GF_15104	0	0	0	0	0	1	1	0	0	0	0	0
GF_15105	0	0	0	0	0	1	1	0	0	0	0	0
GF_15106	0	0	0	1	0	0	0	0	0	0	0	1
GF_15107	0	0	0	1	0	0	0	0	0	0	0	1
GF_15108	1	0	0	1	0	0	0	0	0	0	0	0
GF_15109	1	0	0	1	0	0	0	0	0	0	0	0
GF_15110	1	0	0	1	0	0	0	0	0	0	0	0
GF_15111	1	0	0	1	0	0	0	0	0	0	0	0
GF_15112	1	0	0	1	0	0	0	0	0	0	0	0
GF_15113	1	0	0	1	0	0	0	0	0	0	0	0
GF_15114	0	0	0	1	0	0	0	0	0	0	1	0
GF_15115	0	0	0	0	0	0	0	0	1	0	1	0
GF_15116	0	0	1	0	0	0	0	0	1	0	0	0
GF_15117	0	0	0	1	0	0	0	0	1	0	0	0
GF_15118	1	0	0	0	0	0	0	0	1	0	0	0
GF_15119	0	0	1	0	0	0	0	0	1	0	0	0
GF_15120	0	0	0	0	0	0	0	0	1	1	0	0
GF_15121	0	0	0	1	0	0	0	0	0	0	1	0
GF_15122	1	0	0	1	0	0	0	0	0	0	0	0
GF_15123	0	0	0	1	0	0	0	0	0	0	0	1
GF_15124	1	0	0	1	0	0	0	0	0	0	0	0
GF_15125	0	0	0	1	0	0	0	1	0	0	0	0
GF_15126	0	0	0	1	0	0	0	0	0	0	1	0
GF_15127	0	0	0	1	0	0	0	0	0	0	0	1
GF_15128	0	0	0	1	0	0	0	1	0	0	0	0
GF_15129	0	0	0	1	0	0	0	0	0	0	0	1
GF_15130	0	0	0	0	0	0	0	0	0	0	1	1
GF_15131	0	0	0	1	1	0	0	0	0	0	0	0
GF_15132	0	0	0	1	0	0	0	1	0	0	0	0
GF_15133	0	0	0	1	0	0	0	1	0	0	0	0
GF_15134	1	0	0	1	0	0	0	0	0	0	0	0
GF_15135	0	0	0	1	0	0	0	0	0	0	0	1
GF_15136	0	0	0	1	0	0	0	0	0	0	1	0
GF_15137	0	0	0	1	0	0	0	1	0	0	0	0
GF_15138	1	0	0	1	0	0	0	0	0	0	0	0
GF_15139	0	0	0	1	0	0	0	1	0	0	0	0
GF_15140	0	0	0	1	0	0	0	0	0	0	0	1
GF_15141	0	0	0	1	0	0	0	0	0	0	1	0
GF_15142	0	0	0	1	0	0	0	1	0	0	0	0
GF_15143	1	0	0	1	0	0	0	0	0	0	0	0
GF_15144	1	0	0	1	0	0	0	0	0	0	0	0
GF_15145	1	0	0	1	0	0	0	0	0	0	0	0
GF_15146	1	0	0	1	0	0	0	0	0	0	0	0
GF_15147	0	0	0	1	0	0	0	0	0	0	1	0
GF_15148	0	0	0	1	0	0	0	0	0	0	1	0
GF_15149	0	0	0	1	0	0	0	0	0	0	0	1
GF_15150	0	0	0	1	0	0	0	0	0	0	0	1
GF_15151	0	0	0	1	0	0	0	1	0	0	0	0
GF_15152	0	0	0	1	0	0	0	1	0	0	0	0
GF_15153	0	0	0	1	0	0	0	1	0	0	0	0
GF_15154	0	0	0	1	0	0	0	1	0	0	0	0
GF_15155	0	0	0	1	0	0	0	1	0	0	0	0
GF_15156	0	0	0	1	0	0	0	0	0	0	0	1
GF_15157	0	0	0	1	0	0	0	1	0	0	0	0
GF_15158	1	0	0	1	0	0	0	0	0	0	0	0
GF_15159	1	0	0	1	0	0	0	0	0	0	0	0
GF_15160	0	0	0	1	0	0	0	0	0	0	0	1
GF_15161	0	0	0	0	0	0	0	0	0	0	1	1
GF_15162	0	0	0	1	0	0	0	0	0	0	0	1
GF_15163	0	0	0	1	0	0	0	0	0	0	1	0
GF_15164	0	0	0	1	0	0	0	0	0	0	0	1
GF_15165	0	1	0	1	0	0	0	0	0	0	0	0
GF_15166	0	0	0	1	0	0	0	0	0	0	0	1
GF_15167	0	0	0	1	0	0	0	0	0	0	0	1
GF_15168	0	0	0	1	0	0	0	0	0	0	0	1
GF_15169	1	0	0	1	0	0	0	0	0	0	0	0
GF_15170	0	0	0	1	0	0	0	0	0	0	1	0
GF_15171	1	0	0	1	0	0	0	0	0	0	0	0
GF_15172	0	0	0	1	0	0	0	0	0	0	1	0
GF_15173	0	0	0	1	0	0	0	0	0	0	0	1
GF_15174	1	0	0	1	0	0	0	0	0	0	0	0
GF_15175	0	0	0	1	0	0	0	0	0	0	0	1
GF_15176	0	0	0	1	0	0	0	0	0	0	1	0
GF_15177	0	0	0	1	0	0	0	1	0	0	0	0
GF_15178	1	0	0	1	0	0	0	0	0	0	0	0
GF_15179	1	0	0	1	0	0	0	0	0	0	0	0
GF_15180	0	0	0	1	0	0	0	0	0	0	1	0
GF_15181	0	0	0	0	0	0	0	1	0	0	1	0
GF_15182	0	0	0	1	0	0	0	0	0	0	0	1
GF_15183	0	0	0	1	0	0	0	0	0	0	0	1
GF_15184	0	0	0	1	0	0	0	0	0	0	0	1
GF_15185	0	0	0	1	0	0	0	0	0	0	1	0
GF_15186	0	0	0	1	0	0	0	1	0	0	0	0
GF_15187	0	0	0	1	0	0	0	0	0	0	1	0
GF_15188	0	0	0	1	0	0	0	0	0	0	1	0
GF_15189	1	0	0	1	0	0	0	0	0	0	0	0
GF_15190	1	0	0	1	0	0	0	0	0	0	0	0
GF_15191	1	0	0	1	0	0	0	0	0	0	0	0
GF_15192	1	0	0	1	0	0	0	0	0	0	0	0
GF_15193	0	0	0	1	0	0	0	0	0	0	0	1
GF_15194	0	0	0	1	0	0	0	0	0	0	1	0
GF_15195	1	0	0	1	0	0	0	0	0	0	0	0
GF_15196	1	0	0	1	0	0	0	0	0	0	0	0
GF_15197	0	0	0	1	0	0	0	0	0	0	1	0
GF_15198	1	0	0	1	0	0	0	0	0	0	0	0
GF_15199	0	0	0	1	0	0	0	0	0	0	1	0
GF_15200	0	0	0	1	0	0	0	1	0	0	0	0
GF_15201	1	0	0	1	0	0	0	0	0	0	0	0
GF_15202	1	0	0	1	0	0	0	0	0	0	0	0
GF_15203	0	0	0	0	0	0	0	0	0	0	1	1
GF_15204	0	0	0	1	0	0	0	1	0	0	0	0
GF_15205	1	0	0	0	0	0	0	0	0	0	1	0
GF_15206	1	0	0	1	0	0	0	0	0	0	0	0
GF_15207	0	0	0	1	0	0	0	0	0	0	1	0
GF_15208	0	0	0	1	0	0	0	0	0	0	1	0
GF_15209	0	0	0	1	0	0	0	0	0	0	1	0
GF_15210	0	0	0	1	0	0	0	0	0	0	1	0
GF_15211	0	0	0	1	0	0	0	0	0	0	1	0
GF_15212	0	0	0	1	0	0	0	0	0	0	1	0
GF_15213	0	0	0	1	0	0	0	0	0	0	1	0
GF_15214	0	0	0	1	0	0	0	1	0	0	0	0
GF_15215	1	0	0	1	0	0	0	0	0	0	0	0
GF_15216	1	0	0	0	0	0	0	0	0	0	1	0
GF_15217	0	0	0	1	0	0	0	1	0	0	0	0
GF_15218	0	0	0	1	0	0	0	0	0	0	0	1
GF_15219	0	0	0	1	0	0	0	0	0	0	0	1
GF_15220	0	0	0	1	0	0	0	0	0	0	1	0
GF_15221	1	0	0	1	0	0	0	0	0	0	0	0
GF_15222	1	0	0	1	0	0	0	0	0	0	0	0
GF_15223	0	0	0	1	0	0	0	0	0	0	1	0
GF_15224	0	0	0	1	0	0	0	0	0	0	1	0
GF_15225	0	0	0	1	0	0	0	0	0	0	1	0
GF_15226	0	0	0	1	0	0	0	0	0	0	1	0
GF_15227	1	0	0	1	0	0	0	0	0	0	0	0
GF_15228	0	0	0	1	0	0	0	0	0	0	0	1
GF_15229	0	0	0	1	0	0	0	0	0	0	0	1
GF_15230	1	0	0	1	0	0	0	0	0	0	0	0
GF_15231	0	0	0	1	0	0	0	0	0	0	1	0
GF_15232	0	0	0	1	0	0	0	0	0	0	1	0
GF_15233	0	0	0	1	0	0	0	0	0	0	1	0
GF_15234	0	0	0	1	0	0	0	0	0	0	1	0
GF_15235	0	0	0	1	0	0	0	0	0	0	1	0
GF_15236	0	0	0	1	0	0	0	0	0	0	1	0
GF_15237	0	0	0	1	0	0	0	0	0	0	1	0
GF_15238	0	0	0	1	0	0	0	1	0	0	0	0
GF_15239	0	0	0	1	0	0	0	0	0	0	0	1
GF_15240	0	0	0	1	0	0	0	1	0	0	0	0
GF_15241	0	0	0	1	0	0	0	1	0	0	0	0
GF_15242	0	0	0	1	0	0	0	0	0	0	0	1
GF_15243	0	0	0	1	0	0	0	1	0	0	0	0
GF_15244	0	0	0	1	0	0	0	1	0	0	0	0
GF_15245	0	0	0	1	0	0	0	0	0	0	0	1
GF_15246	0	0	0	1	0	0	0	0	0	0	1	0
GF_15247	0	0	0	1	0	0	0	0	0	0	1	0
GF_15248	0	0	0	1	0	0	0	0	0	0	1	0
GF_15249	0	0	0	1	0	0	0	0	0	0	1	0
GF_15250	0	0	0	1	0	0	0	1	0	0	0	0
GF_15251	0	0	0	1	0	0	0	0	0	0	0	1
GF_15252	1	0	0	1	0	0	0	0	0	0	0	0
GF_15253	0	0	0	1	0	0	0	0	0	0	0	1
GF_15254	0	0	0	1	0	0	0	0	0	0	0	1
GF_15255	0	0	0	1	0	0	0	0	0	0	1	0
GF_15256	0	0	0	1	0	0	0	1	0	0	0	0
GF_15257	0	0	0	1	0	0	0	0	0	0	1	0
GF_15258	0	0	0	1	0	0	0	0	0	0	0	1
GF_15259	0	0	0	1	0	0	0	0	0	0	0	1
GF_15260	0	0	0	1	0	0	0	0	0	0	1	0
GF_15261	0	0	0	1	0	0	0	1	0	0	0	0
GF_15262	0	0	0	1	0	0	0	0	0	0	1	0
GF_15263	0	0	0	1	0	0	0	0	0	0	0	1
GF_15264	0	0	0	1	0	0	0	0	0	0	0	1
GF_15265	1	0	0	1	0	0	0	0	0	0	0	0
GF_15266	1	0	0	1	0	0	0	0	0	0	0	0
GF_15267	0	0	0	1	0	0	0	1	0	0	0	0
GF_15268	0	1	0	0	0	0	0	1	0	0	0	0
GF_15269	0	0	1	0	0	0	0	1	0	0	0	0
GF_15270	0	0	0	1	0	0	0	0	1	0	0	0
GF_15271	0	1	0	0	0	0	0	0	1	0	0	0
GF_15272	1	0	0	0	0	0	0	0	1	0	0	0
GF_15273	0	0	1	0	0	0	0	0	1	0	0	0
GF_15274	0	0	0	0	0	0	0	0	1	1	0	0
GF_15275	0	0	0	0	0	0	0	0	1	0	1	0
GF_15276	0	0	0	0	0	0	0	1	1	0	0	0
GF_15277	0	0	0	0	0	0	1	0	1	0	0	0
GF_15278	1	0	0	0	0	0	0	0	0	0	1	0
GF_15279	0	0	0	0	0	0	0	1	0	0	1	0
GF_15280	1	0	0	0	0	0	0	0	0	0	1	0
GF_15281	0	0	0	0	0	0	0	1	0	0	1	0
GF_15282	0	0	0	0	0	0	0	1	0	0	1	0
GF_15283	0	0	0	0	0	0	0	1	0	0	1	0
GF_15284	0	0	0	0	0	0	0	0	0	0	1	1
GF_15285	1	0	0	0	0	0	0	0	0	0	1	0
GF_15286	0	0	0	0	0	0	0	0	0	0	1	1
GF_15287	0	0	0	0	0	0	0	1	0	0	1	0
GF_15288	0	0	0	0	0	0	0	0	0	0	1	1
GF_15289	0	0	0	0	0	0	0	0	0	0	1	1
GF_15290	0	0	0	0	0	0	0	0	0	0	1	1
GF_15291	0	0	0	0	0	0	0	1	0	0	1	0
GF_15292	1	0	0	0	0	0	0	0	0	0	1	0
GF_15293	0	0	0	0	0	0	0	1	0	0	1	0
GF_15294	0	0	0	0	0	0	0	1	0	0	1	0
GF_15295	1	0	0	0	0	0	0	0	0	0	1	0
GF_15296	0	0	0	0	0	0	0	0	0	0	1	1
GF_15297	1	0	0	0	0	0	0	0	0	0	1	0
GF_15298	1	0	0	0	0	0	0	0	0	0	1	0
GF_15299	0	0	0	0	0	0	0	0	0	0	1	1
GF_15300	0	0	0	0	0	0	0	1	0	0	1	0
GF_15301	0	0	0	0	0	0	0	1	0	0	1	0
GF_15302	0	0	0	0	0	0	0	1	0	0	1	0
GF_15303	0	0	0	0	0	0	0	1	0	0	1	0
GF_15304	0	0	0	0	0	0	0	0	0	0	1	1
GF_15305	0	0	0	0	0	0	0	1	0	0	1	0
GF_15306	0	0	0	0	0	0	0	1	0	0	1	0
GF_15307	1	0	0	0	0	0	0	0	0	0	1	0
GF_15308	0	0	0	0	0	0	0	0	0	0	1	1
GF_15309	1	0	0	0	0	0	0	0	0	0	1	0
GF_15310	1	0	0	0	0	0	0	0	0	0	1	0
GF_15311	1	0	0	0	0	0	0	0	0	0	1	0
GF_15312	0	0	0	0	0	0	0	0	0	0	1	1
GF_15313	1	0	0	0	0	0	0	0	0	0	1	0
GF_15314	1	0	0	0	0	0	0	0	0	0	1	0
GF_15315	1	0	0	0	0	0	0	0	0	0	1	0
GF_15316	0	0	0	0	0	0	0	0	0	0	1	1
GF_15317	0	0	0	0	0	0	0	0	0	0	1	1
GF_15318	0	0	0	0	0	0	0	0	0	0	1	1
GF_15319	0	0	0	0	0	0	0	1	0	0	1	0
GF_15320	0	0	0	0	0	0	0	1	0	0	1	0
GF_15321	0	0	0	0	0	0	0	0	0	0	1	1
GF_15322	0	0	0	0	0	0	0	1	0	0	1	0
GF_15323	0	0	0	0	0	0	0	0	0	0	1	1
GF_15324	1	0	0	0	0	0	0	0	0	0	1	0
GF_15325	1	0	0	0	0	0	0	0	0	0	1	0
GF_15326	1	0	0	0	0	0	0	0	0	0	1	0
GF_15327	0	0	0	0	0	0	0	0	0	0	1	1
GF_15328	0	0	0	0	0	0	0	1	0	0	1	0
GF_15329	0	0	0	0	0	0	0	0	0	0	1	1
GF_15330	1	0	0	0	0	0	0	0	0	0	1	0
GF_15331	1	0	0	0	0	0	0	0	0	0	1	0
GF_15332	0	0	0	0	0	0	0	0	0	0	1	1
GF_15333	1	0	0	0	0	0	0	0	0	0	1	0
GF_15334	0	0	0	0	0	0	0	1	0	0	1	0
GF_15335	0	0	0	0	0	0	0	0	0	0	1	1
GF_15336	1	0	0	0	0	0	0	0	0	0	1	0
GF_15337	1	0	0	0	0	0	0	0	0	0	1	0
GF_15338	1	0	0	0	0	0	0	0	0	0	1	0
GF_15339	0	0	0	0	0	0	0	0	0	0	1	1
GF_15340	0	0	0	0	0	0	0	1	0	0	1	0
GF_15341	0	0	0	0	0	0	0	1	0	0	1	0
GF_15342	0	0	0	0	0	0	0	0	0	0	1	1
GF_15343	1	0	0	0	0	0	0	0	0	0	1	0
GF_15344	0	0	0	0	0	0	0	0	0	0	1	1
GF_15345	0	0	0	0	0	0	0	0	0	0	1	1
GF_15346	0	0	0	0	0	0	0	0	0	0	1	1
GF_15347	0	0	0	0	0	0	0	0	0	0	1	1
GF_15348	1	0	0	0	0	0	0	0	0	0	1	0
GF_15349	0	0	0	0	0	0	0	0	0	0	1	1
GF_15350	0	0	0	0	0	0	0	0	0	0	1	1
GF_15351	0	0	0	0	0	0	0	0	0	0	1	1
GF_15352	0	0	0	0	0	0	0	1	0	0	1	0
GF_15353	0	0	0	0	0	0	0	1	0	0	1	0
GF_15354	1	0	0	0	0	0	0	0	0	0	1	0
GF_15355	1	0	0	0	0	0	0	0	0	0	1	0
GF_15356	0	0	0	0	0	0	0	1	0	0	1	0
GF_15357	0	0	0	0	0	0	0	0	0	0	1	1
GF_15358	0	0	0	0	0	0	0	1	0	0	1	0
GF_15359	0	0	0	0	0	0	0	1	0	0	1	0
GF_15360	1	0	0	0	0	0	0	0	0	0	1	0
GF_15361	0	0	0	0	0	0	0	1	0	0	1	0
GF_15362	0	0	0	0	0	0	0	1	0	0	1	0
GF_15363	1	0	0	0	0	0	0	0	0	0	1	0
GF_15364	0	0	0	0	0	0	0	1	0	0	1	0
GF_15365	0	0	0	0	0	0	0	1	0	0	1	0
GF_15366	0	0	0	0	0	0	0	1	0	0	1	0
GF_15367	0	0	0	0	0	0	0	1	0	0	1	0
GF_15368	0	0	0	0	0	0	0	0	0	0	1	1
GF_15369	0	0	0	0	0	0	0	0	0	0	1	1
GF_15370	1	0	0	0	0	0	0	0	0	0	1	0
GF_15371	0	0	0	0	0	0	0	1	0	0	1	0
GF_15372	0	0	0	0	0	0	0	1	0	0	1	0
GF_15373	0	0	0	0	0	0	0	0	0	0	1	1
GF_15374	0	0	0	0	0	0	0	0	0	0	1	1
GF_15375	0	0	0	0	0	0	0	1	0	0	1	0
GF_15376	0	0	0	0	0	0	0	0	0	0	1	1
GF_15377	0	1	0	0	0	0	1	0	0	0	0	0
GF_15378	0	0	0	0	1	0	1	0	0	0	0	0
GF_15379	0	0	0	0	1	0	1	0	0	0	0	0
GF_15380	0	0	0	0	1	0	1	0	0	0	0	0
GF_15381	0	0	1	0	0	0	1	0	0	0	0	0
GF_15382	0	0	0	0	1	0	1	0	0	0	0	0
GF_15383	0	0	0	0	1	0	1	0	0	0	0	0
GF_15384	0	0	0	0	1	0	1	0	0	0	0	0
GF_15385	0	0	1	0	0	0	1	0	0	0	0	0
GF_15386	0	1	0	0	0	0	1	0	0	0	0	0
GF_15387	0	0	0	0	0	0	1	0	0	1	0	0
GF_15388	0	0	0	0	1	0	1	0	0	0	0	0
GF_15389	0	0	0	0	1	0	1	0	0	0	0	0
GF_15390	0	0	0	0	1	0	1	0	0	0	0	0
GF_15391	0	0	0	0	1	0	1	0	0	0	0	0
GF_15392	0	0	0	0	1	0	1	0	0	0	0	0
GF_15393	0	0	0	0	0	0	1	0	0	1	0	0
GF_15394	0	0	0	0	0	0	1	0	0	1	0	0
GF_15395	0	1	0	0	0	0	1	0	0	0	0	0
GF_15396	0	1	0	0	0	0	1	0	0	0	0	0
GF_15397	0	0	0	0	1	0	1	0	0	0	0	0
GF_15398	0	0	1	0	0	0	1	0	0	0	0	0
GF_15399	0	0	0	0	1	0	1	0	0	0	0	0
GF_15400	0	0	0	0	0	0	1	0	0	1	0	0
GF_15401	0	1	0	0	0	0	1	0	0	0	0	0
GF_15402	0	0	0	0	1	0	1	0	0	0	0	0
GF_15403	0	0	0	0	1	0	1	0	0	0	0	0
GF_15404	0	0	0	0	0	0	1	0	0	1	0	0
GF_15405	0	0	0	0	1	0	1	0	0	0	0	0
GF_15406	0	0	0	0	1	0	1	0	0	0	0	0
GF_15407	0	0	0	0	1	0	1	0	0	0	0	0
GF_15408	0	0	0	0	1	0	1	0	0	0	0	0
GF_15409	0	0	0	0	1	0	1	0	0	0	0	0
GF_15410	0	0	0	0	0	0	1	0	0	1	0	0
GF_15411	0	0	1	0	0	0	1	0	0	0	0	0
GF_15412	0	0	0	0	1	0	1	0	0	0	0	0
GF_15413	0	0	0	0	1	0	1	0	0	0	0	0
GF_15414	0	1	0	0	0	0	1	0	0	0	0	0
GF_15415	0	0	0	0	1	0	1	0	0	0	0	0
GF_15416	0	0	0	0	0	0	0	0	1	1	0	0
GF_15417	0	0	0	0	0	0	1	0	1	0	0	0
GF_15418	0	0	0	0	0	0	0	1	1	0	0	0
GF_15419	0	0	0	0	1	0	1	0	0	0	0	0
GF_15420	0	0	1	0	0	0	1	0	0	0	0	0
GF_15421	0	0	1	0	0	0	1	0	0	0	0	0
GF_15422	0	1	0	0	0	0	1	0	0	0	0	0
GF_15423	0	0	0	0	1	0	1	0	0	0	0	0
GF_15424	0	0	0	0	0	0	1	0	0	1	0	0
GF_15425	0	0	0	0	0	0	1	0	0	1	0	0
GF_15426	0	0	1	0	0	0	1	0	0	0	0	0
GF_15427	0	1	0	0	0	0	1	0	0	0	0	0
GF_15428	0	0	1	0	0	0	1	0	0	0	0	0
GF_15429	0	0	1	0	0	0	1	0	0	0	0	0
GF_15430	0	0	1	0	0	0	1	0	0	0	0	0
GF_15431	0	0	0	0	1	0	1	0	0	0	0	0
GF_15432	0	0	1	0	0	0	1	0	0	0	0	0
GF_15433	0	1	0	0	0	0	1	0	0	0	0	0
GF_15434	0	0	0	0	1	0	0	0	0	1	0	0
GF_15435	0	0	0	0	1	0	0	0	0	1	0	0
