LG00	1003667	1004331	0.164848666666667
LG00	1004790	1005497	0.369302666666667
LG00	1006523	1006910	0
LG00	1007812	1009989	0.0376656666666667
LG00	1010542	1012060	2.93484733333333
LG00	1014042	1016492	0
LG00	1016703	1030565	0.878657
LG00	1031465	1032500	3.44654133333333
LG00	1034626	1037125	0
LG00	1041940	1046117	0
LG00	1046961	1051218	0
LG00	1056892	1061556	7.14823733333333
LG00	1062849	1064355	109.475896
LG00	1064735	1065993	24.3304156666667
LG00	1066247	1067561	9.72655766666667
LG00	1067713	1069329	44.1390786666667
LG00	1069443	1072123	26.739902
LG00	1072270	1073745	119.554781666667
LG00	1074032	1076964	34.8028616666667
LG00	1078160	1082169	36.0436246666667
LG00	1082175	1084393	0.598957666666667
LG00	1084434	1086802	29.865765
LG00	1086807	1088920	9.16289433333333
LG00	1089645	1091044	0.569507333333333
LG00	1090131	1090839	0
LG00	1091846	1094762	92.303965
LG00	1094897	1099968	33.4234443333333
LG00	1100128	1102661	25.122417
LG00	1102759	1105621	60.2504463333333
LG00	1105638	1108238	10.824464
LG00	1108293	1109095	28.549236
LG00	1109386	1110651	16.3913593333333
LG00	1110776	1111997	34.993501
LG00	1112105	1113309	24.8964763333333
LG00	1113379	1115325	79.42792
LG00	1115478	1116950	1.61295333333333
LG00	1116961	1118306	9.436383
LG00	1118454	1119839	26.0104113333333
LG00	1120136	1122174	43.989473
LG00	1122690	1127594	85.5970533333333
LG00	112746	114699	8.21886533333333
LG00	1127834	1129291	10.321033
LG00	1130363	1130956	10.5593826666667
LG00	1131222	1134989	86.5444486666667
LG00	1135073	1138925	13.9266876666667
LG00	1139118	1140689	19.857126
LG00	1140821	1144190	9.29069033333333
LG00	1144492	1145187	114.435745
LG00	1145385	1148977	30.7376803333333
LG00	1149014	1151211	3.79716866666667
LG00	1151301	1153148	31.300792
LG00	1153406	1156969	0.410881666666667
LG00	1157537	1159809	128.895187333333
LG00	1160047	1161162	5.15273933333333
LG00	1161744	1163291	3.76692733333333
LG00	1163385	1165545	8.69143533333333
LG00	1165817	1166425	21.4040146666667
LG00	1166518	1167638	5.03064
LG00	1167729	1169039	48.168499
LG00	1169425	1173819	562.074097
LG00	1174273	1175177	53.2684463333333
LG00	1175315	1176422	15.8860993333333
LG00	1177483	1178651	198.956141
LG00	1179902	1180565	0
LG00	1182010	1182989	16.0512073333333
LG00	1183143	1188882	33.1420976666667
LG00	1190195	1191303	15.8311586666667
LG00	1191371	1192816	0.405775333333333
LG00	1192901	1193375	0.125466666666667
LG00	1193110	1194156	0.049606
LG00	1194216	1196506	526.859232666667
LG00	1196947	1198933	27.6575806666667
LG00	1199023	1200061	0.281529333333333
LG00	1201051	1204046	95.4834363333333
LG00	1204210	1210410	6.20001533333333
LG00	1210454	1212282	1047.98339833333
LG00	1212550	1216252	43.9846026666667
LG00	1216593	1219548	13.2634403333333
LG00	1219724	1220994	178.09759
LG00	1221418	1223671	24.9292036666667
LG00	1225847	1226179	0.235499333333333
LG00	1226263	1227557	0.199801666666667
LG00	1228484	1229488	0.204571666666667
LG00	1229136	1229456	0
LG00	1230057	1231887	47.3699723333333
LG00	1232845	1233401	0.47263
LG00	1233759	1235951	10.9684313333333
LG00	123377	123968	1.00093333333333
LG00	1236023	1236776	10.2154153333333
LG00	1236855	1238489	8.157178
LG00	1238605	1241714	51.1703883333333
LG00	1242095	1242873	9.518811
LG00	1243608	1244038	0.0482046666666667
LG00	1244108	1245767	98.318525
LG00	1245996	1246826	19.9146543333333
LG00	1247146	1249741	7.25172233333333
LG00	1250040	1251474	0.818535666666667
LG00	1253010	1253986	30.6860653333333
LG00	1254290	1256193	366.763936666667
LG00	1256403	1261610	1.61013266666667
LG00	1261714	1263582	2.90102466666667
LG00	1263846	1266167	87.2829283333333
LG00	1265265	1266167	61.9627623333333
LG00	1267043	1268905	45.6423453333333
LG00	1268977	1271017	25.3116233333333
LG00	1271078	1273264	1.633089
LG00	1273536	1275038	13.4989543333333
LG00	1275193	1276669	0.168030666666667
LG00	1277504	1283674	5.453458
LG00	1284192	1289743	8.679018
LG00	128932	144120	0.001034
LG00	1289984	1290507	17.3114883333333
LG00	1290627	1294205	12.984997
LG00	1294652	1296977	157.079625333333
LG00	1297017	1301387	84.6416906666667
LG00	1301630	1305994	0.921481666666667
LG00	1306020	1307259	24.004711
LG00	1307296	1310843	30.6767693333333
LG00	1310887	1313060	55.194417
LG00	1313083	1315682	12.164602
LG00	1315727	1316819	9.91174666666667
LG00	1317531	1319197	1.87501166666667
LG00	1320119	1321789	26.746997
LG00	1321803	1323964	13.5029686666667
LG00	1324845	1325718	0.752193
LG00	1325719	1328135	0.0831346666666667
LG00	1331055	1333794	0
LG00	1334037	1336172	0
LG00	1337488	1340790	0
LG00	1342477	1343148	0
LG00	1343603	1346153	0
LG00	1346075	1347770	0.895034666666667
LG00	1348183	1349404	0.163328333333333
LG00	1349685	1351064	2.85405066666667
LG00	1351434	1352337	82.610326
LG00	1352544	1354203	24.696193
LG00	1354279	1354984	37.777827
LG00	1355157	1357953	1.654084
LG00	1358199	1359605	29.3546236666667
LG00	1359708	1361941	65.1375313333333
LG00	1362054	1365465	30.1990223333333
LG00	1365570	1367401	126.013903
LG00	13675	15921	0
LG00	1367631	1368769	152.404220333333
LG00	1368904	1398251	27.684744
LG00	1398677	1400100	17.5174463333333
LG00	1400263	1402405	27.5460036666667
LG00	1402767	1405533	54.664959
LG00	1406047	1407035	21.1956996666667
LG00	1407146	1408175	43.6127673333333
LG00	1409067	1409963	0.112674
LG00	1410360	1410697	0.0500046666666667
LG00	1410774	1413757	15.286031
LG00	1413930	1416966	36.4124986666667
LG00	1417125	1419403	87.0385463333333
LG00	1419766	1421671	93.5944416666667
LG00	1422078	1423491	3.23647866666667
LG00	1423632	1427098	7.15244266666667
LG00	1429446	1430673	66.0051333333333
LG00	1431435	1432052	11.692319
LG00	1432199	1433687	121.983505
LG00	1434613	1435660	212.915420333333
LG00	1435823	1436819	73.996307
LG00	1436926	1439789	1.10899733333333
LG00	1440277	1441759	89.867299
LG00	1442440	1444267	100.344986
LG00	1444648	1447417	5.43496233333333
LG00	1447473	1449058	84.4062196666667
LG00	1449704	1450915	3.95541733333333
LG00	1451212	1452200	30.9045846666667
LG00	1452457	1453620	15.5592106666667
LG00	1453677	1455751	67.394155
LG00	1455771	1458395	21.3059663333333
LG00	1458551	1460968	20.2337133333333
LG00	1461059	1462699	164.449452666667
LG00	1462865	1464982	414.837595666667
LG00	1465136	1466616	15.4215786666667
LG00	1466871	1467239	12.7007863333333
LG00	1467310	1471280	45.0427003333333
LG00	1471366	1472766	0.885341333333333
LG00	1472931	1474623	48.7895163333333
LG00	1474674	1476064	163.980509666667
LG00	1476153	1477530	121.754003
LG00	1477551	1479143	29.1133393333333
LG00	1480031	1481745	33.9676296666667
LG00	1482121	1483003	292.733134
LG00	1483381	1488381	45.933638
LG00	1488508	1492263	26.6833386666667
LG00	149231	155996	0
LG00	1492492	1493064	28.1594083333333
LG00	1493158	1494100	14.0186653333333
LG00	1494367	1498911	56.5088553333333
LG00	1499660	1505284	16.9162266666667
LG00	1505723	1506946	22.5865033333333
LG00	1507386	1508711	29.0827846666667
LG00	1508758	1511274	2.36785533333333
LG00	1511384	1511861	104.81766
LG00	1511949	1512816	36.2015723333333
LG00	1513021	1515707	3.38786
LG00	1515811	1519551	30.959202
LG00	1519938	1525189	9.50123066666667
LG00	1525448	1527532	20.121889
LG00	1528596	1528879	0
LG00	1528957	1529936	10.9348303333333
LG00	1530434	1531507	43.6094856666667
LG00	1531614	1534050	34.8863076666667
LG00	1534511	1536929	41.2674176666667
LG00	1537233	1538883	11.867855
LG00	1539190	1542219	43.6207516666667
LG00	1542342	1543340	0.074763
LG00	1543374	1545325	19.5142633333333
LG00	1545422	1548136	20.0254293333333
LG00	1548273	1551224	573.488362666667
LG00	1551358	1552112	0
LG00	1552419	1553736	42.0685766666667
LG00	1553846	1555125	24.5432723333333
LG00	1555155	1556953	1.41840366666667
LG00	1556960	1558091	12.6278533333333
LG00	1558075	1560456	15.9014246666667
LG00	1560539	1564220	1022.39347333333
LG00	1564529	1566868	33.2720963333333
LG00	1566955	1567866	30.5490046666667
LG00	1567922	1569363	24.8611113333333
LG00	1569618	1570629	4821.05078133333
LG00	1570811	1572904	70.1287463333333
LG00	1573424	1579487	30.19409
LG00	1580285	1581488	0.321749333333333
LG00	1581711	1586685	10.798047
LG00	1587016	1587527	692.648824333333
LG00	1587789	1589217	29.8547
LG00	1589268	1592615	162.440806
LG00	1592890	1595324	196.088867333333
LG00	1595447	1598382	13.9238723333333
LG00	1598443	1600689	7.30457466666667
LG00	160038	164257	0
LG00	1600801	1602667	22.0817356666667
LG00	1602782	1604320	2.93141533333333
LG00	1605351	1606856	5.59702366666667
LG00	1607534	1610837	0.563118666666667
LG00	16099	17027	0
LG00	1610863	1611889	52.109999
LG00	1611965	1613116	52.1028643333333
LG00	1613323	1614089	1026.549296
LG00	1614266	1616087	21.9697956666667
LG00	1616145	1618609	18.655088
LG00	1618791	1619845	50.375239
LG00	1619894	1623328	19.5286393333333
LG00	1623364	1624446	0.227514
LG00	1625601	1627403	168.365951333333
LG00	1627560	1631953	17.8515806666667
LG00	1631974	1632618	14.7123206666667
LG00	1632629	1638028	96.085096
LG00	1638520	1639534	18.2902943333333
LG00	1639578	1640759	86.991671
LG00	1641165	1644591	21.3159256666667
LG00	1644671	1645944	41.4449426666667
LG00	1645955	1649353	5.36421833333333
LG00	1649454	1654138	34.9270553333333
LG00	1654302	1656334	26.496961
LG00	1656991	1658859	56.374578
LG00	1659096	1662899	34.4476753333333
LG00	1663125	1665415	70.0036876666667
LG00	1666928	1668085	5.46847333333333
LG00	1668119	1670555	16.4842103333333
LG00	1670563	1673555	15.888523
LG00	1673793	1676145	15.9309253333333
LG00	167504	168123	0.0743863333333333
LG00	1676637	1677510	87.7025603333333
LG00	1677761	1679006	23.74372
LG00	1679394	1680893	177.730184
LG00	1681042	1683291	23.535022
LG00	1683365	1688140	16.6837256666667
LG00	168647	170050	5.35292366666667
LG00	1688136	1689319	87.717333
LG00	1689370	1690272	17.4992803333333
LG00	1690365	1691221	9.15979466666667
LG00	1693706	1696126	0.651523666666667
LG00	1696218	1696824	117.407122
LG00	1697063	1698383	33.0930723333333
LG00	1698669	1702213	20.381469
LG00	170122	171333	3.75884466666667
LG00	1702267	1704593	37.774256
LG00	1705032	1706326	13.8746763333333
LG00	1706532	1709250	20.5865586666667
LG00	1709503	1711866	11.4402166666667
LG00	1714209	1716090	15.3821436666667
LG00	1716150	1718021	20.2792186666667
LG00	171714	181374	1.53551933333333
LG00	1718921	1720645	14.0486276666667
LG00	1720960	1722906	86.4326423333333
LG00	1723003	1731169	14.022332
LG00	1731425	1733935	30.3085046666667
LG00	1734260	1736748	78.2344386666667
LG00	1738581	1740614	60.9462456666667
LG00	1741020	1742601	133.002990666667
LG00	1742775	1744565	47.8390503333333
LG00	1744600	1745503	16.837495
LG00	1746105	1747786	2.01287433333333
LG00	1748069	1749453	1.08584766666667
LG00	1750607	1751911	0.326399666666667
LG00	1753544	1756715	26.179735
LG00	1756748	1758674	6.95084433333333
LG00	1758744	1763367	12.8208223333333
LG00	1763429	1766141	49.3609506666667
LG00	1766298	1778827	14.9879923333333
LG00	1778932	1779626	36.9862406666667
LG00	1779918	1781534	49.084934
LG00	1781581	1789415	22.9683053333333
LG00	1790019	1797155	47.197201
LG00	1798543	1802622	9.483906
LG00	1802921	1805839	11.650734
LG00	1805928	1808058	4.930442
LG00	1808233	1812309	189.462555
LG00	1812601	1814055	139.633061666667
LG00	1814334	1816768	0.489153666666667
LG00	1817398	1818178	17.1299953333333
LG00	1819108	1819607	788.186686
LG00	1819868	1821423	30.5457846666667
LG00	1821580	1823959	3.55787266666667
LG00	1823925	1832694	19.6226456666667
LG00	1833441	1834696	4.39261866666667
LG00	1834834	1835520	38.2326546666667
LG00	1835873	1836905	240.203201333333
LG00	1837123	1839636	9.79275566666667
LG00	1839688	1840580	6.240711
LG00	1841704	1842723	9.801464
LG00	1842997	1843428	56.822843
LG00	1843550	1844038	93.8706333333333
LG00	1844176	1846034	19.450379
LG00	184518	187471	33.3363763333333
LG00	1846080	1846822	41.0424496666667
LG00	1846945	1847649	26.5207406666667
LG00	1847908	1849408	917.445963333333
LG00	1851174	1851818	0.024328
LG00	1852446	1853455	0.273245333333333
LG00	1860066	1863122	0
LG00	1870303	1871628	0.0267343333333333
LG00	1872070	1873567	14.325374
LG00	1874257	1878331	14.608231
LG00	1878702	1881445	19.9524013333333
LG00	1880315	1884607	26.733092
LG00	188041	189692	0.872328666666667
LG00	1884684	1885574	0.0138393333333333
LG00	1887191	1888447	9.56812566666667
LG00	1888757	1892133	36.8302876666667
LG00	1892156	1893449	2.52862
LG00	1893518	1893932	0.068873
LG00	1894014	1896977	4.30390433333333
LG00	1897708	1898769	0.954149
LG00	1899050	1901080	270.702178666667
LG00	1901497	1902454	113.992014333333
LG00	1902623	1904095	18.8561216666667
LG00	1904294	1905935	34.589339
LG00	1906106	1909168	48.424351
LG00	1909421	1911615	42.197024
LG00	1911979	1913268	4.940911
LG00	1913426	1918673	31.0752933333333
LG00	191351	191864	0.223465333333333
LG00	1918839	1921096	16.973086
LG00	1921245	1923091	36.9723813333333
LG00	1923209	1924748	23.8817346666667
LG00	1925799	1931192	76.401431
LG00	1931379	1931974	13.7936696666667
LG00	1932070	1933235	202.124140333333
LG00	1935403	1941756	48.4235446666667
LG00	1941776	1943132	45.9297066666667
LG00	1943412	1946122	44.853803
LG00	1946239	1946960	1272.84875466667
LG00	1946891	1952212	29.3182756666667
LG00	1952423	1953943	10.0193583333333
LG00	1954016	1958275	17.9842806666667
LG00	1959020	1960675	13.3419086666667
LG00	1960898	1966649	8.297578
LG00	1967053	1967955	23.61114
LG00	1967980	1969329	30.778661
LG00	1969541	1970940	98.2909826666667
LG00	1971525	1974135	11.065679
LG00	1974585	1977033	26.5161673333333
LG00	1977360	1980861	10.1802986666667
LG00	1981320	1984432	9.90831
LG00	198299	200064	0.206308666666667
LG00	1984701	1985478	155.967905666667
LG00	1986187	1988052	43.696289
LG00	1988645	1991098	94.1889066666667
LG00	1991572	1993606	74.502116
LG00	1994050	1995809	8.984602
LG00	1996209	2000325	14.0679456666667
LG00	1999857	2003136	4.00673733333333
LG00	200448	202323	0
LG00	2004556	2006941	30.389534
LG00	2007178	2009233	74.3909276666667
LG00	2009407	2013914	12.2503096666667
LG00	2014623	2017699	32.0703023333333
LG00	2017959	2019298	2.10805166666667
LG00	2020410	2021622	0.279675666666667
LG00	2022333	2023566	0.020146
LG00	2024127	2025223	0.296549666666667
LG00	2025644	2026901	50.0928343333333
LG00	2026907	2031250	3.31456
LG00	2028629	2033886	13.6296563333333
LG00	202950	203554	0
LG00	2033985	2038499	18.154527
LG00	2038863	2043316	40.674512
LG00	2038937	2039868	6.99111766666667
LG00	2044268	2047259	17.1391746666667
LG00	2047986	2048346	15.06168
LG00	2048369	2049154	0.131525666666667
LG00	2048847	2050045	0.389045666666667
LG00	2049506	2050045	0.00535
LG00	2050110	2053754	68.101318
LG00	2054134	2054983	0.580038333333333
LG00	2056228	2058747	51.607323
LG00	2058988	2060043	62.9704196666667
LG00	2060415	2061726	31.009547
LG00	2062062	2063110	2.90449966666667
LG00	2063216	2065043	1.01857766666667
LG00	2065681	2068091	105.403455
LG00	2068326	2069737	33.6556523333333
LG00	2069853	2071518	20.048685
LG00	2071639	2072680	304.871348333333
LG00	2072826	2074438	110.757942333333
LG00	2074800	2079051	10.5496326666667
LG00	2079302	2082835	14.660552
LG00	2082961	2088751	9.683512
LG00	2089559	2090911	24.0449663333333
LG00	2091031	2092165	99.4152933333333
LG00	2092255	2093655	20.293969
LG00	2094307	2097577	38.683875
LG00	2098353	2099064	58.1007006666667
LG00	2099110	2102757	4.30902466666667
LG00	2102765	2105203	12.993953
LG00	2105214	2106911	59.726166
LG00	2106974	2107966	99.0214206666667
LG00	2108077	2109506	112.288472666667
LG00	2109897	2113842	36.0479623333333
LG00	2113959	2115440	37.846101
LG00	2115687	2117860	30.6824333333333
LG00	2117898	2119362	18.0168026666667
LG00	2120398	2122043	9.12894933333333
LG00	212072	212584	1.65255333333333
LG00	2122419	2125108	0.753793666666667
LG00	2125224	2128846	12.1425036666667
LG00	212739	214153	5.368483
LG00	2128082	2128636	1.73333333333333e-05
LG00	2129105	2130716	15.626626
LG00	2130953	2132641	114.750757666667
LG00	2132707	2134770	516.081695333333
LG00	2134976	2135932	55.232642
LG00	2137413	2141633	55.159463
LG00	2141983	2143111	22.155852
LG00	2143244	2147946	14.7291066666667
LG00	2148235	2154810	5.483732
LG00	215289	220980	3.33018966666667
LG00	2155011	2160021	38.9822856666667
LG00	2160194	2161211	9.768411
LG00	2161435	2165421	18.5061743333333
LG00	2165580	2167130	10.899003
LG00	2167229	2169746	417.40744
LG00	2169791	2171698	44.6570596666667
LG00	2171801	2175850	15.618797
LG00	2175971	2178875	131.449778333333
LG00	2179166	2179922	202.117747
LG00	2180037	2180811	42.546252
LG00	2180861	2181620	17.5786903333333
LG00	2182060	2183804	15.827632
LG00	2183931	2185767	348.053131
LG00	2187126	2189367	73.101265
LG00	2189842	2191089	57.3548533333333
LG00	2191380	2192898	420.651051666667
LG00	2193045	2195066	153.958765666667
LG00	2195378	2196317	40.4235116666667
LG00	2197054	2198189	12.3915443333333
LG00	2198456	2200228	107.372375333333
LG00	2200305	2204615	158.909464666667
LG00	2204592	2206625	63.3779336666667
LG00	2206871	2209952	19.9015456666667
LG00	2210124	2211557	76.869723
LG00	2211794	2213739	48.4010733333333
LG00	2214122	2216237	10.7723306666667
LG00	221613	222952	8.52378766666667
LG00	2216245	2218147	80.7353413333333
LG00	2218391	2220543	48.0214156666667
LG00	2220507	2223058	17.057719
LG00	2223159	2226120	18.507129
LG00	2226200	2228235	17.926047
LG00	2228523	2229623	20.7916576666667
LG00	2229800	2239926	98.884585
LG00	223871	224308	0.872135
LG00	2240365	2242566	748.139119666667
LG00	2242917	2243684	20.9299003333333
LG00	2243911	2244693	214.879648666667
LG00	2245193	2251241	71.7639106666667
LG00	2251890	2254878	19.4593973333333
LG00	2255441	2256344	606.213338333333
LG00	2256794	2263987	83.6726966666667
LG00	226306	236418	1.019517
LG00	2264488	2266361	63.0486286666667
LG00	2266715	2267551	104.677948
LG00	2267718	2271103	25.7614946666667
LG00	2271380	2276376	20.6783086666667
LG00	2276638	2277667	34.8359186666667
LG00	2277961	2283068	8.38271166666667
LG00	2283134	2283583	49.5645113333333
LG00	2283825	2284987	39.6692163333333
LG00	2285238	2287699	32.3501933333333
LG00	2287942	2293678	39.1080743333333
LG00	2294118	2295277	24.6420556666667
LG00	2295455	2299106	27.1784016666667
LG00	2299670	2300516	7.73540966666667
LG00	2300908	2302675	15.4815313333333
LG00	2302795	2304436	20.1245523333333
LG00	2304459	2307355	12.521619
LG00	2304497	2305288	6.14542366666667
LG00	2307428	2308472	51.755531
LG00	2309113	2310899	31.0910103333333
LG00	2311291	2315614	63.387731
LG00	2315776	2316054	0.237409333333333
LG00	2316425	2317732	18.7199586666667
LG00	2318170	2319518	54.2588883333333
LG00	2319837	2321096	46.672034
LG00	2321192	2322501	7.87909033333333
LG00	2322799	2323671	0.746095
LG00	2323739	2324662	9.06887133333333
LG00	2324830	2326443	14.278504
LG00	2326611	2328724	84.046234
LG00	2329252	2330311	29.169273
LG00	2330364	2332622	30.512326
LG00	2333410	2334417	3.64213366666667
LG00	2334468	2335829	3.859758
LG00	2337104	2338223	30.089398
LG00	2338226	2344315	7.62132466666667
LG00	2344363	2345846	11.188809
LG00	2346013	2355093	15.9451363333333
LG00	2355180	2356559	27.253954
LG00	2357174	2358877	7.85702266666667
LG00	2359184	2360018	810.823018666667
LG00	2360078	2362374	20.1229743333333
LG00	2362658	2365350	2.562369
LG00	2365692	2366341	3.015378
LG00	2366392	2367356	46.56963
LG00	2368077	2370608	30.9246533333333
LG00	2370769	2374589	100.778732333333
LG00	237215	242337	1.331584
LG00	2375339	2378754	1.02535266666667
LG00	2379099	2382131	13.3122383333333
LG00	2382144	2383156	2.67729633333333
LG00	2383191	2384764	143.415776666667
LG00	2384876	2386383	275.135966
LG00	2386466	2386828	31.5105953333333
LG00	2387425	2394897	9.340379
LG00	2394940	2396960	8.813959
LG00	2397617	2401218	10.9908693333333
LG00	2401553	2404992	67.7658563333333
LG00	2405112	2407029	19.5377043333333
LG00	240553	242402	0.0197856666666667
LG00	2407227	2411068	48.345731
LG00	2411262	2412573	13.114016
LG00	2412600	2413828	0.346641666666667
LG00	2413177	2415066	4.57484966666667
LG00	2415109	2416224	32.2014046666667
LG00	2416360	2416939	45.6834983333333
LG00	2420368	2423357	40.4569966666667
LG00	2423490	2431124	10.515538
LG00	2431515	2433462	22.5687786666667
LG00	2434275	2436217	13.7376733333333
LG00	2436540	2439677	81.0183563333333
LG00	2439746	2441253	23.1519913333333
LG00	2441866	2443447	14.0943293333333
LG00	2443349	2443945	10.2084343333333
LG00	2443972	2446283	51.3482053333333
LG00	2446368	2449931	15.8397553333333
LG00	2450076	2451234	18.6330726666667
LG00	2452227	2453960	116.290626666667
LG00	2454308	2458147	33.701538
LG00	2458184	2459570	50.347899
LG00	2459649	2460366	17.0307233333333
LG00	2460490	2461738	31.2520646666667
LG00	2462133	2463822	0.622653666666667
LG00	2463868	2467334	17.3434016666667
LG00	2468214	2469320	0.835498666666667
LG00	2469370	2472702	24.8940763333333
LG00	2472892	2476655	51.3687856666667
LG00	2476941	2478067	57.2131526666667
LG00	2478244	2479322	78.9508743333333
LG00	2479432	2480890	50.8424656666667
LG00	2480954	2484599	30.7064603333333
LG00	2484964	2486355	59.493669
LG00	2486729	2491259	100.126085666667
LG00	249020	249751	0
LG00	2491628	2492797	203.131678333333
LG00	2493134	2494829	47.82637
LG00	2494869	2497654	5.17475833333333
LG00	2497910	2500503	9.69742933333333
LG00	2500774	2504247	61.1650353333333
LG00	2504285	2507268	23.4231803333333
LG00	2507477	2508403	732.970764333333
LG00	2508741	2511788	18.6395733333333
LG00	2511815	2513167	22.1274103333333
LG00	2513553	2515471	5.73441766666667
LG00	2515788	2518027	5.67283633333333
LG00	2518158	2521140	49.4069263333333
LG00	2521777	2524055	38.0741526666667
LG00	2524490	2526624	20.7243
LG00	2526624	2529754	43.2635826666667
LG00	2529837	2530705	101.746086333333
LG00	2530855	2532600	0.887216666666667
LG00	2534680	2536407	23.349272
LG00	2537759	2538795	249.821426333333
LG00	2538858	2539510	1.88250233333333
LG00	2540087	2541319	12.253377
LG00	2541741	2542912	131.854284
LG00	2543488	2545349	44.044866
LG00	2545614	2550406	20.003977
LG00	2550534	2551087	160.324640666667
LG00	2551147	2552737	24.5346666666667
LG00	2552779	2555074	26.3918123333333
LG00	2555262	2557242	18.4567696666667
LG00	2557373	2557688	85.0037283333333
LG00	2557781	2559170	71.102376
LG00	2559221	2560881	0.440816
LG00	2560942	2562482	11.6873156666667
LG00	2562475	2569536	9.700764
LG00	2572163	2574646	15.6519016666667
LG00	2575103	2576212	851.762858333333
LG00	2576774	2577968	7.163646
LG00	257719	258948	0
LG00	2578464	2579387	49.0335603333333
LG00	2579777	2580353	439.510019666667
LG00	2580750	2583654	28.4749893333333
LG00	2584208	2588793	31.9448816666667
LG00	2584271	2585806	5.52143833333333
LG00	2588869	2589881	77.3806253333333
LG00	2590018	2591700	119.232856666667
LG00	2591978	2596436	44.186283
LG00	2596739	2597309	40.2953693333333
LG00	2597430	2599657	8.59277366666667
LG00	2599944	2600796	55.1248866666667
LG00	2601308	2603789	36.063365
LG00	2603971	2605411	0
LG00	2605412	2607515	24.751582
LG00	2607536	2609726	4.85987066666667
LG00	2610115	2610610	0
LG00	2611452	2613489	17.214431
LG00	2613614	2615450	53.207864
LG00	2617198	2618833	126.642204333333
LG00	2618858	2619983	23.7933243333333
LG00	2620367	2622241	13.4101203333333
LG00	2622408	2624412	26.1502966666667
LG00	2624481	2625256	133.922114
LG00	2625767	2628458	41.4739953333333
LG00	2628614	2630013	9.86496466666667
LG00	2630550	2632306	74.3460566666667
LG00	2632545	2634140	13.646176
LG00	2634857	2636534	58.73215
LG00	2636678	2638236	30.3807216666667
LG00	2638599	2640678	15.3042053333333
LG00	2640686	2642635	35.9041796666667
LG00	2643110	2645176	20.230287
LG00	264415	267306	0
LG00	2645518	2647245	24.3586483333333
LG00	2647555	2648940	29.300061
LG00	2649283	2650231	11.570741
LG00	2650258	2651912	10.7828453333333
LG00	2651924	2654594	281.393982
LG00	2654873	2656383	47.6785393333333
LG00	2656500	2658295	1.21026833333333
LG00	2658700	2659766	136.683762
LG00	2660369	2661652	23.5860313333333
LG00	2664256	2667003	8.18247166666667
LG00	2667299	2670678	15.1170713333333
LG00	2670789	2673919	27.0267216666667
LG00	2674203	2678752	27.9972863333333
LG00	2678904	2679926	436.453725
LG00	2680002	2681212	48.467663
LG00	2681430	2684204	15.6977156666667
LG00	2684575	2696688	5.533376
LG00	2696771	2699069	26.1353773333333
LG00	2699117	2703341	22.5547046666667
LG00	2703326	2704945	48.859348
LG00	270373	276297	0
LG00	2704999	2707105	43.4191093333333
LG00	2707211	2709913	13.8971423333333
LG00	2710081	2711347	12.273469
LG00	2711862	2714649	44.2726033333333
LG00	2714949	2717542	48.192145
LG00	2718071	2721451	97.6833646666667
LG00	2721760	2723030	0.692924333333333
LG00	2723242	2729920	26.6399383333333
LG00	2732307	2734827	264.373748666667
LG00	2735410	2737031	73.1484323333333
LG00	2738876	2740621	48.226832
LG00	2741117	2742377	235.132080333333
LG00	2743392	2745450	43.5609793333333
LG00	2745706	2747284	71.5724946666667
LG00	2747440	2756709	19.2897173333333
LG00	2756752	2758795	78.7579373333333
LG00	2758959	2760351	161.14034
LG00	2760487	2763017	2.460233
LG00	2763334	2764281	0.089313
LG00	2764680	2767430	13.080329
LG00	2767334	2769567	41.7685
LG00	2769646	2770526	4.080124
LG00	2770695	2775201	27.0379523333333
LG00	2775391	2776323	68.8755493333333
LG00	2776484	2777280	61.7148286666667
LG00	2777349	2780007	10.2473363333333
LG00	2780243	2780618	28.0839613333333
LG00	2780742	2781659	15.2271396666667
LG00	2785132	2789568	1.00511633333333
LG00	2789653	2793974	10.2972693333333
LG00	2794139	2795009	33.464108
LG00	2795069	2796730	116.194567333333
LG00	2797047	2799986	11.177051
LG00	2800434	2801244	9.45664733333333
LG00	2802262	2803126	132.321426666667
LG00	2803483	2804626	0.339633666666667
LG00	2805185	2806258	494.035329
LG00	2806651	2810235	24.8935153333333
LG00	2810281	2820957	13.3652176666667
LG00	2821013	2822268	3.71851966666667
LG00	2822347	2824823	2.89497933333333
LG00	2825454	2826192	202.212636666667
LG00	2826892	2830116	2.48885066666667
LG00	2830481	2837994	17.773144
LG00	2838935	2840548	99.5694906666667
LG00	2840728	2844815	124.624852666667
LG00	2844923	2845861	885.343872333333
LG00	2846106	2846982	147.788737
LG00	2847072	2847536	196.946868666667
LG00	2847772	2848559	59.35216
LG00	2849061	2850734	44.985602
LG00	2851410	2852898	46.5510013333333
LG00	2853772	2854176	0.248244666666667
LG00	2854304	2857119	30.737718
LG00	2857520	2858065	0.0995786666666667
LG00	2860202	2861567	94.826899
LG00	2861820	2862427	10.0222423333333
LG00	2862685	2864325	9.86270833333333
LG00	2864782	2866946	4.19101533333333
LG00	2867098	2867927	11.2734023333333
LG00	2868387	2869516	54.9429283333333
LG00	2869679	2871331	222.834279333333
LG00	2871746	2873762	129.68616
LG00	2875936	2879642	33.3661613333333
LG00	2880179	2880642	0.0300483333333333
LG00	2880877	2881250	0
LG00	2881730	2886015	1.94314533333333
LG00	2886112	2888532	20.426832
LG00	2888517	2889379	12.956781
LG00	2889666	2891551	26.5610143333333
LG00	2891785	2892721	103.055242
LG00	2892878	2893972	126.825831333333
LG00	2894290	2897142	3.795163
LG00	2898228	2900394	57.2459716666667
LG00	2904159	2910327	21.4535946666667
LG00	2910454	2911828	438.421376666667
LG00	2912018	2912763	118.373202333333
LG00	2913029	2913666	29.9444343333333
LG00	2913750	2917557	24.6914926666667
LG00	2917626	2918136	219.803045
LG00	2921103	2938907	0
LG00	2943704	2945131	0
LG00	2948065	2956077	0
LG00	2976427	2977224	0
LG00	2982933	2984542	0
LG00	2985818	2987380	0.346758666666667
LG00	2987715	2990608	169.90035
LG00	2990657	2994203	18.6540996666667
LG00	2994369	2996020	1.547465
LG00	2996253	2997225	196.381139
LG00	2997304	2998663	5.53607833333333
LG00	2998933	2999444	330.649454666667
LG00	2999598	3000304	25.4980523333333
LG00	3000335	3000870	0.758874666666667
LG00	3001671	3004721	13.9741793333333
LG00	3004794	3010147	0.834211
LG00	3010744	3011782	0.475308333333333
LG00	3012264	3013297	12.156465
LG00	3014056	3015303	647.97347
LG00	3015420	3017071	64.427794
LG00	3017325	3018112	23.0770293333333
LG00	3018429	3018820	0.776675333333333
LG00	3021723	3022415	0.0231943333333333
LG00	3022889	3023573	0.0344283333333333
LG00	3023809	3025637	1.155969
LG00	3025904	3030686	12.5993436666667
LG00	3034075	3037468	27.2191746666667
LG00	3037556	3042500	50.1145553333333
LG00	3042684	3043270	0
LG00	3044090	3049249	3.206086
LG00	3049721	3052471	9.021444
LG00	3053544	3056466	4.968038
LG00	3056897	3058774	1.806609
LG00	3059519	3061276	3.21008266666667
LG00	3060961	3062726	103.471196666667
LG00	3063274	3065124	28.5992006666667
LG00	3065344	3068443	94.6421993333333
LG00	3068551	3069554	19.3876106666667
LG00	306936	307544	0
LG00	3070651	3071642	0.989772666666667
LG00	3072107	3073695	3.40870766666667
LG00	3074492	3076961	14.8147
LG00	3079349	3082867	4.897401
LG00	3083186	3084322	0.441111
LG00	3086930	3087743	0.0259533333333333
LG00	3087788	3088292	0.245061333333333
LG00	3089099	3089833	0.149029666666667
LG00	3089295	3089806	0.0462263333333333
LG00	3090251	3094246	4.63407166666667
LG00	3094424	3096596	12.508332
LG00	3097830	3099387	0.669354666666667
LG00	3100338	3103288	4.04940233333333
LG00	3103410	3106994	7.43290133333333
LG00	3107357	3109204	78.0467173333333
LG00	3109567	3111554	0.317182666666667
LG00	311369	315588	0
LG00	3114207	3114651	18.0986973333333
LG00	3117640	3118459	0
LG00	3119682	3121047	2.40815133333333
LG00	3121199	3125338	0.062019
LG00	3125692	3127227	0.293651
LG00	3127487	3127918	5.600553
LG00	3129393	3132376	31.622827
LG00	3137396	3140731	0
LG00	3143446	3145985	0.0198583333333333
LG00	3159627	3160130	0
LG00	3165700	3168353	0
LG00	3168649	3169456	3.02825566666667
LG00	3177278	3178835	0.177543666666667
LG00	3179482	3184757	18.8402846666667
LG00	3185080	3185902	3.08658666666667
LG00	3186036	3190878	19.2035236666667
LG00	3191035	3192148	22.7655936666667
LG00	3192252	3194228	12.323812
LG00	3194614	3194957	7.06146066666667
LG00	3195825	3198632	7.00664633333333
LG00	3198989	3200388	0.2393
LG00	3202417	3205495	54.266458
LG00	3206858	3209400	0.763242666666667
LG00	3210296	3213294	3.008222
LG00	3214531	3215271	1.05210966666667
LG00	3215379	3221502	20.2184556666667
LG00	321798	323000	0
LG00	3221870	3223780	194.576538
LG00	3224337	3226588	13.486377
LG00	3227035	3227737	0.086786
LG00	3229072	3232977	48.0019353333333
LG00	3233099	3235238	0.148108666666667
LG00	3233248	3234306	0
LG00	3240131	3241371	73.7220483333333
LG00	3241650	3251231	95.9650473333333
LG00	3251624	3252517	1.111831
LG00	3252775	3253297	0
LG00	3256171	3260390	0
LG00	3263704	3265475	0.102140666666667
LG00	3265563	3266738	0.170264333333333
LG00	3266813	3268619	8.65236133333333
LG00	3268887	3271348	2.21324366666667
LG00	3271439	3272812	429.760366
LG00	3272940	3274300	40.6616136666667
LG00	3277831	3284301	37.9550183333333
LG00	3284963	3286435	5.53792233333333
LG00	3287345	3290665	16.9878243333333
LG00	3290942	3292891	1.995348
LG00	3295369	3296856	0.0369696666666667
LG00	3296858	3302703	15.2053346666667
LG00	3303454	3305029	0.386649333333333
LG00	3305013	3307266	25.130746
LG00	3308207	3310243	2.70228566666667
LG00	3310430	3311833	535.186055333333
LG00	3312153	3313526	895.519389
LG00	3313614	3314462	38.309634
LG00	3316134	3317665	10.4920756666667
LG00	3318284	3320181	0.113699
LG00	3321552	3323770	0.00593766666666667
LG00	332550	333260	0
LG00	3326131	3328529	0.233438333333333
LG00	3329693	3331541	15.4575906666667
LG00	3331727	3333421	1.72797666666667
LG00	3333772	3335225	246.421010333333
LG00	3335491	3335852	0.06361
LG00	3337206	3340690	0.138643333333333
LG00	3341515	3342792	8.59347533333333
LG00	3345988	3354377	385.232615333333
LG00	3355472	3358259	1.06820566666667
LG00	3358909	3360700	0.955769
LG00	3361006	3361775	0.184780666666667
LG00	3361960	3362444	119.048792666667
LG00	3362688	3364317	627.200988666667
LG00	3364331	3365170	5.09592033333333
LG00	33654	34499	1.93167933333333
LG00	3365706	3366129	0.272235666666667
LG00	3368572	3369372	74.8738226666667
LG00	3369816	3371408	241.685196
LG00	3371864	3373354	67.1036756666667
LG00	3373555	3374249	57.113982
LG00	337408	339382	0
LG00	3374701	3379413	44.2734933333333
LG00	3381133	3382906	93.4614896666667
LG00	3383457	3384646	19.1613146666667
LG00	3386325	3387894	76.101601
LG00	3389190	3390911	0.30366
LG00	3391466	3392688	5.45889066666667
LG00	3393403	3394748	0.278508
LG00	3395550	3397511	9.98842833333333
LG00	3398278	3402978	0
LG00	3406478	3409699	0
LG00	3412776	3413671	0.08867
LG00	3414396	3417395	0.0806963333333333
LG00	3419514	3421017	1631.86169433333
LG00	3421350	3421786	0.11593
LG00	3422974	3424628	1886.39017733333
LG00	3425606	3430041	55.438966
LG00	3430315	3433109	21.1813613333333
LG00	3434115	3435626	21.262993
LG00	3435804	3436960	54.853134
LG00	3437620	3438652	25.4046943333333
LG00	343773	344363	0
LG00	3439616	3441104	1.71681333333333
LG00	3441460	3443673	2.29188366666667
LG00	3444986	3445527	0.059701
LG00	3445046	3445870	0.056521
LG00	3446016	3448675	5.92920033333333
LG00	3448684	3450383	2.25778966666667
LG00	3449505	3451786	28.296595
LG00	3451925	3454119	0.0812013333333333
LG00	34524	35859	0.337773333333333
LG00	3455025	3457138	0
LG00	3463157	3465424	0
LG00	3475967	3476708	0
LG00	348815	349309	11.9447376666667
LG00	3493072	3497248	0
LG00	349405	351403	15.017822
LG00	3499504	3500671	0.608115333333333
LG00	3500937	3502525	22.1905216666667
LG00	3502687	3505762	1.45657833333333
LG00	3507488	3509163	0.032316
LG00	3511828	3513782	7.72646933333333
LG00	3514391	3515773	20.8981986666667
LG00	351441	353647	5.879545
LG00	351447	353465	3.17677866666667
LG00	3516168	3517997	3.29255333333333
LG00	3518159	3520540	0.890250666666667
LG00	3520899	3521450	15.635143
LG00	3524022	3527203	0
LG00	353472	353736	0.0121463333333333
LG00	354252	358940	6.59457166666667
LG00	3553098	3556998	12.472994
LG00	3557823	3559332	30.7885036666667
LG00	3560286	3561267	0.624672666666667
LG00	3561524	3562679	1.04061033333333
LG00	3569107	3570590	0
LG00	3571218	3571817	0
LG00	3575460	3575892	0
LG00	3593303	3594108	0.0682473333333333
LG00	3601863	3618668	0
LG00	361275	362052	0
LG00	3619273	3620719	0
LG00	3622653	3625600	10.622692
LG00	362317	365662	0
LG00	3626139	3628937	4.15657266666667
LG00	3629721	3630239	0.0941113333333333
LG00	36300	38652	2.96652633333333
LG00	3632067	3633479	0.258810666666667
LG00	3634906	3635295	0.090968
LG00	3635305	3636925	15.9132896666667
LG00	3637107	3638684	9.99666633333333
LG00	3639073	3641252	0
LG00	3644086	3648592	0
LG00	3649087	3651094	0
LG00	3658659	3659072	0
LG00	365940	369392	0.278455
LG00	3671549	3675972	0
LG00	3677105	3682579	0
LG00	3683563	3684026	0
LG00	3692213	3710188	0
LG00	371816	372407	0
LG00	3722181	3724736	0
LG00	3724806	3730993	0
LG00	373253	375964	0
LG00	3732617	3737688	0.485595333333333
LG00	3739105	3739647	2.44271833333333
LG00	3740922	3742058	59.126709
LG00	3742387	3742758	0.00378733333333333
LG00	3743030	3746845	0.267308666666667
LG00	3752803	3754563	148.191986
LG00	3755369	3757201	0.074105
LG00	3758800	3759699	0
LG00	385976	387519	0
LG00	401992	402421	0
LG00	403124	404969	0
LG00	40463	41936	1.57568333333333
LG00	417464	418283	0
LG00	419374	421702	0.00438733333333333
LG00	422056	424360	0.078259
LG00	42627	43994	0.0140343333333333
LG00	427455	429692	0.216358666666667
LG00	429891	430373	0.701017333333333
LG00	430476	434015	6.42031666666667
LG00	434546	435011	0.0682996666666667
LG00	436291	438826	32.9765
LG00	438738	444239	14.949478
LG00	444324	445938	20.9246116666667
LG00	446008	448452	8.132282
LG00	448461	450631	16.6680896666667
LG00	451538	455179	3.528456
LG00	456161	460391	0
LG00	461938	463197	39.5220706666667
LG00	463320	466433	26.6018766666667
LG00	466558	468021	30.3005423333333
LG00	468714	469019	33.3109793333333
LG00	469237	470976	1111.88033033333
LG00	471060	473861	21.45035
LG00	47301	49189	67.459635
LG00	507980	509734	0
LG00	50883	53102	6.06221066666667
LG00	510154	511554	0
LG00	529150	530169	0
LG00	53560	55677	0.934716333333333
LG00	540854	544918	0
LG00	551146	552357	0
LG00	561765	565100	0
LG00	57781	59360	1.68641033333333
LG00	580771	581566	0
LG00	587899	592731	18.169972
LG00	592800	595557	15.0839873333333
LG00	595790	598640	37.0509273333333
LG00	598878	600749	144.200872
LG00	601030	602833	2.084445
LG00	60191	62329	115.141047333333
LG00	604902	606060	78.792211
LG00	606398	608227	5.25119233333333
LG00	608665	609351	14.1432393333333
LG00	609541	611851	170.124115
LG00	612945	615352	9.25979633333333
LG00	616075	618758	114.851155666667
LG00	618950	624679	12.210133
LG00	624727	627341	40.483891
LG00	627771	630545	12.866339
LG00	62799	63478	0.0353716666666667
LG00	630624	631085	121.758736
LG00	631174	633946	16.5800766666667
LG00	634225	634649	330.68279
LG00	634792	635829	217.771962333333
LG00	635913	641589	16.7310046666667
LG00	641791	643559	0.351806
LG00	644623	648977	1.75180666666667
LG00	649277	650215	0.230116
LG00	650322	652554	114.855303333333
LG00	652667	655241	29.06771
LG00	655361	656552	22.0923843333333
LG00	65638	67671	0.890235333333333
LG00	656675	658843	33.5913593333333
LG00	659010	660582	24.7439363333333
LG00	660660	663557	88.6166863333333
LG00	663580	664802	0.468723
LG00	664868	667869	28.9557793333333
LG00	669143	671396	3.896685
LG00	672989	674824	0.477524333333333
LG00	675406	677967	5.227566
LG00	678564	679333	5.573884
LG00	679854	680771	67.3299253333333
LG00	681279	684715	63.078583
LG00	684848	687550	14.714035
LG00	68669	72730	6.91766566666667
LG00	687648	688074	0
LG00	688080	690618	71.1515426666667
LG00	690674	692228	43.095698
LG00	692358	698399	4.729159
LG00	698402	699147	0.826167333333333
LG00	699519	701744	0.348454
LG00	702061	703948	1.84833866666667
LG00	704040	706155	27.0364443333333
LG00	706626	708119	1.00946366666667
LG00	708173	708957	3.03002033333333
LG00	710591	711247	771.262166333333
LG00	711291	713108	0.80733
LG00	713751	718618	5.898223
LG00	720082	720677	632.557413666667
LG00	720851	722415	2.24579833333333
LG00	723065	725647	0.644725666666667
LG00	725791	726643	0.472813666666667
LG00	726735	727897	1.19336466666667
LG00	728116	732534	17.313109
LG00	72821	76315	3.042231
LG00	733196	734956	20.4073936666667
LG00	734987	735628	398.40676
LG00	736994	741911	3.33374266666667
LG00	742350	746551	7.68197833333333
LG00	747047	749628	19.287475
LG00	749906	750419	0.159692
LG00	750512	751673	104.639353333333
LG00	753143	753967	2.50793233333333
LG00	754763	755898	0.574807666666667
LG00	756622	757541	56.307135
LG00	757767	760491	15.932578
LG00	760673	762091	49.1539686666667
LG00	762677	764282	2974.58536766667
LG00	76376	77597	7.540217
LG00	764427	767790	45.4069866666667
LG00	767938	768981	17.4252446666667
LG00	769692	770049	0.0525526666666667
LG00	770374	771552	40.7481916666667
LG00	771586	772173	1.23202066666667
LG00	772243	774252	0.196879666666667
LG00	773483	773928	0
LG00	775852	776984	4.50918
LG00	775875	776867	0.094451
LG00	77705	78463	0.0825836666666667
LG00	777473	778522	55.386617
LG00	778636	782849	11.7299046666667
LG00	783041	783545	1.00458833333333
LG00	784812	785905	1.058527
LG00	786596	787688	7.102689
LG00	788293	790660	29.5264966666667
LG00	790792	792103	30.8114783333333
LG00	792715	794046	32.7240643333333
LG00	794109	795189	50.5606233333333
LG00	795389	797134	0.087534
LG00	797575	798262	0.286714
LG00	798511	799502	20.6513456666667
LG00	799651	802417	4.45774266666667
LG00	80162	82673	17.4800926666667
LG00	802603	803721	99.031049
LG00	803840	808985	49.5114936666667
LG00	809057	809400	83.787824
LG00	809754	810834	12.9917826666667
LG00	811188	814339	22.158765
LG00	815329	816635	23.5934843333333
LG00	816992	821324	0.994254333333333
LG00	821675	824476	2.31736
LG00	824757	825136	0.140039666666667
LG00	825243	826448	307.930745666667
LG00	826675	828945	14.355151
LG00	82717	84824	4.913152
LG00	828566	831223	2.32822066666667
LG00	831335	832206	0.804159333333333
LG00	832771	838467	9.610116
LG00	839739	840824	51.27925
LG00	841137	843145	12.7884126666667
LG00	843268	845932	7.055258
LG00	846828	849340	2.186017
LG00	849530	853781	3.18269833333333
LG00	854289	856140	93.0045726666667
LG00	856508	857313	27.5615556666667
LG00	857703	858172	76.100672
LG00	85791	86538	0
LG00	858460	867182	6.61628666666667
LG00	867394	868215	39.4141626666667
LG00	868289	873068	51.513673
LG00	87290	89167	0.658514333333333
LG00	873159	875073	9.45120566666667
LG00	875618	876275	0.0551083333333333
LG00	876280	876787	0.0187773333333333
LG00	877058	877667	0.0978633333333333
LG00	877900	879072	92.7606226666667
LG00	879495	883098	20.685075
LG00	883635	887995	11.2321173333333
LG00	888335	889182	0.971028
LG00	889400	891471	3.31231866666667
LG00	892104	895515	122.610557333333
LG00	896081	898171	9.15816466666667
LG00	898418	899306	7.78734133333333
LG00	899308	900811	4.328584
LG00	901317	904761	43.9794513333333
LG00	904913	906368	438.460601666667
LG00	906696	907080	0.0314616666666667
LG00	907126	908097	1.733249
LG00	908111	910820	41.0630073333333
LG00	911093	921474	5.10301233333333
LG00	91451	93835	0.12034
LG00	921699	923873	6.90125633333333
LG00	923875	925474	20.9178653333333
LG00	925617	928164	15.2027853333333
LG00	928148	930263	85.1656773333333
LG00	930573	932199	661.288716666667
LG00	933068	934471	53.4828883333333
LG00	934664	936630	75.5805816666667
LG00	936764	937998	380.95401
LG00	938054	941829	5.91262733333333
LG00	942263	946954	65.5846433333333
LG00	947282	951868	104.350453666667
LG00	952825	953901	0.173588666666667
LG00	954258	955632	8.438239
LG00	955996	957066	5.410544
LG00	95668	96385	109.18767
LG00	957081	957623	0
LG00	958519	959079	0
LG00	961468	962250	0
LG00	96766	98112	17.724562
LG00	981184	982392	0
LG00	98307	108152	5.04617333333333
LG00	984667	986920	0
LG00	987991	988666	0
LG00	989911	990870	0
LG00	991362	992348	0
LG00	994103	994692	0.0891926666666667
LG00	996460	998578	10.341393
LG00	999230	1002992	6.638442
LG01	1000970	1002609	66.483739
LG01	1002655	1004013	91.081815
LG01	100296	101408	0.151344
LG01	1004065	1006965	16.0862786666667
LG01	1007065	1010121	30.9843046666667
LG01	1010214	1010901	0
LG01	1012014	1013530	23.4487156666667
LG01	1013840	1016667	28.5512156666667
LG01	1016705	1018721	4.77647433333333
LG01	1018904	1025943	24.638588
LG01	102202	102470	0
LG01	102503	106387	22.8073526666667
LG01	1026150	1029692	18.8492646666667
LG01	1029776	1036805	25.342053
LG01	1036859	1038127	42.245519
LG01	1038307	1041394	69.1492616666667
LG01	1041993	1045376	40.9541993333333
LG01	1046081	1046991	5.45018066666667
LG01	1047056	1050202	31.9178453333333
LG01	1050303	1052379	22.355065
LG01	1052407	1053807	9.19868066666667
LG01	1054030	1054657	0.371177666666667
LG01	1054823	1055102	0.019997
LG01	1055583	1058214	6.82467733333333
LG01	1058425	1060670	4.312516
LG01	1060815	1062538	554.87854
LG01	1063197	1068511	25.5481746666667
LG01	1068724	1069922	24.191946
LG01	106998	109813	1.021037
LG01	1069992	1070995	0.955682666666667
LG01	1071621	1074133	39.733162
LG01	1075162	1077573	91.201828
LG01	1077738	1078493	63.7033143333333
LG01	1078714	1081283	47.6236953333333
LG01	1081590	1082445	67.778361
LG01	1082455	1083208	4.57300166666667
LG01	1083322	1086269	117.244623666667
LG01	1086511	1092370	29.8351383333333
LG01	1092471	1093562	214.054407666667
LG01	1093593	1094874	2157.656901
LG01	1095136	1097438	113.528137
LG01	1097532	1104010	28.9503836666667
LG01	1105556	1107831	61.1637446666667
LG01	1107864	1109267	36.4922623333333
LG01	110830	111942	79.3895416666667
LG01	1109312	1110932	1341.80875666667
LG01	1110985	1112684	42.9764186666667
LG01	1112716	1113267	117.230077333333
LG01	1113291	1117730	20.363655
LG01	1117858	1122696	121.947614
LG01	1123031	1123526	2.79909766666667
LG01	1124090	1126142	18.0083973333333
LG01	1126346	1130311	23.840358
LG01	1130307	1131380	39.924272
LG01	1131808	1135479	26.3816556666667
LG01	1135836	1138029	46.2182946666667
LG01	1138352	1139420	660.835795333333
LG01	1139542	1140695	62.894249
LG01	1140776	1141736	34.2530276666667
LG01	11411	16331	0
LG01	1141784	1142325	63.5931626666667
LG01	114226	115002	0.197211333333333
LG01	1142445	1144529	8.14878866666667
LG01	1144748	1146196	36.806122
LG01	1146534	1147793	1741.77644866667
LG01	1148514	1150486	11.254707
LG01	1150578	1152416	21.6167326666667
LG01	115246	117897	110.438349333333
LG01	1152671	1153275	57.9355036666667
LG01	1153382	1155948	19.094175
LG01	1155816	1157315	59.4256653333333
LG01	1157323	1158905	89.8390706666667
LG01	1159207	1162012	18.318531
LG01	1162305	1162962	124.9325
LG01	1163070	1169460	25.0531463333333
LG01	1169510	1174241	13.0318196666667
LG01	1174378	1175888	2.18204233333333
LG01	1176133	1178123	52.749536
LG01	1178230	1180766	11.1407926666667
LG01	118022	119110	4.47349433333333
LG01	1180823	1183790	60.2500216666667
LG01	1183819	1186395	7.42792666666667
LG01	1185103	1186369	14.3817793333333
LG01	1186519	1189195	50.4208706666667
LG01	1189191	1191336	8.01302466666667
LG01	1191506	1192173	248.29451
LG01	1192303	1193157	0.581577
LG01	1193487	1195255	26.1132863333333
LG01	1196289	1197348	2780.98038733333
LG01	1197816	1200899	18.037703
LG01	120081	121755	0.0182126666666667
LG01	1201013	1201580	68.3454463333333
LG01	1201711	1202859	19.6976603333333
LG01	1202998	1204440	12.0583753333333
LG01	1204574	1205630	17.7097866666667
LG01	1205964	1207162	62.5239843333333
LG01	1207455	1208283	52.086264
LG01	1208382	1209228	33.023089
LG01	1209816	1215337	69.5167413333333
LG01	1215446	1223779	27.3416676666667
LG01	122295	123618	141.853241
LG01	1223925	1229086	142.012659666667
LG01	1229805	1230041	154.140187333333
LG01	1230472	1231214	28.0347516666667
LG01	1231419	1232714	0.527727333333333
LG01	1232838	1234548	120.699137
LG01	1234577	1235282	285.600809666667
LG01	1235718	1237796	177.027196333333
LG01	1237880	1239234	39.081425
LG01	1239351	1241931	53.8970373333333
LG01	1242151	1250075	15.47121
LG01	124483	128951	18.0107326666667
LG01	1250435	1253441	85.983383
LG01	1254091	1257353	23.7895693333333
LG01	1257584	1259801	21.6891656666667
LG01	1260809	1262905	6.936074
LG01	1263660	1265159	236.924682666667
LG01	1265183	1270339	1.933465
LG01	1270927	1272674	32.3419443333333
LG01	1272983	1273992	129.780406
LG01	1274168	1280486	103.424298666667
LG01	1280569	1281907	85.237119
LG01	1281960	1283655	10.1632573333333
LG01	1283753	1286198	12.3361103333333
LG01	1286299	1286988	26.376756
LG01	1287019	1287460	12.165899
LG01	1288270	1290253	73.157168
LG01	1290232	1292593	73.7177963333333
LG01	1293419	1295265	48.0374006666667
LG01	1295326	1296343	37.300784
LG01	1296466	1298856	306.858398333333
LG01	1299182	1307734	30.5392683333333
LG01	130327	132073	11.4980006666667
LG01	1308047	1309362	57.3675686666667
LG01	1310331	1313218	24.491986
LG01	1313229	1314625	0.304734666666667
LG01	1316184	1317708	45.1078133333333
LG01	1317905	1319508	36.9429483333333
LG01	1319712	1321919	33.2324153333333
LG01	132112	134574	7.39922866666667
LG01	1322308	1325146	25.7488143333333
LG01	1325692	1326994	2.25963333333333
LG01	1327145	1329448	58.7930576666667
LG01	1329690	1330766	36.0428276666667
LG01	1330992	1331710	680.249735666667
LG01	1331946	1332894	92.9702093333333
LG01	1332965	1338762	9.35959133333333
LG01	1339738	1343376	33.430318
LG01	1343554	1344521	35.376044
LG01	1344593	1345496	16.2936416666667
LG01	1345600	1347450	90.8678946666667
LG01	1347959	1348644	45.9868876666667
LG01	1348916	1349567	128.768649
LG01	1349685	1351488	127.399520666667
LG01	1351777	1355254	60.253891
LG01	135509	137880	13.957178
LG01	1355431	1357118	13.6140376666667
LG01	1357141	1358221	2.456989
LG01	1358426	1362362	8.99033333333333
LG01	1362463	1373787	11.3187173333333
LG01	1373989	1374474	165.502298666667
LG01	1374626	1375065	77.1907526666667
LG01	1375364	1376756	12.4671346666667
LG01	1376813	1379839	16.1398116666667
LG01	137944	142554	43.7771783333333
LG01	1380073	1381904	25.871569
LG01	1383041	1385777	24.966537
LG01	1386097	1388016	26.5377336666667
LG01	1388693	1391159	14.0854446666667
LG01	1391177	1392469	70.3968606666667
LG01	1392526	1395588	76.7126946666667
LG01	1395723	1396961	20.989418
LG01	1397172	1401349	164.605270333333
LG01	1402195	1402867	2.62307266666667
LG01	1403523	1405761	1039.12524433333
LG01	1405911	1409528	25.9222843333333
LG01	1409665	1413493	41.3221856666667
LG01	1414081	1415744	61.5007643333333
LG01	1416789	1419283	114.802327666667
LG01	1419340	1425733	47.5455346666667
LG01	1425905	1427635	282.930694666667
LG01	1427728	1433192	38.378212
LG01	1433514	1435864	5.147643
LG01	143482	145119	2.28538566666667
LG01	1436202	1436844	51.2339516666667
LG01	1436993	1438821	5.42777533333333
LG01	1441193	1442546	16.1442923333333
LG01	1442849	1445569	122.250244
LG01	1445653	1447491	430.429921666667
LG01	1447595	1449213	108.533686333333
LG01	1449396	1450337	59.6771546666667
LG01	1450518	1450875	7.85039466666667
LG01	1451327	1454597	3.67422066666667
LG01	1454682	1455388	39.4383406666667
LG01	1455571	1458073	17.288842
LG01	1457329	1458033	0.00329566666666667
LG01	1458130	1459792	27.6528676666667
LG01	1460323	1461230	62.5097886666667
LG01	1461203	1462197	4.98015066666667
LG01	1462209	1464619	95.1108396666667
LG01	146491	146806	0.219955666666667
LG01	1466411	1470179	14.795529
LG01	1470278	1474530	36.9057096666667
LG01	1475024	1481095	23.0962586666667
LG01	1481426	1483487	32.9601263333333
LG01	148198	152447	27.654604
LG01	1483641	1484446	58.9658863333333
LG01	1484698	1488281	24.7738863333333
LG01	1488661	1490065	25.633381
LG01	1490099	1491513	17.005631
LG01	1491906	1492968	16.1369016666667
LG01	1493332	1494663	24.4469573333333
LG01	1494860	1497538	30.0959416666667
LG01	1497812	1499424	68.1942623333333
LG01	1499738	1502316	13.220497
LG01	1502511	1504417	210.914271
LG01	1504633	1507490	20.891817
LG01	1507575	1508456	22.8411146666667
LG01	1509327	1509647	0
LG01	1510378	1513515	18.04194
LG01	1513865	1516951	17.092404
LG01	1517045	1520200	28.169704
LG01	1520238	1521981	118.85082
LG01	1522172	1523077	21.8649026666667
LG01	1523194	1523936	80.0516536666667
LG01	1524015	1525421	21.3552036666667
LG01	1525620	1528158	32.100334
LG01	1528262	1529169	19.2360096666667
LG01	1529331	1531775	10.0448483333333
LG01	1531954	1534836	12.0397593333333
LG01	1535379	1537940	53.2521793333333
LG01	1541012	1542651	0.337502666666667
LG01	1543082	1544888	3.460455
LG01	1545113	1549026	39.4586943333333
LG01	1549078	1550508	151.976994666667
LG01	1551134	1556808	13.94455
LG01	155301	155858	0.776719
LG01	1556940	1557793	23.731818
LG01	1557997	1559368	196.329422
LG01	155932	157591	17.8566283333333
LG01	1559551	1562848	45.36711
LG01	1563237	1564990	181.209732
LG01	1565202	1566106	62.431297
LG01	1566312	1568953	60.3681743333333
LG01	1569126	1569923	12.1743193333333
LG01	1570276	1571828	39.2814926666667
LG01	1571968	1575609	67.709628
LG01	1576017	1579282	10.604229
LG01	1579992	1582676	156.0227
LG01	1583928	1585703	26.1966623333333
LG01	1586206	1588958	33.59721
LG01	1589002	1591381	15.3998496666667
LG01	1591676	1595137	3.66714966666667
LG01	159390	163055	0.247592333333333
LG01	1596830	1599372	53.764838
LG01	1599597	1609724	22.5133503333333
LG01	1609924	1610325	27.4377946666667
LG01	1610798	1612511	70.7626493333333
LG01	1612750	1615816	4.22749066666667
LG01	1615916	1618227	79.3586906666667
LG01	1618648	1620205	20.5006126666667
LG01	1620491	1623016	0.694061333333333
LG01	1623689	1624678	60.505478
LG01	1624706	1626365	58.5253183333333
LG01	1626826	1627899	0.374403333333333
LG01	1627980	1629014	21.3964156666667
LG01	1629136	1631470	9.30377333333333
LG01	1632456	1635772	9.519262
LG01	1635940	1637438	11.842819
LG01	1637622	1638301	4.462714
LG01	1639631	1640355	9.72317666666667
LG01	1640962	1642067	16.4973493333333
LG01	1642136	1644590	69.40448
LG01	1644649	1647657	12.9077636666667
LG01	1648426	1651461	30.3944443333333
LG01	1651612	1655499	13.508482
LG01	1656173	1657787	4.602124
LG01	1658897	1665292	18.199803
LG01	1665459	1673959	29.0985193333333
LG01	166866	168013	0
LG01	1674963	1677074	20.950426
LG01	1677491	1679899	7.23608833333333
LG01	1680064	1681284	0.971331333333333
LG01	1681718	1682219	0.0570963333333333
LG01	1682272	1684422	27.1766783333333
LG01	1684462	1686056	15.1326046666667
LG01	1686875	1688145	0.141735333333333
LG01	1689448	1693285	7.462014
LG01	1694187	1696991	22.818947
LG01	1697581	1698967	92.224912
LG01	1699203	1699637	38.6118353333333
LG01	1699894	1701965	11.133569
LG01	1702386	1703759	15.3267366666667
LG01	1704313	1707985	2.43061933333333
LG01	1708021	1710201	12.1678963333333
LG01	1711865	1713734	2.16398066666667
LG01	171365	175825	0
LG01	1713969	1714538	0
LG01	1716341	1718198	21.3564286666667
LG01	1718347	1721310	35.459643
LG01	1721584	1722121	6.26224333333333
LG01	1722146	1724814	10.379822
LG01	1725915	1729518	172.237691
LG01	1730282	1732310	2.41074033333333
LG01	1732419	1734013	4.03904
LG01	1735126	1736689	19.887099
LG01	1737468	1740712	7.086421
LG01	1741037	1742087	14.4594816666667
LG01	1742624	1750120	24.5990336666667
LG01	1750535	1752702	3.53979766666667
LG01	1756581	1758987	21.5744023333333
LG01	1759292	1759937	1512.16678866667
LG01	1760591	1762550	5.72257266666667
LG01	1762772	1765847	1.09011866666667
LG01	1765967	1768260	25.6683633333333
LG01	1768283	1768679	0.172226666666667
LG01	1768317	1769836	24.644577
LG01	1769712	1770369	1.05439633333333
LG01	1770711	1771560	13.6440943333333
LG01	1771811	1772579	41.695325
LG01	1772740	1773156	283.766489666667
LG01	1773585	1774612	86.9154333333333
LG01	1774721	1775950	26.3799936666667
LG01	1776109	1778053	65.384694
LG01	1778374	1783450	19.3404673333333
LG01	178285	179672	0
LG01	1784102	1787451	9.233126
LG01	1788192	1789081	1923.29549166667
LG01	1789260	1791953	16.9646916666667
LG01	1792549	1795690	3.73173533333333
LG01	1797446	1798807	8.44161166666667
LG01	1799144	1800417	0.390598666666667
LG01	1800559	1802136	50.4731203333333
LG01	1802314	1804287	23.2126263333333
LG01	1804306	1806700	5.87063966666667
LG01	1806701	1808107	24.14221
LG01	1808466	1809652	68.0127586666667
LG01	180969	181924	0.214982
LG01	1809769	1810811	25.8464543333333
LG01	1810968	1815618	7.428169
LG01	1816134	1817730	148.286016
LG01	1817781	1819326	20.9422486666667
LG01	1819461	1820835	15.875494
LG01	1822064	1822838	27.671994
LG01	1822941	1823692	74.0691683333333
LG01	1824094	1825885	15.1044543333333
LG01	1825962	1830025	137.979355
LG01	1830300	1836705	9.997577
LG01	1837498	1837858	0.06833
LG01	183751	202582	18.3057693333333
LG01	1838450	1841184	130.536847666667
LG01	1841654	1842533	67.6704483333333
LG01	1843215	1844371	45.442229
LG01	1844424	1845897	9.240114
LG01	1846202	1850167	42.91214
LG01	1850290	1850996	10.2933866666667
LG01	1851321	1853651	34.804133
LG01	1853958	1857448	30.4680806666667
LG01	1858845	1860956	0
LG01	1861312	1862791	10.1676686666667
LG01	1863379	1864854	78.4571893333333
LG01	1864750	1866520	67.1430386666667
LG01	1866945	1871367	23.7029143333333
LG01	1873081	1876881	19.8212253333333
LG01	1876983	1880944	26.2858646666667
LG01	1881059	1882792	28.7460446666667
LG01	1883821	1885135	30.1945096666667
LG01	1885438	1887446	10.814477
LG01	1888239	1888845	70.7732746666667
LG01	1889023	1890038	13.186743
LG01	1890171	1890714	0.217662666666667
LG01	1892143	1892893	0.137097666666667
LG01	1893221	1895748	13.9113123333333
LG01	1895876	1896877	88.879977
LG01	1896985	1898776	12.8927963333333
LG01	1899026	1901985	121.554217
LG01	1902102	1913782	8.78615133333333
LG01	1913981	1921705	2.36481333333333
LG01	1922384	1922919	0.326004
LG01	1926546	1927225	0.0822873333333333
LG01	1927056	1927917	0.0786286666666667
LG01	1928230	1944747	3.10754166666667
LG01	1944808	1946374	161.736348333333
LG01	1946488	1949943	9.73211466666667
LG01	1950224	1950803	0.114651
LG01	1952540	1953856	1.17168233333333
LG01	1954240	1955412	52.0597086666667
LG01	1955475	1961417	10.7676013333333
LG01	1960918	1965397	7.718668
LG01	1965624	1969273	19.5669523333333
LG01	1969906	1970665	0
LG01	1971991	1973704	62.453167
LG01	1973945	1975099	35.9020003333333
LG01	1975213	1978110	0.678328333333333
LG01	1980251	1981205	0.459248333333333
LG01	1981797	1982499	0.138669
LG01	1982101	1982531	0.114707666666667
LG01	1982605	1983366	0.159812
LG01	1983597	1985839	114.145711333333
LG01	1986997	1989497	36.880697
LG01	1989929	1991872	22.312156
LG01	1992839	1995777	7.71004366666667
LG01	1996148	1997264	6.548798
LG01	1998147	2000375	15.0528483333333
LG01	2000615	2001254	0.022797
LG01	2001364	2003971	4.60297266666667
LG01	2004154	2008336	21.90504
LG01	2008449	2010674	61.3347613333333
LG01	2011354	2011836	0.0994303333333333
LG01	2013099	2016048	47.8667156666667
LG01	2016362	2019697	81.7012073333333
LG01	2021244	2022326	0
LG01	2022624	2022929	0.0260743333333333
LG01	2023009	2028888	20.344673
LG01	203929	205090	318.336558
LG01	2047835	2050382	0
LG01	2052631	2054202	0
LG01	205838	208245	60.283652
LG01	2068397	2072616	0
LG01	2075998	2080421	0
LG01	20815	21852	0
LG01	2088777	2089818	0.162333666666667
LG01	209005	261917	31.4987936666667
LG01	2091064	2093149	0
LG01	2101974	2104496	0
LG01	2120498	2122791	0
LG01	2122801	2123784	0
LG01	2124784	2127644	3.70801833333333
LG01	2128242	2131312	13.155141
LG01	2131523	2132967	6.69239233333333
LG01	2133119	2136564	32.8445243333333
LG01	2136727	2137285	507.859181666667
LG01	2137847	2138506	2.71452366666667
LG01	2138553	2139649	17.3096976666667
LG01	2139737	2140292	253.533788333333
LG01	2140663	2143305	202.720174333333
LG01	2143373	2146255	17.716497
LG01	2146394	2152965	10.3709036666667
LG01	2153071	2153538	102.747863666667
LG01	2153941	2155161	33.2162726666667
LG01	2155143	2157134	5.74789066666667
LG01	2157485	2159554	43.0319163333333
LG01	2160041	2161555	120.715584
LG01	2161927	2163616	12.748225
LG01	2163672	2173034	13.0382416666667
LG01	2173563	2174168	9.30617333333333
LG01	2174274	2178455	14.4961156666667
LG01	2178638	2180194	9.42070933333333
LG01	2180315	2185197	6.47604
LG01	2185280	2186906	18.6726073333333
LG01	2186985	2188184	25.4392033333333
LG01	2188364	2191822	52.61704
LG01	2191937	2193444	32.822129
LG01	2193804	2198989	18.8324183333333
LG01	2199257	2203863	72.3723626666667
LG01	2204449	2206547	29.6192333333333
LG01	2206612	2207012	0.0210706666666667
LG01	2207162	2208148	2.729723
LG01	2208192	2209020	196.301335333333
LG01	2209786	2210962	1.19604133333333
LG01	2211386	2219740	18.526018
LG01	2219769	2221575	2.0982
LG01	2221946	2223199	19.4787843333333
LG01	2223530	2229091	13.7830443333333
LG01	2229987	2231754	15.651537
LG01	2231888	2234732	60.9787546666667
LG01	2235073	2236426	50.4580993333333
LG01	2236477	2241488	54.3613573333333
LG01	2238855	2242046	33.046042
LG01	2242220	2245748	7.53444266666667
LG01	2245872	2247807	20.0996933333333
LG01	2248023	2249678	62.4653473333333
LG01	2249705	2250701	39.572586
LG01	2251045	2251419	1277.10998566667
LG01	2251636	2253366	15.9757063333333
LG01	2253527	2256576	1.77524766666667
LG01	2256668	2257801	0.974958333333333
LG01	2257724	2258761	4.493562
LG01	2258842	2259738	0.407286666666667
LG01	2260134	2262564	103.225405666667
LG01	2263179	2267409	12.7422763333333
LG01	2267533	2270104	30.942983
LG01	2270580	2271864	15.0870043333333
LG01	2271932	2275219	102.063298333333
LG01	2275324	2276359	152.709208
LG01	2276441	2277559	45.6033033333333
LG01	2277963	2279547	30.6254726666667
LG01	2279641	2280354	0.301513
LG01	2280395	2281928	40.282712
LG01	2281988	2284061	7.56790466666667
LG01	2284161	2289881	74.9021986666667
LG01	2290086	2290536	31.9112323333333
LG01	2290771	2291334	28.3807106666667
LG01	2291925	2294547	112.238108666667
LG01	2294782	2296628	417.507751333333
LG01	2296609	2299227	26.697769
LG01	2299260	2302613	20.624375
LG01	2302777	2306392	61.411241
LG01	2306489	2307900	26.9900346666667
LG01	2308028	2308842	5.70773866666667
LG01	2308953	2312516	19.9309536666667
LG01	2313104	2315376	62.5452333333333
LG01	2316012	2316831	1.07737866666667
LG01	2317078	2317712	15.9342476666667
LG01	2317840	2319634	77.3746773333333
LG01	2319834	2320262	16.112163
LG01	2320353	2327447	9.980176
LG01	2327588	2330222	49.6133323333333
LG01	2330581	2332128	20.7512543333333
LG01	2332383	2336783	16.0062846666667
LG01	2337160	2338404	0.0589633333333333
LG01	2338436	2340860	112.456675333333
LG01	2340958	2343451	18.5719216666667
LG01	23435	24902	0
LG01	2343653	2345898	126.282450333333
LG01	2346200	2349245	45.2202746666667
LG01	2349515	2350809	28.5320373333333
LG01	2351194	2352732	42.1326296666667
LG01	2352881	2354552	211.957290666667
LG01	2355420	2358269	123.772031
LG01	2359400	2361156	153.237996333333
LG01	2362041	2368495	39.398408
LG01	2368638	2370232	176.798660333333
LG01	2370282	2371417	164.226827
LG01	2371577	2373732	72.3425926666667
LG01	2373887	2376472	142.90417
LG01	2376830	2378589	1800.106527
LG01	2379086	2379585	0.109492
LG01	2379633	2382580	1.82873833333333
LG01	2382770	2384281	23.126648
LG01	2384481	2385516	49.1733743333333
LG01	2385581	2388338	26.6768893333333
LG01	2388387	2389717	2.38919466666667
LG01	2389774	2391864	206.763707333333
LG01	2392355	2392695	51.0320526666667
LG01	2392793	2395652	6.34112833333333
LG01	2395735	2398597	8.75523733333333
LG01	2399941	2402999	47.2914796666667
LG01	2403181	2404153	73.688001
LG01	2404263	2404713	84.374059
LG01	2404885	2407115	7.39759
LG01	2407262	2411050	52.0291673333333
LG01	2411073	2412911	11.9399446666667
LG01	2412986	2414697	35.178009
LG01	2414641	2416387	89.416728
LG01	2416530	2418681	13.4095533333333
LG01	2418841	2420328	35.4550563333333
LG01	2420753	2429548	51.7989416666667
LG01	2430753	2437354	19.9688876666667
LG01	2437584	2440320	121.410400333333
LG01	2440765	2441527	29.2240413333333
LG01	2441761	2445979	29.8624063333333
LG01	2446488	2452621	5.07359466666667
LG01	2452653	2454649	7.69342066666667
LG01	2454726	2457657	9.31588733333333
LG01	2458487	2459866	13.9428253333333
LG01	2462564	2464408	295.890747
LG01	2465039	2465727	821.397969666667
LG01	2466031	2466652	22.0964556666667
LG01	2466714	2468151	27.1677613333333
LG01	2468260	2471310	24.8365736666667
LG01	2471482	2472932	28.2876656666667
LG01	2474008	2475558	39.0484646666667
LG01	2476027	2477848	387.363149
LG01	2478260	2479111	51.0360043333333
LG01	2479897	2482744	53.5480636666667
LG01	2482785	2484543	25.3092266666667
LG01	2484590	2486356	6.74319533333333
LG01	2486713	2488735	8.659565
LG01	2488780	2489403	0.195397666666667
LG01	2490407	2492088	408.940785666667
LG01	2492579	2495580	60.22642
LG01	2497594	2500144	0.504227333333333
LG01	2500565	2504210	36.4553756666667
LG01	2504625	2505380	76.9121676666667
LG01	2505584	2508937	50.4119376666667
LG01	2509164	2509604	29.566591
LG01	2509880	2511050	20.992789
LG01	2511150	2512173	10.9817343333333
LG01	2512665	2513401	101.13076
LG01	2513496	2516068	26.841629
LG01	2516179	2517617	164.566838666667
LG01	2517708	2518235	51.3394713333333
LG01	2518868	2522590	49.3200656666667
LG01	2522957	2524572	78.9215573333333
LG01	2525324	2527521	6.75514366666667
LG01	2527705	2531573	3.26584633333333
LG01	2531912	2533287	123.312357666667
LG01	2533390	2534809	207.792155
LG01	2534819	2538707	28.7292976666667
LG01	2538704	2540841	27.7831213333333
LG01	2540899	2542365	197.062723666667
LG01	2542645	2546793	14.6219133333333
LG01	2546855	2549298	6.32891866666667
LG01	2550508	2552086	23.9979413333333
LG01	2552349	2554531	62.5661606666667
LG01	2554580	2556810	36.0825326666667
LG01	2557107	2559005	32.275566
LG01	2559264	2563206	96.170382
LG01	2563384	2565153	744.580525666667
LG01	2566605	2569381	2.06717933333333
LG01	2569923	2571811	0.325748666666667
LG01	2572201	2573169	11.0599583333333
LG01	2573477	2575992	12.0101846666667
LG01	2576102	2578488	8.01417566666667
LG01	2578771	2580219	42.683772
LG01	2580401	2583195	22.343523
LG01	2583282	2585125	164.225057333333
LG01	2585531	2587772	53.1308263333333
LG01	2587899	2588746	68.766538
LG01	2588884	2594362	32.9961676666667
LG01	2594461	2595596	20.34691
LG01	2595855	2597252	7.854891
LG01	2597323	2598604	25.0701236666667
LG01	2598699	2600459	0.486576
LG01	2601162	2603736	8.10932233333333
LG01	2604550	2605897	103.340622
LG01	2606085	2607751	13.4932863333333
LG01	2607980	2609597	37.4446323333333
LG01	2611436	2612240	1.312899
LG01	2612528	2613820	0.259018333333333
LG01	2614162	2615746	27.155878
LG01	2616505	2619376	91.8535846666667
LG01	2619487	2622238	1.22262566666667
LG01	2622270	2624281	106.209643
LG01	2624639	2625680	5.91404333333333
LG01	2625766	2628300	25.1895653333333
LG01	2628700	2630911	7.36597333333333
LG01	2631489	2633475	18.4099503333333
LG01	2634112	2638772	228.618683
LG01	2639066	2641013	34.5073496666667
LG01	2641751	2642509	3.14982866666667
LG01	2642791	2643708	744.839213
LG01	2643936	2647482	42.2492393333333
LG01	2647498	2649290	1.289864
LG01	264846	266731	56.061339
LG01	2650169	2651612	66.8176143333333
LG01	2651703	2653970	27.2267513333333
LG01	2654088	2654927	20.2347856666667
LG01	2655003	2659021	17.700107
LG01	2659088	2660329	65.9990566666667
LG01	2660411	2662729	20.7343266666667
LG01	2663813	2665168	1.02463733333333
LG01	2666011	2669976	30.2947756666667
LG01	266796	267596	0.271496666666667
LG01	2671228	2672831	9.87826733333333
LG01	2672887	2675017	17.3919603333333
LG01	2676661	2678965	22.0890713333333
LG01	267684	271273	11.2370033333333
LG01	2679075	2680786	6.02270166666667
LG01	2681064	2682972	27.5504616666667
LG01	2683057	2687006	14.694436
LG01	2687186	2690177	74.0197546666667
LG01	2690748	2691668	4.420878
LG01	2692401	2693931	7.15806933333333
LG01	2694071	2695432	22.3991073333333
LG01	2695614	2703625	10.65695
LG01	2703763	2707433	11.5589786666667
LG01	2707649	2710069	1627.54353833333
LG01	2711006	2715470	72.509997
LG01	271406	271924	111.254735333333
LG01	2715629	2716465	105.093317333333
LG01	2716648	2718896	124.717389333333
LG01	2718937	2719709	426.017852666667
LG01	272104	272906	432.661204
LG01	2722231	2724247	189.259658666667
LG01	2724219	2727477	75.862709
LG01	2727671	2730008	154.088195666667
LG01	2730708	2731357	0.0318746666666667
LG01	2730899	2731362	0.0734646666666667
LG01	273108	275922	1.06258566666667
LG01	2731832	2732216	14.96308
LG01	2732610	2733874	9.758708
LG01	2733889	2739151	140.051203333333
LG01	2739248	2740763	1406.37613933333
LG01	2740896	2743952	11.7025053333333
LG01	2744655	2745163	280.978444666667
LG01	2745666	2746590	2561.87849933333
LG01	2747198	2749494	2.435043
LG01	2750715	2752577	388.83254
LG01	2752890	2756112	12.5573086666667
LG01	2756207	2758000	19.5404356666667
LG01	2759002	2759985	19.7357146666667
LG01	2760203	2763941	45.9142023333333
LG01	276290	279414	9.41176233333333
LG01	2764008	2766104	182.616333
LG01	2769651	2774057	10.6689473333333
LG01	2774280	2775735	43.401062
LG01	2775854	2777170	12.1470156666667
LG01	2777548	2779553	92.941017
LG01	2779848	2780380	106.160937
LG01	2780561	2781887	6.202496
LG01	2782251	2785862	47.5686896666667
LG01	2786426	2787580	0.488148333333333
LG01	2787669	2794133	10.3029243333333
LG01	2794170	2795243	30.1631036666667
LG01	279480	281235	57.7165323333333
LG01	2795533	2796743	402.428233
LG01	2796786	2797723	37.0145923333333
LG01	2797746	2799791	44.9077413333333
LG01	2800066	2801502	19.64573
LG01	2801595	2805474	22.4671856666667
LG01	2805871	2807285	60.5202396666667
LG01	2807842	2811168	1.74081233333333
LG01	2811473	2813325	24.070786
LG01	2813382	2814333	49.2717066666667
LG01	2814329	2819600	11.883847
LG01	281896	283475	155.542597333333
LG01	2819713	2820080	59.7715506666667
LG01	2820266	2820742	90.2102176666667
LG01	2821379	2823371	188.189122333333
LG01	2823614	2824913	80.4013163333333
LG01	2825057	2826336	194.422307
LG01	2826451	2827324	125.822382333333
LG01	2827551	2831451	61.601673
LG01	2831587	2833353	28.7343946666667
LG01	2833628	2834453	214.296987
LG01	2834614	2836076	86.335691
LG01	2836302	2839443	25.2764623333333
LG01	283786	289311	8.02941533333333
LG01	28387	29137	0
LG01	2839487	2840078	0.189766333333333
LG01	2840059	2841646	7.04357233333333
LG01	2841290	2842380	0.0346466666666667
LG01	2843427	2846909	22.2145246666667
LG01	2848144	2850592	51.0664633333333
LG01	2850733	2853280	10.517304
LG01	2853410	2857569	9.21525466666667
LG01	2857666	2858170	102.314845
LG01	2858374	2859742	25.822433
LG01	2859834	2863079	55.5158676666667
LG01	2863333	2867297	42.6680956666667
LG01	2867418	2871808	3.041598
LG01	2872236	2873820	0.171294333333333
LG01	2874722	2875110	0
LG01	2875551	2879561	3.337675
LG01	2880689	2881342	30.5175226666667
LG01	2882109	2883806	78.973511
LG01	2883930	2885888	60.7177996666667
LG01	2885991	2887195	676.827026666667
LG01	2887166	2891198	2.99136233333333
LG01	2890896	2893400	9.198998
LG01	2893523	2894078	6.40788233333333
LG01	2894246	2902487	33.197977
LG01	289469	291221	59.2388776666667
LG01	2902545	2903839	118.425819
LG01	2903947	2904294	0.0763763333333333
LG01	2904731	2905701	0.195914666666667
LG01	2904963	2905775	0.114665
LG01	2906599	2908579	27.833449
LG01	2908769	2910497	33.6649206666667
LG01	2910603	2912667	19.431858
LG01	291239	292534	195.530787
LG01	2913088	2917423	9.89564633333333
LG01	2917537	2921534	15.708227
LG01	2922485	2929857	43.2772776666667
LG01	2930037	2931125	32.7181546666667
LG01	2931155	2932447	19.5067856666667
LG01	2932580	2935245	17.9892216666667
LG01	2935232	2936221	468.592742666667
LG01	2936274	2938186	8.740778
LG01	2938372	2940559	30.5658026666667
LG01	2940741	2941374	77.339322
LG01	2941350	2943394	61.0980333333333
LG01	2943385	2944675	366.833964
LG01	2944421	2944902	0.000563666666666667
LG01	2944862	2945865	59.4867183333333
LG01	2947560	2954329	23.651477
LG01	295339	298336	190.119374666667
LG01	2955435	2959197	59.9143636666667
LG01	2959456	2959894	408.950856333333
LG01	2960577	2963492	2.635869
LG01	2963874	2965645	26.4801376666667
LG01	2965833	2972352	16.8691583333333
LG01	2972449	2973740	1.231546
LG01	2974806	2980340	37.373802
LG01	2980830	2981563	46.8954123333333
LG01	2982485	2983435	0.008694
LG01	298341	301325	62.2842853333333
LG01	2986285	2987087	47.1103073333333
LG01	2989037	2989834	2.530585
LG01	2990802	2992449	20.5310886666667
LG01	2992829	2993982	0.0308966666666667
LG01	2994814	2998173	16.7615856666667
LG01	2998294	3017058	25.0798273333333
LG01	301337	302894	19.4680703333333
LG01	30189	31140	0
LG01	3019600	3020100	0.09333
LG01	3020952	3023052	26.213715
LG01	3023125	3024446	3.32730966666667
LG01	3024805	3026477	74.9387716666667
LG01	3026519	3029637	79.3019866666667
LG01	3026851	3027459	0.186724
LG01	3030013	3030849	1.273872
LG01	3030065	3030701	0.188592333333333
LG01	3032871	3036566	102.366788333333
LG01	3037126	3038203	1022.51824933333
LG01	303813	305293	4.85932
LG01	3038527	3043791	16.266288
LG01	3045096	3046958	0.0198686666666667
LG01	3047482	3048244	0.0466896666666667
LG01	3048370	3052621	0.430705
LG01	305340	307178	2.68807133333333
LG01	3054319	3058796	15.2014076666667
LG01	3059047	3060430	134.693751
LG01	3060555	3062773	1.31352966666667
LG01	3063521	3066216	7.99359566666667
LG01	3066263	3067184	0.665518333333333
LG01	3068464	3069670	0.0218623333333333
LG01	3070611	3071743	3.335803
LG01	3071954	3073198	72.6423716666667
LG01	3073752	3076836	21.3649473333333
LG01	3078021	3081009	1.45376766666667
LG01	3081529	3082860	1.81951266666667
LG01	3083371	3085524	0.333012333333333
LG01	3086874	3088646	0.758696666666667
LG01	3089024	3092234	4.96293366666667
LG01	3092636	3093249	18.144493
LG01	3093416	3095785	22.3476913333333
LG01	3096701	3100501	30.1022236666667
LG01	3100585	3103450	22.9815456666667
LG01	3104040	3105664	0.135352666666667
LG01	3105896	3107318	1.31537866666667
LG01	3108026	3110388	0.110432
LG01	3111359	3112146	2.06926933333333
LG01	3112187	3113028	0.487869666666667
LG01	3113047	3114339	13.5979783333333
LG01	3114484	3117679	19.5562643333333
LG01	3118941	3119990	1.68387766666667
LG01	3120022	3121821	4.506514
LG01	3121890	3125121	720.535054666667
LG01	3126215	3128624	25.041436
LG01	3128728	3129839	62.1077156666667
LG01	3129968	3136806	4.46076666666667
LG01	3137989	3140009	3.54112233333333
LG01	3140577	3145626	15.373895
LG01	3146175	3147541	0.263270333333333
LG01	3150013	3151517	0.153614666666667
LG01	3151703	3154273	56.5023206666667
LG01	3156224	3158340	42.048003
LG01	3159303	3160603	24.4469416666667
LG01	3161276	3161976	0.037051
LG01	3161623	3162712	0.158841333333333
LG01	3162065	3162514	0.0127813333333333
LG01	3163466	3165393	10.2456223333333
LG01	316541	320760	0
LG01	3165630	3166400	0.243419666666667
LG01	3166954	3169169	105.289205
LG01	3169211	3170157	1.109822
LG01	3178601	3179499	0
LG01	3190029	3190841	0
LG01	3204448	3205092	0
LG01	3206380	3207636	0
LG01	3240232	3241503	0
LG01	3260	4876	0.488424
LG01	3261512	3262262	0
LG01	3262397	3263773	0
LG01	3269941	3273109	0
LG01	3275878	3278702	0
LG01	3280579	3282465	0
LG01	3282603	3284848	0
LG01	3285144	3289664	17.4489693333333
LG01	3295313	3297447	0
LG01	3303974	3307799	0
LG01	3307998	3310791	0
LG01	33089	33978	0
LG01	3313024	3315074	0
LG01	331340	332078	0.0541463333333333
LG01	332387	333742	0.046171
LG01	3337244	3337927	0
LG01	334056	335480	42.7378286666667
LG01	3352413	3353192	0
LG01	3355390	3357608	0
LG01	335664	338979	42.5247293333333
LG01	3360359	3362086	0
LG01	3383247	3385659	0
LG01	3390780	3395249	0
LG01	339828	340981	4.25193033333333
LG01	3404295	3409609	0
LG01	3415025	3416380	0
LG01	3424688	3425074	0
LG01	3430850	3432061	0
LG01	343112	344997	0.0903206666666667
LG01	3432916	3434880	0
LG01	34359	36505	0
LG01	3441855	3443505	0
LG01	3445243	3446487	0
LG01	3448268	3452758	0
LG01	345047	347442	23.728894
LG01	3453646	3454206	0
LG01	3454763	3458648	0
LG01	3459939	3463081	0
LG01	3463474	3464052	0
LG01	3464068	3464799	0
LG01	3467255	3467870	0
LG01	3468035	3471878	0
LG01	3473946	3474965	0
LG01	3477224	3478159	0
LG01	348241	350112	43.723029
LG01	350243	350640	4.14793166666667
LG01	3505916	3508877	0
LG01	350942	351227	66.2745866666667
LG01	3510113	3511567	0
LG01	351310	355221	101.101783666667
LG01	3533170	3534023	0
LG01	3536556	3537402	0
LG01	3538386	3539330	0
LG01	3539579	3541480	4.170794
LG01	3541619	3546008	19.7597433333333
LG01	3546034	3546962	10.514038
LG01	3546987	3549056	27.7751233333333
LG01	3549248	3552393	35.6186053333333
LG01	3552964	3555575	6.90510333333333
LG01	355676	359460	2613.96321633333
LG01	3558343	3559980	6.603462
LG01	3560022	3560635	41.6425996666667
LG01	3561449	3561921	35.4770256666667
LG01	3561970	3564974	42.4748843333333
LG01	3566194	3568052	9.59422533333333
LG01	3568319	3570120	16.687636
LG01	3570126	3571365	31.5428976666667
LG01	3573153	3575676	49.7862766666667
LG01	3575744	3577232	64.9576316666667
LG01	3577275	3578354	4.853222
LG01	3578776	3579618	0
LG01	3580863	3581897	1.927935
LG01	3582912	3585603	3.990804
LG01	3586058	3586836	0.0516026666666667
LG01	3591355	3593413	3.31463566666667
LG01	3593427	3593956	0.129617
LG01	3594343	3595707	0.149855333333333
LG01	3596102	3598128	0
LG01	3598798	3600157	0
LG01	360432	361831	34.9778443333333
LG01	3615009	3618602	0
LG01	362073	363313	82.872078
LG01	3628483	3631818	0
LG01	3633688	3651689	0
LG01	363719	364678	42.179291
LG01	365078	366752	1.56316166666667
LG01	3665423	3668283	14.2436006666667
LG01	3668357	3668752	0.162478333333333
LG01	367045	372571	52.910085
LG01	3672741	3674204	0.11891
LG01	3675055	3680953	30.4083486666667
LG01	3680999	3685438	56.294932
LG01	3686598	3690016	848.286214333333
LG01	3690071	3691188	34.6848486666667
LG01	3691239	3694068	49.7515193333333
LG01	3694416	3696994	0.882482333333333
LG01	3697220	3699749	3.61603733333333
LG01	3701288	3703636	1.33620466666667
LG01	3704098	3704788	0.654494
LG01	37045	38449	0
LG01	3706621	3712739	0
LG01	3714871	3715210	0
LG01	3725182	3725570	0.495332666666667
LG01	3725731	3726515	0.0390783333333333
LG01	372602	374197	23.7057356666667
LG01	3739286	3759194	0
LG01	374780	375464	1.01799766666667
LG01	3761679	3763910	0
LG01	376737	377791	1.37284766666667
LG01	3770061	3771472	0
LG01	3771581	3774318	0
LG01	377833	381147	29.3394996666667
LG01	3779280	3781987	3.62398766666667
LG01	3782914	3785204	0.019902
LG01	3785749	3786349	0
LG01	3786863	3788918	96.1005273333333
LG01	3789094	3793625	6.172982
LG01	3794241	3795916	602.792826333333
LG01	3795966	3796753	23.81888
LG01	3797417	3798190	424.634196
LG01	3798925	3802469	24.0749193333333
LG01	3802651	3804851	2.58267166666667
LG01	3806236	3808686	22.6407876666667
LG01	3809597	3810645	20.4640763333333
LG01	3811108	3812263	0.0758536666666667
LG01	3812352	3816291	1.919676
LG01	3812498	3813782	10.094452
LG01	381392	382464	59.0357806666667
LG01	3816518	3818425	3.596197
LG01	3818464	3819802	134.884180666667
LG01	3819808	3821144	60.0217983333333
LG01	3821228	3823790	28.155181
LG01	3823947	3825490	27.5933976666667
LG01	382527	384893	18.2049823333333
LG01	3825538	3828033	12.694263
LG01	3828092	3829515	3.38347866666667
LG01	3830396	3831936	1.10407466666667
LG01	3833359	3834930	31.4368533333333
LG01	3834995	3836590	0.183212666666667
LG01	3837517	3838998	56.027355
LG01	3839387	3840878	4.07731833333333
LG01	3841120	3844281	2.00382166666667
LG01	3844807	3848153	18.6938436666667
LG01	3852796	3854273	0.540616
LG01	3853262	3854274	0
LG01	385410	387936	10.67074
LG01	3854518	3857812	16.8772573333333
LG01	3857803	3860933	44.4113373333333
LG01	3861924	3862271	0
LG01	3862864	3863820	0.077035
LG01	3866237	3868199	15.0235646666667
LG01	3871061	3878790	0.0792856666666667
LG01	38786	40070	0
LG01	387938	389350	155.727132
LG01	3880250	3881397	23.217439
LG01	3881788	3886892	61.798453
LG01	3887937	3891279	4.130458
LG01	3891362	3892122	93.3396353333333
LG01	3892347	3894125	76.3128866666667
LG01	389436	391757	23.1033576666667
LG01	3894427	3896355	1.22562833333333
LG01	3899103	3900696	4.39239933333333
LG01	3900754	3903026	85.2721736666667
LG01	3903442	3906129	37.4016073333333
LG01	3907283	3908764	73.1508023333333
LG01	3909606	3910977	0.700447
LG01	3911541	3915437	45.8267526666667
LG01	3915450	3917237	20.8669953333333
LG01	3918230	3919085	24.625908
LG01	3919226	3921714	31.7454573333333
LG01	392013	393318	119.711863333333
LG01	3921954	3924062	0.128785333333333
LG01	3925248	3929528	15.1155773333333
LG01	3929786	3942227	34.3314006666667
LG01	393635	395839	102.697756333333
LG01	3943166	3943889	0.120277666666667
LG01	3943890	3944532	0.160190666666667
LG01	3944692	3948401	46.812055
LG01	3948659	3949154	0
LG01	3948668	3949589	0.277654666666667
LG01	3950588	3951074	0
LG01	3950591	3951086	0
LG01	3953152	3955104	2.05767166666667
LG01	3955383	3956494	489.645721666667
LG01	3956830	3957213	57.1291946666667
LG01	3957299	3957946	29.970034
LG01	3958021	3960346	31.9843726666667
LG01	3960507	3963364	13.2753233333333
LG01	396102	398875	6.04583966666667
LG01	3965203	3966954	3.16035266666667
LG01	3966978	3967498	5.329675
LG01	3967650	3970257	9.79375233333333
LG01	3970741	3971071	0
LG01	3972474	3974424	12.8828936666667
LG01	3975248	3976865	5.58316733333333
LG01	3977262	3978304	490.97169
LG01	3978536	3979710	11.5401936666667
LG01	3979764	3980940	472.237162333333
LG01	3981115	3984125	7.603396
LG01	3984256	3986427	113.360527
LG01	3987120	3988143	0.0141733333333333
LG01	3988192	3989160	0.160083333333333
LG01	3989364	3991337	0.608049666666667
LG01	3992141	3993369	31.2419513333333
LG01	399233	400927	23.4079036666667
LG01	3993396	3995687	16.6394616666667
LG01	3995722	3999852	16.8425743333333
LG01	3999881	4001577	2.69844866666667
LG01	4001682	4005304	20.9407496666667
LG01	4005640	4007420	83.4846956666667
LG01	4007555	4009013	110.508412666667
LG01	4009522	4012993	53.9326033333333
LG01	401113	404148	19.8590883333333
LG01	4013207	4013847	0.110767333333333
LG01	4014622	4018072	0.005449
LG01	4019369	4020465	44.031989
LG01	4020665	4021816	221.523946333333
LG01	4022101	4027069	8.63285133333333
LG01	4027046	4027888	77.6642913333333
LG01	4027901	4028442	41.5029093333333
LG01	4028494	4031833	93.4182306666667
LG01	4032063	4035333	133.767344
LG01	4036555	4045307	9.58598333333333
LG01	4045512	4047046	19.4771156666667
LG01	404597	406523	29.686289
LG01	4047121	4048600	63.5792313333333
LG01	4049834	4050678	0.299910333333333
LG01	4051595	4053169	57.218123
LG01	4053243	4054666	0.435692333333333
LG01	4054736	4057710	31.4851876666667
LG01	4057752	4059671	3.54100866666667
LG01	4060300	4061188	8.82143833333333
LG01	4061751	4062744	0.456119666666667
LG01	4063249	4064776	93.1861623333333
LG01	4065835	4068281	14.5253976666667
LG01	406910	407913	23.160849
LG01	4069608	4070778	27.2836293333333
LG01	4071792	4072899	8.026868
LG01	4073048	4078040	23.68499
LG01	4078049	4079245	8.157501
LG01	4079420	4080097	0.206479333333333
LG01	4080566	4082449	92.0573703333333
LG01	4082835	4083495	7.45832466666667
LG01	4083796	4085197	23.3481193333333
LG01	408487	409504	103.385149666667
LG01	4085180	4086899	1.524859
LG01	4087468	4089250	4.43468233333333
LG01	4089499	4091416	32.582493
LG01	4091550	4092748	28.797286
LG01	4092866	4093271	10.4747593333333
LG01	4093445	4094032	58.5508116666667
LG01	4094228	4095306	186.901977666667
LG01	4095508	4096619	156.072759
LG01	4097345	4098026	15.9711
LG01	409797	410998	1.23933366666667
LG01	4098180	4099437	357.858998666667
LG01	4099721	4102013	21.243657
LG01	4102033	4103016	28.3867616666667
LG01	4103554	4107822	121.586263
LG01	4108637	4110061	8.20364266666667
LG01	411034	413545	44.6311556666667
LG01	4111247	4114369	34.1887206666667
LG01	4114477	4116627	31.1507873333333
LG01	4116834	4124129	10.5226493333333
LG01	4124982	4126214	18.9574573333333
LG01	4126239	4128309	45.7161813333333
LG01	4128533	4131231	9.37072733333333
LG01	4131600	4132545	36.7613943333333
LG01	4132784	4134756	31.5655436666667
LG01	4135284	4136780	0.241210666666667
LG01	4136786	4137515	1.57592166666667
LG01	4138109	4142608	12.7128066666667
LG01	4143019	4149893	13.3170763333333
LG01	4149911	4151486	0.537245
LG01	41499	44347	0
LG01	4151641	4153885	23.7714223333333
LG01	415189	416230	61.2230543333333
LG01	4154499	4155703	0.879823666666667
LG01	4156392	4157318	8.90640766666667
LG01	4159378	4160593	242.878870333333
LG01	4160976	4161597	70.117026
LG01	4162212	4163939	14.8144106666667
LG01	4165553	4166670	0.049496
LG01	4167011	4169772	41.4208616666667
LG01	4170136	4171938	26.3554176666667
LG01	4172156	4173371	9.690039
LG01	4174166	4177310	5.23493066666667
LG01	4177731	4178932	0.936689
LG01	4179134	4182219	22.072897
LG01	418080	420205	27.9977696666667
LG01	4183141	4184545	11.5738893333333
LG01	4184795	4186884	23.2819003333333
LG01	4187330	4190622	14.585849
LG01	4190711	4191855	1.122716
LG01	4192061	4194118	0.332392333333333
LG01	4194619	4195636	0.0464733333333333
LG01	4196327	4197332	0
LG01	4197503	4199585	23.59006
LG01	4199747	4201997	15.4039763333333
LG01	420355	422142	2.07380766666667
LG01	4203682	4206090	10.5164503333333
LG01	4206185	4209158	93.3473053333333
LG01	4210525	4211013	102.714968666667
LG01	4211197	4212158	18.359714
LG01	4212212	4213979	312.990203666667
LG01	4214538	4215350	18.2919393333333
LG01	4215950	4217439	1198.349284
LG01	4217660	4221183	13.419321
LG01	4221676	4224763	0.825639
LG01	4224811	4226475	3.61758666666667
LG01	422690	424662	23.8512943333333
LG01	4227236	4229402	0.439254333333333
LG01	4229602	4232051	27.6055313333333
LG01	4234099	4235264	1.27161
LG01	4235391	4236783	37.873399
LG01	4237625	4240479	68.918414
LG01	4240601	4243439	6.17815933333333
LG01	4245459	4245851	7.86089233333333
LG01	4245996	4247409	45.5437163333333
LG01	424687	427576	14.0367693333333
LG01	4248125	4250683	79.8278806666667
LG01	4250718	4252543	4.781575
LG01	4252644	4255452	132.015894333333
LG01	4256266	4258322	28.789418
LG01	4258440	4259801	24.3343423333333
LG01	4259984	4260653	18.3208653333333
LG01	4261155	4262176	445.894399
LG01	4262368	4263699	9.61333966666667
LG01	4263750	4264602	143.543680666667
LG01	4264956	4266655	45.9194006666667
LG01	4267532	4270005	22.4124923333333
LG01	4270316	4271893	32.6788993333333
LG01	4272293	4276232	9.90485733333333
LG01	4276411	4279069	10.9544553333333
LG01	4279314	4281987	5.870283
LG01	4282748	4284331	121.120915666667
LG01	4284412	4289300	25.4161746666667
LG01	428556	430128	42.2279383333333
LG01	4289503	4290652	33.229187
LG01	4290761	4296948	11.1873626666667
LG01	4298071	4301229	37.1373303333333
LG01	4301369	4302314	0.804858333333333
LG01	4302363	4304425	43.6341056666667
LG01	4305763	4307404	0.57765
LG01	4308050	4309982	100.046885
LG01	4310285	4313376	55.5015803333333
LG01	431056	432628	41.5544176666667
LG01	4313489	4316578	9.77697633333333
LG01	4316700	4319098	5489.120931
LG01	4319271	4321635	27.6510446666667
LG01	4322747	4326689	35.811728
LG01	4326869	4328206	37.500624
LG01	4328536	4331311	23.183251
LG01	432861	433969	24.911995
LG01	4331375	4332475	15.0007116666667
LG01	4332647	4337261	1.380609
LG01	4337503	4338821	165.312312
LG01	4338831	4340286	78.8176013333333
LG01	4340681	4342181	127.049426
LG01	434242	436531	1.46197
LG01	4342619	4343864	116.058507333333
LG01	4344217	4345064	33.2423916666667
LG01	4345228	4346743	2.621151
LG01	4346928	4350217	34.1212396666667
LG01	4350410	4351516	197.465225333333
LG01	4351621	4352685	2.71322966666667
LG01	4352885	4353880	4.95930833333333
LG01	4354491	4358649	21.1386203333333
LG01	4357249	4358416	18.3638426666667
LG01	4358685	4361975	122.802434
LG01	4362519	4363831	13.1489283333333
LG01	4364000	4365531	376.811198
LG01	4365616	4367848	9.180836
LG01	4368101	4368877	0
LG01	4369529	4371267	18.2603753333333
LG01	437091	439001	15.785613
LG01	4371247	4372073	62.0270663333333
LG01	4372188	4373420	2.32150433333333
LG01	4373545	4377263	18.257957
LG01	4378435	4383237	64.7467116666667
LG01	4383961	4387175	174.670649333333
LG01	4387265	4399273	14.8243506666667
LG01	439104	442690	15.676591
LG01	4399388	4401204	345.813608666667
LG01	4401266	4402656	70.7355523333333
LG01	4402686	4403939	0.972804666666667
LG01	4405314	4408171	24.3645023333333
LG01	4408287	4410291	11.6015376666667
LG01	4410397	4412998	14.831946
LG01	4413325	4414668	24.4449156666667
LG01	4415250	4415816	96.335218
LG01	4416081	4418107	17.8889026666667
LG01	4419054	4422339	20.6077593333333
LG01	4422414	4425317	25.4397856666667
LG01	4425895	4428338	16.268278
LG01	4428984	4430481	2.39686166666667
LG01	443105	444998	2.329881
LG01	4432119	4433918	178.458114666667
LG01	4434141	4435178	163.183446333333
LG01	4436323	4438690	22.5718146666667
LG01	4439832	4442609	9.88950766666667
LG01	4442902	4444860	34.0884666666667
LG01	4444911	4446322	41.0174766666667
LG01	4446631	4449112	18.9182886666667
LG01	4449315	4452511	25.677592
LG01	445210	446723	2.513246
LG01	4453078	4456935	26.05947
LG01	4456955	4457886	0.0956923333333333
LG01	4459387	4460069	18.2286706666667
LG01	4460082	4463997	15.962493
LG01	4464942	4468761	133.087766
LG01	446773	449932	59.5028673333333
LG01	4469450	4471255	20.5685036666667
LG01	4472109	4473591	458.674194666667
LG01	4473663	4477020	11.9448713333333
LG01	4477076	4479514	71.737348
LG01	4479822	4480755	28.8915746666667
LG01	4481174	4483734	121.495040666667
LG01	4483920	4486548	15.0447546666667
LG01	4487256	4488790	494.722585
LG01	4489790	4490532	107.582656666667
LG01	4490624	4492993	16.498277
LG01	4493398	4494279	62.1672263333333
LG01	4494896	4496272	1546.975423
LG01	4496528	4496879	43.3406523333333
LG01	4497521	4498503	2251.776367
LG01	4498924	4500803	102.956306333333
LG01	4502518	4506145	154.126525666667
LG01	4506496	4508396	224.298772333333
LG01	4508593	4512229	173.148768333333
LG01	4513465	4514300	211.203125
LG01	4514748	4515811	27.595084
LG01	451637	452602	41.3507636666667
LG01	4516519	4518532	149.688105333333
LG01	4518832	4521047	7.03921866666667
LG01	4522381	4524083	33.5443636666667
LG01	4524239	4525349	29.6665556666667
LG01	4525524	4526022	117.654149333333
LG01	4526215	4526655	159.878235
LG01	4526770	4528222	17.7910786666667
LG01	4528244	4530290	16.0573496666667
LG01	453062	454166	100.434443
LG01	4530924	4533202	182.684753333333
LG01	4533312	4536194	13.4802533333333
LG01	4536227	4537903	12.5218976666667
LG01	4538701	4540586	20.5670846666667
LG01	4540833	4541622	493.404795666667
LG01	4541846	4545903	128.943552666667
LG01	454333	454740	50.973741
LG01	4546005	4548281	17.641687
LG01	4548377	4549687	144.186442
LG01	4549676	4551775	52.451612
LG01	4552136	4552955	2010.96341966667
LG01	4553093	4554729	3.38579833333333
LG01	4555273	4559861	209.538961
LG01	45559	46286	0
LG01	4559955	4567601	16.8675246666667
LG01	456721	459960	0.851508
LG01	4567896	4573371	16.9463416666667
LG01	4573527	4576386	65.1759616666667
LG01	4577346	4577838	2.21135533333333
LG01	4577884	4579566	0.110833666666667
LG01	4580668	4582158	5.70599433333333
LG01	4582203	4582903	52.5646936666667
LG01	4583183	4585489	269.074208333333
LG01	4585716	4589264	38.8362873333333
LG01	4589510	4590392	15.6869053333333
LG01	4590916	4591554	32.9461746666667
LG01	4591701	4592505	95.6851553333333
LG01	4592681	4593463	55.9098043333333
LG01	4594080	4595275	43.6237933333333
LG01	4595454	4598668	8.563694
LG01	4599220	4601225	98.2585193333334
LG01	4601388	4604792	9.80944733333333
LG01	4602791	4604662	0.00776633333333333
LG01	460413	461009	0
LG01	460498	462087	0.216993333333333
LG01	4605053	4609706	6.13108233333333
LG01	4610005	4611682	14.882913
LG01	4611989	4613960	31.9092433333333
LG01	4614007	4615223	182.853001666667
LG01	4615384	4616452	27.2967123333333
LG01	4616584	4619920	12.353042
LG01	4619998	4623289	23.5160816666667
LG01	462184	463096	313.731628666667
LG01	4623444	4624472	56.9213206666667
LG01	4624614	4633708	35.9281006666667
LG01	463211	464159	45.9811693333333
LG01	4634152	4637324	22.7297526666667
LG01	4637730	4638129	0.273238333333333
LG01	4638192	4640700	0.905520666666667
LG01	4640713	4642149	31.4470753333333
LG01	464196	465688	82.7876793333333
LG01	4642406	4643745	0.450533666666667
LG01	4644062	4644724	12.4925226666667
LG01	4646027	4647965	33.8033116666667
LG01	4648180	4649377	22.017072
LG01	4649562	4655341	9.16023966666667
LG01	465692	467915	10.4178563333333
LG01	4657240	4662059	25.328991
LG01	4662121	4662867	10.2706763333333
LG01	4663010	4663689	16.191413
LG01	4663726	4665423	44.6240563333333
LG01	4665431	4668337	35.43107
LG01	4668827	4669401	1087.26147433333
LG01	4669956	4672824	105.646886333333
LG01	4673514	4674038	132.856170666667
LG01	4675230	4675930	27.1897846666667
LG01	4676180	4682423	66.2122293333333
LG01	467991	469072	13.0805293333333
LG01	4682782	4685858	52.4411953333333
LG01	4686109	4689541	57.058875
LG01	4690812	4693170	1.099525
LG01	4693176	4695355	93.2255046666667
LG01	469338	471705	15.1037796666667
LG01	4695942	4697522	99.10702
LG01	4697831	4699627	11.4683016666667
LG01	4699923	4701488	39.8576073333333
LG01	4701862	4705539	24.8270336666667
LG01	4706104	4709509	3.51294633333333
LG01	4709633	4711179	59.082302
LG01	4711340	4712667	29.8300773333333
LG01	4712827	4715775	41.167852
LG01	4715830	4717633	6.83391233333333
LG01	4717777	4725519	16.741959
LG01	4725678	4727402	13.5243286666667
LG01	4727471	4728291	38.51525
LG01	4728350	4729354	94.4019343333333
LG01	4729346	4732963	31.7332126666667
LG01	4732952	4737481	9.70458533333333
LG01	473382	476288	20.6846693333333
LG01	4737794	4741249	27.1216963333333
LG01	4741988	4743461	13.9885686666667
LG01	4743709	4744286	113.499488666667
LG01	4744452	4747436	17.3373233333333
LG01	4747444	4748131	7.69454966666667
LG01	4748136	4749981	11.4121616666667
LG01	4750834	4752850	890.254598
LG01	4753799	4756956	129.027689666667
LG01	4757345	4757904	380.950419333333
LG01	4758656	4760718	51.070582
LG01	4760806	4761793	57.397329
LG01	4762079	4764541	261.807627333333
LG01	4764645	4767519	15.9371553333333
LG01	476465	480061	18.1448593333333
LG01	4767771	4769863	63.311633
LG01	4769958	4773135	27.574858
LG01	4770776	4771920	190.310419666667
LG01	4773356	4776640	28.4092286666667
LG01	4776806	4779160	51.449867
LG01	4782255	4782912	63.2595023333333
LG01	4783235	4784394	16.2679503333333
LG01	4784615	4785212	61.5326753333333
LG01	4785512	4789844	56.7394666666667
LG01	4790282	4791512	16.0430246666667
LG01	4791881	4796866	73.561114
LG01	4797064	4800575	116.142303333333
LG01	4800837	4801973	69.9146166666667
LG01	480159	481252	1.58332366666667
LG01	480178	481252	0.983125
LG01	4802266	4802636	616.595601333333
LG01	4803087	4804309	109.628547666667
LG01	4804512	4805608	5.52590266666667
LG01	4806297	4810034	21.12862
LG01	48078	50086	0
LG01	4810172	4810930	56.8006503333333
LG01	4811100	4811762	48.1439453333333
LG01	4811820	4813103	63.6257236666667
LG01	4813297	4817154	16.8447603333333
LG01	4817316	4818855	23.1479676666667
LG01	481857	484805	24.903819
LG01	4819363	4826398	13.2001013333333
LG01	4826421	4827504	15.4290173333333
LG01	4828366	4829254	55.7944256666667
LG01	4829793	4833615	29.118749
LG01	4833639	4834432	606.449585333333
LG01	4834999	4835288	0
LG01	4834999	4835512	0.0712433333333333
LG01	4836272	4839063	14.1289256666667
LG01	4839166	4840890	52.2518346666667
LG01	4841611	4842204	0.198486
LG01	4842227	4844796	133.234004
LG01	4846333	4847655	43.468927
LG01	4848171	4851815	17.336061
LG01	4851933	4856821	20.9142926666667
LG01	4857045	4861973	5.94580333333333
LG01	4862440	4864363	163.182688333333
LG01	4864781	4865781	611.129008
LG01	486479	487635	20.0316976666667
LG01	4866407	4867934	41.983148
LG01	4868014	4870321	45.5403633333333
LG01	4870437	4873416	46.3595936666667
LG01	4871394	4875313	16.7388603333333
LG01	4875813	4879677	10.242404
LG01	487821	489889	41.4836946666667
LG01	4879735	4881061	23.13272
LG01	4881125	4882776	3.507317
LG01	4882832	4883691	402.638956666667
LG01	4883793	4886379	8.820106
LG01	4886439	4887303	17.893127
LG01	4887313	4888561	19.3241633333333
LG01	4888817	4889829	52.716933
LG01	4890058	4890705	53.474874
LG01	4890841	4892527	21.3297386666667
LG01	4892850	4893470	44.8487966666667
LG01	4893567	4894784	32.0593576666667
LG01	4894785	4897273	86.6166713333333
LG01	4897427	4900897	7.83906966666667
LG01	4901187	4907796	45.5136896666667
LG01	490607	491596	47.460392
LG01	4908064	4909619	81.0258026666667
LG01	4909828	4911480	43.2719383333333
LG01	4911748	4912915	32.5213273333333
LG01	4913050	4914691	14.5985823333333
LG01	4915042	4916502	11.8869876666667
LG01	4917173	4919671	101.355832333333
LG01	4919741	4920293	0
LG01	4920865	4921579	0.293553666666667
LG01	492100	494501	41.1469966666667
LG01	4921876	4926154	23.7251826666667
LG01	4927030	4928271	2.757834
LG01	4928754	4931170	21.6384723333333
LG01	4932628	4936082	41.445442
LG01	4936273	4938858	203.944203666667
LG01	4938954	4942445	13.7495723333333
LG01	4942486	4945696	0.263340666666667
LG01	4946250	4953826	8.42210566666667
LG01	494723	496493	24.6866253333333
LG01	4953849	4955867	56.463117
LG01	4956775	4958268	216.069956666667
LG01	4959223	4960415	9.62321866666667
LG01	4965175	4970205	23.970462
LG01	497078	498665	233.564290666667
LG01	4970891	4972494	35.3148826666667
LG01	4972696	4974718	32.755624
LG01	4975485	4977729	471.294973
LG01	4977864	4978279	54.469869
LG01	4978590	4982990	7.16474266666667
LG01	4982408	4983825	35.0391933333333
LG01	4983824	4986199	67.7977726666667
LG01	4986307	4988673	13.9830546666667
LG01	498678	503265	25.4116063333333
LG01	4988747	4990665	18.814502
LG01	4991190	4992960	24.6399073333333
LG01	4992991	4993510	42.8281963333333
LG01	4994364	4996573	0.595466
LG01	4996966	4999295	0.548939
LG01	5000663	5001569	0.082242
LG01	5014714	5015830	0
LG01	5016497	5017933	0.152084
LG01	5019098	5021265	4.956131
LG01	5021325	5023713	35.5355746666667
LG01	5023735	5026460	157.498067
LG01	5026716	5027599	220.364731
LG01	5027633	5031763	14.5328513333333
LG01	5031863	5032768	65.5581336666667
LG01	5032875	5033710	18.2817246666667
LG01	503329	506579	34.143303
LG01	5033716	5035906	20.5997083333333
LG01	5036028	5036563	310.74823
LG01	5036861	5041151	13.23387
LG01	5041562	5042581	92.1790873333333
LG01	5043121	5045504	44.9249623333333
LG01	5045603	5051607	15.3437693333333
LG01	5051751	5054654	28.6612363333333
LG01	5054900	5055682	61.6039986666667
LG01	5055760	5057036	1.97640633333333
LG01	5057135	5057829	0.687582
LG01	5058546	5060968	28.982319
LG01	5061198	5064124	30.477415
LG01	50628	52322	1.02312533333333
LG01	5064179	5064748	215.934346333333
LG01	5065412	5066181	0
LG01	5066530	5068256	34.5250013333333
LG01	506658	508448	62.9828386666667
LG01	5068274	5072541	5.49016933333333
LG01	5072603	5074435	43.6090496666667
LG01	5075571	5078157	49.0083326666667
LG01	5078543	5079228	3.14683333333333
LG01	5079773	5081575	3.29957166666667
LG01	5081623	5085704	10.023605
LG01	5086132	5089025	154.291972
LG01	5089233	5091913	28.6833203333333
LG01	509076	511636	134.406071666667
LG01	5091982	5093356	16.4041886666667
LG01	5094326	5099675	9.02492333333333
LG01	5101478	5102562	0
LG01	5103862	5106508	0
LG01	5107749	5113098	5.31056466666667
LG01	5114364	5116497	5.60198933333333
LG01	5116595	5117359	1.155392
LG01	5117625	5118360	38.1207873333333
LG01	5118479	5119036	42.4347826666667
LG01	5119111	5121056	43.952746
LG01	511911	513475	36.0394776666667
LG01	5121303	5123954	7.36012666666667
LG01	5124669	5125389	0.00731733333333333
LG01	5124686	5127459	14.9805826666667
LG01	5127564	5128555	7.48213466666667
LG01	5128619	5129221	65.0711196666667
LG01	5129241	5129920	107.780550666667
LG01	5130086	5131477	10.4063403333333
LG01	5131895	5133639	11.6195136666667
LG01	5133860	5136305	25.590088
LG01	5136608	5138222	8.688514
LG01	5138982	5142854	54.5291153333333
LG01	513967	514623	269.738678
LG01	5143301	5145141	43.5169346666667
LG01	5145217	5145982	33.99902
LG01	5146079	5147272	62.158493
LG01	5147436	5149378	57.3486693333333
LG01	514901	516252	22.126538
LG01	5149380	5151456	14.945976
LG01	5152042	5153815	214.308899
LG01	5154227	5156803	18.8077253333333
LG01	5156937	5158745	45.9154636666667
LG01	5158821	5163079	26.2559763333333
LG01	5163179	5164409	53.692669
LG01	5164607	5169515	453.657501333333
LG01	5169766	5172091	47.085875
LG01	5172696	5178766	32.9573223333333
LG01	517277	518925	6.622604
LG01	5179041	5181558	38.6356923333333
LG01	5181655	5184615	24.4822713333333
LG01	5184620	5185575	7.541009
LG01	5185687	5186387	138.017311333333
LG01	5186552	5190945	19.7027273333333
LG01	5191113	5192322	27.2692993333333
LG01	5192463	5196451	20.6191106666667
LG01	5197386	5198337	12.1961533333333
LG01	519862	521441	160.796620666667
LG01	5199426	5200511	7.75727733333333
LG01	5201080	5203870	25.8877016666667
LG01	5203904	5208691	10.917512
LG01	5208997	5210325	19.488504
LG01	5210448	5213908	16.0661673333333
LG01	5215097	5221645	34.634716
LG01	521739	523456	29.098521
LG01	5221846	5224937	18.9093226666667
LG01	5225107	5227017	6.694689
LG01	5227084	5229521	17.516847
LG01	5229598	5231810	27.4193616666667
LG01	5231907	5232938	39.6246323333333
LG01	5233021	5234584	10.3343373333333
LG01	5234678	5237141	4.86216566666667
LG01	5237292	5241657	30.635129
LG01	524154	525055	13.223467
LG01	5241786	5242867	31.8090056666667
LG01	5243322	5246209	17.226064
LG01	5246951	5253643	41.908455
LG01	525208	526859	75.4430876666667
LG01	5253716	5254974	74.9873146666666
LG01	5254998	5256287	4.00685566666667
LG01	5257036	5258257	6.80100266666667
LG01	5259885	5261017	67.2004316666667
LG01	5262246	5264472	1230.61820433333
LG01	5264800	5265819	250.565612666667
LG01	5266063	5268810	2.76817633333333
LG01	52687	53485	0.239368666666667
LG01	5268869	5269608	62.1235806666667
LG01	5269609	5275527	9.68590733333333
LG01	527251	529356	38.866731
LG01	5276554	5280304	36.175003
LG01	5280614	5288740	20.2016613333333
LG01	5288878	5289811	89.0930253333333
LG01	5290091	5292115	20.4755313333333
LG01	5292489	5293592	10.392834
LG01	5293691	5294296	124.934143
LG01	5294864	5295307	472.924591
LG01	529565	530270	16.135835
LG01	5295761	5300613	99.1985243333333
LG01	5301104	5302256	47.2052813333333
LG01	5302444	5304081	24.8999096666667
LG01	530521	534847	18.4334736666667
LG01	5305502	5309162	45.584642
LG01	5309427	5311430	8.289977
LG01	5311561	5313525	184.843679
LG01	5314498	5317629	13.5631776666667
LG01	5317804	5321453	38.4124436666667
LG01	5321647	5322439	80.4146016666667
LG01	5322643	5323074	2.82127
LG01	5323139	5324013	103.242007
LG01	5324747	5329428	18.2830023333333
LG01	5329844	5330864	106.848027333333
LG01	5330832	5335157	7.20616866666667
LG01	5335262	5337785	134.246993666667
LG01	5338373	5341081	23.078269
LG01	5341214	5342977	78.7798616666667
LG01	5343116	5346579	30.054883
LG01	5346728	5347754	49.804352
LG01	5348529	5350791	60.36203
LG01	5351828	5352410	1.39552333333333
LG01	535199	537796	2.444122
LG01	5352513	5357244	52.7328783333333
LG01	5357283	5359620	11.619995
LG01	5359647	5361693	10.0097316666667
LG01	5361813	5363616	13.9567183333333
LG01	5363842	5367002	26.3343
LG01	5367924	5370482	168.377324333333
LG01	5371003	5371828	427.283925333333
LG01	5372000	5373423	6.08509466666667
LG01	5373637	5374587	23.226755
LG01	5374755	5375343	259.706502333333
LG01	5375561	5376681	9.269173
LG01	5376773	5377558	30.6628616666667
LG01	5377680	5380100	22.1478913333333
LG01	537843	542011	9.53205733333333
LG01	5380153	5383783	29.5765563333333
LG01	5384810	5387382	15.2153793333333
LG01	5387535	5395583	231.234471666667
LG01	5395780	5396794	36.7515093333333
LG01	5397095	5398026	17.5127376666667
LG01	5398310	5399663	43.0015576666667
LG01	5399839	5400170	302.227457666667
LG01	5400379	5403995	14.461353
LG01	5404106	5405025	14.6579626666667
LG01	5405158	5406114	96.996877
LG01	5406356	5408965	20.5539703333333
LG01	5409326	5411966	691.21344
LG01	5412052	5417009	99.7797826666667
LG01	5414391	5418204	3.66116066666667
LG01	5418433	5418960	607.799011333333
LG01	5419275	5420351	42.415067
LG01	5420495	5421888	30.6174296666667
LG01	542151	543782	0.289192666666667
LG01	5421996	5423478	55.584062
LG01	5423675	5425716	9.16873066666667
LG01	5426186	5427521	6.25133066666667
LG01	5427925	5433659	56.3115946666667
LG01	5433883	5435142	33.3892463333333
LG01	5435222	5438826	2.045951
LG01	5439139	5441470	8.982532
LG01	544167	546647	175.223505666667
LG01	5441741	5443620	12.0406786666667
LG01	5444219	5444777	14.988728
LG01	5445164	5445821	48.3987336666667
LG01	5445917	5449226	35.8117753333333
LG01	5450001	5453773	25.4466486666667
LG01	5454254	5455136	54.5590006666667
LG01	5455779	5458523	60.5323233333333
LG01	5459852	5460405	2.223874
LG01	5462870	5463622	0.0644403333333333
LG01	5463626	5465596	1007.70359266667
LG01	5465573	5467152	36.0751073333333
LG01	5467351	5468021	13.9049713333333
LG01	5468660	5471527	42.914777
LG01	546970	548730	1.49268133333333
LG01	5472127	5474172	11.864247
LG01	5474898	5475768	82.2831676666667
LG01	5475988	5478662	30.089564
LG01	5478898	5482662	460.710205333333
LG01	5482788	5484364	8.587341
LG01	5484498	5490146	9.09903033333333
LG01	548858	549606	0.228149
LG01	5490514	5491384	16.202238
LG01	5491579	5492598	3.86315733333333
LG01	5492702	5495439	35.6977996666667
LG01	5495594	5498150	105.151270666667
LG01	5498397	5507111	24.6968583333333
LG01	5507374	5508219	196.905934333333
LG01	5508441	5509570	36.4428243333333
LG01	5509655	5510466	64.0239856666667
LG01	551011	555358	19.422179
LG01	5510504	5512003	64.3918456666667
LG01	5512035	5514505	14.36414
LG01	5515214	5515780	119.831527666667
LG01	5515990	5517959	17.5024173333333
LG01	5519545	5521231	0
LG01	5525616	5526632	0
LG01	5554385	5556604	0
LG01	555444	560430	16.9239626666667
LG01	5559434	5561889	0
LG01	5565016	5569223	67.697291
LG01	5569476	5570480	265.013753333333
LG01	5570669	5573587	14.825757
LG01	5573594	5576128	20.6940243333333
LG01	5576397	5577994	30.5409826666667
LG01	5578084	5580075	87.6120633333333
LG01	5580411	5583432	54.8253046666667
LG01	5582430	5583415	8.850649
LG01	5583510	5586384	36.4656256666667
LG01	5586448	5589500	58.198312
LG01	5588	9968	0.142501666666667
LG01	5589624	5590263	207.133519333333
LG01	5590382	5594306	14.9763016666667
LG01	5594476	5596773	17.13127
LG01	5597206	5598534	384.902832
LG01	5598732	5600886	5.39631433333333
LG01	5600983	5606428	9.72778833333333
LG01	560521	561600	1.344576
LG01	5607432	5607795	0
LG01	5608182	5608776	218.436218
LG01	5609152	5610848	0.171778666666667
LG01	5611020	5611811	0.215288666666667
LG01	5612744	5616570	1.77792066666667
LG01	5618225	5624904	18.5948593333333
LG01	561863	563727	16.9664783333333
LG01	5625345	5628559	12.9947326666667
LG01	5628756	5630537	10.635823
LG01	5631719	5636406	38.3478403333333
LG01	5636437	5637571	12.0157606666667
LG01	5637770	5639891	1.710959
LG01	563808	564714	538.972249333333
LG01	5640009	5642341	228.802444333333
LG01	5642403	5642890	39.1078033333333
LG01	5643010	5645100	115.207532333333
LG01	5645302	5646234	205.962997666667
LG01	5646525	5647361	42.8971696666667
LG01	5647484	5653045	10.6783796666667
LG01	565316	566103	518.123901333333
LG01	5653255	5656588	22.981975
LG01	5656824	5658066	44.612362
LG01	5658180	5665354	13.163808
LG01	5665597	5667571	133.479991
LG01	566684	567207	48.7312596666667
LG01	5667863	5668648	12.0163043333333
LG01	5668776	5670424	40.6228343333333
LG01	5670706	5671764	1.93169666666667
LG01	5672099	5673394	473.939148
LG01	5673533	5674998	2.610293
LG01	5675180	5680063	17.445567
LG01	567616	571092	111.461016666667
LG01	5680202	5683491	13.8308933333333
LG01	5683668	5686771	37.165825
LG01	5687039	5688482	20.276592
LG01	5689028	5689960	0.0576033333333333
LG01	5689962	5692089	4.77506066666667
LG01	5692286	5692942	0.830727666666667
LG01	5693225	5702293	60.6061323333333
LG01	5702628	5703625	5.65908633333333
LG01	5704732	5705048	0.926717333333333
LG01	5705623	5707996	20.1065503333333
LG01	5708206	5709465	284.796040666667
LG01	5709624	5711073	39.9331536666667
LG01	5711327	5711973	116.119494
LG01	5712391	5713688	121.376411666667
LG01	5713943	5715410	6.07878833333333
LG01	5715630	5716750	0
LG01	5718551	5719650	6.62206466666667
LG01	5719794	5721648	81.395851
LG01	5721663	5723955	27.0743456666667
LG01	5724260	5726717	7.74125833333333
LG01	5726874	5729087	33.9598633333333
LG01	5729422	5731526	5.96180733333333
LG01	5731711	5734517	22.4722836666667
LG01	573448	575356	28.9078696666667
LG01	5734816	5737645	16.7189566666667
LG01	5737928	5746242	21.338367
LG01	5746511	5748945	65.723625
LG01	5749068	5751726	7.718398
LG01	5752280	5753592	2.20247033333333
LG01	5754175	5755192	1.168237
LG01	5756353	5757240	15.7738396666667
LG01	5758219	5761429	50.811296
LG01	5761487	5763809	3.874318
LG01	5764243	5766033	5.66793333333333
LG01	5766754	5768156	0.445461666666667
LG01	5768477	5770871	36.71962
LG01	577014	577956	737.024923
LG01	5771315	5772710	45.3602893333333
LG01	5772861	5774312	16.5627953333333
LG01	578562	579902	1082.93668633333
LG01	5788517	5790132	25.9723993333333
LG01	5790133	5791841	7.891118
LG01	5791875	5793593	390.482127
LG01	5793851	5798696	10.884904
LG01	5798861	5801464	68.9241993333333
LG01	5801879	5803041	36.3159293333333
LG01	5803782	5804821	9.676484
LG01	5804950	5806985	1044.938802
LG01	5807028	5808458	31.565869
LG01	580857	583727	54.234328
LG01	5808948	5810972	6.90961166666667
LG01	5811253	5815182	9.23404133333333
LG01	5815630	5816399	0
LG01	5816697	5818262	211.244857666667
LG01	5818583	5822120	47.1552386666667
LG01	5822207	5826970	32.983139
LG01	5825449	5826463	0.000935
LG01	5827904	5828526	53.2669346666667
LG01	5828740	5829844	116.518872333333
LG01	5830121	5832867	39.6132343333333
LG01	5832986	5835223	81.3226523333333
LG01	5836299	5840010	11.1457066666667
LG01	583787	586663	22.5282763333333
LG01	5840106	5842832	149.643605666667
LG01	5842980	5846253	28.2109776666667
LG01	5847104	5858443	23.1999793333333
LG01	5858567	5861085	76.6403786666667
LG01	5861157	5863381	2.57841666666667
LG01	5863695	5864556	0.914185666666667
LG01	5864662	5867796	79.3476436666667
LG01	586780	588473	11.1201733333333
LG01	5868742	5870025	163.548166666667
LG01	5870733	5874186	45.120163
LG01	58735	60090	0
LG01	5874316	5876675	4.78543366666667
LG01	5876867	5881219	71.9996416666667
LG01	5881297	5882437	24.7100876666667
LG01	5883474	5884024	45.4050216666667
LG01	5884180	5885773	15.5194253333333
LG01	588550	590423	10.911737
LG01	5886048	5887720	3.200783
LG01	5887730	5890025	46.4126013333333
LG01	5890038	5893880	26.2779896666667
LG01	5894019	5895469	53.338867
LG01	5895470	5897074	0.929059666666667
LG01	5897222	5898782	22.140398
LG01	5898927	5906520	29.7114793333333
LG01	590526	595687	14.014996
LG01	5907687	5908553	0.230021333333333
LG01	5908640	5909738	1.056331
LG01	5909715	5912054	213.559656666667
LG01	5911917	5914471	84.2010043333333
LG01	5914769	5915173	73.2972003333333
LG01	5915283	5915767	141.561325
LG01	5916182	5917834	265.760467666667
LG01	5918046	5921412	6.292305
LG01	5921530	5922118	48.967388
LG01	5922271	5925128	9.78465633333333
LG01	5926671	5929173	0
LG01	5934487	5937600	0.0159196666666667
LG01	5940651	5941205	0
LG01	5943766	5948963	0
LG01	5949903	5952701	0.921042333333333
LG01	5953628	5954623	2.187604
LG01	5956822	5960319	0
LG01	596673	597905	16.490736
LG01	5978878	5979213	0
LG01	597969	600337	28.1200133333333
LG01	5986798	5989931	7.167932
LG01	5990073	5991877	248.721995
LG01	5992140	5996870	112.040759
LG01	5997013	5997715	12.9486626666667
LG01	5998118	6000336	1.099085
LG01	6000429	6004011	6.455716
LG01	600338	602757	125.325462333333
LG01	6004109	6004509	253.849904
LG01	6004749	6005551	28.8271076666667
LG01	6005686	6006570	29.2672416666667
LG01	6007014	6008695	58.5756923333333
LG01	6008882	6010083	22.6401423333333
LG01	6010361	6014103	13.1148316666667
LG01	6014225	6017083	20.4685493333333
LG01	6015018	6017234	0.297364666666667
LG01	6017366	6019576	27.4214236666667
LG01	6019841	6022448	504.158355333333
LG01	6022803	6024258	13.291284
LG01	6024369	6026255	1.833759
LG01	6026502	6028061	384.627909333333
LG01	6028168	6029880	20.022061
LG01	602872	605246	17.7840693333333
LG01	6030354	6033485	53.2795336666667
LG01	6033956	6036584	31.90852
LG01	6036705	6039088	3056.39208966667
LG01	6039086	6040478	1125.77372233333
LG01	6041074	6041837	305.699035333333
LG01	6041962	6043320	57.6808343333333
LG01	6043607	6044932	71.2731983333333
LG01	6045400	6046672	23.403864
LG01	6046738	6047852	27.9391346666667
LG01	6048099	6050607	18.958316
LG01	6051389	6053924	23.702699
LG01	6054607	6055126	31.7954616666667
LG01	6055651	6056939	28.1422123333333
LG01	6057136	6059193	192.300379333333
LG01	6059405	6060542	59.952614
LG01	6060804	6062906	36.4678243333333
LG01	606240	606863	0.211695
LG01	6063346	6064942	4.41385966666667
LG01	6065230	6066676	4.33158066666667
LG01	6066840	6069264	14.0535123333333
LG01	606890	608786	5.310937
LG01	6069809	6073204	80.9187953333333
LG01	6073328	6075019	16.815655
LG01	6075515	6078231	123.209523666667
LG01	6078636	6079130	12.509299
LG01	6079427	6081418	99.816414
LG01	6081620	6082736	40.0341783333333
LG01	6082885	6084138	49.742821
LG01	6085841	6093752	28.2682286666667
LG01	608845	611046	49.7716026666667
LG01	60918	61610	0
LG01	6094127	6095944	8.56686766666667
LG01	6096121	6098127	20.365568
LG01	6098352	6099139	152.370579666667
LG01	6099691	6100287	162.219202666667
LG01	6100410	6104899	5.54868933333333
LG01	6105340	6108278	171.652862333333
LG01	6109052	6110341	0
LG01	6111095	6117098	1.860635
LG01	611154	614203	4.640012
LG01	6118529	6119645	6.08953466666667
LG01	6119744	6120484	11.0928706666667
LG01	6121286	6121822	0.125389
LG01	6121968	6127368	123.085357666667
LG01	6127766	6130723	36.7112946666667
LG01	6131653	6137570	8.219579
LG01	6137469	6138953	206.525741666667
LG01	6139108	6140476	7.345746
LG01	6140566	6141867	47.4979666666667
LG01	6142363	6143615	36.7957763333333
LG01	6143842	6144934	0.908128666666667
LG01	614437	615135	22.759112
LG01	6145505	6147768	3.071924
LG01	6147226	6149216	31.7606056666667
LG01	6150262	6156222	47.98718
LG01	615513	616744	47.456529
LG01	6156478	6161478	14.265616
LG01	6161671	6163458	10.8839556666667
LG01	6164333	6168636	32.240057
LG01	6169039	6171294	85.6244073333333
LG01	616953	618500	11.6716436666667
LG01	6171472	6172203	133.190689
LG01	6172482	6173248	28.677035
LG01	6173336	6173692	45.8361956666667
LG01	6174080	6175895	91.279429
LG01	6175954	6180966	82.4964343333333
LG01	6181087	6181647	0
LG01	6181174	6181919	0.132069
LG01	6182010	6183373	14.922534
LG01	6183618	6185536	1.69687833333333
LG01	618534	619238	30.6029763333333
LG01	6185549	6185890	0.404526666666667
LG01	6186002	6188098	32.6480126666667
LG01	6188192	6189668	2.076063
LG01	6190115	6191707	78.1278073333333
LG01	6191726	6193071	446.379557333333
LG01	6193097	6194391	127.709628
LG01	619359	620019	3.12339333333333
LG01	6194514	6198810	1.79528233333333
LG01	6195939	6199449	0.0130906666666667
LG01	6199569	6200461	1.275166
LG01	6200669	6202619	17.3028203333333
LG01	620197	623593	20.6978943333333
LG01	6202661	6205752	15.9921956666667
LG01	62052	64855	0
LG01	6205855	6207254	30.7030856666667
LG01	6207390	6208058	0.153600333333333
LG01	6209120	6212069	16.304736
LG01	6212265	6213669	34.2481143333333
LG01	6215064	6216042	0.194634333333333
LG01	6216193	6218712	21.368517
LG01	6218935	6223401	3.672198
LG01	6223501	6230234	23.940762
LG01	6230637	6235018	9.17051133333333
LG01	6235259	6237975	5.38803133333333
LG01	623835	624740	301.100179
LG01	6238526	6239997	171.891591
LG01	6240128	6241666	13.904111
LG01	6242057	6246186	51.9094963333333
LG01	6246191	6248103	402.993601666667
LG01	6248101	6249803	30.1558386666667
LG01	6249860	6252234	64.7843096666667
LG01	625038	626653	88.3740436666667
LG01	6252309	6254961	28.4082986666667
LG01	6255209	6255688	66.841901
LG01	6255899	6257961	94.6950503333333
LG01	6258031	6258413	0.581048
LG01	6258772	6262724	1.600856
LG01	6262820	6264034	0.216639333333333
LG01	6264166	6265172	0.170391666666667
LG01	6265224	6266224	13.9159953333333
LG01	6266202	6267696	20.4708663333333
LG01	626789	629366	10.7413416666667
LG01	6267897	6269565	2.443984
LG01	6269612	6270806	0.460399333333333
LG01	6271179	6272593	16.3024263333333
LG01	6272929	6274796	72.0349046666667
LG01	6275330	6276263	15.195921
LG01	6276277	6278093	60.421163
LG01	6278149	6281343	48.8141556666667
LG01	6281889	6283876	592.758280333333
LG01	6286800	6287621	101.009600333333
LG01	6287911	6291879	7.46097233333333
LG01	6292148	6294418	2.72767833333333
LG01	6295008	6296399	37.212953
LG01	6296628	6303593	9.12939966666667
LG01	629749	631400	8.498077
LG01	6303696	6308103	23.949492
LG01	6310318	6312509	57.3304733333333
LG01	6313410	6313718	0
LG01	631472	632737	95.3947573333333
LG01	6315303	6315611	0
LG01	6317380	6319297	29.212798
LG01	6319534	6322069	16.9020136666667
LG01	6322153	6323428	11.1530553333333
LG01	6323475	6328877	2.345729
LG01	6329038	6334302	28.8058553333333
LG01	633002	633934	0.174173666666667
LG01	6334524	6335413	10.6127803333333
LG01	6334691	6338198	337.507869666667
LG01	6340023	6343578	9.53869533333333
LG01	634206	635227	3.35173066666667
LG01	6344972	6350678	28.2964076666667
LG01	6350759	6353531	76.897522
LG01	6353626	6355875	1.358761
LG01	635393	636367	5.12452866666667
LG01	6354864	6355493	0.0416686666666667
LG01	6356097	6358930	6.91612733333333
LG01	6359571	6360623	41.0374706666667
LG01	6361654	6363783	223.081828
LG01	6364107	6366578	300.623586
LG01	636547	638938	217.166448
LG01	6366815	6367632	1.04183266666667
LG01	6367834	6371569	40.6861176666667
LG01	6372036	6373953	35.2456373333333
LG01	6374741	6376003	16.027652
LG01	6376238	6376743	271.162770333333
LG01	6376832	6378499	9.371035
LG01	6378572	6380319	34.7019973333333
LG01	6380579	6382738	30.314805
LG01	6382832	6383967	7.03182833333333
LG01	6384065	6384605	20.5160863333333
LG01	6387616	6388317	0.063039
LG01	6388503	6390254	23.7705293333333
LG01	6390294	6391954	29.398534
LG01	639071	641986	28.916507
LG01	6391938	6395198	64.2415603333333
LG01	6397539	6399924	15.3929186666667
LG01	6400436	6401822	124.899152
LG01	6402337	6404011	21.324948
LG01	6404227	6405936	42.0705656666667
LG01	6406732	6408886	90.2655386666667
LG01	6409127	6414026	10.4226696666667
LG01	6414172	6414638	33.8392906666667
LG01	6414669	6417374	15.098407
LG01	6418082	6418830	5.797084
LG01	6419096	6422030	13.906103
LG01	642013	642890	24.7894466666667
LG01	6422120	6423450	12.6578496666667
LG01	6423552	6424211	13.1093446666667
LG01	6424962	6426170	5.71191433333333
LG01	6426404	6429199	20.3094276666667
LG01	6429373	6430429	5.85921866666667
LG01	6430925	6431579	0.288347
LG01	6431854	6433564	0.219816
LG01	6433577	6436333	10.5145046666667
LG01	643539	644555	99.5542906666667
LG01	6436492	6440424	13.9358456666667
LG01	6438708	6441934	3.85330366666667
LG01	6442903	6445019	41.9747503333333
LG01	6445441	6446608	33.0921023333333
LG01	6447455	6449659	47.649026
LG01	644836	645567	1.79262933333333
LG01	6449755	6451208	6.55188966666667
LG01	6451507	6451993	0.198495666666667
LG01	6451601	6452004	0.0197823333333333
LG01	6452840	6454121	0.255772333333333
LG01	6455835	6457886	2.347532
LG01	6458180	6459756	46.726045
LG01	6459800	6465070	19.520057
LG01	646485	648877	31.0667843333333
LG01	6465685	6467096	9.31269866666667
LG01	6467714	6469255	0.262196666666667
LG01	6471138	6472240	20.8239223333333
LG01	6472420	6475899	29.5171623333333
LG01	6476148	6477163	87.5964736666667
LG01	6477875	6478373	0
LG01	6479074	6479686	262.493535333333
LG01	6480384	6481021	0.203703666666667
LG01	6481084	6482052	0.600736333333333
LG01	6484289	6485189	38.889533
LG01	6488518	6490552	20.632588
LG01	6490594	6491312	36.8457616666667
LG01	649100	650050	601.368652333333
LG01	6491363	6492616	1.15644966666667
LG01	6491365	6492670	0.585218
LG01	6492698	6493888	9.82360333333333
LG01	6494373	6495281	0.0282616666666667
LG01	6495583	6495992	2.530619
LG01	6496072	6499164	11.1922363333333
LG01	64974	66627	0
LG01	6499417	6502257	28.298865
LG01	6502459	6504404	85.1316303333333
LG01	6505715	6507254	4.24095333333333
LG01	6507541	6509938	0.160542
LG01	6511645	6512646	0.034488
LG01	651257	655626	495.726308
LG01	6512718	6516227	63.9741146666667
LG01	6516317	6517079	0.127278333333333
LG01	6517667	6518480	92.7059526666667
LG01	6518772	6520102	110.549140666667
LG01	6521438	6523112	9.253916
LG01	6523268	6524124	366.045796666667
LG01	6524530	6526127	19.753339
LG01	6526216	6526869	0.0429363333333333
LG01	6527072	6530285	18.352253
LG01	6530685	6533057	8.03404766666667
LG01	6533219	6534237	1.291091
LG01	6534394	6536646	213.704061
LG01	6536786	6538165	7.39503466666667
LG01	6538232	6542517	5.54096433333333
LG01	6542556	6543403	11.8861696666667
LG01	6543643	6544519	0.127340666666667
LG01	6545880	6550958	22.475368
LG01	6551746	6553292	40.5335463333333
LG01	6553412	6554583	81.3588996666667
LG01	6554861	6557829	68.779416
LG01	6557911	6563330	14.854413
LG01	6563503	6567089	123.798469333333
LG01	6567363	6568114	2.84218733333333
LG01	6568498	6572294	37.3175416666667
LG01	657038	660068	6.57195433333333
LG01	6572622	6573573	300.994405333333
LG01	6573773	6574572	355.009257
LG01	6574808	6578671	9.341953
LG01	6579668	6580865	2.04581766666667
LG01	6581027	6581624	0.0117683333333333
LG01	6581860	6585216	53.2782493333333
LG01	6585364	6589280	7.48562666666667
LG01	6589762	6591173	15.401169
LG01	6591432	6592193	6.39063466666667
LG01	6592411	6594182	8.64130533333333
LG01	6594912	6598421	694.170145666667
LG01	6598621	6600366	2.998241
LG01	6601122	6607584	26.074672
LG01	660281	660982	23.3598893333333
LG01	6607629	6609462	14.0885953333333
LG01	6610731	6611322	0.320106666666667
LG01	6611323	6614281	32.4754663333333
LG01	661190	664471	382.742014666667
LG01	6615408	6616821	0.221118333333333
LG01	6616975	6618418	0.404041
LG01	6619740	6623528	35.2157603333333
LG01	6623913	6625788	22.5287273333333
LG01	6625865	6626343	0.412401333333333
LG01	6626591	6636731	11.719801
LG01	6636813	6638788	2.173467
LG01	6638936	6642519	25.627624
LG01	6642858	6644825	68.190651
LG01	6644914	6645890	25.9911013333333
LG01	6645979	6646884	241.826894333333
LG01	664700	666677	498.758219333333
LG01	6647305	6648129	311.907959
LG01	6648346	6650478	6.55136833333333
LG01	6650005	6651763	55.0693956666667
LG01	6652165	6659661	3.56128133333333
LG01	6660230	6662071	167.681864333333
LG01	6662333	6664727	49.0438766666667
LG01	6665557	6666476	129.856969
LG01	6666703	6667611	0.328322333333333
LG01	6667848	6669230	4.17954166666667
LG01	666874	667322	236.899851333333
LG01	6669436	6674404	11.9498796666667
LG01	6674610	6678315	34.721583
LG01	667482	668365	90.7078173333334
LG01	6678405	6680524	0.211445333333333
LG01	6680649	6682773	0.589843
LG01	6682841	6685558	37.7857436666667
LG01	668611	670878	11.2217813333333
LG01	6686227	6686613	0
LG01	6688055	6693028	4.00139433333333
LG01	6693264	6695120	0.170361666666667
LG01	66941	68968	7.33324
LG01	6695178	6696349	4.218915
LG01	6697487	6698539	7.58916933333333
LG01	6702840	6704142	0
LG01	6707904	6712028	0
LG01	670947	671663	34.252384
LG01	6714892	6716275	0
LG01	671819	672380	622.341084666667
LG01	6724671	6725103	0.0144246666666667
LG01	672573	674142	6.61369966666667
LG01	6725969	6727375	0
LG01	6727737	6728590	0
LG01	6729670	6741944	36.214789
LG01	6732737	6747296	5.70118166666667
LG01	674291	675999	38.280394
LG01	6747563	6748060	0.229105666666667
LG01	6748176	6749324	213.810918333333
LG01	6750269	6751844	34.343119
LG01	6752054	6754525	15.4448273333333
LG01	6754957	6756810	5.54920533333333
LG01	6757533	6759136	1.08052933333333
LG01	6759246	6759930	87.1635003333333
LG01	6761259	6762850	0.0227493333333333
LG01	6762956	6763677	0
LG01	6763738	6765306	30.2833976666667
LG01	6768021	6769449	54.787492
LG01	6769452	6771064	125.684585333333
LG01	6771203	6774783	66.1272
LG01	6771546	6771947	0.138997
LG01	6774862	6777715	4.933362
LG01	677926	678681	21.8762116666667
LG01	6780262	6785430	2.48641466666667
LG01	6788812	6790066	0.221632333333333
LG01	6789657	6791680	1.14512166666667
LG01	6790239	6791680	0.706750666666667
LG01	679037	683433	39.2852186666667
LG01	6792223	6793736	10.5694896666667
LG01	6793794	6795477	15.7826803333333
LG01	6795583	6798439	49.8857956666667
LG01	6798522	6799701	6.00708433333333
LG01	6799979	6802425	15.2094463333333
LG01	6802463	6803735	17.6104783333333
LG01	6803909	6805152	37.9578056666667
LG01	6805729	6810883	4.85554633333333
LG01	6811279	6813081	2.21132233333333
LG01	6813455	6819672	4.12394366666667
LG01	6820309	6822703	9.128658
LG01	6823360	6825078	1.00361366666667
LG01	6825331	6827164	21.5225616666667
LG01	6827274	6828786	16.200511
LG01	6829793	6833180	0.462898
LG01	6833478	6834327	10.2411473333333
LG01	6834370	6836079	11.1151366666667
LG01	6836250	6837027	206.472137333333
LG01	6837276	6838107	17.8364913333333
LG01	6838176	6840395	1.47310366666667
LG01	6841258	6841981	30.4064323333333
LG01	684242	686958	9.277579
LG01	6843336	6845685	18.0811123333333
LG01	6846005	6847578	4.05458933333333
LG01	6847873	6849584	19.5253333333333
LG01	6849782	6851232	1.27527
LG01	6851613	6853778	0.317159
LG01	6854150	6854804	0.125599666666667
LG01	6855455	6858064	0.454619666666667
LG01	6858588	6861157	10.4121696666667
LG01	6862300	6866568	13.7586546666667
LG01	6869450	6871906	0
LG01	687126	687848	0.580133666666667
LG01	6874562	6882022	0.525490333333333
LG01	687849	692206	13.535932
LG01	6882458	6884233	0.357331
LG01	6884442	6886719	95.043254
LG01	6886612	6888476	75.7722473333333
LG01	6889863	6890649	0.0356383333333333
LG01	6890020	6890476	0
LG01	6890822	6893241	3.03369466666667
LG01	6893308	6895780	6.05076233333333
LG01	6896422	6902598	2.68835566666667
LG01	6903387	6904333	0.307762
LG01	6904838	6907396	8.943829
LG01	6908934	6912533	38.2166963333333
LG01	6912801	6915158	10.4264523333333
LG01	6915696	6916552	187.360539666667
LG01	6916529	6918956	18.1511976666667
LG01	6919138	6920098	27.2711473333333
LG01	6922530	6926369	69.5537846666667
LG01	6926664	6929239	2.611902
LG01	69269	71261	2.82068966666667
LG01	6929619	6930199	0.006945
LG01	6935001	6936153	0
LG01	6936527	6942338	0
LG01	693947	694523	0.166639
LG01	6943339	6945810	0
LG01	694604	699308	68.1658093333333
LG01	6954357	6955918	1.049682
LG01	6956147	6958932	4.34042833333333
LG01	6959169	6963048	94.8140616666667
LG01	6963357	6965224	0.0958463333333333
LG01	6965454	6966414	21.4356603333333
LG01	6966596	6969023	17.378006
LG01	6968986	6969856	191.676524
LG01	6970371	6972715	6.79894866666667
LG01	6973090	6987575	28.907261
LG01	6988230	6989159	0.313937333333333
LG01	6989965	6994437	3.28769133333333
LG01	6994628	6996999	42.8281466666667
LG01	699573	701928	11.0908226666667
LG01	6998585	7002821	17.7073913333333
LG01	7002962	7004838	2.00066466666667
LG01	7005456	7007852	6.63695966666667
LG01	7007989	7010463	2.25332566666667
LG01	7012718	7014543	98.9897916666667
LG01	7014756	7016662	81.9827703333333
LG01	7016934	7018716	0.125441
LG01	7019706	7020656	12.3364836666667
LG01	7020922	7021510	12.123151
LG01	702245	704475	11.8164706666667
LG01	7022486	7034816	5.19505
LG01	7035725	7038362	0.438941
LG01	7038985	7039639	0.109674
LG01	7040011	7042176	0.303090666666667
LG01	7042557	7044000	2.24590033333333
LG01	7044198	7045911	17.8479846666667
LG01	7046206	7047779	4.31126733333333
LG01	7048099	7050448	18.0678846666667
LG01	704951	707429	35.7740733333333
LG01	7051803	7052520	28.284563
LG01	7053356	7055499	1.05648833333333
LG01	7055655	7056486	20.3445246666667
LG01	7056735	7057509	198.662201
LG01	7057764	7059329	11.433919
LG01	7059444	7060357	7.97222766666667
LG01	7060524	7063287	0.917215666666667
LG01	7064537	7066049	14.5116366666667
LG01	7066159	7067992	22.2224903333333
LG01	7068282	7072730	1.84932966666667
LG01	7073452	7079662	4.62115233333333
LG01	7080030	7081873	2.09844
LG01	7082028	7085714	4.71635666666667
LG01	7085752	7087678	0.712443666666667
LG01	7087971	7089205	37.684949
LG01	7089376	7090645	16.6218876666667
LG01	7090725	7093253	14.852612
LG01	7093355	7094572	4.799755
LG01	7094670	7097523	45.9727503333333
LG01	7097686	7099156	4.44449
LG01	7099372	7100858	2.28972666666667
LG01	7101375	7106831	3.73492466666667
LG01	710304	714380	24.464023
LG01	7107729	7111657	0.0702053333333333
LG01	7111900	7114826	0
LG01	7117581	7118519	0
LG01	7119440	7120570	0
LG01	7124366	7127587	0
LG01	7133403	7135883	0
LG01	7138190	7140951	0
LG01	714403	717798	21.056031
LG01	7149203	7153045	0
LG01	7157247	7160552	0
LG01	71574	73149	4.598487
LG01	7165402	7182396	0
LG01	717960	720077	16.5421676666667
LG01	720322	721943	15.0413793333333
LG01	722053	724549	23.2302373333333
LG01	724640	725450	50.9377493333333
LG01	725651	729482	3.376749
LG01	730175	732042	0.692453666666667
LG01	73240	74883	5.228004
LG01	732630	734429	33.5205156666667
LG01	734594	735813	45.3855616666667
LG01	736084	738735	30.307803
LG01	738890	739561	36.4730606666667
LG01	740257	741294	90.677996
LG01	741931	742914	30.404634
LG01	743399	744717	65.1809823333333
LG01	744786	748280	16.632852
LG01	748783	750304	29.185737
LG01	750483	752814	49.83408
LG01	75093	75891	0.207013666666667
LG01	753152	755374	101.275067666667
LG01	755452	755928	53.3042743333333
LG01	756000	759665	13.0976193333333
LG01	760066	760828	61.7835133333333
LG01	760983	761743	6.202436
LG01	76164	76844	0.562191
LG01	762018	764288	28.3278663333333
LG01	764511	766877	29.9887116666667
LG01	767908	768471	13.6474496666667
LG01	76848	78146	62.0525943333333
LG01	768507	780220	22.2385916666667
LG01	780946	781772	4.192498
LG01	782420	783348	33.6075026666667
LG01	783842	785206	137.188044333333
LG01	786105	789215	27.553304
LG01	789533	791226	18.936582
LG01	79070	82568	5.30096033333333
LG01	791302	793202	164.884486
LG01	793675	794380	27.2765496666667
LG01	794441	799636	13.655059
LG01	800615	801209	16.3147463333333
LG01	801426	802076	1665.795288
LG01	802373	803012	33.0265746666667
LG01	803069	804220	0.864689
LG01	804530	805679	4.151426
LG01	806317	810745	11.375939
LG01	810996	811673	49.4553236666667
LG01	812017	812907	45.169961
LG01	814159	814578	6.78260433333333
LG01	814703	816976	14.8203113333333
LG01	817385	821406	3.304097
LG01	821522	826368	16.306762
LG01	826606	827417	64.5704296666667
LG01	827550	829168	4.04572466666667
LG01	82873	85987	115.798416
LG01	829220	830476	12.8894176666667
LG01	830593	832310	9.223214
LG01	832455	836462	11.1529523333333
LG01	836572	839155	22.2986116666667
LG01	839630	841129	28.2900046666667
LG01	841207	844509	25.7401333333333
LG01	845027	847507	5.73687
LG01	847876	849777	10.658951
LG01	850718	852236	20.379613
LG01	852456	855654	6.70958266666667
LG01	856098	860068	7.44159733333333
LG01	860343	861551	11.1584156666667
LG01	861588	864220	31.526598
LG01	86255	86882	62.3052926666667
LG01	864361	869947	69.8196563333333
LG01	870096	870988	104.034187666667
LG01	871111	872036	12.6187906666667
LG01	873103	875544	73.9314193333333
LG01	87497	90482	10.6821056666667
LG01	875583	876359	22.0249413333333
LG01	876433	878903	24.2555193333333
LG01	878981	880073	39.3505746666667
LG01	880271	883395	8.179213
LG01	883690	885321	5.813473
LG01	885467	886908	48.1993943333333
LG01	887039	888974	26.3454833333333
LG01	889061	891671	20.1096293333333
LG01	892790	893322	60.82408
LG01	893358	894920	18.1832803333333
LG01	895272	896666	1.47668766666667
LG01	896801	897087	3.80666333333333
LG01	897230	899032	13.9518713333333
LG01	897968	898941	0.0561176666666667
LG01	899565	902326	42.968647
LG01	902446	904747	21.5722026666667
LG01	904870	906021	193.897618666667
LG01	90571	94316	38.0516473333333
LG01	906236	908913	160.994527
LG01	908689	913299	2.005147
LG01	90884	91978	0.141931333333333
LG01	913256	914082	38.9998726666667
LG01	914166	918101	24.1841303333333
LG01	918956	920403	6.12965733333333
LG01	920711	922709	6.61561533333333
LG01	922796	923609	99.3911436666667
LG01	923886	925332	4.712188
LG01	925737	926983	6.42880666666667
LG01	927862	929647	12.4515063333333
LG01	930008	931103	21.9642263333333
LG01	931788	936149	31.417847
LG01	937940	940509	28.5002473333333
LG01	941000	944462	61.3989093333333
LG01	944614	951748	19.4450736666667
LG01	94523	97814	33.38849
LG01	951862	957441	1.70925866666667
LG01	958384	959073	44.8538613333333
LG01	959272	960064	78.4832103333333
LG01	960774	964604	40.5276323333333
LG01	965049	970011	8.002467
LG01	970392	972301	61.91053
LG01	973006	974398	31.5941203333333
LG01	975167	976554	1.597891
LG01	977260	979240	20.832633
LG01	97848	99995	3.39261766666667
LG01	979257	980445	6.99134
LG01	980495	983081	12.086159
LG01	983354	984349	326.002604
LG01	985086	985433	79.3529183333333
LG01	985826	986226	326.54481
LG01	986918	988354	73.853055
LG01	988955	991095	30.376204
LG01	992588	993392	0
LG01	999705	1000649	0.0885793333333333
LG02	1001991	1003166	12.6698006666667
LG02	1003616	1005039	11.4229473333333
LG02	1005490	1006283	234.371587
LG02	1007187	1010374	31.2804446666667
LG02	1010528	1011691	0.0712466666666667
LG02	1010663	1010984	0.0318446666666667
LG02	1012068	1012618	0
LG02	1012712	1013232	53.399483
LG02	1013468	1014959	61.011102
LG02	1015065	1016943	20.1674926666667
LG02	1017006	1019730	30.428521
LG02	1019884	1021736	2.31767066666667
LG02	10215	14197	16.052059
LG02	1022021	1024416	6.589758
LG02	102494	103371	0
LG02	1025226	1026328	21.6101913333333
LG02	1026702	1030522	40.3039133333333
LG02	1032169	1033456	2.49292933333333
LG02	1033797	1035791	29.966439
LG02	1036112	1037862	26.9738876666667
LG02	1038005	1039002	7.419029
LG02	1041384	1043717	0.182474666666667
LG02	1043948	1045343	45.365513
LG02	1045749	1047131	6.93570866666667
LG02	1047206	1052699	12.0685413333333
LG02	1054359	1055378	380.611877333333
LG02	1055604	1058000	16.898844
LG02	1058037	1058485	3.329928
LG02	1058534	1062138	42.068517
LG02	1062899	1064449	4.23715566666667
LG02	1064660	1066229	1.85100433333333
LG02	106655	107598	0.296553666666667
LG02	1066896	1067934	0.078589
LG02	1067942	1070275	25.8922186666667
LG02	1070330	1074406	17.7118103333333
LG02	1074563	1075307	588.159831
LG02	1075455	1077075	113.143951333333
LG02	1077085	1078296	45.568901
LG02	1078723	1080768	0.300953
LG02	1079841	1080669	0.016983
LG02	1082912	1085938	33.3629733333333
LG02	108606	110965	4.50744
LG02	1086175	1087581	64.021468
LG02	1088505	1090333	114.102145
LG02	1091017	1091680	2.03625433333333
LG02	1092256	1092933	1.396595
LG02	1092968	1093867	7.340562
LG02	1095386	1097715	0.846850333333333
LG02	1098224	1098604	0
LG02	1099758	1100499	0.0203816666666667
LG02	1100787	1102495	43.487006
LG02	1103729	1104926	11.7878036666667
LG02	1105103	1106282	17.716809
LG02	1108203	1112031	102.164477
LG02	1112841	1113871	0
LG02	1114101	1114751	0
LG02	1114998	1116433	37.3670016666667
LG02	1116542	1118287	23.5986626666667
LG02	1118269	1125156	9.01618766666667
LG02	1125532	1126090	10.710446
LG02	1126589	1127238	0.227353333333333
LG02	1128433	1129501	110.146258
LG02	1129538	1130153	1.98611133333333
LG02	1131115	1131966	0
LG02	113133	129895	1.82741633333333
LG02	1132071	1135175	5.54299166666667
LG02	1136790	1137521	0.880199666666667
LG02	1137872	1140520	99.0866343333333
LG02	1140718	1142763	22.3675466666667
LG02	1143036	1144529	16.8763403333333
LG02	1144672	1145661	19.3586733333333
LG02	1145851	1151816	7.05427333333333
LG02	1152815	1153305	189.379923666667
LG02	1153737	1155993	251.402094666667
LG02	1156430	1158089	10.6063773333333
LG02	1160147	1160479	0
LG02	1160918	1161749	0.022765
LG02	1162555	1163661	0.0415933333333333
LG02	1164414	1164944	0
LG02	1165328	1166707	14.3344433333333
LG02	1166741	1168502	9.06341466666667
LG02	1169409	1170292	311.009084
LG02	1170541	1171071	0
LG02	1171908	1173002	4.72586266666667
LG02	1173728	1174382	22.5155576666667
LG02	1174732	1175516	17.2016926666667
LG02	1177254	1179438	0
LG02	1183180	1183849	0.750327666666667
LG02	1183869	1185855	1.197446
LG02	1184389	1186198	0.593318333333333
LG02	1186726	1192219	82.622612
LG02	1192387	1198738	11.8194473333333
LG02	1199799	1201510	22.9792436666667
LG02	1201531	1204282	44.4390626666667
LG02	1207378	1208494	202.549565666667
LG02	1208893	1210189	19.9196733333333
LG02	1210358	1213348	25.1350886666667
LG02	1213741	1217518	20.2440876666667
LG02	1222976	1224083	0
LG02	1226893	1228551	0
LG02	1231913	1233183	0
LG02	1234264	1236945	0
LG02	1239177	1242952	0
LG02	1243364	1245434	0
LG02	1261487	1262490	0
LG02	1264576	1265004	0
LG02	1276112	1276716	0
LG02	1278264	1279556	0
LG02	1279949	1282965	0
LG02	1284246	1286314	0
LG02	1287287	1289157	0
LG02	1292347	1295329	0
LG02	1295758	1297666	0
LG02	130727	131620	0.702863333333333
LG02	1319873	1320784	0
LG02	133501	135632	8.071243
LG02	1341970	1342720	0
LG02	1346639	1347977	0
LG02	136329	137080	0.0636516666666667
LG02	1364544	1370051	0
LG02	1379642	1380665	0.385906666666667
LG02	1382043	1384515	88.0294723333333
LG02	1384915	1387321	34.8938153333333
LG02	1387607	1390151	25.3214306666667
LG02	139141	139774	0.127526
LG02	1391466	1393592	25.4004266666667
LG02	1393228	1394939	7.23938766666667
LG02	1394997	1396441	2.69719433333333
LG02	1400115	1401051	0.0417886666666667
LG02	1403127	1405239	171.868647333333
LG02	140323	142441	0
LG02	1405370	1406079	0.323572333333333
LG02	1406168	1407030	0.852477
LG02	1407190	1408051	0.124565
LG02	1409817	1410127	0
LG02	1412125	1413730	21.8120656666667
LG02	1413792	1415234	68.9280266666667
LG02	1417977	1418314	0
LG02	1420069	1423485	0
LG02	1420816	1421252	0
LG02	14233	17172	40.379739
LG02	1423589	1425628	12.050639
LG02	142804	146235	0
LG02	1428386	1428879	0
LG02	1430231	1431367	0.031485
LG02	1431559	1433086	0
LG02	1431611	1434292	0.493845666666667
LG02	1436887	1438185	9.41750833333333
LG02	1438491	1441824	104.076324333333
LG02	1442125	1443000	0.0126306666666667
LG02	1444373	1447450	123.952199333333
LG02	1448115	1449465	2.51539566666667
LG02	1450362	1451051	0.062485
LG02	1453310	1455972	1.230507
LG02	1456014	1457377	2.525088
LG02	1456188	1457315	0
LG02	1457651	1461255	2.191922
LG02	1461307	1462273	1.56086066666667
LG02	1464736	1471418	9.06666666666667e-05
LG02	1473364	1476900	1.736443
LG02	1478349	1480048	0.0477713333333333
LG02	1482590	1484212	38.9267643333333
LG02	1484249	1486424	6.56022333333333
LG02	1486467	1486850	0
LG02	1487891	1490051	4.78547266666667
LG02	149162	149446	0.352039333333333
LG02	1494240	1495181	0
LG02	1495912	1496534	0
LG02	150074	152870	69.890757
LG02	1503700	1506776	0
LG02	1512547	1515272	0
LG02	1518387	1522637	0
LG02	1523727	1526249	0
LG02	152959	153552	8.95703466666667
LG02	1530436	1532436	0
LG02	1532547	1534499	0
LG02	1535199	1536942	0
LG02	153551	155356	50.660085
LG02	1540595	1542175	0
LG02	1549080	1552749	0
LG02	1559379	1561934	0
LG02	1562675	1563169	0
LG02	1563240	1565669	0
LG02	156566	156901	0
LG02	1566396	1566848	0
LG02	156971	161185	14.601287
LG02	1570436	1573086	0.395993
LG02	1574180	1576065	5.29021266666667
LG02	1577850	1580338	0.213698333333333
LG02	1579094	1580402	0.0247973333333333
LG02	1581942	1588045	0.199959333333333
LG02	1588217	1589749	12.1377263333333
LG02	1589897	1590917	570.557576333333
LG02	1591564	1595844	2.289486
LG02	1596889	1602183	16.953897
LG02	1605427	1607100	34.9118523333333
LG02	1607348	1609481	3.01405666666667
LG02	1610115	1616492	1.320127
LG02	1617243	1619443	0
LG02	161879	167104	1.00883433333333
LG02	1619695	1620497	0
LG02	1628880	1630082	0
LG02	1630861	1631771	0
LG02	1633341	1634754	0
LG02	1634909	1639327	0
LG02	1643187	1644602	0
LG02	1644972	1647735	0
LG02	1654450	1656599	0
LG02	1669104	1670398	0.162692
LG02	1671861	1679933	38.9803226666667
LG02	167467	168186	2.32649466666667
LG02	1680481	1681463	5.085673
LG02	1681942	1684491	22.6643343333333
LG02	168398	169478	6.498946
LG02	1687077	1689584	0.663952
LG02	1691833	1693281	0
LG02	1693442	1694025	0
LG02	1695245	1699509	0
LG02	170078	171188	8.25545766666667
LG02	1710243	1713759	0
LG02	1715190	1716374	0
LG02	1717385	1721151	2.21697266666667
LG02	1721964	1723625	0.135144333333333
LG02	1724587	1726307	0
LG02	1726627	1727215	2.68309666666667
LG02	1728502	1729845	0
LG02	1730994	1732202	0
LG02	173133	176081	2.54112433333333
LG02	1732278	1734206	0
LG02	1736775	1740416	0
LG02	1743945	1745003	0
LG02	1745393	1748050	0
LG02	1748593	1749164	0
LG02	1750592	1752472	0
LG02	1753609	1755891	2.39555033333333
LG02	1756971	1757940	0.0471506666666667
LG02	1759170	1760861	0.0186203333333333
LG02	176012	179803	1.972929
LG02	1761545	1762006	0.257393666666667
LG02	1765851	1768823	0
LG02	1769417	1770590	0.442493666666667
LG02	1771742	1774940	24.5367316666667
LG02	1775847	1778144	13.7740913333333
LG02	1778350	1780524	11.7107336666667
LG02	1780713	1781136	0
LG02	1781560	1785905	14.990527
LG02	1784707	1786284	8.09321033333333
LG02	17866	19017	0.0762763333333333
LG02	1786771	1788178	43.8352193333333
LG02	1788383	1790169	0.740057666666667
LG02	1790413	1796249	8.56267933333333
LG02	1797063	1799849	0.90328
LG02	1800985	1808021	12.253417
LG02	180474	182194	10.1954676666667
LG02	1808254	1809382	8.86666666666667e-05
LG02	1808538	1810969	28.558478
LG02	1811808	1813253	30.4992293333333
LG02	1813693	1815666	13.348746
LG02	1816237	1816838	20.861799
LG02	1817710	1818986	1195.98246233333
LG02	1819158	1821208	2.63982
LG02	1821763	1822329	0
LG02	182285	186286	28.6382683333333
LG02	1825959	1828640	0
LG02	1830310	1830620	0
LG02	1835640	1838261	0
LG02	1842604	1845620	0
LG02	1855563	1856663	0
LG02	1858382	1859401	0
LG02	1860242	1860710	0.003483
LG02	1860762	1862229	4.08740166666667
LG02	1862316	1864676	4.21004666666667
LG02	1866042	1868183	1.43794633333333
LG02	1868385	1870469	1.52982066666667
LG02	1870848	1872163	0
LG02	1872732	1878896	0.576455666666667
LG02	1879729	1881682	8.60488566666667
LG02	1883099	1885255	5.379704
LG02	188369	189649	1.96265433333333
LG02	1885773	1888202	47.4379666666667
LG02	1888510	1889150	0.359003666666667
LG02	1892039	1892933	0.351180666666667
LG02	1893807	1894589	0.540836666666667
LG02	1894876	1898708	40.829136
LG02	1899095	1899951	0.255704
LG02	1900208	1901018	53.00251
LG02	190070	192253	4.621352
LG02	1901143	1903142	1.380872
LG02	1904247	1907730	45.313352
LG02	1908737	1909986	0.152911333333333
LG02	1910370	1911435	0
LG02	1912187	1917017	55.476524
LG02	1917884	1920030	0.304005333333333
LG02	1920808	1922084	27.5637376666667
LG02	1922397	1924243	2.16786966666667
LG02	1924769	1926282	2.86339733333333
LG02	1927225	1932329	0.182402
LG02	192797	193144	0
LG02	1932428	1933945	0.686303666666667
LG02	193552	195179	12.7923083333333
LG02	1944339	1946092	2.14614566666667
LG02	1946166	1947214	0.634520666666667
LG02	1947401	1952227	0.700187333333333
LG02	195206	195675	2.79995066666667
LG02	1952507	1952852	0
LG02	1953868	1955673	26.0054193333333
LG02	1955760	1956551	21.2834403333333
LG02	1956622	1957427	10.1231
LG02	1957640	1957992	0.0476626666666667
LG02	1958406	1959205	12.697262
LG02	1959438	1959825	4.03779566666667
LG02	1960275	1961027	29.183775
LG02	1961865	1962755	0.0195756666666667
LG02	1963097	1963863	0.0889943333333333
LG02	1964906	1966458	4.578332
LG02	196693	198336	103.719159666667
LG02	1967502	1968293	0.255855666666667
LG02	1969091	1973154	109.170262666667
LG02	1973499	1975030	12.594524
LG02	1975579	1978924	17.7747643333333
LG02	1979020	1980668	1.02125833333333
LG02	1983134	1986801	55.412337
LG02	1986994	1989619	1.823607
LG02	19879	22392	14.7908606666667
LG02	1992463	1993320	43.9822936666667
LG02	1995276	1995816	0.113911333333333
LG02	1996693	1997268	0.0328186666666667
LG02	2000493	2001025	0
LG02	200066	202922	15.2594136666667
LG02	2003817	2005196	0
LG02	2011557	2011991	0
LG02	2016033	2017348	0
LG02	2026331	2027015	6.17740366666667
LG02	2030189	2030764	0
LG02	2032206	2035548	0
LG02	203270	207380	2.269486
LG02	2035953	2036341	0.149766666666667
LG02	2036506	2038191	2.11814433333333
LG02	2040861	2042615	6.29444833333333
LG02	2042902	2044862	8.24957466666667
LG02	2045942	2049653	2.470477
LG02	2050097	2052828	8.92235366666667
LG02	2055188	2059003	7.04980666666667
LG02	2059317	2062048	3.682666
LG02	2063463	2064241	1075.55574533333
LG02	2064466	2065772	45.5344886666667
LG02	2065869	2066251	0.049274
LG02	2066892	2067856	0.248642333333333
LG02	2070474	2071821	0.935601333333333
LG02	2072572	2074190	0
LG02	2074299	2075654	0
LG02	207615	208221	2.18144266666667
LG02	2078507	2079336	0.0101653333333333
LG02	2079973	2081345	0.764768666666667
LG02	2081757	2083254	1.29261633333333
LG02	2083736	2088028	1.71884933333333
LG02	2088081	2089474	8.33863766666667
LG02	2089513	2092856	314.055155333333
LG02	209234	210087	0.626274666666667
LG02	2093174	2094959	14.8752713333333
LG02	2095466	2097300	13.354412
LG02	2103248	2104264	0
LG02	210575	212927	274.197214666667
LG02	2106502	2111740	0
LG02	213152	214444	12.5010796666667
LG02	215168	217502	1.754777
LG02	218066	221750	4.37656833333333
LG02	222228	225622	3.51644433333333
LG02	225919	226942	0.199279
LG02	227255	230129	12.705009
LG02	23015	29229	26.269419
LG02	230917	232463	0.008803
LG02	233103	234392	15.8074106666667
LG02	235847	236777	2.378008
LG02	237443	239703	2.32982333333333
LG02	240837	243324	9.18190866666667
LG02	245082	248398	16.248101
LG02	248502	251546	8.16778133333333
LG02	251868	253336	105.817599
LG02	254630	255313	0.0625516666666667
LG02	255681	258463	1.13594533333333
LG02	258761	260482	0.0461006666666667
LG02	260774	261902	1.36315366666667
LG02	262011	263068	71.9995726666667
LG02	2621	4145	2.27833366666667
LG02	263624	264064	2.38200833333333
LG02	264943	265732	322.540283333333
LG02	267005	267666	0.754859666666667
LG02	268771	270340	5.818883
LG02	270888	273020	1.12163433333333
LG02	274107	274451	0
LG02	274936	276520	117.274490333333
LG02	277795	279479	8.85442366666667
LG02	280415	283611	9.38616566666667
LG02	283901	286364	12.9235863333333
LG02	286848	289467	4.24925266666667
LG02	289945	292253	1.93602066666667
LG02	293292	295638	44.3021023333333
LG02	295845	299088	28.5351376666667
LG02	299225	301477	21.3172296666667
LG02	30109	32708	14.9675883333333
LG02	302474	303907	0.858038666666667
LG02	303442	304757	0.216958333333333
LG02	305745	308262	0.103337666666667
LG02	308945	309487	704.240417333333
LG02	310039	311883	269.038686
LG02	312134	312964	0.321753333333333
LG02	312135	312964	1.51435433333333
LG02	313362	314117	0.0498256666666667
LG02	323403	324095	0
LG02	326236	327439	0
LG02	32797	33754	2.33037066666667
LG02	328247	330616	0
LG02	332368	335715	0
LG02	337045	337809	0
LG02	34605	37045	6.40944666666667
LG02	347911	348894	0
LG02	349228	354153	0
LG02	358148	359044	0
LG02	365875	368033	0
LG02	373526	375083	0
LG02	375322	379291	78.9966456666667
LG02	381090	383688	9.96074066666667
LG02	384029	386233	47.913633
LG02	38447	40408	0.192754333333333
LG02	386514	386894	41.6255833333333
LG02	387885	388917	2.348636
LG02	389125	390263	0.297030333333333
LG02	389140	390352	0.200936
LG02	390586	393406	3.63111666666667
LG02	393766	396100	14.5173943333333
LG02	396040	397723	0.749547333333333
LG02	401128	403029	0.901606
LG02	404121	405444	8.439365
LG02	406581	407788	120.653091333333
LG02	408085	408909	215.318324
LG02	409201	413000	57.761608
LG02	413994	415334	0.146806666666667
LG02	415901	424696	6.31962266666667
LG02	425714	428616	5.27639066666667
LG02	42619	45050	0.034238
LG02	430049	431920	13.123258
LG02	432198	433317	0.414093
LG02	433412	434916	13.5062383333333
LG02	435009	436439	17.0106686666667
LG02	436467	438432	27.509719
LG02	438637	440217	128.314931333333
LG02	440223	440995	19.111928
LG02	441060	443468	27.7019396666667
LG02	444591	446412	0
LG02	447310	448855	6.51153366666667
LG02	449111	450103	0.018215
LG02	450954	452684	12.289136
LG02	453236	454424	11.6505166666667
LG02	454916	457021	19.3521573333333
LG02	45703	50232	196.074727333333
LG02	457270	459127	15.8271953333333
LG02	459245	461135	9.82479533333333
LG02	463224	465386	0
LG02	465524	467763	0
LG02	468722	469632	2.14551233333333
LG02	470331	473966	0.127333
LG02	475447	476798	0.044567
LG02	477181	477858	376.268046
LG02	478291	479085	31.3368306666667
LG02	479628	481157	71.6426366666667
LG02	482229	482621	0
LG02	484560	485142	63.1057933333333
LG02	486572	487486	0
LG02	489471	490889	0
LG02	495782	498589	0.739886666666667
LG02	498705	505011	29.9994226666667
LG02	505408	506849	52.858709
LG02	507434	509371	217.298431333333
LG02	509466	511965	17.9777536666667
LG02	511967	514589	0.782305
LG02	515759	518661	118.516243
LG02	51576	52496	0.0608466666666667
LG02	5173	5950	10.4100443333333
LG02	518962	519436	56.044984
LG02	519537	520669	0.772427666666667
LG02	521155	521383	0.877053666666667
LG02	522218	524691	2.49048333333333
LG02	524754	525564	0.301070333333333
LG02	525641	528528	5.36127
LG02	529556	530952	11.598745
LG02	531519	542151	7.47783666666667
LG02	543769	544653	0
LG02	549130	551430	0
LG02	553790	566416	0
LG02	580362	581811	0
LG02	58358	60747	2.07260233333333
LG02	583800	585194	0.109905
LG02	585200	588692	59.0454913333333
LG02	586998	587693	0.00147433333333333
LG02	591481	594330	2.98000033333333
LG02	594556	597291	83.544642
LG02	597508	599806	0.778639333333333
LG02	599935	600314	0.0189853333333333
LG02	601670	604461	0.872016333333333
LG02	604597	605163	0.445212333333333
LG02	605366	607035	48.068728
LG02	607248	608811	61.640292
LG02	609010	609660	0.309332
LG02	609736	611348	15.5127723333333
LG02	61031	63449	9.704528
LG02	611614	611993	1048.02417
LG02	612255	613090	54.4382986666667
LG02	613347	614831	36.119947
LG02	614993	616703	8.316909
LG02	617139	618847	14.3147373333333
LG02	618932	619942	20.8892363333333
LG02	620070	623194	39.8113426666667
LG02	623293	624633	29.2027656666667
LG02	624940	628706	56.4176316666667
LG02	628912	630336	5.31340333333333
LG02	630855	631615	147.126032333333
LG02	631900	633151	60.7780876666667
LG02	633501	635931	30.5135486666667
LG02	640126	641518	12.1564976666667
LG02	64107	64895	1.012787
LG02	642141	644516	10.5476213333333
LG02	644814	646733	370.096730666667
LG02	647558	648697	0.450707
LG02	649618	651722	26.8679186666667
LG02	652729	653641	1.96592266666667
LG02	653719	655296	56.3930396666667
LG02	655775	656740	5.88745133333333
LG02	657070	659491	16.5097473333333
LG02	660220	660975	1.73860533333333
LG02	662611	665630	105.188039333333
LG02	666606	671573	88.4422403333333
LG02	672510	674107	8.80291133333333
LG02	674143	676719	84.473938
LG02	677146	678948	20.7433306666667
LG02	679307	680352	0.121686666666667
LG02	680682	682381	748.220438333333
LG02	682499	686484	17.48492
LG02	682876	684435	0.040916
LG02	686618	688783	49.7924916666667
LG02	691197	692711	1.77948766666667
LG02	69403	70060	0
LG02	694299	697926	22.7478403333333
LG02	698855	700419	463.444427666667
LG02	701042	702085	0.710259
LG02	702376	702711	0
LG02	703350	705182	33.5540416666667
LG02	705262	705918	0.276307666666667
LG02	706816	708324	4.07051966666667
LG02	709159	710578	0.789105
LG02	710880	713274	40.2197876666667
LG02	713290	714182	1.09971066666667
LG02	715091	716561	0
LG02	717736	720225	1.29490533333333
LG02	723679	727367	98.2850343333333
LG02	728522	731506	7.38369066666667
LG02	732293	735349	5.21723933333333
LG02	735947	736713	51.9101726666667
LG02	738198	751695	0
LG02	758430	760506	31.9577243333333
LG02	761066	763102	8.824483
LG02	763571	764865	68.0544716666667
LG02	764922	767179	1.93973033333333
LG02	768276	769465	118.509656
LG02	769986	771026	6.007238
LG02	771206	772269	12.0860973333333
LG02	772419	773413	0.515432666666667
LG02	773823	776413	0.708378333333333
LG02	776714	781278	29.7094236666667
LG02	781377	785210	22.0420913333333
LG02	785414	788513	34.11978
LG02	788582	789458	9.74021433333333
LG02	791334	793811	7.63535666666667
LG02	796223	796643	0
LG02	797136	799877	127.549845333333
LG02	799917	800520	0.032482
LG02	801707	802411	8.491676
LG02	803257	804022	210.319951333333
LG02	804154	806703	54.2576726666667
LG02	807018	810977	10.4908413333333
LG02	811336	812296	20.2682886666667
LG02	812392	813868	9.56988566666667
LG02	814690	816248	33.6833433333333
LG02	816696	817318	77.9306543333333
LG02	817727	819807	9.67685833333333
LG02	819975	822654	9.59183533333333
LG02	823115	824954	186.156158333333
LG02	825048	825801	37.443685
LG02	826034	827524	2.11803566666667
LG02	8266	9728	123.767341666667
LG02	827820	829690	14.7910806666667
LG02	831080	834977	0.197126
LG02	836914	838933	0.155112333333333
LG02	839782	841691	133.441619666667
LG02	841785	843449	69.22892
LG02	844498	845011	0.486955666666667
LG02	845099	846379	5.73982766666667
LG02	849281	856388	115.529904333333
LG02	857058	859521	10.7630446666667
LG02	860153	861801	31.16686
LG02	862904	865459	22.060006
LG02	866165	868947	0.330063333333333
LG02	86871	88501	0
LG02	869071	871332	6.80364
LG02	871644	873214	49.8871253333333
LG02	873965	876291	20.836408
LG02	877008	880643	0.689947333333333
LG02	881057	882042	58.542005
LG02	882066	882757	49.928421
LG02	882923	885030	25.3257016666667
LG02	885172	887394	26.9111123333333
LG02	88569	89790	0
LG02	887743	889403	11.270054
LG02	889467	891616	84.342776
LG02	891631	893575	2.55529133333333
LG02	893701	894224	2.89086033333333
LG02	894256	895473	3.68104466666667
LG02	895676	897543	2.13406133333333
LG02	897696	899693	7.39470066666667
LG02	900506	901904	27.6101216666667
LG02	902108	903547	3.11091066666667
LG02	903754	906947	7.23076033333333
LG02	907826	912790	19.6820676666667
LG02	913076	914453	28.272936
LG02	915415	916963	24.7994823333333
LG02	917291	920943	73.5000103333333
LG02	921004	922019	16.3089253333333
LG02	92197	92979	0
LG02	922893	925017	0.0785843333333333
LG02	926417	928344	37.5559733333333
LG02	928468	929909	15.6509273333333
LG02	930009	931213	8.601472
LG02	932688	935314	36.283573
LG02	935437	941186	18.6330096666667
LG02	941438	941889	1.95611333333333
LG02	941996	972029	103.95209
LG02	972637	974715	186.825475333333
LG02	974710	976701	9.49167866666667
LG02	980304	981306	0.0993043333333333
LG02	981629	983859	52.048243
LG02	983905	984757	3.19320733333333
LG02	985037	985615	0.108197333333333
LG02	987007	989778	7.90852366666667
LG02	991171	992790	77.991295
LG02	992867	996679	22.54182
LG02	99542	100096	0
LG02	998593	1000257	7.06146166666667
LG03	1000153	1001077	143.747950666667
LG03	1001939	1003134	7.419276
LG03	1003248	1004357	1.43740966666667
LG03	1004697	1007459	164.176417
LG03	1007849	1008696	0.358128
LG03	1009277	1010593	0.159978333333333
LG03	1011428	1017740	49.754547
LG03	101307	102643	3.72035466666667
LG03	1017789	1018830	0.0608166666666667
LG03	1018880	1019872	0.693260333333333
LG03	1020717	1021761	0.125292333333333
LG03	1020969	1021585	0.00832033333333333
LG03	1021833	1026074	11.2621333333333
LG03	1026347	1029646	23.1654746666667
LG03	1029844	1032504	29.7572393333333
LG03	1032718	1037331	1.347358
LG03	1037500	1039539	19.1461346666667
LG03	104040	105427	2.93457466666667
LG03	1040440	1043088	6.629869
LG03	1043322	1044668	36.6575356666667
LG03	1045245	1047934	0.235845
LG03	1049394	1052364	49.3044243333333
LG03	1052752	1054130	10.4846916666667
LG03	1054536	1056300	7.884878
LG03	105456	112749	11.0480763333333
LG03	1056591	1057529	0.245937666666667
LG03	1057631	1060400	0.498303333333333
LG03	1062221	1064299	12.2783166666667
LG03	1064389	1066387	71.6981963333333
LG03	1067920	1068716	14.2742463333333
LG03	1072434	1072900	0
LG03	1073900	1074156	0
LG03	1074491	1076291	0.526576333333333
LG03	1078249	1082679	8.17763833333333
LG03	1083208	1087272	13.8549373333333
LG03	1088686	1091488	13.9857423333333
LG03	1093714	1094817	0.158184666666667
LG03	1097322	1100781	42.266239
LG03	1101551	1107800	134.554901
LG03	1109289	1110460	66.1971296666667
LG03	1110476	1111308	0.024234
LG03	1111358	1113631	36.640892
LG03	1113720	1115384	3.92503533333333
LG03	1116678	1118686	6.05848766666667
LG03	1116798	1124006	10.332243
LG03	1119192	1119621	0.052681
LG03	1125103	1126986	3.646095
LG03	112761	119729	15.3567783333333
LG03	1134345	1138008	0
LG03	1138220	1141525	0
LG03	1141883	1145315	1.21013033333333
LG03	1146692	1149048	0
LG03	1151342	1152021	1.43874333333333
LG03	1152422	1153306	0
LG03	1158584	1164457	8.44097333333333
LG03	1165813	1167128	3.988255
LG03	1168346	1171706	45.6557793333333
LG03	1174111	1175825	0.191243
LG03	1176818	1180249	28.7582086666667
LG03	1180535	1180990	2.822748
LG03	1182027	1183938	0.177890333333333
LG03	1184013	1184484	0.192864666666667
LG03	1189316	1190388	0
LG03	1194561	1195428	0
LG03	1195724	1196168	0.08583
LG03	1197264	1200357	52.9273373333333
LG03	119772	121585	14.7263703333333
LG03	1200622	1202230	20.4360873333333
LG03	1203692	1205957	0.0350353333333333
LG03	1216421	1216919	0
LG03	1230	6335	0
LG03	128970	130316	0.227291333333333
LG03	131504	135307	21.1101323333333
LG03	135525	136087	0.23366
LG03	136874	138243	1.29200466666667
LG03	139877	140529	0.218695666666667
LG03	141483	142627	0.154640333333333
LG03	143164	143566	0.0847123333333333
LG03	143912	144640	0.0102033333333333
LG03	148223	149596	0
LG03	149684	150955	6.37426233333333
LG03	162324	163679	25.3691256666667
LG03	163995	165824	7.416695
LG03	165882	167758	1.62018033333333
LG03	167759	170899	9.67792133333333
LG03	171076	172663	0.272206
LG03	173170	174778	6.87971133333333
LG03	175563	175884	0.342957
LG03	17600	20389	0
LG03	178629	181334	0
LG03	185023	185638	0
LG03	186379	188934	0
LG03	189655	192306	0.00597766666666667
LG03	195299	196801	8.031592
LG03	200070	203405	0
LG03	20776	22762	0
LG03	207987	208910	0
LG03	209917	212439	0
LG03	213184	214761	0
LG03	215498	218447	0
LG03	219670	222949	0
LG03	232370	233284	0
LG03	234014	234934	0.0235796666666667
LG03	236912	238497	22.385831
LG03	239315	242393	15.0494286666667
LG03	242558	243616	8.04482066666667
LG03	243850	244429	27.130775
LG03	244998	246136	2.61639933333333
LG03	246827	249775	53.4471993333333
LG03	250205	252232	3.69423366666667
LG03	252855	254831	2.94979233333333
LG03	255354	258135	16.0692623333333
LG03	258813	260037	20.6208856666667
LG03	260099	265175	4.04682566666667
LG03	266217	268786	39.269553
LG03	269129	269838	10.123117
LG03	270066	270897	9.334586
LG03	271354	279006	11.7450493333333
LG03	279817	280758	19.330453
LG03	281652	282253	37.631579
LG03	282516	284892	49.8092803333333
LG03	284957	285432	0
LG03	288384	290960	2.84905033333333
LG03	291459	293547	14.7935233333333
LG03	294064	295174	50.4073883333333
LG03	295699	297197	165.648768
LG03	297408	298101	3.03270033333333
LG03	298109	301222	12.982799
LG03	30220	31928	0
LG03	302225	303321	0.854904
LG03	303742	306518	10.1302146666667
LG03	307407	310157	49.135755
LG03	310354	312156	7.95452166666667
LG03	312287	314218	57.0666556666667
LG03	314896	315334	0.123092666666667
LG03	315615	317274	8.30200166666667
LG03	317930	320345	2.98144
LG03	321065	322766	27.5443356666667
LG03	32241	34587	0
LG03	323989	325922	16.90736
LG03	326252	327018	248.093256666667
LG03	327129	333944	19.393769
LG03	335064	335453	0
LG03	335468	335885	0.0489003333333333
LG03	336581	337980	3.516952
LG03	338669	350783	6.42992166666667
LG03	34765	35693	0
LG03	351442	352195	99.5864816666667
LG03	352591	352920	185.9086
LG03	353052	353612	26.3307506666667
LG03	353750	354974	47.5777156666667
LG03	355292	359174	30.1785716666667
LG03	359344	361932	47.0530443333333
LG03	362065	363224	24.620905
LG03	364844	365960	18.913339
LG03	367497	369410	4.168007
LG03	369971	373715	37.464069
LG03	374046	374852	0.069887
LG03	376612	379059	663.132426333333
LG03	379198	381315	6.88679566666667
LG03	381609	384994	45.078791
LG03	386096	388630	1.215336
LG03	386242	386812	0
LG03	388634	390842	23.0657966666667
LG03	391356	392515	2095.38053366667
LG03	393231	393530	0.0445626666666667
LG03	394472	395090	1.87908133333333
LG03	395467	399675	2.892277
LG03	400111	400405	0
LG03	400704	404312	0.0536126666666667
LG03	404316	405261	0
LG03	408185	411616	0
LG03	413384	414655	0
LG03	415719	416825	1.194916
LG03	417785	418278	1.99114866666667
LG03	418502	420354	46.5063263333333
LG03	420926	421947	12.4722946666667
LG03	422027	426147	5.81433833333333
LG03	426284	430974	2.252911
LG03	431332	433360	49.661208
LG03	433592	440486	26.3770206666667
LG03	440584	442799	123.265014333333
LG03	443724	446560	182.149271333333
LG03	446564	458356	4.541777
LG03	458387	459663	0.783124
LG03	460090	463350	43.0691233333333
LG03	464228	466332	56.4441796666667
LG03	466917	474536	91.1393916666667
LG03	47295	49265	7.250357
LG03	474550	476864	1.058654
LG03	476726	478467	2.53877066666667
LG03	479881	482479	0.186544333333333
LG03	483565	486848	213.736465333333
LG03	486947	488098	0.188584
LG03	488102	491551	5.721836
LG03	491809	494017	14.106079
LG03	494067	496475	6.118869
LG03	497129	508799	11.6704043333333
LG03	509016	511292	209.698425333333
LG03	50948	52275	0
LG03	511555	512541	11.2335143333333
LG03	512796	513552	6.08575
LG03	513778	515132	46.9380366666667
LG03	515301	517164	6.18572866666667
LG03	518338	520657	1.39389666666667
LG03	521042	523213	21.464158
LG03	523360	526338	352.159322
LG03	527455	528911	13.428068
LG03	529513	534145	5.766936
LG03	534506	537369	12.5732053333333
LG03	54567	56219	0.005873
LG03	550098	554411	25.2099323333333
LG03	554825	558948	69.4979503333333
LG03	560231	560925	1.42381766666667
LG03	561202	563387	6.277319
LG03	563534	565361	25.9902356666667
LG03	565629	567310	28.9375216666667
LG03	567885	570533	7.418866
LG03	570692	573229	18.405614
LG03	573992	575193	268.682332333333
LG03	575738	580265	31.3784393333333
LG03	57582	59867	2.702771
LG03	582014	582946	1.00946966666667
LG03	583305	584082	22.8697243333333
LG03	584286	586128	59.7667413333333
LG03	586586	589153	18.8650846666667
LG03	589320	590816	312.408701333333
LG03	591295	593210	637.896586
LG03	593651	599907	8.56844
LG03	600885	602065	2267.30306
LG03	602175	603822	17.490951
LG03	60220	60516	0.420229
LG03	604397	606805	1.05061833333333
LG03	60592	64554	0.944732333333333
LG03	607280	608137	17.2151526666667
LG03	610089	611043	361.918843666667
LG03	611160	612526	21.2493376666667
LG03	612728	616556	108.039624666667
LG03	616710	617748	141.306356
LG03	617882	620218	148.166412333333
LG03	620343	623420	38.272063
LG03	623866	624688	0.08956
LG03	626484	628206	34.9613496666667
LG03	628299	630821	24.225596
LG03	631354	633538	36.933544
LG03	633702	635147	95.6742963333333
LG03	635613	640541	36.2749876666667
LG03	641656	642502	0.267281
LG03	642511	643446	40.1555303333333
LG03	643517	647861	13.403839
LG03	64651	66144	0.0856323333333334
LG03	647862	651722	28.1315143333333
LG03	663568	664900	0
LG03	665379	669598	0
LG03	694521	694919	0
LG03	715723	718147	0
LG03	718772	721044	0.00351266666666667
LG03	724046	725065	0
LG03	730034	734326	0
LG03	746645	747073	0
LG03	759431	760649	0
LG03	773241	773906	0
LG03	777514	778137	0
LG03	778648	781451	0
LG03	781570	783223	0
LG03	78910	81174	0
LG03	801081	802028	0
LG03	813887	815301	32.0006556666667
LG03	815317	816353	928.005534
LG03	816453	819527	40.195469
LG03	819796	823088	14.2431063333333
LG03	824467	825597	44.974668
LG03	825836	828198	4.81096633333333
LG03	830891	832467	81.007309
LG03	833494	839129	10.022466
LG03	8371	14213	0.00342533333333333
LG03	839305	840166	10.7585706666667
LG03	840182	841008	0.4197
LG03	84055	86302	0
LG03	844648	849050	21.615687
LG03	849778	850994	67.4029313333333
LG03	852703	853237	0.635740333333333
LG03	853622	854847	34.9355723333333
LG03	856674	858507	15.8109946666667
LG03	858634	860937	274.620056333333
LG03	861047	863642	55.03795
LG03	864662	866771	159.091903666667
LG03	866939	869366	10.8237706666667
LG03	870952	872619	2.389458
LG03	87203	88934	0
LG03	872708	875347	32.223859
LG03	875504	878453	6.895262
LG03	879309	879984	12.954969
LG03	880496	881335	0.0561153333333333
LG03	880773	881148	0.0637943333333333
LG03	881595	883635	19.8333186666667
LG03	883735	885072	38.8534266666667
LG03	885993	887062	29.1428803333333
LG03	888006	891496	6.52194033333333
LG03	891496	894724	17.0595023333333
LG03	894902	896723	8.17278
LG03	89655	95449	0.152945333333333
LG03	897503	897862	0
LG03	898839	900694	1.12336566666667
LG03	901281	901854	17.1761953333333
LG03	902524	903987	24.7801583333333
LG03	904118	904322	4.21572233333333
LG03	905193	906943	436.024414
LG03	907235	909091	4.23667633333333
LG03	909266	911341	2.82198766666667
LG03	911706	914652	89.4761276666667
LG03	917137	918333	0.344694666666667
LG03	918472	929176	57.5239336666667
LG03	929767	931251	135.325292
LG03	931550	932260	365.95459
LG03	933182	936645	31.1325403333333
LG03	936940	937498	0.0451106666666667
LG03	937823	940927	10.4030213333333
LG03	941136	943596	2.24194133333333
LG03	943831	945821	15.8223363333333
LG03	946731	950156	140.339533333333
LG03	950931	954651	38.5472806666667
LG03	954666	957761	299.314514
LG03	958087	958573	0.0455503333333333
LG03	958198	958720	0
LG03	959920	964615	5.18041033333333
LG03	95999	98664	2.26417066666667
LG03	964966	966032	13.9313143333333
LG03	965995	967868	20.651662
LG03	968243	969669	13.92019
LG03	969714	971226	69.6925
LG03	971387	975331	28.7473246666667
LG03	975714	979133	28.455739
LG03	979892	981204	2.972206
LG03	982424	985269	10.9342853333333
LG03	985598	986543	73.5222776666667
LG03	986823	988221	17.6594616666667
LG03	98863	101084	4.385506
LG03	990463	992152	42.486852
LG03	992544	994583	4.69194233333333
LG03	994835	995414	99.372594
LG03	995953	998857	19.807285
LG03	998871	999856	49.351911
LG04	1006025	1006424	0.014742
LG04	1006603	1007366	0.0511196666666667
LG04	1008505	1010857	15.97768
LG04	1010874	1012420	198.362162333333
LG04	1012584	1014163	15.9767623333333
LG04	1014260	1016020	31.852166
LG04	1016444	1018634	70.5417916666667
LG04	1019240	1020807	148.092910666667
LG04	1021710	1025851	24.9012073333333
LG04	1025989	1027115	31.8709806666667
LG04	1027209	1028058	10.8815366666667
LG04	1028143	1029351	13.955519
LG04	1029463	1030600	11.341611
LG04	1031142	1034307	4.46926533333333
LG04	1036181	1036764	3.70608933333333
LG04	1036813	1038739	13.6621416666667
LG04	1039160	1041498	26.809127
LG04	1042356	1045677	22.1850566666667
LG04	1046585	1047664	0.077528
LG04	1048005	1049307	0.0951053333333333
LG04	1048034	1048530	0
LG04	1049600	1051277	10.3167826666667
LG04	1051368	1051656	7.271063
LG04	1051731	1052235	189.032770666667
LG04	1052560	1062938	1.907005
LG04	1063325	1065722	4.05058966666667
LG04	1066149	1067102	53.9327936666667
LG04	1067841	1068255	38.84102
LG04	1068637	1070759	11.3686416666667
LG04	107095	109798	0
LG04	1071447	1073514	32.2226963333333
LG04	1074105	1074545	0
LG04	1075440	1076726	11.0056693333333
LG04	1079591	1081056	0.026484
LG04	1079591	1085969	7.78206366666667
LG04	1081150	1092381	8.06674866666667
LG04	1084138	1087402	0.725721333333333
LG04	1095875	1097451	41.4053183333333
LG04	1097745	1100027	5.26951166666667
LG04	1100461	1101360	0.664733333333333
LG04	1101666	1113433	5.721346
LG04	110288	112572	0
LG04	1113914	1114395	0
LG04	1115215	1116756	7.89367633333333
LG04	1117136	1117868	5.35838733333333
LG04	1117970	1118452	0.519355666666667
LG04	1118487	1121775	5.990465
LG04	1128350	1130047	0
LG04	1136527	1138813	5.09126533333333
LG04	1139054	1139922	0.0701256666666667
LG04	1140822	1144260	7.54868533333333
LG04	1144296	1145632	2.850678
LG04	1144775	1145548	0.183696
LG04	1145654	1150359	23.6298146666667
LG04	1151087	1152784	1.42125733333333
LG04	1152952	1155466	3.01598666666667
LG04	1155553	1158759	2.18950333333333
LG04	1159253	1160955	16.6488553333333
LG04	1161049	1164500	26.5705896666667
LG04	1164686	1165514	44.2804046666667
LG04	1165746	1166148	2.102192
LG04	1166245	1168080	57.9756356666667
LG04	1168214	1169366	37.4929923333333
LG04	1169385	1171404	40.1711743333333
LG04	1171490	1172822	0.558585666666667
LG04	1173374	1174352	2.78616433333333
LG04	1175467	1177367	0.00644566666666667
LG04	1178682	1180282	0
LG04	1181718	1184358	39.9439483333333
LG04	1184751	1185559	0.0624253333333333
LG04	1185878	1190901	7.253804
LG04	1191312	1196782	24.3556053333333
LG04	1196788	1197581	1.38820433333333
LG04	1197633	1199434	34.0961963333333
LG04	1199830	1200309	0.0449203333333333
LG04	1200648	1201090	0
LG04	1201571	1204313	123.386197333333
LG04	1205196	1206467	0.32718
LG04	1206757	1208894	4.349796
LG04	1210201	1212402	0.282152666666667
LG04	1213104	1215521	0.746111333333333
LG04	1215976	1216958	9.18374766666667
LG04	1217102	1217825	73.7163976666667
LG04	1217995	1220074	25.151313
LG04	1220264	1220955	265.968088666667
LG04	1221331	1222603	138.914113333333
LG04	1222787	1224651	0.391800333333333
LG04	1224897	1226482	123.612335
LG04	1227138	1228751	242.167643
LG04	1228809	1230066	30.732543
LG04	1230574	1232631	9.22774366666667
LG04	1233231	1235824	1.723954
LG04	1236744	1237937	0.683420666666667
LG04	1238120	1240419	17.6735493333333
LG04	1240694	1242299	317.105011
LG04	1242466	1244418	5.47921233333333
LG04	1245686	1246585	146.066920333333
LG04	1248059	1248815	145.294179333333
LG04	1251017	1251690	0.905794333333333
LG04	1252152	1255296	15.743699
LG04	1255542	1258677	9.23342166666667
LG04	1259932	1260786	0.303715333333333
LG04	1262132	1264015	3.91039933333333
LG04	1264658	1267151	3.86021366666667
LG04	1267920	1272091	2.40636566666667
LG04	1272810	1273800	13.7011933333333
LG04	1274216	1280007	25.9592853333333
LG04	1283281	1283949	0
LG04	1287064	1288437	0
LG04	1298091	1299771	0.107019
LG04	1300114	1303273	11.8447913333333
LG04	1304187	1308177	26.8888436666667
LG04	1309313	1311213	0.671636666666667
LG04	1311479	1312477	0.0448216666666667
LG04	1312479	1314666	4.075157
LG04	1315099	1317715	35.5256766666667
LG04	1317802	1320553	31.0309226666667
LG04	1320732	1325236	31.2936926666667
LG04	1325345	1328244	11.6884846666667
LG04	1328322	1331872	18.4279983333333
LG04	1338688	1344195	0
LG04	1350879	1351311	0
LG04	1353945	1354377	0
LG04	1359378	1363295	0
LG04	1363313	1364047	0
LG04	1377863	1379169	5.67972366666667
LG04	1379523	1386371	48.0480666666667
LG04	1387370	1388653	0.202027333333333
LG04	1389247	1391648	10.1113623333333
LG04	1391652	1393015	1.48321666666667
LG04	1393415	1395832	3.44526833333333
LG04	1397215	1399340	1.587935
LG04	1399603	1402000	1.03321566666667
LG04	1403833	1406546	2.41229966666667
LG04	1407014	1413896	73.2339046666667
LG04	1414935	1418144	1.00906833333333
LG04	1418496	1419343	0.400012333333333
LG04	1420287	1420799	0.115171
LG04	1420766	1422066	0.359652666666667
LG04	1423523	1424158	0
LG04	1426192	1428342	86.1774803333333
LG04	1428334	1430262	38.4575613333333
LG04	1430395	1432177	25.8330183333333
LG04	1433019	1434105	2.55655
LG04	1435050	1436140	0.484451
LG04	1436471	1437528	7.55092233333333
LG04	1438071	1439809	0.173825666666667
LG04	1440647	1442870	22.5828563333333
LG04	1443496	1444207	9.39757833333333
LG04	1444590	1446195	575.706685666667
LG04	1448890	1451339	16.0693266666667
LG04	1452200	1454542	0.000588666666666667
LG04	1454817	1455429	0
LG04	1455999	1458727	16.94583
LG04	1458991	1465773	8.50315966666667
LG04	1466131	1468955	8.88876733333333
LG04	1469382	1471844	2.93679233333333
LG04	1472374	1475001	8.86005833333333
LG04	1475091	1477678	2.853437
LG04	1477856	1479505	5.54712466666667
LG04	1479601	1482446	9.906469
LG04	1482534	1484147	17.08685
LG04	1485226	1486766	0.793523
LG04	1488328	1489356	29.0420623333333
LG04	1489919	1491662	1.63798866666667
LG04	1489955	1490390	0
LG04	1491711	1492736	13.50848
LG04	1492763	1494984	42.6949513333333
LG04	1499018	1501016	0
LG04	1506443	1507105	0
LG04	1526186	1530615	0
LG04	1538590	1541689	2.86507133333333
LG04	1541700	1543037	132.320155
LG04	1543868	1547765	30.2866243333333
LG04	1550595	1551770	0.150801666666667
LG04	1554302	1556790	38.5312346666667
LG04	1557297	1560911	19.834933
LG04	155776	157740	0.802814666666667
LG04	1561784	1564484	1.512346
LG04	1565669	1568384	4.249814
LG04	1569396	1572227	1.58125033333333
LG04	1573067	1575729	9.04398233333333
LG04	1576177	1579702	2.247677
LG04	157839	160557	85.655271
LG04	1579656	1581154	0.959339666666667
LG04	1581567	1582690	19.0702323333333
LG04	1581650	1584198	26.766669
LG04	1584216	1586092	15.6042913333333
LG04	1588963	1589947	0.743723
LG04	1603202	1603600	0.750820666666667
LG04	1607209	1610728	0
LG04	161011	163146	52.4985023333333
LG04	1611353	1612735	0
LG04	1624038	1624550	1.52474433333333
LG04	1629224	1629605	1.48951233333333
LG04	1631487	1632106	2.18629066666667
LG04	163219	165572	2.76421033333333
LG04	1648890	1652048	0
LG04	165646	166133	0.0602696666666667
LG04	1661043	1662194	0
LG04	166201	169584	33.3816376666667
LG04	170742	172069	0.296432666666667
LG04	1719063	1719897	0.836114
LG04	1719857	1720806	0.243671333333333
LG04	1725146	1725983	0
LG04	1727127	1734479	0
LG04	173636	175575	0.011181
LG04	1746309	1749001	1.14767333333333
LG04	1749111	1750269	4.384882
LG04	1750965	1751515	47.8092753333333
LG04	1752262	1754043	8.65703533333333
LG04	1754363	1756112	2.406464
LG04	1756289	1760995	50.0773086666667
LG04	1761387	1763627	7.19930033333333
LG04	176347	180295	8.933895
LG04	1763681	1767942	1.24805133333333
LG04	1768161	1770368	0.110126666666667
LG04	1770496	1771133	0.882154333333333
LG04	1771427	1771884	0
LG04	1772424	1776135	0.443692666666667
LG04	1776664	1778510	7.73869
LG04	1777144	1779490	15.9719563333333
LG04	1780379	1781216	6.57156333333333
LG04	1781875	1782282	5.75493033333333
LG04	1782959	1784588	1.39272966666667
LG04	1784738	1791189	9.929723
LG04	1791969	1796182	5.36838966666667
LG04	1800997	1805603	60.7176663333333
LG04	1807639	1809792	4.888496
LG04	1809887	1810671	334.786224333333
LG04	1810798	1811066	240.268433
LG04	1811407	1818021	18.014306
LG04	181277	182328	0.860695666666667
LG04	1818577	1819772	14.535063
LG04	1820421	1822018	15.8795953333333
LG04	182936	189022	0.360785666666667
LG04	1830453	1834671	2.760522
LG04	1836106	1837039	0.108562666666667
LG04	1837059	1839672	251.340362333333
LG04	1839768	1841912	296.410583666667
LG04	1842020	1845908	60.2019336666667
LG04	1846181	1849447	25.3021716666667
LG04	1851554	1852279	0.0543273333333333
LG04	1851797	1852175	0
LG04	1853307	1854662	0
LG04	1854771	1856389	0
LG04	1857956	1860579	87.0522993333333
LG04	1860677	1863439	118.672312333333
LG04	1867820	1868558	0
LG04	1874445	1876844	0
LG04	1882455	1885668	0
LG04	1888178	1893232	0
LG04	1894775	1895507	0
LG04	189680	190984	18.659378
LG04	1897536	1898165	0
LG04	1904959	1905658	0
LG04	1908125	1910469	0
LG04	191180	191591	0.0696466666666667
LG04	1912695	1931510	0
LG04	191611	192674	2.81779333333333
LG04	193077	199351	0.212357333333333
LG04	1936265	1939321	0
LG04	1947415	1948797	0
LG04	1951375	1952256	0
LG04	1957180	1964102	0
LG04	1966942	1968324	0
LG04	1970902	1971783	0
LG04	1982358	1983629	0
LG04	1993383	1996148	0
LG04	199495	203093	8.96729766666667
LG04	1997152	2007674	0
LG04	2007909	2009958	15.746142
LG04	2010166	2016875	0
LG04	2018257	2018756	0
LG04	203808	204888	4.69329033333333
LG04	2039742	2040247	0
LG04	2043113	2044012	0
LG04	20462	21171	0
LG04	205640	207018	5.46636366666667
LG04	2070486	2071675	1.268306
LG04	2074347	2075307	16.0718286666667
LG04	2075821	2076576	0.604721
LG04	2076601	2076979	0
LG04	2078421	2078802	0
LG04	2079295	2080968	0
LG04	2089037	2092101	0
LG04	2092585	2095509	0
LG04	2096790	2097977	0
LG04	209733	210551	49.110119
LG04	2099088	2100127	0
LG04	2103130	2103851	0
LG04	210594	211660	105.898384
LG04	2106458	2106981	0
LG04	2108963	2110741	0
LG04	2116488	2116946	0
LG04	2122607	2123897	0
LG04	2124104	2125042	0
LG04	2127294	2128529	0
LG04	212852	215347	10.45175
LG04	2132724	2133637	0
LG04	2139116	2141408	0
LG04	2142875	2145211	0
LG04	2145733	2146476	0
LG04	2148904	2154176	0
LG04	2157275	2160195	0
LG04	2160214	2163570	0
LG04	2166563	2167704	0
LG04	216848	220159	0.00534066666666667
LG04	2170294	2171495	0
LG04	2173588	2179174	0
LG04	2180492	2183307	0
LG04	2184340	2186257	0
LG04	2188921	2189595	0.0444493333333333
LG04	2190770	2191746	0
LG04	2192163	2193857	0
LG04	2194655	2197560	0
LG04	2198150	2200119	0
LG04	2203947	2210282	0
LG04	220488	224202	0
LG04	2215358	2216108	0
LG04	2233287	2237500	0
LG04	2241267	2242439	0
LG04	2242449	2243053	0
LG04	2243173	2246169	0
LG04	2246483	2247220	0
LG04	2248389	2249116	0
LG04	2251400	2254252	0
LG04	2255712	2257122	0
LG04	2258254	2259873	0
LG04	2260229	2261006	0
LG04	226024	227699	0
LG04	2262917	2263720	0
LG04	2266289	2267410	0
LG04	22682	23396	0
LG04	2270874	2273422	0.324209333333333
LG04	2275909	2276910	0
LG04	2278493	2281355	0
LG04	2284014	2292923	0
LG04	228450	232608	0
LG04	2295624	2301650	0
LG04	2303133	2308523	0
LG04	2312471	2317743	0
LG04	2320560	2321835	0
LG04	2322291	2323046	0
LG04	2323880	2324406	0
LG04	2331166	2331745	0
LG04	2331860	2333769	0
LG04	2335889	2336228	0
LG04	2339869	2341045	0
LG04	2348931	2351987	0
LG04	2356819	2358166	0
LG04	235800	237685	0
LG04	2372251	2375419	0
LG04	2375530	2380336	0
LG04	238341	239041	0
LG04	2393593	2394132	0
LG04	239564	240058	0
LG04	2405186	2406359	0
LG04	240924	242405	12.505887
LG04	2412200	2413993	0
LG04	2414358	2419591	0
LG04	2420713	2423797	5.25042466666667
LG04	2424011	2427305	0.695667333333333
LG04	242734	243078	0.258268333333333
LG04	2428282	2429107	1.133422
LG04	2429868	2432700	6.29449833333333
LG04	2432978	2434537	6.26020633333333
LG04	2436600	2439184	19.958309
LG04	2439419	2440538	74.983538
LG04	2440598	2442451	17.2238833333333
LG04	2442485	2445599	46.6876666666667
LG04	2445735	2446432	229.147567666667
LG04	2446644	2448712	18.098166
LG04	2449164	2450071	34.988885
LG04	244942	247771	5.31568933333333
LG04	2455550	2456657	0.0550373333333333
LG04	2460084	2510979	0.0883626666666667
LG04	247815	251256	72.9056853333333
LG04	2512601	2513774	0.0719176666666667
LG04	2514145	2514881	2.74087466666667
LG04	2515462	2519776	12.4753743333333
LG04	251668	252679	0.795018333333333
LG04	2520127	2530113	0.08058
LG04	252999	255186	13.2240913333333
LG04	2530274	2534318	3.42950433333333
LG04	2535602	2538857	0
LG04	2540291	2540878	0
LG04	2541763	2542485	0.144675333333333
LG04	2542838	2543499	0
LG04	2545148	2546370	2.37571066666667
LG04	255364	256407	1.14985066666667
LG04	255368	255686	0.0367743333333333
LG04	2557331	2557987	0
LG04	2564860	2566475	0.433584666666667
LG04	2569109	2570920	3.37625633333333
LG04	2576272	2578750	9.25679533333333
LG04	2584740	2589046	13.893238
LG04	2589224	2591474	15.1117783333333
LG04	2591539	2593196	0.0806866666666667
LG04	259215	261169	2.74368466666667
LG04	2592390	2593135	0
LG04	2594473	2595734	0.0547043333333333
LG04	2596830	2597467	0
LG04	2597769	2598204	0
LG04	2598893	2599908	0
LG04	2600764	2602599	13.8406813333333
LG04	2603541	2604274	1.46152366666667
LG04	2606490	2610855	2.09152266666667
LG04	2612159	2616830	2.918574
LG04	261508	263867	28.6022496666667
LG04	2617401	2619063	1.511124
LG04	264987	266736	2.690925
LG04	2662917	2666101	0
LG04	2673697	2676309	0.00750766666666667
LG04	2677754	2679229	0.0758606666666667
LG04	2681764	2684545	0
LG04	268808	272517	2.211174
LG04	2689807	2691846	0
LG04	2693721	2694567	0
LG04	2699076	2699972	0
LG04	2700693	2702157	0
LG04	2703132	2703742	0
LG04	2705125	2705915	0
LG04	2706770	2708937	0
LG04	2716325	2717265	0
LG04	2719558	2720392	1.04048666666667
LG04	2723089	2724564	0.104225333333333
LG04	2726385	2728813	2.05306933333333
LG04	2729218	2732705	1.19767933333333
LG04	2733085	2735222	4.36111466666667
LG04	2735956	2738709	0.0369706666666667
LG04	2739336	2742622	0.101118333333333
LG04	2743025	2744516	168.487915
LG04	2744525	2746242	1.652822
LG04	2747681	2748507	52.8536593333333
LG04	2749060	2751342	18.685353
LG04	2752071	2752768	0.350300666666667
LG04	2753310	2755346	1.61508433333333
LG04	2755630	2756711	154.440165
LG04	2757042	2757913	754.256388
LG04	2758243	2759336	14.1598106666667
LG04	2759962	2760832	232.176015333333
LG04	2767640	2768224	0
LG04	2770068	2771102	0
LG04	2787217	2790455	0
LG04	2790618	2791244	229.329152666667
LG04	2792798	2793888	10.7404036666667
LG04	2794673	2797655	82.4186526666667
LG04	2797673	2799827	4.39310833333333
LG04	2800065	2802449	69.2795026666667
LG04	2802767	2804232	11.05365
LG04	2804715	2807505	5.65517166666667
LG04	2808954	2809787	38.0169803333333
LG04	2810141	2820185	7.11487533333333
LG04	2820409	2821643	0.777534
LG04	2822087	2826109	24.1200196666667
LG04	2828521	2829806	194.518326
LG04	2831269	2833852	8.33144966666667
LG04	2834144	2836403	2.551962
LG04	2837143	2840005	0.984058
LG04	2840013	2840861	0.510149
LG04	2841185	2841965	0.742491333333333
LG04	2843392	2844573	7.46130166666667
LG04	2845065	2848760	3.752185
LG04	2850041	2850594	0.548420333333333
LG04	2850308	2850606	0.091555
LG04	2850743	2851860	0.723055333333333
LG04	2852384	2853250	0.046422
LG04	2853606	2856176	8.23361033333333
LG04	2857012	2859288	104.175827
LG04	2861098	2865308	31.5373116666667
LG04	2865331	2867101	44.3513233333333
LG04	2868658	2871554	0
LG04	2877197	2879179	0.805098333333333
LG04	2879587	2880315	0.023367
LG04	2880614	2882247	27.2317683333333
LG04	2883845	2885104	140.177821
LG04	2885947	2889772	25.327872
LG04	2890697	2892170	0.338431666666667
LG04	2897599	2900495	0
LG04	2918139	2920844	0
LG04	292760	297043	0
LG04	2931428	2933637	1.925744
LG04	2933719	2934304	0.0609813333333333
LG04	2934546	2936473	9.527585
LG04	2937747	2939734	0.0173526666666667
LG04	2940921	2942916	0.116971666666667
LG04	2943500	2946141	45.3990403333333
LG04	2946367	2949695	7.64877633333333
LG04	2950140	2955716	40.3337693333333
LG04	2956526	2958191	1.162534
LG04	2958352	2959048	0.0380736666666667
LG04	2959456	2960622	0.483209666666667
LG04	2960750	2963047	460.400095666667
LG04	2963132	2964027	109.834437
LG04	2964812	2965365	1.689828
LG04	2966639	2969099	4.29520566666667
LG04	2969478	2972902	28.2887966666667
LG04	2975421	2976398	0
LG04	2977808	2978362	0
LG04	2980966	2984301	0
LG04	2988480	2991186	0
LG04	2993057	2996349	0
LG04	2997563	2999005	0
LG04	3000355	3002380	0.00261866666666667
LG04	3003100	3004610	0.158849
LG04	3004637	3006698	39.2563133333333
LG04	3007457	3008106	3.41809333333333
LG04	3009410	3009867	0
LG04	3010867	3011361	0.0848073333333333
LG04	3011971	3013139	30.0428676666667
LG04	3013238	3016112	191.306834
LG04	3016528	3017108	0.034683
LG04	3017961	3018998	0.266397666666667
LG04	3019086	3019609	0.0504853333333333
LG04	3020118	3022311	3.782819
LG04	3022824	3024375	0
LG04	3024557	3027125	11.056912
LG04	3029180	3030299	555.623942
LG04	3030813	3032366	14.0951453333333
LG04	3033579	3035631	79.990069
LG04	3036123	3037319	4.287371
LG04	3058640	3060075	1.05788333333333
LG04	3061304	3061787	0.613215333333333
LG04	3062190	3063603	21.6365723333333
LG04	3063639	3065304	223.128494
LG04	30645	32337	0
LG04	3066503	3067081	0.0191636666666667
LG04	3067076	3069261	77.7443923333333
LG04	3070031	3071554	100.07767
LG04	3071582	3072224	109.075378333333
LG04	3072139	3072461	10.0819306666667
LG04	3072647	3088978	39.5886013333333
LG04	3090035	3090735	0.0539616666666667
LG04	3092250	3093093	16.9327976666667
LG04	3094852	3097324	8.29760533333334
LG04	3099929	3102396	4.83281866666667
LG04	3105323	3107591	0
LG04	3109210	3110805	0
LG04	3112352	3113126	0
LG04	3115451	3117928	9.100457
LG04	3118722	3119275	22.2135403333333
LG04	3122823	3123500	0.362609333333333
LG04	3123923	3124390	0.876139
LG04	3125782	3128558	2.040949
LG04	3129766	3130550	1.93834766666667
LG04	3131920	3135020	3.70255933333333
LG04	3135348	3137734	18.0885766666667
LG04	3139206	3140860	6.122678
LG04	3141162	3144506	30.421432
LG04	3159089	3161979	18.247341
LG04	3162156	3165143	8.61872433333333
LG04	3165549	3166516	2.56897566666667
LG04	3165824	3166599	0.279649
LG04	3167654	3170443	1.94984566666667
LG04	3170840	3171750	4.74976033333333
LG04	3172615	3175150	1.35274
LG04	3175516	3176486	19.3584326666667
LG04	3176709	3177474	724.436747333333
LG04	3177516	3178747	538.457865666667
LG04	3178922	3182146	67.4633076666667
LG04	3182694	3185044	102.853978666667
LG04	318344	323875	0
LG04	3185461	3187823	675.548950333333
LG04	3188367	3190301	7.63661
LG04	3190793	3194655	6.74912966666667
LG04	3194696	3197027	1.66089333333333
LG04	3197696	3199198	30.7938393333333
LG04	3199357	3203306	27.4547933333333
LG04	3204033	3204703	0.0460623333333333
LG04	3205013	3207691	9.96881766666667
LG04	3207949	3208538	0
LG04	3210361	3213028	20.1468566666667
LG04	3216123	3217749	0.0525223333333333
LG04	3218700	3220516	58.2604826666667
LG04	3220567	3222521	4.09058566666667
LG04	3222621	3223495	0.160363666666667
LG04	3223773	3224551	0.489971666666667
LG04	3224622	3227065	7.44290266666667
LG04	3227454	3229003	5.33426233333333
LG04	3230197	3232608	0
LG04	3236075	3239640	0
LG04	3239668	3240762	0
LG04	3242029	3242765	0
LG04	3243415	3247161	6.87919133333333
LG04	3247594	3252062	4.849949
LG04	3252862	3254802	885.584187666667
LG04	3256078	3256626	3.62934633333333
LG04	3260699	3263288	74.6746393333333
LG04	3263697	3264746	44.8997013333333
LG04	3265918	3267607	3.03230733333333
LG04	3268094	3270949	1.56620133333333
LG04	3271793	3276034	23.20171
LG04	3277525	3278755	24.0083486666667
LG04	3278860	3279778	17.3606933333333
LG04	3280679	3281438	0.557117
LG04	3282827	3283916	5.09403133333333
LG04	3284669	3287372	31.418334
LG04	3287596	3290416	20.7491703333333
LG04	3290424	3291508	21.8953196666667
LG04	3291587	3293870	0.326894666666667
LG04	3294338	3296801	9.06276033333333
LG04	3296889	3299072	2.542352
LG04	3299938	3301696	2.406885
LG04	330072	331565	0
LG04	3303398	3305524	52.4170176666667
LG04	3305850	3306132	0
LG04	3306208	3307614	0.154283666666667
LG04	3307784	3308419	0.0630976666666667
LG04	3309219	3310282	20.158783
LG04	3310560	3311522	0.107806
LG04	3313063	3314553	34.4225116666667
LG04	3314628	3315419	0.950111333333333
LG04	3315626	3316989	122.891240333333
LG04	3317286	3318418	6.23867266666667
LG04	3317389	3320102	86.88709
LG04	3320441	3322468	78.2239583333333
LG04	332241	332840	0
LG04	3323139	3324836	0.677236666666667
LG04	3325485	3326432	3.364007
LG04	3326780	3327394	0.00921666666666667
LG04	3326915	3328465	1.481824
LG04	3328497	3329511	285.462209
LG04	3331674	3334175	7.673061
LG04	3334703	3337021	6.555698
LG04	3337913	3339604	0.517806333333333
LG04	333868	337341	0.532772333333333
LG04	3339926	3341178	41.1584713333333
LG04	3341294	3342157	51.7407963333333
LG04	3343275	3348555	22.3166363333333
LG04	3349610	3350227	0.133650666666667
LG04	3350370	3353304	93.7106043333333
LG04	33556	34284	0
LG04	3358195	3360242	9.80927733333333
LG04	3361781	3362791	19.6850023333333
LG04	3362999	3364078	0.541879
LG04	3364766	3368299	36.140222
LG04	3368420	3369276	0.040746
LG04	3371005	3371822	0.151333333333333
LG04	3371958	3373178	0.264438666666667
LG04	3373318	3374694	27.7289613333333
LG04	3375089	3379799	2.536943
LG04	3380093	3384396	21.5391303333333
LG04	3384468	3385715	0.411833333333333
LG04	3385838	3388220	5.41304833333333
LG04	3389443	3390930	18.531108
LG04	3391271	3393601	5.88244233333333
LG04	3393831	3394734	0.0192283333333333
LG04	3395085	3396573	0.125344
LG04	3397559	3399025	5.293109
LG04	3399177	3407782	15.1080476666667
LG04	340015	342987	0
LG04	3408596	3417081	50.0579223333333
LG04	3417385	3420814	172.145075333333
LG04	3434413	3435518	0.157551666666667
LG04	3436231	3439293	84.5154316666667
LG04	3439641	3440385	16.9749646666667
LG04	3441329	3442627	0.817819333333333
LG04	3443498	3445828	4.945857
LG04	3446094	3447980	9.71887966666667
LG04	3449124	3450806	23.6205406666667
LG04	3453023	3453732	53.6262156666667
LG04	3454224	3455146	121.178512333333
LG04	3455668	3458060	52.13002
LG04	3455712	3456300	270.434763333333
LG04	3458085	3459791	28.088794
LG04	3460108	3460769	0.0283966666666667
LG04	3461254	3464042	27.3027643333333
LG04	3464881	3466497	0.246647333333333
LG04	3466957	3467624	1.75372
LG04	3468547	3469164	3.10164366666667
LG04	3469494	3471567	13.118006
LG04	3471684	3474670	3.96902866666667
LG04	3475003	3477761	0.145621
LG04	3480000	3482749	17.1693556666667
LG04	3482932	3486428	19.350359
LG04	3486475	3488405	51.2421543333333
LG04	3488987	3490353	0.219456666666667
LG04	3490862	3495570	3.51481533333333
LG04	3495782	3498579	9.67938566666667
LG04	3498844	3502365	17.5200933333333
LG04	3503029	3503760	62.4059833333333
LG04	3504033	3506764	28.7023233333333
LG04	3507757	3509411	2.92419966666667
LG04	3509668	3511331	78.0887526666667
LG04	3512101	3514150	29.3853173333333
LG04	3516072	3517248	884.098287
LG04	3518019	3526610	2.65597966666667
LG04	3527040	3530627	18.8299953333333
LG04	3531774	3533434	16.7506163333333
LG04	3533957	3535450	519.853597
LG04	3535714	3537157	26.640661
LG04	3537665	3539023	13.7459403333333
LG04	3539344	3540177	43.8317323333333
LG04	3540913	3541478	488.417877333333
LG04	3542226	3546076	0
LG04	3548447	3549337	0.217178666666667
LG04	3551797	3555047	14.388049
LG04	3557858	3561193	0
LG04	3565578	3566178	5.59202866666667
LG04	3569141	3569878	0
LG04	3572980	3574398	0
LG04	3577181	3580516	0
LG04	357750	361297	0.101103333333333
LG04	3584362	3585495	0
LG04	3585720	3586286	0
LG04	3588556	3590208	27.9409376666667
LG04	3592916	3593890	0
LG04	3593896	3595598	17.2072133333333
LG04	3596449	3597717	6.801414
LG04	3598070	3602755	15.8090473333333
LG04	3603197	3605358	2.92763166666667
LG04	3605730	3608380	41.733242
LG04	3609591	3614675	1.50564933333333
LG04	3614661	3615937	6.74867433333333
LG04	3616525	3617031	115.173299333333
LG04	3617453	3620900	66.214872
LG04	3621528	3625661	55.3830186666667
LG04	3625654	3626858	44.1531486666667
LG04	3627548	3629483	3.15287433333333
LG04	3629592	3632994	69.6819483333333
LG04	363118	364706	2.63219
LG04	3633170	3636144	17.704258
LG04	3636514	3637291	2.085831
LG04	3637858	3638483	1.08286466666667
LG04	3638556	3640050	13.9896956666667
LG04	3641858	3643159	214.894267
LG04	3643394	3651771	27.3382753333333
LG04	3651946	3653186	0.373012666666667
LG04	3652232	3653152	0.257969666666667
LG04	365336	367720	13.6480443333333
LG04	3653838	3654117	102.725601333333
LG04	3654296	3656481	4.54025733333333
LG04	3656474	3657437	97.041542
LG04	3657568	3664720	13.937055
LG04	3664866	3665531	21.86828
LG04	3666085	3666874	74.9688036666667
LG04	3666905	3668725	0.25053
LG04	3668037	3669937	13.9337873333333
LG04	3670106	3671377	15.0708243333333
LG04	3671462	3672550	4.03347266666667
LG04	3673279	3674443	16.4763073333333
LG04	3675296	3676067	2.265804
LG04	3676291	3676948	276.825602333333
LG04	3677285	3684356	35.642559
LG04	367972	374500	6.35191633333333
LG04	3686305	3687372	0.020665
LG04	3687806	3688439	1.16754633333333
LG04	3688808	3691421	25.4218266666667
LG04	3691540	3692512	8.59509366666667
LG04	3693567	3694137	0
LG04	3694289	3698005	0.125391
LG04	3701175	3701760	0
LG04	3701972	3705020	0.711582333333333
LG04	3705045	3706145	0.333840333333333
LG04	3706564	3707571	47.0808183333333
LG04	3707921	3709276	38.0676473333333
LG04	3709574	3709801	9.979953
LG04	3710242	3713173	18.4878063333333
LG04	3716197	3720679	46.993201
LG04	3720687	3723531	12.356838
LG04	3723870	3726683	0.0353596666666667
LG04	3727213	3727968	0.071738
LG04	3727274	3728011	0.141869
LG04	3728592	3729806	2.56153833333333
LG04	3731766	3733949	0
LG04	3734059	3735789	0
LG04	3735873	3737131	518.377886333333
LG04	3737332	3737884	0.67316
LG04	3738110	3739821	4.956353
LG04	3741062	3741571	103.753263
LG04	3741569	3744978	13.2772016666667
LG04	3745910	3749534	0.304385333333333
LG04	374812	376979	31.708969
LG04	3749985	3751322	0.282607333333333
LG04	3754396	3757571	0
LG04	3757676	3761200	0.0432856666666667
LG04	3761303	3762613	0.0270666666666667
LG04	3767631	3769456	0
LG04	3771569	3774321	0
LG04	377213	382087	4.53280466666667
LG04	3774835	3775265	0
LG04	3779053	3780363	0
LG04	3780466	3783990	0.0399236666666667
LG04	3784095	3787270	0
LG04	3788990	3789617	0.674146
LG04	3790146	3811435	0.878543
LG04	3794174	3797936	0
LG04	3800964	3801515	0
LG04	3811485	3813304	6.34517733333333
LG04	3814679	3817431	3.88829
LG04	3818342	3820053	33.399891
LG04	3820082	3822176	0.477856
LG04	3823931	3824585	0.126717666666667
LG04	382402	383691	5.34509066666667
LG04	3826742	3827572	0.1115
LG04	3827938	3831366	14.4581183333333
LG04	3831400	3832385	33.1968356666667
LG04	3832720	3835870	3.1803
LG04	3835894	3837602	36.27403
LG04	383707	386041	8.535914
LG04	3838217	3839021	7.830091
LG04	3839615	3840558	2.960183
LG04	3841370	3842830	3.38607766666667
LG04	3842735	3845149	166.760279333333
LG04	3846004	3851383	2.42897666666667
LG04	3851584	3863503	50.532697
LG04	3863706	3864733	37.1775563333333
LG04	386419	387700	14.816581
LG04	3864962	3866166	3.696997
LG04	3866214	3866651	2.41237066666667
LG04	3866764	3869433	0.760362666666667
LG04	38684	40710	0
LG04	3870255	3872018	359.708475666667
LG04	3872235	3873156	0.336086
LG04	3872427	3874769	133.885247333333
LG04	3874261	3874568	0.196160666666667
LG04	3874867	3875878	8.58745566666667
LG04	3876094	3877022	9.78691866666667
LG04	3877101	3878282	3.55421233333333
LG04	3878555	3879514	19.662406
LG04	387903	390650	11.9589533333333
LG04	3879986	3882527	38.1296743333333
LG04	3882587	3883097	4.54211466666667
LG04	3883814	3884432	2.87924033333333
LG04	3884612	3885117	0.569752333333333
LG04	3885176	3889028	8.03232533333333
LG04	3889085	3892882	5.99364433333333
LG04	3892860	3897442	0.319518666666667
LG04	3897701	3900103	25.418654
LG04	3900388	3900990	0.030351
LG04	3901555	3903413	373.955464666667
LG04	3903802	3904948	4.848935
LG04	3905240	3906536	11.6572996666667
LG04	3907374	3907898	0.348838
LG04	390802	396318	7.93672133333333
LG04	3908220	3910484	0.086574
LG04	3911232	3912252	0.024982
LG04	3912621	3915055	23.9355836666667
LG04	3915248	3916602	31.7069626666667
LG04	3917307	3920889	15.0350333333333
LG04	3922592	3925677	250.470688
LG04	3926896	3927789	3.502618
LG04	3928749	3930022	0.058869
LG04	3930802	3933357	0
LG04	3934098	3934592	0
LG04	3934663	3937092	0
LG04	3937819	3938626	0
LG04	3939222	3944985	0.769939666666667
LG04	3945635	3948832	0
LG04	3949268	3950562	0
LG04	3953622	3954626	0
LG04	3958231	3965755	0.113304
LG04	396653	398934	71.3994163333333
LG04	3966661	3968393	27.951817
LG04	3968928	3969409	561.780904
LG04	3969749	3971178	3.45454866666667
LG04	3971248	3975046	16.5207363333333
LG04	3975642	3976172	0.491219
LG04	3976224	3978087	57.8519326666667
LG04	3978162	3979294	474.503489
LG04	3979389	3980784	0.184136333333333
LG04	3979826	3980787	0
LG04	3981992	3985311	28.8583273333333
LG04	3983821	3985311	66.0149216666667
LG04	3986348	3992633	11.129995
LG04	3992893	3995450	4.532724
LG04	3995476	3998371	16.7002513333333
LG04	3998800	4001354	152.724172
LG04	400159	402747	8.73774633333333
LG04	4001928	4003720	1.08779533333333
LG04	4003754	4008235	1.570033
LG04	4008302	4009273	0.173034666666667
LG04	4010138	4011333	0.417109666666667
LG04	4011044	4012021	0.061738
LG04	4012633	4013290	0.135875
LG04	4013360	4013888	0.0643483333333333
LG04	4014137	4015951	24.5078856666667
LG04	4016314	4019356	7.92598366666667
LG04	4021409	4021762	0
LG04	4023084	4023892	0.889327
LG04	4024993	4030784	49.0201936666667
LG04	4031190	4032228	16.404231
LG04	403400	408368	34.5309983333333
LG04	4038592	4041648	0
LG04	4048148	4049423	9.56254333333333
LG04	4049639	4054733	455.778432
LG04	4055305	4055851	0.118978666666667
LG04	4056877	4057193	0.063776
LG04	4057394	4059771	94.933899
LG04	4059787	4061221	0.229935333333333
LG04	4060821	4062025	0.553150666666667
LG04	4062087	4066123	11.327003
LG04	4066447	4068033	96.097758
LG04	4068098	4070902	5.75483933333333
LG04	4071144	4076402	20.153995
LG04	4077250	4083943	5.344771
LG04	4084408	4086167	2.67909566666667
LG04	4086875	4088501	4.465468
LG04	4088571	4088909	0.074862
LG04	4089564	4091396	116.650617
LG04	4092931	4094048	17.6653656666667
LG04	4096670	4097217	0.479064333333333
LG04	4097284	4097990	0.316076666666667
LG04	4098044	4099436	1.32351866666667
LG04	4101451	4102978	792.567830666667
LG04	4107479	4108788	3.226218
LG04	4109140	4110348	0.694489333333333
LG04	4110412	4113440	34.8796726666667
LG04	4113682	4113991	0.0725096666666667
LG04	4114760	4116796	28.346379
LG04	4116829	4122082	1.252058
LG04	4122304	4122745	0
LG04	4124219	4125884	0.348616666666667
LG04	4126277	4132383	26.086155
LG04	4132562	4135870	4.47680933333333
LG04	4136369	4137754	0.265750666666667
LG04	4138410	4139668	2.942473
LG04	4154691	4155963	0
LG04	4156534	4156917	13.7735103333333
LG04	4157084	4160158	11.053219
LG04	4160331	4162001	111.103788
LG04	4164652	4166628	0.768226333333333
LG04	4166615	4171203	14.866652
LG04	4171536	4172927	0
LG04	4172976	4173752	0
LG04	417416	419912	0
LG04	4174624	4177378	0.078588
LG04	4178090	4181554	35.2740413333333
LG04	4181856	4190990	2.890593
LG04	4191298	4200223	8.096901
LG04	4200433	4205772	0.728266333333333
LG04	4206585	4207564	1.75103366666667
LG04	4207644	4209612	780.087870333333
LG04	4210544	4213251	2.50265266666667
LG04	4213345	4215175	54.5546926666667
LG04	4215982	4218283	16.5928646666667
LG04	4218937	4226679	21.8068636666667
LG04	422791	423699	0
LG04	4230007	4233639	2.16614
LG04	4232316	4234157	0.382364666666667
LG04	4235007	4236254	0.726456
LG04	4236311	4237040	37.8949766666667
LG04	4237093	4239300	25.7802886666667
LG04	4237668	4239803	11.7493136666667
LG04	4241079	4242762	19.4771323333333
LG04	4242802	4246019	20.158963
LG04	4248040	4250331	16.1291346666667
LG04	4252108	4254853	0.330249333333333
LG04	4255474	4258409	3.30486233333333
LG04	4258840	4259831	681.185628333333
LG04	4260005	4261125	63.3378333333333
LG04	4261638	4262480	0.188383333333333
LG04	4262874	4263520	0.0723753333333333
LG04	4264403	4267753	39.494461
LG04	4268207	4268810	0.780417666666667
LG04	4270146	4271239	1.86643633333333
LG04	4271290	4272137	8.184577
LG04	4272368	4275048	28.9836716666667
LG04	4275649	4277160	17.9047836666667
LG04	4277278	4277759	0.892056666666667
LG04	4277865	4280346	41.9721276666667
LG04	4280745	4282704	13.1476646666667
LG04	4283252	4284059	447.367838666667
LG04	4284041	4285389	157.404673333333
LG04	4285637	4287324	13.193345
LG04	4288477	4290753	97.3261616666667
LG04	4291187	4293667	10.2407016666667
LG04	4293964	4294348	0
LG04	4294441	4296855	7.219343
LG04	4297929	4298552	0.0625926666666667
LG04	4298925	4300471	0.0935026666666667
LG04	4300848	4301811	0.27745
LG04	4301928	4304230	177.23585
LG04	4304510	4305933	1.509645
LG04	4307206	4307563	0
LG04	4307829	4310155	29.7808796666667
LG04	4310321	4326734	4.51300933333333
LG04	4315564	4317093	0.436402333333333
LG04	4317267	4318820	12.7439466666667
LG04	4327209	4328935	0.478909
LG04	4334649	4335695	0
LG04	434053	434961	0
LG04	4361071	4361639	0
LG04	4363044	4363671	0
LG04	436396	439571	0
LG04	4364891	4366415	0
LG04	4394214	4397741	0
LG04	441741	443200	0.028287
LG04	4418487	4422910	0
LG04	4425027	4427336	0
LG04	4428924	4429815	0
LG04	4432977	4433891	0
LG04	443303	444613	0.00776766666666667
LG04	4458122	4461798	0
LG04	4470505	4471514	0.195243333333333
LG04	4471953	4472588	0.229331666666667
LG04	4473539	4476481	0.286155
LG04	447555	448211	0
LG04	4476819	4480106	0.137939333333333
LG04	4480783	4482139	53.2152113333333
LG04	4483433	4484762	8.71216066666667
LG04	4485080	4487471	4.02716733333333
LG04	4487929	4488952	15.0825573333333
LG04	4489857	4492179	224.302551333333
LG04	4492973	4496308	0.035991
LG04	4497611	4499239	73.3631946666667
LG04	4499484	4499776	0
LG04	4501302	4503733	1.49697066666667
LG04	4504148	4504515	0.113098333333333
LG04	4504624	4505057	1.774624
LG04	4505114	4505432	0.248945333333333
LG04	450753	453249	0
LG04	4512918	4515226	36.039239
LG04	4515522	4517843	13.5513763333333
LG04	4517928	4519857	5.67713333333333
LG04	4519900	4521106	0.700631
LG04	4522129	4523173	0.188003666666667
LG04	4524406	4526245	7.894972
LG04	4526842	4527824	38.2689183333333
LG04	4528263	4530584	7.247367
LG04	4530817	4531398	0
LG04	4532684	4534683	22.1884366666667
LG04	4534963	4536572	6.459066
LG04	4537795	4538343	43.6126163333333
LG04	4538407	4539472	26.579628
LG04	453861	454636	0.065845
LG04	4539225	4540077	2.93515833333333
LG04	453951	455263	0.987776
LG04	4540355	4541911	2.63610166666667
LG04	4544649	4546422	11.7729883333333
LG04	4546928	4547288	0.156776333333333
LG04	4549308	4550803	0.748956333333333
LG04	4551034	4553397	4.751992
LG04	4553549	4556409	16.6649613333333
LG04	4556838	4558048	1.294449
LG04	4558105	4559233	3.33204766666667
LG04	4559763	4562016	1.13272133333333
LG04	4562386	4563305	131.611760333333
LG04	4563618	4565886	32.1290786666667
LG04	4566109	4568767	3.798216
LG04	4568943	4572949	3.32951166666667
LG04	4573619	4575778	66.2409846666667
LG04	4576845	4577952	1740.94706233333
LG04	4578459	4579416	5.34935833333333
LG04	4580288	4581284	17.25737
LG04	4582300	4583098	58.9822133333333
LG04	4582945	4583979	55.4160803333333
LG04	4584062	4584704	17.1138146666667
LG04	4585620	4586935	227.965973
LG04	4587088	4588249	128.313903666667
LG04	4589437	4591951	0.264238
LG04	4593129	4593786	10.740771
LG04	4596418	4599937	0
LG04	459656	465647	0
LG04	4600049	4600510	0
LG04	4606209	4607405	0
LG04	4608013	4611927	8.46038066666667
LG04	4612359	4612953	1.70088366666667
LG04	4613896	4630338	7.724604
LG04	4630527	4631679	145.573689666667
LG04	4633153	4634639	1.73062133333333
LG04	4635446	4636031	1.37945366666667
LG04	4636304	4637324	167.079371
LG04	4638813	4639744	91.7287163333333
LG04	4641521	4642902	165.013794
LG04	4643565	4645188	8.41817366666667
LG04	4645207	4645646	0.057648
LG04	4645711	4647302	4.97051766666667
LG04	4650278	4651518	0
LG04	4652100	4653200	9.84616033333334
LG04	4653511	4666071	4.838393
LG04	4667531	4668541	1.586076
LG04	4668748	4671662	52.5934193333333
LG04	4672734	4673124	0.0547956666666667
LG04	4673557	4675207	3.33660766666667
LG04	4676733	4679366	18.7537513333333
LG04	4679767	4682881	4.321625
LG04	4688756	4691029	0
LG04	4691202	4694379	0
LG04	477729	479982	0
LG04	482263	483115	0
LG04	485966	486994	0
LG04	502679	504347	0
LG04	509385	510020	0
LG04	517007	519971	0
LG04	522525	523395	0
LG04	526225	526902	0
LG04	528738	529495	0
LG04	531139	531790	0.340985666666667
LG04	531412	531790	0.197894666666667
LG04	541119	541443	0.0731936666666667
LG04	541766	545540	85.0545503333333
LG04	545550	547182	0.103857
LG04	547212	548529	4.19202
LG04	551507	555319	7.60544
LG04	555653	561292	63.5883826666667
LG04	561448	562704	5.135818
LG04	563036	563333	0.0489763333333333
LG04	565739	567988	51.8721936666667
LG04	568072	571918	6.85742166666667
LG04	573976	574916	17.590009
LG04	576819	584735	36.4444443333333
LG04	585454	586850	1.891975
LG04	586950	588480	2.154931
LG04	590503	592618	3.76893233333333
LG04	593006	594863	47.958973
LG04	594913	595995	22.2356103333333
LG04	596579	597842	8.00910866666667
LG04	599080	603291	3.07954833333333
LG04	603427	604194	0.00729533333333333
LG04	604251	606175	0.816695333333333
LG04	607466	607909	0
LG04	608162	611022	35.4586893333333
LG04	613982	617138	11.9898766666667
LG04	617358	618879	6.74144066666667
LG04	619163	621129	2.00477766666667
LG04	622685	623347	8.13504133333333
LG04	623735	625750	20.6822
LG04	627666	631940	21.4075833333333
LG04	633032	640763	39.139847
LG04	640951	644764	1.06526266666667
LG04	645387	647026	4.485287
LG04	647938	648680	0.0382873333333333
LG04	650773	654178	0.0690226666666667
LG04	666580	668077	0
LG04	6674	12145	0
LG04	671322	671848	0
LG04	673778	675495	2.528002
LG04	675742	676394	0.208489666666667
LG04	676510	680827	81.5000026666667
LG04	680851	682051	28.6773013333333
LG04	682142	683993	17.607782
LG04	684249	684743	92.7978106666667
LG04	687094	688275	71.0443396666667
LG04	689125	692917	198.409398333333
LG04	695865	697634	16.0897836666667
LG04	700026	701194	4.06793866666667
LG04	703357	704248	0
LG04	707338	710310	0
LG04	728294	732138	0
LG04	734147	735871	0
LG04	741235	742527	0
LG04	745342	747967	0
LG04	750759	751231	0
LG04	753085	754185	0
LG04	754524	755822	2.64046733333333
LG04	755981	757387	20.8537246666667
LG04	757472	759619	3.135713
LG04	760817	765038	52.7780076666667
LG04	765907	773119	1.65532733333333
LG04	773498	775427	3.55627033333333
LG04	775922	776273	0
LG04	776948	785572	20.0094986666667
LG04	785863	788074	8.40181866666667
LG04	788533	790273	17.010475
LG04	790953	795043	3.608023
LG04	79485	80634	0
LG04	796241	799469	6.757621
LG04	800221	803371	40.0268303333333
LG04	803829	804995	1110.860962
LG04	805678	806866	42.436619
LG04	807458	809404	3.00204433333333
LG04	810909	811498	0.607363
LG04	811980	813606	0.754191333333333
LG04	813518	818712	94.194064
LG04	819034	821459	6.90372766666667
LG04	821508	823411	2.95723166666667
LG04	823684	825470	0.015219
LG04	826012	828792	10.1886333333333
LG04	828848	832084	84.3929976666667
LG04	833922	834819	222.422541333333
LG04	834972	840571	16.6034516666667
LG04	841968	842793	4.67161
LG04	843231	843834	0.316969
LG04	84439	87381	0
LG04	844419	845736	101.946703666667
LG04	846060	846679	20.4706356666667
LG04	846814	847857	24.0664296666667
LG04	848099	853266	40.6139396666667
LG04	853996	855215	0.136364333333333
LG04	855969	857200	0.576501
LG04	858089	859347	1.67905933333333
LG04	859901	862330	79.4846446666667
LG04	862374	862789	0
LG04	862844	866174	18.019116
LG04	866645	868210	46.1638413333333
LG04	869508	870993	6.442824
LG04	871740	872550	5.577076
LG04	872680	873301	31.990393
LG04	874326	875350	15.4440346666667
LG04	875495	877140	34.8219603333333
LG04	877260	878040	36.1633846666667
LG04	878106	880243	11.6761523333333
LG04	880528	884409	0.231111
LG04	884577	887194	77.0705386666667
LG04	887949	891954	23.781145
LG04	893313	894265	4.63944766666667
LG04	895453	896013	0
LG04	896096	897192	222.677108666667
LG04	897187	898115	312.296305333333
LG04	899877	904959	8.31632033333334
LG04	905621	907201	127.132654666667
LG04	907283	910491	5.78170366666667
LG04	911593	917882	26.7566043333333
LG04	918223	918945	16.3602156666667
LG04	920319	920991	0.109588
LG04	921865	923056	0.889480333333333
LG04	923138	925150	8.162205
LG04	926276	927253	0
LG04	927897	929717	25.115132
LG04	929838	931099	46.431267
LG04	931748	934408	17.6536553333333
LG04	934998	943547	0.550454
LG04	945630	945945	0
LG04	946500	955455	1.9372
LG04	956989	966739	4.08830333333333
LG04	967463	968085	0.0998953333333333
LG04	968784	978200	2.60239433333333
LG04	979424	988469	4.61907633333333
LG04	987923	1004972	3.790244
LG04	99819	105490	0
LG05	1000110	1001021	0.197557
LG05	1001151	1003708	2.51502533333333
LG05	1004233	1006122	0.0595063333333333
LG05	1006902	1008995	29.7111083333333
LG05	100720	102984	0
LG05	1009214	1009871	213.817764333333
LG05	1010056	1011382	0.241788333333333
LG05	1011473	1012093	0
LG05	1012333	1014739	4.91094966666667
LG05	1014929	1015482	236.386596333333
LG05	1015652	1016131	57.6125656666667
LG05	1016312	1017662	55.4425773333333
LG05	1017826	1018638	41.571832
LG05	1019427	1022264	63.3133533333333
LG05	1023023	1024569	94.1618856666667
LG05	1024701	1026102	44.5833373333333
LG05	1027115	1030049	1.140332
LG05	1030292	1036830	17.8425946666667
LG05	103162	104090	0
LG05	1037036	1037866	103.304059
LG05	1038108	1039571	36.440881
LG05	1040129	1041402	25.853916
LG05	1041484	1042736	197.089666
LG05	1043027	1044971	175.929301
LG05	1045168	1048294	17.8556296666667
LG05	1048884	1052780	16.6679266666667
LG05	1052851	1053976	38.1790683333333
LG05	1054336	1055924	1.60771533333333
LG05	1056026	1057762	73.7393773333333
LG05	1057781	1060313	36.172217
LG05	1059327	1060210	333.200591666667
LG05	1061383	1063839	17.7144123333333
LG05	1063824	1066264	23.636409
LG05	1066381	1067050	2.15272666666667
LG05	1067670	1070107	111.675880333333
LG05	1070390	1074547	10.5524706666667
LG05	1074687	1077286	39.4090293333333
LG05	1077208	1078699	10.809621
LG05	1078713	1081316	1.89373066666667
LG05	1081374	1084388	24.6892956666667
LG05	1085089	1086273	97.3684133333333
LG05	1086576	1089467	15.6395053333333
LG05	108707	110650	191.996322666667
LG05	1089852	1092896	27.4473896666667
LG05	1093543	1094744	13.2804716666667
LG05	1094754	1095937	1.35587033333333
LG05	1096043	1097025	3.23203733333333
LG05	1097063	1100076	5.80581733333333
LG05	1100367	1102657	39.8843333333333
LG05	1102773	1104382	30.4665126666667
LG05	1104456	1108891	16.769511
LG05	110828	112199	198.747151666667
LG05	1109334	1111312	14.1416733333333
LG05	1111330	1113479	0.806404333333333
LG05	1115917	1117860	0
LG05	112433	113052	0.061709
LG05	1131906	1136734	0
LG05	113353	114624	22.546361
LG05	1142065	1146350	0
LG05	115735	118443	0.139977333333333
LG05	1159348	1159918	0
LG05	1165391	1166047	0
LG05	1173545	1178989	3.64431033333333
LG05	1178255	1181006	5.862557
LG05	1181043	1183228	34.22878
LG05	1183319	1185150	216.400894
LG05	1185327	1187718	14.9494663333333
LG05	1188173	1190687	10.7319223333333
LG05	1190941	1193275	10.8684803333333
LG05	1193488	1194475	21.5435936666667
LG05	1194622	1195887	47.1344973333333
LG05	1196954	1198557	35.598573
LG05	1198653	1202714	28.7314143333333
LG05	1203165	1208866	6.56203233333333
LG05	1209417	1209971	0.0715006666666667
LG05	1210871	1211212	0
LG05	1215223	1215596	0.371996666666667
LG05	1217651	1222618	3.69343566666667
LG05	1220347	1221046	0.00473466666666667
LG05	1222712	1225377	11.5377746666667
LG05	1225456	1226983	6.443563
LG05	122576	125592	0
LG05	1226993	1231454	14.2531193333333
LG05	1231510	1234696	4.99971466666667
LG05	1234912	1237861	21.014494
LG05	1239264	1241160	22.286868
LG05	1241212	1242277	5.85331766666667
LG05	1242059	1242525	0
LG05	1242356	1243194	5.12196566666667
LG05	1243927	1244739	14.1868313333333
LG05	1244957	1245653	320.123881
LG05	1246060	1246524	1.11339066666667
LG05	1246638	1247065	0.0155456666666667
LG05	1247361	1250625	3.52808466666667
LG05	1251180	1253352	15.350494
LG05	1253660	1258311	45.229613
LG05	1258822	1262458	15.0837553333333
LG05	1262505	1267192	14.8276356666667
LG05	1267267	1268673	18.4606603333333
LG05	1268880	1269494	7.66292933333333
LG05	1269575	1270220	2.59260033333333
LG05	1270413	1271183	0.210513333333333
LG05	1271250	1273458	11.1861456666667
LG05	1273906	1275776	0.055099
LG05	1276519	1278489	14.5089116666667
LG05	1279861	1281732	0.143565666666667
LG05	1282913	1284856	0.156870333333333
LG05	1284944	1285807	0.145115666666667
LG05	128540	131844	111.203804
LG05	1286038	1289905	19.9768606666667
LG05	1290093	1290917	10.7177166666667
LG05	1291883	1293293	3.169981
LG05	1293983	1295356	0.197540666666667
LG05	1295423	1296669	300.823588
LG05	1298566	1303677	2.11722066666667
LG05	1304119	1305845	9.42191466666667
LG05	1308328	1309705	2.15737233333333
LG05	1310015	1311360	0.709126666666667
LG05	1311731	1313245	375.769032666667
LG05	1313509	1315747	25.3406536666667
LG05	1317478	1319819	18.8842816666667
LG05	1319907	1320937	14.6621206666667
LG05	1321285	1323103	0.550449
LG05	1322632	1325469	77.6017483333333
LG05	1326200	1331194	12.5585693333333
LG05	132785	134887	79.7047703333333
LG05	1331360	1334141	59.1151503333333
LG05	1334368	1337831	6.20348733333333
LG05	1337944	1339513	12.288984
LG05	1339819	1340299	0.0452433333333333
LG05	1340673	1342695	1.76507833333333
LG05	1343173	1345362	8.99588433333333
LG05	1345363	1352822	14.210285
LG05	1352890	1354758	7.85131933333333
LG05	1354809	1356546	3.99528333333333
LG05	1356760	1357598	9.20639066666667
LG05	1357835	1358450	0.188638666666667
LG05	1358522	1359668	192.882700666667
LG05	1360516	1361006	5.363636
LG05	1361286	1364313	22.4343913333333
LG05	1366030	1369696	9.240039
LG05	136922	138506	0
LG05	1369820	1372304	25.5169136666667
LG05	1373767	1380012	20.4257653333333
LG05	1380191	1383439	28.5594266666667
LG05	1383546	1385243	11.9563563333333
LG05	1385333	1386897	4.24283333333333
LG05	1386935	1387410	0.490596
LG05	1387624	1389624	39.832803
LG05	1389728	1390802	96.116786
LG05	1391106	1395649	3.63182466666667
LG05	1395720	1397683	7.69747866666667
LG05	1397775	1399032	9.89764233333333
LG05	1399196	1412210	26.8554626666667
LG05	140405	143618	0
LG05	1412953	1414765	3.55821666666667
LG05	1415379	1417627	2.856066
LG05	1420379	1422646	10.3529103333333
LG05	1422922	1426161	5.56229833333333
LG05	1423057	1424442	0
LG05	1426379	1427626	1.67326533333333
LG05	1428118	1429362	13.4113866666667
LG05	1430160	1434221	7.61375633333333
LG05	1434450	1436018	24.851383
LG05	1436764	1440137	31.351692
LG05	143791	150129	0
LG05	1440260	1442744	20.140229
LG05	1443615	1446850	51.6770336666667
LG05	1447675	1450785	33.8257576666667
LG05	1450949	1453775	11.544497
LG05	1454212	1456212	687.417867
LG05	1457122	1458035	1.750778
LG05	1458457	1462592	69.4466223333333
LG05	1462762	1464056	0.058962
LG05	1463406	1463830	0
LG05	1464551	1465436	5.55586833333333
LG05	1466023	1466917	11.0484536666667
LG05	1467435	1468469	0.512006333333333
LG05	1469316	1472426	38.730967
LG05	1472680	1476197	3.66837566666667
LG05	1476538	1478570	7.41981166666667
LG05	1479808	1481815	11.7757866666667
LG05	1482002	1482436	4.16707033333333
LG05	1482507	1484936	52.3330266666667
LG05	1485196	1486906	57.44634
LG05	1487107	1489465	36.7916616666667
LG05	1489835	1490509	10.1754956666667
LG05	1490662	1492793	3.24639633333333
LG05	1493369	1495215	3.20599533333333
LG05	1495772	1496980	8.426615
LG05	1497025	1499863	4.94917133333333
LG05	1500192	1502444	7.21726066666667
LG05	1502914	1505969	12.8054606666667
LG05	1506438	1508490	3.62377033333333
LG05	1509524	1511054	9.959313
LG05	1511479	1514114	19.3423353333333
LG05	1514006	1515143	15.236984
LG05	1515331	1518549	54.305009
LG05	151583	152533	1.31850533333333
LG05	1519468	1520572	2.608244
LG05	1520953	1522327	0.360065666666667
LG05	1523308	1525887	3.79330866666667
LG05	1526942	1530283	1.41522933333333
LG05	1530339	1532447	90.741038
LG05	1532608	1535240	34.4052733333333
LG05	1536168	1537566	16.2221676666667
LG05	1537743	1539821	179.354538
LG05	1540018	1541186	34.9177946666667
LG05	1541270	1542556	3.916588
LG05	1542792	1544827	13.4894413333333
LG05	1544941	1546015	87.3429486666667
LG05	1546011	1547755	66.194083
LG05	1548213	1554971	8.894424
LG05	1555264	1557016	14.1496266666667
LG05	1557324	1559007	18.1010806666667
LG05	1559432	1560477	332.266561
LG05	1560793	1562705	64.902574
LG05	1562733	1564860	73.70106
LG05	1564929	1569912	13.660708
LG05	1569925	1574104	0.02039
LG05	1574120	1574443	0
LG05	1574200	1574565	0
LG05	1574731	1575232	0.0413303333333333
LG05	1575453	1576275	0.0545523333333333
LG05	1576466	1579317	8.18176733333333
LG05	1579370	1583393	0.340886333333333
LG05	1583401	1589823	17.8264103333333
LG05	1585681	1588918	0.675668666666667
LG05	1590186	1591500	1.78101666666667
LG05	1591635	1592105	110.365465666667
LG05	1593040	1597640	3.75397366666667
LG05	1600404	1600834	130.316757333333
LG05	1601229	1603053	21.7166896666667
LG05	1604381	1606626	4.29785333333333
LG05	1606807	1607758	94.697787
LG05	1608051	1609597	1.92683866666667
LG05	1610302	1613035	30.2388746666667
LG05	1613407	1615006	8.248948
LG05	1615462	1618717	24.357378
LG05	1619038	1620651	7.89730633333333
LG05	1620953	1623146	10.7116636666667
LG05	1623841	1625585	1.13788333333333
LG05	1627368	1631642	26.3970256666667
LG05	1631822	1633588	69.8821946666667
LG05	1633668	1636858	17.0143483333333
LG05	1637538	1638572	23.509854
LG05	1638838	1640600	25.42939
LG05	1640761	1642726	44.672348
LG05	1643148	1643776	0.22936
LG05	1644355	1646723	8.814951
LG05	1646759	1647431	10.4146446666667
LG05	1647435	1648060	448.841034
LG05	1648346	1650320	20.9101133333333
LG05	1650866	1653932	120.923324666667
LG05	1654380	1654729	0.0374143333333333
LG05	1654804	1655942	1.02256733333333
LG05	1655980	1659868	15.32916
LG05	1659947	1660464	24.3756573333333
LG05	1660815	1662561	305.534352666667
LG05	1662600	1665182	0.851099333333333
LG05	1665279	1665957	0.499395333333333
LG05	1667660	1668268	0
LG05	1668593	1670578	20.6186313333333
LG05	1670959	1672119	297.780649666667
LG05	1672520	1673748	74.3590903333333
LG05	1674238	1675765	68.3668313333333
LG05	1677774	1678189	0.443688
LG05	1678504	1679444	0.654054333333333
LG05	1679950	1682579	5.19812066666667
LG05	1682652	1684342	17.9308336666667
LG05	1684520	1685601	5.64891366666667
LG05	1685757	1686907	25.8495413333333
LG05	1687781	1689497	5.995731
LG05	1689698	1690341	101.985595666667
LG05	1690656	1693438	30.6112016666667
LG05	1693757	1695579	14.8448636666667
LG05	1696146	1697503	158.508789
LG05	1697812	1700176	10.0529516666667
LG05	1700753	1704865	0.762409666666667
LG05	1703613	1704737	0.424212
LG05	1705026	1706632	8.02860433333333
LG05	1707269	1709086	5.531692
LG05	1710184	1711159	2.09450666666667
LG05	1712927	1715534	23.46561
LG05	1715660	1717924	1.523271
LG05	1718024	1718376	34.577001
LG05	1718610	1719415	36.7601853333333
LG05	1719829	1721182	7.74349433333333
LG05	1721246	1723645	17.4501863333333
LG05	1724626	1726109	45.0765086666667
LG05	1726981	1727689	0.0848273333333333
LG05	1728401	1730044	15.5103036666667
LG05	1730203	1731558	57.23142
LG05	1731896	1736024	16.3175576666667
LG05	1736163	1737647	57.9398396666667
LG05	1737985	1740352	7.46193066666667
LG05	1740496	1743316	1.39744666666667
LG05	1744274	1746488	5.03555466666667
LG05	1746685	1748935	2.602571
LG05	1749281	1751936	10.8441236666667
LG05	1753612	1755107	0.137854
LG05	1755206	1757560	25.2277406666667
LG05	1757680	1758761	33.74057
LG05	1758884	1759425	0.908932333333333
LG05	1759813	1761663	21.283933
LG05	1761787	1764213	33.9235546666667
LG05	1764412	1764924	0.579316666666667
LG05	1764971	1772051	13.7824576666667
LG05	177029	178300	0
LG05	1772604	1776847	5.12048133333333
LG05	1778937	1780496	46.33962
LG05	1780935	1783943	18.1138966666667
LG05	17825	21867	0
LG05	1784325	1785928	145.306422
LG05	1785994	1788606	15.4594663333333
LG05	1789667	1791571	2.30840566666667
LG05	1792902	1795718	24.1279683333333
LG05	1795877	1798072	43.6886573333333
LG05	1798132	1798893	0.593648666666667
LG05	1798967	1800455	5.50232066666667
LG05	1800596	1801967	12.442417
LG05	1802464	1803521	27.3415413333333
LG05	1804089	1811483	5.81807866666667
LG05	1811547	1812958	23.175593
LG05	1813085	1814491	45.7116563333333
LG05	1814643	1817208	0.431859333333333
LG05	1817661	1819395	0.401297
LG05	1819583	1820923	0.26661
LG05	1821780	1822695	0
LG05	1823812	1824245	1.130193
LG05	1824248	1827337	49.1180773333333
LG05	1827819	1830815	26.3167416666667
LG05	1832006	1835575	6.28209633333333
LG05	1835859	1836788	155.916971666667
LG05	1837005	1840955	5.18414566666667
LG05	1841354	1846273	30.788282
LG05	1846369	1847085	14.501028
LG05	1847111	1847953	20.290382
LG05	1848093	1849565	12.7555643333333
LG05	1849663	1851724	5.71839333333333
LG05	1852037	1854782	1.816721
LG05	1855430	1855829	12.8867166666667
LG05	1855890	1859326	8.231591
LG05	1860020	1864737	1.371325
LG05	1864840	1866082	61.771127
LG05	1866438	1867390	30.9575336666667
LG05	1867538	1868163	8.31602533333333
LG05	1868333	1869243	53.6257273333333
LG05	1869273	1873621	7.33778
LG05	1873999	1876111	8.24423033333333
LG05	187592	189210	0
LG05	1876770	1880394	42.090856
LG05	1880722	1883312	6.36847566666667
LG05	1883360	1885399	7.306414
LG05	1885780	1887455	5.78977733333333
LG05	1887589	1889498	40.2546476666667
LG05	1889721	1892169	29.830391
LG05	1892611	1893755	1.067098
LG05	1893876	1896462	53.3941026666667
LG05	189467	190734	0.585358
LG05	1897057	1898951	364.384908
LG05	1899137	1907846	14.2584963333333
LG05	1907984	1909005	6.69259533333333
LG05	1909070	1913421	4.724052
LG05	191333	191731	0
LG05	1913491	1915330	40.3254993333333
LG05	1915339	1918519	7.48916166666667
LG05	1918521	1919953	40.6713333333333
LG05	1920629	1921367	0.0587756666666667
LG05	1921803	1924085	21.5643433333333
LG05	1924647	1929641	8.58532
LG05	1930485	1933227	26.7910226666667
LG05	193157	194941	72.5802306666667
LG05	1933380	1938581	11.623099
LG05	1938651	1939230	1776.27039633333
LG05	1939672	1942804	30.2432966666667
LG05	1943457	1943761	8.80604466666667
LG05	1943816	1947726	7.02457666666667
LG05	1948118	1950718	14.9552903333333
LG05	1950896	1955918	4.38221866666667
LG05	1956004	1956750	0.317846666666667
LG05	1959573	1962992	10.101401
LG05	1963266	1966814	13.450553
LG05	1966976	1972200	34.4812826666667
LG05	1972407	1973837	3.81073066666667
LG05	197264	198785	2.44564033333333
LG05	1973932	1975106	102.144167666667
LG05	1975256	1978034	11.6509583333333
LG05	1978386	1980170	2.00924633333333
LG05	1980253	1981802	32.532985
LG05	1982027	1983441	10.2590576666667
LG05	1983581	1986561	47.4971186666667
LG05	1986750	1988941	5.339308
LG05	198805	203694	3.54857633333333
LG05	1989323	1990588	24.4530316666667
LG05	1990671	1991767	10.679584
LG05	1992246	1993307	29.3599656666667
LG05	1993497	1994283	127.243489333333
LG05	1994345	1995770	24.4336853333333
LG05	1995815	1998241	54.5981483333333
LG05	1999415	2000019	643.320801
LG05	2000210	2002166	25.4390396666667
LG05	2002537	2004181	9.83937233333333
LG05	2004287	2006069	30.7911493333333
LG05	2007428	2009209	173.930043333333
LG05	2030064	2032388	0
LG05	204106	204942	10.419474
LG05	2042173	2044155	0
LG05	2045296	2045994	0
LG05	2047000	2048692	0
LG05	2098813	2100830	0
LG05	210600	211775	0
LG05	2114464	2115194	0
LG05	2118930	2120201	0
LG05	2130202	2131719	0
LG05	2139201	2145400	0
LG05	2146191	2146544	0.304878
LG05	2158749	2160056	56.294613
LG05	2160159	2163233	17.0988306666667
LG05	2163484	2165745	36.379139
LG05	2166177	2166989	1392.62764466667
LG05	2167502	2168814	35.6433423333333
LG05	216820	219151	0
LG05	2169283	2172054	32.5055933333333
LG05	2172100	2178147	13.210529
LG05	2178455	2178981	52.5716273333333
LG05	2179142	2181223	132.410609
LG05	2181331	2182870	23.117174
LG05	2184242	2186457	45.9114623333333
LG05	2186932	2188804	158.705027333333
LG05	2189138	2190067	80.2167816666667
LG05	2190935	2192550	120.607709333333
LG05	2192787	2194071	0.58167
LG05	2194364	2200522	21.6843986666667
LG05	219521	220936	0
LG05	2200714	2202717	22.116811
LG05	2203650	2204880	37.457452
LG05	2205134	2205917	20.3334666666667
LG05	2206811	2209606	50.8153063333333
LG05	2209723	2211494	118.624728
LG05	2211560	2214180	19.5141856666667
LG05	2214341	2220360	14.0597513333333
LG05	2220531	2222369	48.3885306666667
LG05	2222388	2223444	0.0601673333333333
LG05	2223005	2223450	0.00984333333333333
LG05	2223531	2227328	21.0964833333333
LG05	2227409	2228105	10.6583226666667
LG05	2228218	2228951	69.4017893333333
LG05	2229895	2235701	16.1058933333333
LG05	2235850	2238509	21.3372653333333
LG05	223636	224703	0
LG05	2238922	2244907	64.967121
LG05	2245227	2246117	28.8486466666667
LG05	2246542	2247111	437.093739666667
LG05	2247334	2248631	97.6632793333333
LG05	2248771	2252425	39.8817266666667
LG05	2252878	2254466	36.164415
LG05	2254680	2256545	8.133879
LG05	2257004	2257859	34.109383
LG05	2257916	2261081	11.1051616666667
LG05	2263482	2265173	1.52085333333333
LG05	2265730	2269639	8.67618
LG05	2269739	2271379	30.9680913333333
LG05	2271705	2273573	54.8130076666667
LG05	2274738	2275589	456.16451
LG05	2275815	2277846	15.185817
LG05	227750	248523	19.607096
LG05	227762	228652	0.424956333333333
LG05	2277969	2279853	25.993875
LG05	2279991	2282190	16.2808136666667
LG05	2282483	2286076	104.875432333333
LG05	2286604	2288683	2.74898933333333
LG05	2289104	2292909	61.9708683333333
LG05	2293054	2295773	29.4897163333333
LG05	2295888	2297949	26.0631546666667
LG05	2298297	2300325	55.6613806666667
LG05	2300522	2302211	3.722434
LG05	2304278	2304959	0
LG05	2306197	2307064	42.9991556666667
LG05	2307951	2311365	92.0255533333333
LG05	230822	232410	2.84255133333333
LG05	2311550	2313930	16.3305666666667
LG05	231358	232410	0.757916666666667
LG05	2314058	2314665	0.126954666666667
LG05	2314912	2316523	0.0618473333333333
LG05	2317082	2319084	0.971797333333333
LG05	2319825	2320590	11.8473623333333
LG05	2320624	2321688	40.4879643333333
LG05	2321909	2322424	1144.101115
LG05	2322696	2324631	46.1427003333333
LG05	2325343	2326815	42.156634
LG05	232606	237800	1.29082433333333
LG05	2327770	2328402	0.0312063333333333
LG05	2329313	2329758	0.0541076666666667
LG05	2329760	2330820	34.4176876666667
LG05	2331036	2334846	188.303695666667
LG05	2335196	2337080	198.679972333333
LG05	2338268	2341640	115.557317333333
LG05	2341935	2347997	27.9941366666667
LG05	2348122	2350790	17.9349053333333
LG05	2350937	2356344	13.833604
LG05	2356579	2358285	30.2774466666667
LG05	2358690	2359974	129.031222333333
LG05	2360872	2362258	51.6249923333333
LG05	2362792	2364214	4.35837066666667
LG05	2364623	2369318	35.7679886666667
LG05	236710	237263	0.031243
LG05	2370312	2373193	0.588102333333333
LG05	2373329	2374964	11.971159
LG05	2375048	2377066	11.019318
LG05	2377308	2378862	5.43966433333333
LG05	2378964	2380459	77.7187093333333
LG05	237960	238717	0.128656666666667
LG05	2380747	2384481	31.44017
LG05	2384628	2385721	0.571775333333333
LG05	2385799	2388122	16.7127943333333
LG05	2388826	2389453	280.034281333333
LG05	238935	241669	0
LG05	2389677	2391048	23.44294
LG05	2391322	2392171	126.302790666667
LG05	2392598	2394590	9.67315233333333
LG05	2394921	2403119	46.5486386666667
LG05	2403645	2403987	67.293812
LG05	2404241	2406071	12.7031766666667
LG05	2406225	2409016	23.5452666666667
LG05	2409850	2410644	23.3170096666667
LG05	2410913	2413567	23.2594526666667
LG05	2415432	2415910	2.65962266666667
LG05	2416881	2418591	24.6683373333333
LG05	241866	244270	0
LG05	2418958	2421143	340.505585
LG05	2421361	2424318	237.403462333333
LG05	2424438	2425417	245.856659
LG05	2426543	2429799	74.811994
LG05	2429797	2431683	4.845135
LG05	2431885	2432969	67.4197183333333
LG05	2433164	2436071	16.193309
LG05	2436469	2438631	91.4503633333333
LG05	2439214	2441745	22.2972583333333
LG05	2441948	2443335	9.10278433333333
LG05	2443395	2445965	25.8952836666667
LG05	2446032	2449517	107.942898666667
LG05	24485	27271	0
LG05	2450249	2450668	0.143290333333333
LG05	2451152	2455185	1.34406266666667
LG05	2455233	2463191	42.5344303333333
LG05	2463373	2464865	31.1071333333333
LG05	2465201	2466215	4.76962766666667
LG05	2466411	2468555	34.4945956666667
LG05	2469147	2470618	86.222361
LG05	2470812	2472269	15.568619
LG05	2472507	2475224	51.0475256666667
LG05	2475397	2476635	0.129742333333333
LG05	2476720	2478886	34.11269
LG05	2479274	2479535	35.9852613333333
LG05	2479731	2481762	54.0001323333333
LG05	2481921	2484396	6.55600066666667
LG05	2484450	2485423	19.14969
LG05	2485434	2486488	37.3110413333333
LG05	2486689	2490739	11.1669263333333
LG05	2490882	2491900	33.4474143333333
LG05	2491952	2494831	30.490862
LG05	2495075	2498253	69.654818
LG05	2498534	2501210	26.3936386666667
LG05	2501385	2505470	29.400726
LG05	2505709	2506748	113.030924333333
LG05	2507226	2511583	58.329852
LG05	2512135	2515290	40.807602
LG05	251503	257704	0
LG05	2515741	2516841	33.3646396666667
LG05	2517628	2520921	20.4626196666667
LG05	2521403	2524323	19.4585396666667
LG05	2526295	2528161	31.3898923333333
LG05	2528992	2531386	0.265029
LG05	2532742	2534221	33.2865423333333
LG05	2534441	2536410	24.6624566666667
LG05	2536797	2540185	14.8274123333333
LG05	2540858	2542152	143.210734
LG05	2542362	2543306	124.153798333333
LG05	2544056	2544505	0
LG05	2544824	2546265	10.0715443333333
LG05	2546277	2547094	0.151617
LG05	2548158	2550535	3.401955
LG05	2550775	2552173	167.763417666667
LG05	2552210	2552872	218.363301666667
LG05	2554527	2556807	17.0115966666667
LG05	2558662	2561267	6.061995
LG05	2561374	2562109	425.317870666667
LG05	2562345	2565545	117.504013
LG05	2565886	2567472	73.699206
LG05	2567776	2568992	77.2221326666667
LG05	2569489	2570639	0.654922666666667
LG05	2571658	2575445	24.397704
LG05	2575514	2577868	3.25643566666667
LG05	2578054	2579477	0.173954
LG05	2579677	2583908	28.013152
LG05	2584028	2587167	106.56323
LG05	2584169	2585195	9.686681
LG05	2587533	2588339	0
LG05	2587640	2588388	0
LG05	2588810	2592197	58.5138663333333
LG05	2592513	2593179	812.846435333333
LG05	2593345	2594191	28.410499
LG05	2594510	2596967	9.588658
LG05	2597256	2598705	119.049459
LG05	2599619	2602892	7.87923
LG05	2602920	2605035	25.5934233333333
LG05	2605230	2606812	22.2206426666667
LG05	2607173	2611454	4.11559233333333
LG05	2612683	2614922	193.723648333333
LG05	2615323	2616453	7.10249366666667
LG05	2616633	2619597	37.4745483333333
LG05	2619703	2624404	23.5504403333333
LG05	2624773	2625681	31.269006
LG05	2626048	2627176	130.611966333333
LG05	2627561	2629224	29.699026
LG05	2629488	2632605	28.731594
LG05	2633131	2636557	48.0904273333333
LG05	2638454	2639521	0.93752
LG05	263943	267380	0
LG05	2639575	2641839	32.8499303333333
LG05	2642548	2642982	102.303680333333
LG05	2643234	2644146	25.6119923333333
LG05	2644396	2645255	38.878273
LG05	2645996	2648142	18.407613
LG05	2648164	2649810	5.924118
LG05	2648993	2656114	58.7999573333333
LG05	2656362	2658465	68.983719
LG05	2660857	2663336	6.87709333333333
LG05	2663578	2666928	19.0268636666667
LG05	2667012	2670745	100.853253666667
LG05	267025	271964	2.66326233333333
LG05	2670809	2671564	132.561569
LG05	2671728	2673668	253.883595666667
LG05	2674944	2676833	83.7373326666667
LG05	2677028	2678329	7.895566
LG05	2678990	2683361	40.0573933333333
LG05	2683552	2686010	28.2720126666667
LG05	2686190	2687074	26.491087
LG05	2687510	2688978	48.0302426666667
LG05	2689039	2690172	6.83836333333333
LG05	2690731	2691155	0.133922
LG05	2691178	2692270	0.130071333333333
LG05	2692541	2697359	127.233820333333
LG05	2697444	2699104	50.081988
LG05	2699545	2702240	2.14992966666667
LG05	2702682	2703613	31.2144096666667
LG05	2703893	2704510	9.49907233333333
LG05	2704982	2706759	7.90565133333333
LG05	2706993	2708658	2.154928
LG05	2708758	2709903	33.977229
LG05	2710617	2716485	7.67214266666667
LG05	2716674	2719811	35.0336153333333
LG05	2721229	2723483	304.929738
LG05	272252	274383	4.403747
LG05	2723553	2725227	0.195188333333333
LG05	2723609	2724187	0.043455
LG05	2725298	2726511	375.842580333333
LG05	2726573	2726923	0.0181146666666667
LG05	2727807	2730208	28.8881113333333
LG05	2730327	2733643	6.34088766666667
LG05	2733867	2735425	131.218892333333
LG05	2735747	2738297	19.3014706666667
LG05	2738420	2741166	13.0386523333333
LG05	2741356	2745518	22.8235873333333
LG05	2745593	2746344	0.734794666666667
LG05	2746238	2746835	0.0796593333333333
LG05	2747164	2749780	0.437904333333333
LG05	2748566	2749583	0.00337333333333333
LG05	2750527	2754799	76.8845163333333
LG05	275402	276892	6.257402
LG05	2755253	2758210	13.6236173333333
LG05	2758305	2763847	43.6366423333333
LG05	2764464	2766708	1.30675933333333
LG05	2767444	2770775	52.6391056666667
LG05	2770956	2773285	53.0841853333333
LG05	2773347	2775468	66.4071783333333
LG05	2775818	2778192	30.8909623333333
LG05	277640	278234	1.26424666666667
LG05	2779590	2780948	68.595852
LG05	2781879	2783241	92.9745026666667
LG05	2783389	2787082	114.989351666667
LG05	2787662	2788527	70.4713133333333
LG05	2790244	2794242	153.514765666667
LG05	279365	284185	0.898183333333333
LG05	2794419	2799003	108.482719333333
LG05	2799225	2801229	125.098022333333
LG05	2802379	2803612	118.819447666667
LG05	2803929	2806566	16.8970323333333
LG05	2806997	2807607	1.37206466666667
LG05	2808047	2808973	0.431853
LG05	2809049	2811806	33.14733
LG05	2812363	2814821	16.3657086666667
LG05	2815565	2817471	17.2244143333333
LG05	28165	29155	0
LG05	2817705	2818521	41.6616273333333
LG05	2818701	2826315	47.755721
LG05	2826616	2829375	4.12612133333333
LG05	2830252	2832333	32.0628686666667
LG05	2832511	2834537	10.115151
LG05	2834700	2836560	169.342743
LG05	2836537	2840101	27.6607056666667
LG05	2840554	2846438	39.0886206666667
LG05	284456	285284	15.713706
LG05	2846490	2849055	11.5350633333333
LG05	2847510	2848924	0.0962743333333333
LG05	2849056	2850247	14.146397
LG05	2850297	2851964	1.18404666666667
LG05	2852180	2856955	8.56569566666666
LG05	285764	286404	21.9907856666667
LG05	2858300	2859925	113.244784
LG05	2860270	2861250	18.6449566666667
LG05	2861383	2864462	207.466110333333
LG05	2864420	2865413	106.170575666667
LG05	2866042	2866877	0.108722333333333
LG05	2867466	2870420	5.717694
LG05	2870616	2873114	10.7358896666667
LG05	2873212	2874243	1.52711366666667
LG05	2874278	2875169	0
LG05	2875403	2876240	8.79121833333333
LG05	2876296	2879076	35.9076386666667
LG05	2879281	2880654	22.8198313333333
LG05	2880912	2882743	72.1845956666667
LG05	2882909	2886236	41.133869
LG05	2886588	2887356	65.115673
LG05	2889687	2891257	1.42725
LG05	2891381	2895024	20.1855556666667
LG05	2895329	2900914	8.50756233333333
LG05	2902456	2906490	79.3791403333333
LG05	2906630	2909755	20.7224056666667
LG05	2910272	2919501	29.250319
LG05	291430	292560	0
LG05	2921271	2922899	2.102264
LG05	2923185	2927638	51.9102593333333
LG05	2928096	2929449	35.9648016666667
LG05	2929743	2930753	118.317990666667
LG05	2930917	2932402	26.0869583333333
LG05	2933055	2938841	50.4141616666667
LG05	2939242	2940741	62.729782
LG05	2942556	2943049	2.73306
LG05	2944587	2945264	8.414145
LG05	2945575	2946498	0.101686333333333
LG05	2946849	2948866	41.2300733333333
LG05	2949294	2950652	19.123903
LG05	2950825	2951656	11.410007
LG05	2952206	2953208	773.310221333333
LG05	2954045	2954964	28.896677
LG05	2955108	2957965	3.62028833333333
LG05	2958101	2959261	1.30621666666667
LG05	295880	297487	0
LG05	2960053	2966271	11.2268966666667
LG05	2966692	2969647	32.9826996666667
LG05	2969715	2970731	341.138854666667
LG05	2971015	2972588	38.2724723333333
LG05	2972692	2973242	28.888452
LG05	2973451	2975629	24.5456756666667
LG05	2975764	2977945	3.41680533333333
LG05	2978309	2979748	8.33762066666667
LG05	2979761	2980228	0.044028
LG05	2980612	2981492	3.84497366666667
LG05	2982247	2982714	0
LG05	2982762	2984893	0.484273666666667
LG05	2983163	2983988	0
LG05	2984979	2992396	28.2152303333333
LG05	2992517	2993838	0.111930333333333
LG05	2993959	2995594	35.502819
LG05	2995730	2996287	173.354243
LG05	2996432	2997642	9.013138
LG05	2998577	3000108	22.998518
LG05	3000121	3000580	4.35462766666667
LG05	3001013	3002132	40.8803203333333
LG05	3002535	3004895	14.88108
LG05	3005028	3005941	9.794214
LG05	3006037	3006856	249.922439666667
LG05	3007106	3008617	6.83490066666667
LG05	3009490	3010970	5.32855233333333
LG05	3011425	3012444	426.061167333333
LG05	3014512	3017869	2.51298733333333
LG05	3019121	3021298	15.0407536666667
LG05	3022776	3023731	0.0405396666666667
LG05	3024562	3031156	43.6596666666667
LG05	3032061	3032945	284.608632333333
LG05	3033546	3034506	20.88315
LG05	303418	305488	0
LG05	3035842	3036955	0.229534
LG05	3037828	3039319	0.109122666666667
LG05	3039475	3039882	47.6832533333333
LG05	3040063	3041979	19.366927
LG05	3042416	3048648	6.540931
LG05	3049584	3051948	35.1055603333333
LG05	3052468	3054117	148.472702333333
LG05	3055243	3055713	0.148989333333333
LG05	3056895	3058473	0.239151666666667
LG05	3059357	3062084	21.8930816666667
LG05	3059440	3060689	78.0716373333333
LG05	3063961	3065487	172.268234333333
LG05	3065557	3067438	185.479766666667
LG05	3067941	3069377	106.735928666667
LG05	3069514	3070228	102.206273333333
LG05	30707	31460	0
LG05	3071166	3072736	0.988247333333333
LG05	3074891	3080196	9.88032566666667
LG05	3080894	3082599	4.391376
LG05	3083155	3085933	13.431154
LG05	308605	313576	2.64945666666667
LG05	3086992	3088664	0
LG05	3103205	3104437	31.5138376666667
LG05	3105721	3113099	0.0579133333333333
LG05	3113625	3115050	4.85537
LG05	3117420	3120886	3.12358566666667
LG05	3120914	3121487	0.0281553333333333
LG05	3121505	3124090	92.7828853333333
LG05	3124533	3125350	0.0917196666666667
LG05	3126205	3129091	9.35159733333333
LG05	3129095	3130613	4.01698633333333
LG05	3130728	3132489	113.909166666667
LG05	3133898	3135371	14.6464296666667
LG05	3136715	3138612	98.5337753333333
LG05	313832	316014	8.66225466666667
LG05	3138664	3139021	0.283662
LG05	3139041	3141815	9.80239766666667
LG05	3143934	3144249	0
LG05	3145373	3145894	0
LG05	3150411	3154181	1.77385033333333
LG05	3154699	3155479	110.501879333333
LG05	3156622	3158288	51.466292
LG05	3158377	3160101	49.7027473333333
LG05	3160694	3162286	34.00936
LG05	3162686	3163431	356.575042666667
LG05	316381	318591	5.133756
LG05	3163913	3166538	4.015934
LG05	3167787	3170324	0.294931
LG05	3170593	3172113	1.42398933333333
LG05	3172217	3174270	27.00229
LG05	3174559	3180880	16.8125646666667
LG05	3182705	3183195	0.0851536666666667
LG05	3182779	3183266	0.0664786666666667
LG05	3183770	3184198	0.176864666666667
LG05	3184335	3187034	74.024994
LG05	319175	320072	0.20573
LG05	3192541	3193422	0.164205333333333
LG05	3196433	3199960	39.0066133333333
LG05	3200260	3202878	149.199239
LG05	3203426	3240963	70.7416713333333
LG05	320974	325754	3.31621433333333
LG05	32123	34862	0
LG05	3241058	3242608	0
LG05	3245681	3246142	0
LG05	3250565	3254788	0
LG05	3254977	3255389	0.073183
LG05	3255778	3256426	0.480248
LG05	326056	328481	17.6879626666667
LG05	3262159	3262775	0.519076
LG05	3263500	3268024	0
LG05	3268915	3269710	0.113153333333333
LG05	3269165	3270851	0.171780666666667
LG05	3274425	3276085	0.491489
LG05	3281669	3282336	0
LG05	3283677	3284462	0.145856666666667
LG05	3284993	3288467	2.555185
LG05	328596	333361	7.90478166666667
LG05	3288626	3289885	0.280028
LG05	3292083	3293614	36.8003733333333
LG05	3293770	3295349	30.790216
LG05	3296937	3301849	23.0472243333333
LG05	3302675	3303949	1.090835
LG05	3305954	3308738	17.1427556666667
LG05	3309096	3310748	18.4324263333333
LG05	3312347	3313400	37.517616
LG05	3313659	3315964	22.3710503333333
LG05	3316156	3316788	60.0169663333333
LG05	3316896	3320112	8.689491
LG05	3320184	3321133	16.8802046666667
LG05	3321653	3323595	14.2330876666667
LG05	3323763	3324556	7.49439333333333
LG05	3324626	3327136	6.385998
LG05	3327599	3328300	0.0158423333333333
LG05	3329031	3334228	0.231554333333333
LG05	3334647	3337433	0.018772
LG05	333692	338646	4.93375833333333
LG05	3338268	3338918	0.527384
LG05	3342749	3344365	0.222909
LG05	3344792	3349399	0.0602626666666667
LG05	339055	339957	22.0646186666667
LG05	343225	359932	0.194520666666667
LG05	35113	37342	0
LG05	372306	376298	0.616281
LG05	377794	381399	10.6636423333333
LG05	381612	386933	3.30393166666667
LG05	387611	388018	8.37968933333333
LG05	389528	404083	0
LG05	405215	406611	0
LG05	40566	41495	0.140528333333333
LG05	407025	416418	0
LG05	416985	418521	3.17566266666667
LG05	419035	424205	3.44072633333333
LG05	419056	419994	0.0717146666666667
LG05	424225	426719	3.307225
LG05	426993	428556	140.179016
LG05	42805	44130	0
LG05	429411	430841	3.363926
LG05	432188	433219	0.260732
LG05	434159	435626	0.123587
LG05	436314	438653	3.45849233333333
LG05	438652	440816	2.96069533333333
LG05	440936	443808	1.574577
LG05	445006	445577	0.0893733333333333
LG05	445858	449717	58.753371
LG05	449912	453190	0
LG05	453490	454250	0.141098333333333
LG05	455681	456443	0.354026333333333
LG05	45618	46770	0
LG05	458840	460654	24.9359613333333
LG05	460696	461606	0.710931
LG05	462486	465504	3.366162
LG05	465704	467195	2.08560866666667
LG05	467899	469149	6.40493066666667
LG05	469249	472663	55.0362726666667
LG05	47144	52288	0
LG05	473520	475621	0
LG05	476224	478639	0
LG05	478834	482894	0
LG05	483513	486007	0.125163666666667
LG05	486275	486634	0
LG05	486724	488559	50.1689543333333
LG05	489905	490565	1.21554166666667
LG05	491735	493109	9.27489766666667
LG05	493493	495001	23.1489776666667
LG05	495035	496331	46.4538993333333
LG05	496362	497699	0.437338666666667
LG05	497757	498546	9.35469433333333
LG05	498535	499719	7.82097733333333
LG05	500839	502932	153.963501
LG05	503468	505556	0.490098666666667
LG05	506409	508377	0.185424
LG05	508397	510741	14.647614
LG05	510927	511262	87.9961903333333
LG05	511	6124	0
LG05	511721	512347	40.730053
LG05	512624	515106	13.301041
LG05	515344	516098	12.104814
LG05	517287	520222	0.0925683333333333
LG05	521483	522025	0.110486333333333
LG05	522525	523125	25.725121
LG05	523325	524134	10.933235
LG05	524202	525530	16.5886096666667
LG05	529240	529794	0
LG05	531080	531568	0
LG05	532356	537553	0
LG05	53957	56428	0
LG05	544933	549176	0
LG05	559981	568200	0
LG05	574645	575285	16.255708
LG05	576531	578440	11.7892536666667
LG05	578951	581279	1.683591
LG05	581335	583699	7.23621033333333
LG05	584855	586482	0.312192666666667
LG05	587306	589655	0.00341466666666667
LG05	590924	593867	12.8308883333333
LG05	595414	596854	0
LG05	597689	599090	6.316242
LG05	599598	600682	34.9170763333333
LG05	601227	602288	3.331823
LG05	602462	604603	4.672448
LG05	604719	605797	1.88595666666667
LG05	606028	607628	4.57941233333333
LG05	607831	609267	0.689212666666667
LG05	610054	618799	0.063018
LG05	611849	616186	0
LG05	616700	618206	0
LG05	619131	620118	0.043049
LG05	620152	622808	3.10545666666667
LG05	623455	625805	14.4442353333333
LG05	626192	627325	0.309644
LG05	627385	631697	10.549183
LG05	632132	635041	16.019476
LG05	635086	637480	27.6843053333333
LG05	637860	640053	75.286583
LG05	640411	641835	18.19133
LG05	644986	645675	0
LG05	646368	647515	0
LG05	648142	649125	0
LG05	65826	68732	0
LG05	662641	663387	0
LG05	663726	664642	0
LG05	669251	671960	0
LG05	684040	686840	0
LG05	688091	691708	0
LG05	692200	692950	0.488190333333333
LG05	693835	695456	25.5540123333333
LG05	69530	71224	0
LG05	695537	696549	23.6478503333333
LG05	696804	697731	21.347428
LG05	697808	700871	282.364268
LG05	701782	703987	0.0325116666666667
LG05	705683	707097	0
LG05	71641	72617	0
LG05	716532	718191	0
LG05	720952	722364	0
LG05	727773	730629	6.27377233333333
LG05	730807	732556	52.3100713333333
LG05	732612	735430	43.01342
LG05	736349	737501	11.964589
LG05	73792	74466	0.890566333333333
LG05	738119	739641	237.703949
LG05	743100	744623	0.572035
LG05	745192	749309	8.53501066666667
LG05	750342	752466	38.754978
LG05	752902	754658	23.5144803333333
LG05	755711	758126	15.3026643333333
LG05	759311	760426	32.726177
LG05	761701	763558	19.9527326666667
LG05	763909	768695	4.411488
LG05	769297	771043	23.2410163333333
LG05	771087	771856	1.699602
LG05	77131	79048	0
LG05	771980	775974	8.295466
LG05	776276	777451	20.0737323333333
LG05	777721	778989	1.843506
LG05	780759	780980	6.99493933333333
LG05	781708	783930	0
LG05	784193	786545	745.609354666667
LG05	787304	791922	2.291582
LG05	792036	793359	21.0246366666667
LG05	793488	797447	80.4382626666667
LG05	798217	800057	0.498748666666667
LG05	800578	803132	72.6324613333333
LG05	80081	82896	0
LG05	803056	804938	20.653566
LG05	805063	806292	67.7657293333333
LG05	807786	812929	2.48919833333333
LG05	813215	814995	15.5182363333333
LG05	815123	818063	20.562963
LG05	818193	819966	22.1904226666667
LG05	820034	822145	149.898651
LG05	823653	824567	0.207342
LG05	824681	828405	4.853264
LG05	828490	829627	0.0492613333333333
LG05	829855	831250	14.3991036666667
LG05	831327	832299	0.165411333333333
LG05	832552	834712	8.498153
LG05	834976	837794	10.6360216666667
LG05	838135	840685	1.418169
LG05	845035	850253	0
LG05	8487	14139	0
LG05	85961	89800	0
LG05	865710	867689	0
LG05	867888	869716	2.60145566666667
LG05	868155	874711	25.9775863333333
LG05	872089	872979	5.99062833333333
LG05	875334	878659	49.5639433333333
LG05	877653	878588	0
LG05	879748	886702	5.93198666666667
LG05	886867	889938	15.766926
LG05	890483	891605	10.1758353333333
LG05	891678	892629	0.846474666666667
LG05	893420	896959	0
LG05	901303	902298	0
LG05	905207	909200	7.36327433333333
LG05	910167	914036	4.727082
LG05	914874	917654	0
LG05	91893	93493	0
LG05	922719	924049	0
LG05	937296	939355	0
LG05	941389	944052	0
LG05	944802	946463	0.0239773333333333
LG05	947693	951467	0
LG05	953301	954228	0
LG05	982760	983314	0
LG05	985527	988401	87.7437486666667
LG05	98760	100409	0
LG05	988496	991251	51.7294896666667
LG05	992304	993635	9.28322766666667
LG05	994624	996236	0.734615666666667
LG05	996622	998334	5.153647
LG05	998362	1001038	15.6038553333333
LG06	1000981	1001647	2.019522
LG06	1001846	1004549	23.431898
LG06	1004737	1011469	5.58378
LG06	1012320	1015124	4.25280966666667
LG06	1015417	1016284	21.8695003333333
LG06	1016414	1018634	216.625808333333
LG06	1018678	1019534	0.203541
LG06	1020529	1021024	5.697923
LG06	1022674	1024961	55.4638786666667
LG06	1025142	1026370	58.9232203333333
LG06	1026757	1027581	62.1864813333333
LG06	1028331	1030308	2.96897066666667
LG06	1030472	1033930	0.256974666666667
LG06	1034430	1035822	3.955046
LG06	1036384	1038116	114.875373666667
LG06	1038099	1040390	15.473299
LG06	1040583	1041029	20.5132186666667
LG06	1041192	1043863	5.13478366666667
LG06	1043875	1045908	24.8435266666667
LG06	1046357	1050646	42.333982
LG06	1050956	1051831	87.003581
LG06	105116	106864	0
LG06	1052350	1053363	18.996776
LG06	1053835	1055575	4.97880933333333
LG06	1056081	1057654	6.601385
LG06	1057678	1058971	0.926671
LG06	1058829	1059994	0.599162333333333
LG06	1060366	1077341	1.67427233333333
LG06	106943	107607	0
LG06	1077494	1078480	0.517298666666667
LG06	107767	109394	0
LG06	1078522	1083522	0.806939333333333
LG06	1083717	1088596	4.608771
LG06	1088944	1090070	145.078679333333
LG06	1090357	1094151	120.897542333333
LG06	1094540	1097543	0.515769666666667
LG06	1098064	1098773	323.869557666667
LG06	1098830	1100039	11.3409346666667
LG06	1100180	1101023	70.8571903333333
LG06	1101108	1103381	7.552253
LG06	1103448	1105231	2516.000651
LG06	1105462	1108190	15.5111453333333
LG06	1110932	1113140	7.10650966666667
LG06	1113901	1117959	10.105803
LG06	1118043	1119257	16.5566983333333
LG06	1119521	1121474	49.9700023333333
LG06	1121535	1122142	32.322981
LG06	1122794	1124804	9.613439
LG06	1125155	1126354	0.617952666666667
LG06	1126518	1128162	12.737438
LG06	1128202	1129706	104.090861
LG06	1130714	1134282	0.62167
LG06	1141940	1142476	0
LG06	1142590	1142988	0
LG06	1146357	1146916	0
LG06	1148708	1149055	0
LG06	1149453	1155913	0
LG06	1158246	1161719	0
LG06	1162662	1163583	0
LG06	1164497	1167969	0
LG06	1171615	1172394	0
LG06	1177167	1190292	0
LG06	1205089	1206649	0
LG06	1207909	1209123	0
LG06	1212714	1215827	0.018821
LG06	1223985	1224719	0.124521
LG06	1224943	1229254	94.2618256666667
LG06	1229439	1231471	32.563958
LG06	1231586	1232111	36.2037746666667
LG06	1232583	1233290	744.149963333333
LG06	1233671	1234060	0.145228
LG06	1234242	1236811	33.7338396666667
LG06	1237610	1237928	0
LG06	1237970	1239357	9.850087
LG06	1239390	1241255	58.4249256666667
LG06	1241401	1245621	0.776655333333333
LG06	1246861	1248468	10.1860543333333
LG06	1249815	1254728	1.294638
LG06	1255557	1256596	1.090065
LG06	1256898	1258320	20.0135196666667
LG06	1261806	1263525	0.419580666666667
LG06	1263878	1265388	2.566045
LG06	1265657	1267491	0.176841666666667
LG06	1267615	1268082	0.131297
LG06	1269331	1271083	1.780932
LG06	1271304	1275279	42.8626403333333
LG06	1275531	1278411	25.7284653333333
LG06	1278679	1278983	92.697075
LG06	1279074	1281130	7.46633566666667
LG06	1281754	1283293	51.1829653333333
LG06	1283357	1285447	11.60766
LG06	1285935	1288965	11.9523833333333
LG06	1290841	1292310	0.0592453333333333
LG06	1292791	1293834	0.489241
LG06	1294309	1295081	0.217864
LG06	1295206	1298654	74.8255313333333
LG06	1298785	1299404	16.31695
LG06	1299492	1302623	7.69011433333333
LG06	1302596	1305208	140.821802666667
LG06	1305827	1307136	74.628268
LG06	1307290	1309662	36.4890823333333
LG06	1310504	1311601	41.310099
LG06	1311734	1316833	56.113738
LG06	1317095	1317625	22.7813483333333
LG06	1317684	1318004	34.518762
LG06	1318144	1320930	5.52931866666667
LG06	1321839	1322394	1.30611033333333
LG06	1322641	1325024	16.058849
LG06	1325548	1329084	0.00416233333333333
LG06	1339678	1342091	0
LG06	134004	135732	0
LG06	1343035	1345131	0.408858333333333
LG06	1345506	1347385	40.6717833333333
LG06	1347406	1350223	25.1932456666667
LG06	1350253	1353244	34.221724
LG06	1354127	1355716	32.0744313333333
LG06	1356402	1363953	47.2887753333333
LG06	1364887	1366182	0.0908766666666667
LG06	1366170	1367389	1.27337766666667
LG06	1367631	1369988	67.1732103333333
LG06	1370571	1372859	23.0047936666667
LG06	1372929	1377708	1.99442933333333
LG06	1379225	1380468	0.126403333333333
LG06	1380989	1383995	1.36842766666667
LG06	1384006	1384498	0.812747666666667
LG06	1385084	1389567	47.5393703333333
LG06	138609	142040	0
LG06	1389654	1390205	303.473409
LG06	1390358	1392647	16.529819
LG06	1392685	1394550	151.384135
LG06	1394734	1395719	59.2107593333333
LG06	1396047	1398724	21.060285
LG06	1398997	1400739	1.394703
LG06	1400816	1410951	0.0976566666666667
LG06	1412902	1414302	45.737727
LG06	1414306	1415299	1.32716433333333
LG06	1415856	1418304	8.52276433333333
LG06	1418517	1419548	39.6408143333333
LG06	1419656	1423926	23.919448
LG06	1424029	1425516	35.7388446666667
LG06	1426007	1426627	241.534800333333
LG06	1426759	1428896	9.58585
LG06	1429362	1430420	0.567392666666667
LG06	1430630	1433833	9.36022033333333
LG06	1433957	1435272	17.1971753333333
LG06	1435411	1436953	11.513958
LG06	1437073	1438600	4.468235
LG06	1438854	1440085	1.252125
LG06	1440425	1452535	9.581235
LG06	1452741	1453380	22.7072543333333
LG06	1453662	1456233	32.746038
LG06	1456263	1461108	46.2317326666667
LG06	1461558	1467750	2.923258
LG06	1470529	1471163	33.534734
LG06	1471275	1473233	99.713501
LG06	1473458	1478757	156.702763666667
LG06	1478784	1480106	2.143465
LG06	1480129	1482912	146.741236333333
LG06	1485747	1489785	6.434058
LG06	1489884	1492077	677.588358666667
LG06	1492169	1496404	6.75191433333333
LG06	1496717	1499972	10.518467
LG06	1500068	1502809	32.46271
LG06	1504221	1506902	0.192848666666667
LG06	1508703	1509251	39.653764
LG06	1509352	1511333	17.9221066666667
LG06	1512664	1512984	0.081081
LG06	1513322	1515382	26.8559373333333
LG06	1515933	1520255	139.793406333333
LG06	1520975	1522420	13.2764033333333
LG06	1522629	1525207	42.6576053333333
LG06	1525408	1526372	39.4390006666667
LG06	1526610	1529187	7.90648033333333
LG06	1530837	1533503	25.9744173333333
LG06	1533918	1535471	45.504598
LG06	153705	154168	6.816565
LG06	1537232	1539280	88.1580936666667
LG06	1539415	1540272	59.711352
LG06	1540396	1542998	21.8243183333333
LG06	1543162	1548217	23.960835
LG06	154396	155277	2.08111966666667
LG06	1548937	1549763	72.9774553333333
LG06	1550334	1551782	3.41103133333333
LG06	15517	17880	2.54664933333333
LG06	1552029	1554490	17.3713423333333
LG06	1555083	1559786	49.109702
LG06	1561181	1563645	11.6906423333333
LG06	156143	158189	72.2244313333333
LG06	1564323	1566966	1.350439
LG06	1566936	1568146	178.162099
LG06	1568266	1571389	58.349824
LG06	1571918	1573922	0.641969333333333
LG06	1574537	1575808	38.0593033333333
LG06	1576217	1578355	28.822764
LG06	1579158	1580426	47.549914
LG06	1580882	1583585	12.1072616666667
LG06	158210	160919	36.1982636666667
LG06	1583743	1586834	18.9654433333333
LG06	1586876	1588596	105.037439666667
LG06	1588963	1591238	11.8932933333333
LG06	1591332	1592595	26.1436566666667
LG06	1592793	1597386	20.9728706666667
LG06	1597962	1599507	363.891978
LG06	1599946	1601377	63.867532
LG06	1601744	1603252	22.890337
LG06	1604048	1606252	18.9823973333333
LG06	1609551	1612830	0.394336
LG06	161132	162057	254.070205666667
LG06	1614631	1619758	71.7313053333333
LG06	1620148	1622208	1361.33435033333
LG06	162074	164489	16.9035786666667
LG06	162074	164541	109.843216
LG06	1622446	1623650	35.6716916666667
LG06	1623890	1624432	47.590233
LG06	1624843	1629408	41.8494873333333
LG06	1629977	1630693	45.964363
LG06	1630806	1632224	23.340795
LG06	1632885	1637412	3.66614066666667
LG06	1640338	1641181	28.930923
LG06	1641235	1642474	27.7609393333333
LG06	1642560	1649438	14.9319043333333
LG06	164565	165746	222.998555666667
LG06	1650430	1656462	1.498234
LG06	1657544	1658640	69.417427
LG06	165898	167388	0.582728
LG06	1659028	1661050	1.31117933333333
LG06	1661333	1664614	1.44872466666667
LG06	1665515	1668656	3.30929033333333
LG06	1668900	1669877	52.8379113333333
LG06	1670012	1671770	72.9259773333333
LG06	1671993	1673971	39.1714893333333
LG06	1674184	1675591	7.059347
LG06	1675738	1676446	0.0502326666666667
LG06	1675816	1676558	0.205141
LG06	167600	170735	1.345787
LG06	1676559	1677829	11.820427
LG06	1678101	1682073	0.333590666666667
LG06	1682274	1684481	2.71412966666667
LG06	1684749	1687382	30.8268903333333
LG06	1687429	1688409	59.009529
LG06	1688453	1689013	298.108164666667
LG06	1689055	1690737	21.8613186666667
LG06	1690847	1693133	29.352593
LG06	1693346	1696582	25.681172
LG06	1696711	1698469	6.80667133333333
LG06	1699122	1700715	9.72258733333334
LG06	1701611	1702417	3.78871433333333
LG06	1702889	1706398	4.99131166666667
LG06	1706830	1707885	0.0543686666666667
LG06	1707163	1707969	0.129942
LG06	1708155	1710165	17.4945203333333
LG06	1710205	1711043	9.08144
LG06	171091	171822	35.2164626666667
LG06	1711711	1714362	11.7030316666667
LG06	1715658	1717508	18.7799573333333
LG06	1721054	1723215	14.6333353333333
LG06	172252	175051	6.03575733333333
LG06	1724013	1727310	1.274061
LG06	1724016	1727310	0.0296533333333333
LG06	1740934	1741468	42.485148
LG06	1741773	1748571	13.5444633333333
LG06	1748676	1750814	22.6588736666667
LG06	1751960	1755774	1.353767
LG06	175230	176684	1.06427433333333
LG06	1755987	1757305	5.05150066666667
LG06	1757419	1758959	1.66929533333333
LG06	1759207	1761693	2.043303
LG06	1761980	1762602	0.420612666666667
LG06	1764160	1765324	0.713957333333333
LG06	1765385	1767589	13.1787386666667
LG06	1767791	1769450	0.013787
LG06	1769581	1773453	460.341105333333
LG06	1775451	1778194	2.56857366666667
LG06	1778393	1779374	266.546620666667
LG06	1780220	1781213	0.262649
LG06	1781877	1782256	110.183924333333
LG06	1782953	1783808	5.17774166666667
LG06	1783867	1786626	34.3646166666667
LG06	1786715	1787361	0.195646333333333
LG06	1787746	1788436	0
LG06	1790004	1790711	0.327566333333333
LG06	1791422	1793870	9.42309033333333
LG06	1795223	1798252	19.78404
LG06	1798269	1798750	5.53989566666667
LG06	1798818	1799973	143.734278666667
LG06	1800441	1803550	0.0702696666666667
LG06	1804889	1805882	28.3945776666667
LG06	1806051	1807027	21.6144613333333
LG06	1807967	1810566	0.111597666666667
LG06	1811295	1812263	1.447895
LG06	1812893	1817570	29.256062
LG06	1817586	1820082	60.277415
LG06	1820366	1821381	42.8553996666667
LG06	1821562	1825453	1.00372666666667
LG06	1825796	1826861	31.449127
LG06	1826995	1828468	84.241361
LG06	1829141	1832711	2.58844233333333
LG06	1833787	1834491	139.856890333333
LG06	1834784	1835930	0.336794
LG06	1836932	1837853	17.489058
LG06	1838100	1844229	11.9238016666667
LG06	18410	24023	0.020634
LG06	1844314	1846028	9.78271333333333
LG06	1846194	1848422	12.511333
LG06	1849747	1853392	15.7763506666667
LG06	1853533	1854281	20.0028386666667
LG06	1854322	1855574	48.3707693333333
LG06	1855867	1858289	2.92568366666667
LG06	1859455	1861277	10.1340266666667
LG06	1862798	1866551	3.33093533333333
LG06	186526	187427	0.0800443333333333
LG06	1866884	1869134	16.9678343333333
LG06	1869302	1871281	0.123450333333333
LG06	1871792	1874724	26.6957556666667
LG06	1875287	1877587	1.39487833333333
LG06	187642	188588	1.94957866666667
LG06	1878840	1880389	2.013263
LG06	1880423	1885471	13.8118956666667
LG06	1885418	1887443	82.0272523333333
LG06	188620	190621	13.6465806666667
LG06	1887586	1888601	51.743009
LG06	1888773	1890383	682.388000666667
LG06	1891155	1893187	7.70242766666667
LG06	1895295	1896709	0.0868186666666667
LG06	1898178	1900086	644.635294666667
LG06	1900479	1902112	53.0974653333333
LG06	1902820	1905703	15.667355
LG06	1904412	1905663	1.112535
LG06	1906350	1907886	112.234397666667
LG06	190663	191250	22.7387473333333
LG06	1908143	1908471	0
LG06	1909092	1909421	0
LG06	1910228	1912093	11.7583346666667
LG06	1913250	1915039	4.50197933333333
LG06	191412	193946	20.87489
LG06	1915380	1918547	0.204109
LG06	1920800	1923171	62.3794226666667
LG06	1923681	1924061	0
LG06	1924090	1925050	12.3884446666667
LG06	1925339	1927083	2.249823
LG06	1928170	1929959	4.50485933333333
LG06	1930836	1932221	0.533768333333333
LG06	1933900	1934980	0
LG06	193956	195107	0.128385333333333
LG06	1940565	1944988	0
LG06	1956701	1958591	0
LG06	195888	198448	5.01868166666667
LG06	1959431	1960595	0
LG06	1961125	1962503	0
LG06	1964746	1968041	1.47813766666667
LG06	1968454	1970502	66.444613
LG06	1971743	1972517	1.811687
LG06	1972642	1974129	22.750365
LG06	1974361	1977485	5.43554533333333
LG06	1979979	1981905	0.942167
LG06	1982953	1983607	80.288681
LG06	1983668	1985786	161.231786
LG06	198545	200332	11.4089403333333
LG06	1986253	1987289	1.501875
LG06	1990392	1992058	8.928982
LG06	1992985	1995613	11.438445
LG06	1995350	1997426	0.147359333333333
LG06	2001725	2002866	0
LG06	2003012	2004643	1.943671
LG06	200479	201516	9.63592066666667
LG06	2004896	2007698	3.857261
LG06	2008690	2009617	0.0209043333333333
LG06	2010444	2015711	6.52161233333333
LG06	201077	204955	0.154840333333333
LG06	2016495	2019764	2.94853566666667
LG06	2020553	2025076	3.43081866666667
LG06	2025737	2027602	5.809567
LG06	2027631	2029498	1.70411266666667
LG06	2029508	2033588	5.80001
LG06	2033468	2037624	1.970241
LG06	2038365	2040347	0.0395803333333333
LG06	2040543	2041700	183.294723333333
LG06	2043174	2044592	0.0123606666666667
LG06	2045339	2047414	33.002177
LG06	2047863	2050353	0.0603683333333333
LG06	2052939	2054117	9.696092
LG06	2057422	2058964	18.8813216666667
LG06	2059029	2060486	306.771708333333
LG06	2060879	2062636	17.1559273333333
LG06	2063042	2065747	1.41954433333333
LG06	2066514	2068334	24.040973
LG06	2070188	2070885	0.312439666666667
LG06	2071237	2073920	62.9645313333333
LG06	2073848	2075896	4.99081366666667
LG06	2078847	2079694	37.7917863333333
LG06	2097944	2110980	0
LG06	2115483	2116262	0
LG06	2132915	2134427	0
LG06	2135202	2136529	0
LG06	2141454	2146625	0
LG06	2149534	2152389	0
LG06	2170217	2171309	0.365166
LG06	2171977	2173356	0.400014666666667
LG06	2173369	2174640	3.26388066666667
LG06	2174736	2175871	8.285508
LG06	2175872	2177078	857.072143333333
LG06	2177138	2177899	0
LG06	2177518	2178159	0.0910663333333333
LG06	2204444	2207665	0
LG06	2214698	2215339	0.0912243333333333
LG06	2214893	2215747	0
LG06	2216052	2216620	1091.58512366667
LG06	2218462	2220843	0.852365
LG06	2224390	2232729	0
LG06	2239754	2240662	0
LG06	2242169	2243152	0
LG06	2243916	2244759	0
LG06	2246111	2251633	130.844192333333
LG06	2251678	2252102	1.55016066666667
LG06	2252223	2253733	119.430336
LG06	2253943	2254352	194.988520333333
LG06	2254688	2255500	29.747665
LG06	2255688	2259094	15.705525
LG06	225647	227027	0
LG06	2259285	2261621	18.5846633333333
LG06	2261711	2265439	2.499081
LG06	2265905	2267413	0.0156106666666667
LG06	2267509	2268767	0.029489
LG06	2269007	2270288	7.106741
LG06	2270884	2271276	40.2043546666667
LG06	227218	227515	0.278427333333333
LG06	2286876	2287945	0
LG06	2288462	2289276	0
LG06	228849	229421	3.13446133333333
LG06	2289427	2292084	0
LG06	2292590	2295267	3.79431733333333
LG06	2295730	2297346	1.226085
LG06	229733	230593	0.0421516666666667
LG06	2299331	2303438	4.009502
LG06	2304140	2304725	0.368150666666667
LG06	2305863	2308431	0.329064
LG06	2308553	2312323	0.557192
LG06	2311668	2312090	0
LG06	2312772	2317039	22.6873383333333
LG06	2317137	2319575	16.5350566666667
LG06	2319689	2320395	113.684862666667
LG06	2320659	2321237	0.87714
LG06	2322318	2323679	0.730693666666667
LG06	2323733	2324081	0.212745
LG06	2324174	2328539	56.644544
LG06	232711	237422	0
LG06	2329160	2330850	4.20372433333333
LG06	2333122	2333601	4.160629
LG06	2336110	2337972	2.57025766666667
LG06	2336600	2338060	12.2467386666667
LG06	2338061	2340201	386.232584666667
LG06	2340353	2341830	200.251790333333
LG06	2341968	2342519	34.8354583333333
LG06	2343166	2343992	11.5643273333333
LG06	2345642	2347078	0.501006
LG06	2347526	2348230	0.760996666666667
LG06	2348423	2352308	9.87746166666667
LG06	2352932	2356056	0.543477
LG06	2355919	2357260	139.287567
LG06	2357814	2358633	0.321753666666667
LG06	2359098	2360126	18.0133113333333
LG06	2365002	2365782	0
LG06	2366975	2368513	0.452878666666667
LG06	2368816	2371836	5.810149
LG06	2371974	2373810	19.079285
LG06	2374028	2374705	15.8872723333333
LG06	2375046	2377265	171.320826333333
LG06	2377242	2379179	133.063252666667
LG06	2379432	2379942	0.021133
LG06	2380361	2384916	25.821303
LG06	238101	240558	0.00782466666666667
LG06	2385030	2386754	32.4530303333333
LG06	2387045	2388860	1.28301233333333
LG06	2389103	2391756	0.412197
LG06	2393837	2394993	1.610133
LG06	2395176	2395502	0.329175666666667
LG06	2395530	2397959	26.497958
LG06	2399028	2401861	1.919798
LG06	2402495	2405093	167.127761666667
LG06	2408856	2409827	23.9513326666667
LG06	2409932	2411726	30.3962293333333
LG06	2412296	2413286	399.249735333333
LG06	2414002	2416732	8.47234533333333
LG06	2417317	2420114	252.211314
LG06	241746	242305	0.0687893333333333
LG06	2420376	2423215	107.875523666667
LG06	2423921	2425415	0.296689
LG06	2426295	2428424	49.174455
LG06	2428709	2431501	5.678575
LG06	243036	243535	0.016663
LG06	2441184	2442193	0
LG06	2444742	2445473	0
LG06	244882	246864	36.6502086666667
LG06	2450253	2452760	2.78996366666667
LG06	2454299	2454949	0
LG06	2455549	2456770	0
LG06	2461349	2464143	0
LG06	2465593	2465930	2.59087033333333
LG06	247436	248124	0.893837666666667
LG06	2477020	2478223	0
LG06	2478785	2479849	0
LG06	2480152	2480943	0
LG06	2481311	2482904	0
LG06	248551	249387	0.157503666666667
LG06	2491825	2493452	0
LG06	2494266	2495071	0
LG06	2495541	2496693	0
LG06	249818	251117	2.36771133333333
LG06	2502919	2504543	0
LG06	2508486	2510765	24.5090166666667
LG06	2512456	2516853	0.00208466666666667
LG06	251322	252353	0.453316666666667
LG06	2519117	2520265	0
LG06	2520756	2521831	0
LG06	2523016	2524797	0
LG06	2525013	2526434	0
LG06	2529826	2530333	0
LG06	2534000	2535059	0
LG06	2535498	2537119	0
LG06	2539358	2544646	0
LG06	254412	255437	0.636295666666667
LG06	256057	257144	0.775975
LG06	2565541	2566053	0
LG06	2573241	2573745	9.623175
LG06	2575732	2576572	0
LG06	2578855	2579927	0
LG06	2580591	2583326	0.0675836666666667
LG06	258219	261105	0
LG06	2589220	2591623	0
LG06	2592071	2593703	0
LG06	2598486	2604225	0
LG06	2609910	2610413	0
LG06	2610904	2611952	0
LG06	2617522	2618943	0
LG06	2621560	2622612	0.002208
LG06	262241	262882	0.0361206666666667
LG06	263623	266995	2.09799033333333
LG06	26386	32031	0
LG06	2644096	2645788	0
LG06	2661651	2666758	0
LG06	2669417	2672279	0
LG06	2673862	2675329	0
LG06	2678816	2679566	0
LG06	267951	269781	67.0822323333333
LG06	2680618	2681569	0
LG06	2683518	2684407	0
LG06	2684640	2685753	0
LG06	2700129	2701878	0
LG06	2702215	2703499	0
LG06	2704928	2705699	0
LG06	2706636	2707776	0
LG06	2708988	2709715	0
LG06	2711507	2713515	0
LG06	2714058	2715286	0.468774
LG06	2716116	2716884	0.189503
LG06	2720097	2720981	0.946708333333333
LG06	272621	273775	0
LG06	273856	274197	0
LG06	2741992	2745497	2.84504733333333
LG06	274554	275130	0.0531043333333333
LG06	2747227	2750571	7.231354
LG06	2750975	2751899	2.249659
LG06	2752046	2752404	3.37183566666667
LG06	2752438	2757445	1.633932
LG06	275585	276745	1.07250033333333
LG06	2759534	2760508	5.715595
LG06	2760916	2762663	7.53971433333333
LG06	2763729	2765043	13.1963293333333
LG06	2765064	2769100	11.215309
LG06	276755	277682	5.42828833333333
LG06	2769187	2775039	5.36400066666667
LG06	277706	281570	65.4047013333333
LG06	2777298	2777951	0.0682256666666667
LG06	2779428	2780087	0
LG06	2781616	2785337	5.405
LG06	2785422	2788078	4.971421
LG06	2789164	2792727	2.49068166666667
LG06	2795332	2796014	0
LG06	2798897	2799646	0
LG06	2799878	2800633	0.1379
LG06	2800758	2801141	16.9482053333333
LG06	2802410	2803845	42.320221
LG06	2805860	2806533	0.861404333333333
LG06	2807073	2808347	0.052134
LG06	2808716	2809003	0
LG06	2809934	2812565	32.0463103333333
LG06	2813166	2815769	4.35707933333333
LG06	2815881	2817711	2.604739
LG06	2817901	2820661	0.722575666666667
LG06	2823843	2824309	0
LG06	2825309	2825565	0
LG06	2825900	2827622	0.442873333333333
LG06	282918	288249	4.24586433333333
LG06	2829726	2830473	0.0465233333333333
LG06	2833108	2835767	3.87020166666667
LG06	2840116	2844335	0
LG06	2848547	2851497	14.367096
LG06	2852318	2853228	0.12286
LG06	2853317	2855601	6.54534833333333
LG06	2856208	2856922	1.86558266666667
LG06	2857044	2858064	0.156583666666667
LG06	2858312	2860376	19.9550933333333
LG06	2861012	2863726	4.49916233333333
LG06	2865108	2869857	1.999489
LG06	2870710	2875069	23.275063
LG06	2875962	2878694	55.3058763333333
LG06	2880349	2884249	5.32608366666667
LG06	288341	290991	12.0422276666667
LG06	2886213	2887876	0
LG06	2889791	2891425	0.186831333333333
LG06	2892651	2893520	0.009582
LG06	2893806	2895586	0.215860333333333
LG06	2895876	2896667	0.00501233333333333
LG06	2896975	2898286	0.008342
LG06	2898396	2900114	0.143976666666667
LG06	2901776	2906173	0.00219066666666667
LG06	2907110	2908722	0.0910756666666667
LG06	2909102	2909772	2.71554666666667
LG06	2909975	2911167	0.631519
LG06	2911670	2913435	0.076552
LG06	2915060	2916488	0.307358666666667
LG06	2917493	2920046	15.4251286666667
LG06	291811	293341	0
LG06	2920733	2921700	21.2227486666667
LG06	2921863	2925103	41.567781
LG06	2925571	2925989	0.159290666666667
LG06	2926258	2926960	0.0654926666666667
LG06	2927296	2928914	13.3512046666667
LG06	2929516	2930942	30.2699433333333
LG06	2931194	2932959	52.137881
LG06	2933184	2934035	2.34800566666667
LG06	2935229	2940886	5.613626
LG06	2941852	2942279	54.0581996666667
LG06	2943286	2948210	18.221028
LG06	2949096	2949841	27.898747
LG06	2950351	2953146	4.55965533333333
LG06	2954282	2955199	4.28345933333333
LG06	2955264	2956558	73.5281296666667
LG06	2956979	2958453	14.7472593333333
LG06	2958988	2961811	0.359026
LG06	2963045	2963499	0.048844
LG06	2965123	2966774	1.364212
LG06	2966910	2969651	4.19680033333333
LG06	2969764	2971393	40.7240183333333
LG06	2971611	2983027	27.4586993333333
LG06	2983269	2985177	71.09433
LG06	2985251	2986370	67.5854493333333
LG06	2986737	2989720	14.312254
LG06	2990081	2992217	1.773766
LG06	2993211	2993548	0.229366
LG06	2993856	2995347	46.6757113333333
LG06	2995431	2999499	13.5953266666667
LG06	2998868	3003672	13.6862196666667
LG06	3003737	3005044	230.649993666667
LG06	3005041	3007416	12.1071903333333
LG06	3008148	3009247	0.375042
LG06	300923	301920	0.931428333333333
LG06	3011169	3012066	0
LG06	3012368	3014640	8.434088
LG06	3014789	3015373	0.0803626666666667
LG06	3015477	3016807	0.284448
LG06	3017197	3018436	15.1712043333333
LG06	3018753	3019598	6.568038
LG06	3019715	3026476	10.961957
LG06	302236	303759	98.631742
LG06	3026726	3027120	46.5635246666667
LG06	3027553	3029502	39.992714
LG06	3029683	3031275	15.3861176666667
LG06	3031295	3033221	0.018663
LG06	3034402	3036933	0
LG06	3038719	3041993	0
LG06	3042655	3043370	0.0565203333333333
LG06	3043705	3045859	5.43254633333333
LG06	3045958	3047363	16.7805553333333
LG06	3048359	3048877	0.536566
LG06	3049173	3050956	62.294996
LG06	304948	307190	55.8049623333333
LG06	3051136	3052276	6.668393
LG06	3053851	3057909	0.121209
LG06	3059304	3060246	0.701776666666667
LG06	3061901	3063584	7.24858833333333
LG06	3068723	3070736	0.061662
LG06	3070787	3071322	0.197789666666667
LG06	3072229	3073942	13.767991
LG06	307380	309013	8.999849
LG06	3074437	3075440	0.0645883333333333
LG06	3075483	3078717	5.473924
LG06	3079226	3082301	89.4310073333333
LG06	3082597	3085385	3.243769
LG06	3085723	3087227	49.193203
LG06	3087599	3088169	51.46368
LG06	3088575	3089192	1.924058
LG06	3089640	3093215	13.8007273333333
LG06	3093935	3095706	27.189563
LG06	3096625	3098942	132.010925333333
LG06	3099646	3103854	0.193095
LG06	3104614	3107981	1.620963
LG06	3108226	3111072	0
LG06	310894	312291	0.0153893333333333
LG06	3114002	3117431	577.822286
LG06	3117789	3119831	11.4260676666667
LG06	3120377	3126513	14.0873633333333
LG06	3126557	3128076	1.042864
LG06	3129017	3131878	11.689759
LG06	3132241	3132670	0.258210666666667
LG06	313265	314759	54.4567436666667
LG06	3133252	3135974	35.4130236666667
LG06	3136132	3139781	24.866512
LG06	3139791	3143368	179.934377
LG06	3143761	3145151	336.764882333333
LG06	3145484	3147522	15.5294606666667
LG06	3147566	3149687	105.971428
LG06	3149904	3151723	105.338165
LG06	3151725	3153179	84.4556503333333
LG06	3155008	3156945	0.0694413333333333
LG06	315512	316309	1.08177966666667
LG06	3158223	3158849	0
LG06	3160418	3167846	16.2452556666667
LG06	316628	317764	23.4082983333333
LG06	3168194	3169595	82.1340026666667
LG06	3170714	3171500	19.2734373333333
LG06	3171911	3172424	0.168366333333333
LG06	3175931	3179191	0.0197363333333333
LG06	317800	318700	430.217600333333
LG06	3180737	3181399	0
LG06	3183325	3186670	0
LG06	318752	319074	0.967547
LG06	3187545	3189252	0.255212333333333
LG06	3189399	3192608	28.1911043333333
LG06	3192863	3194421	43.372528
LG06	319301	321607	1.83557666666667
LG06	3195572	3195900	0
LG06	3196131	3199841	12.043537
LG06	3199969	3202957	53.6286696666667
LG06	3203572	3204984	2.15917433333333
LG06	3204989	3208101	103.465795
LG06	3208741	3210254	0.850767333333333
LG06	3210682	3218065	6.796003
LG06	3218400	3219984	54.1380513333333
LG06	3220721	3222202	22.9818476666667
LG06	3222368	3225192	32.4297763333333
LG06	322268	324410	1.60635366666667
LG06	3226911	3230692	0.494757
LG06	3232300	3233635	5.33370466666667
LG06	3235105	3237632	1.51599033333333
LG06	3239431	3242530	13.286194
LG06	3243160	3244907	0.866271
LG06	324444	325815	4.73978166666667
LG06	3246364	3247449	3.89501
LG06	3247801	3248382	2.61897366666667
LG06	3250087	3250836	0.036036
LG06	3251473	3253205	96.6807913333333
LG06	3253223	3254278	244.987162333333
LG06	3254359	3258260	57.513486
LG06	325818	329838	16.49079
LG06	3260724	3264719	0.919852
LG06	3267541	3270306	736.321553666667
LG06	3270408	3270847	0.068867
LG06	3271531	3273060	6.94157233333333
LG06	3273483	3274914	33.985873
LG06	3275530	3276814	0
LG06	3277265	3280640	34.066996
LG06	3280728	3282377	87.90905
LG06	3288024	3289381	46.6636976666667
LG06	3289595	3292622	1.443189
LG06	3293092	3296679	5.84584433333333
LG06	3297434	3306538	11.005434
LG06	329977	330515	23.666944
LG06	3306816	3307765	91.1897456666667
LG06	3308573	3309915	12.5217883333333
LG06	3310309	3311745	13.3651186666667
LG06	3311994	3314597	13.7408363333333
LG06	3314900	3316072	5.83763366666667
LG06	3316141	3318258	123.492398666667
LG06	3318437	3320298	54.7984133333333
LG06	3320846	3330366	132.059478666667
LG06	3330531	3332360	16.0922733333333
LG06	3333739	3334688	1.87799233333333
LG06	3335691	3339920	0
LG06	3341153	3342608	3.18450133333333
LG06	3343649	3344932	1.045863
LG06	3345424	3348101	20.5925463333333
LG06	3348876	3351283	17.672945
LG06	3351729	3354184	28.0779936666667
LG06	3354853	3360387	3.60150833333333
LG06	3360592	3362460	16.4229836666667
LG06	3362460	3364828	1.47749366666667
LG06	3365072	3369042	55.1106276666667
LG06	3369345	3370035	0.113149333333333
LG06	3370821	3371274	0.438313666666667
LG06	3371329	3374959	21.2644693333333
LG06	3373820	3374823	29.841006
LG06	3375045	3381221	37.864072
LG06	337931	339020	0
LG06	3381436	3387729	6.15414666666667
LG06	3388551	3390127	39.95379
LG06	3390647	3391729	81.1044513333333
LG06	3392349	3395747	13.4250036666667
LG06	3396107	3398435	27.0897226666667
LG06	3398419	3399388	48.248295
LG06	3399412	3403038	31.23844
LG06	3403285	3407242	46.0181806666667
LG06	340395	345409	0
LG06	3407719	3409304	3.52508933333333
LG06	3411430	3414275	30.8866416666667
LG06	3414680	3417942	5.85842466666667
LG06	3417966	3418493	125.343106666667
LG06	3418649	3419027	2.462802
LG06	3419081	3419637	36.2412656666667
LG06	3419806	3421392	80.4462533333333
LG06	3422287	3423982	31.5508153333333
LG06	3424372	3426243	669.497253333333
LG06	3428140	3428934	2164.317871
LG06	3430097	3431146	598.742370666667
LG06	3431159	3432561	5.35504366666667
LG06	3433862	3439283	3.17232466666667
LG06	3440222	3441536	45.8863806666667
LG06	3442046	3443498	5.115424
LG06	3443529	3446136	16.1190816666667
LG06	3446110	3447715	39.998783
LG06	3447935	3451240	87.9494733333333
LG06	3451873	3455985	1.04156733333333
LG06	3456258	3460945	10.3968693333333
LG06	3461118	3464235	21.5318553333333
LG06	346198	346548	0.195905666666667
LG06	3464235	3467665	10.8126113333333
LG06	3468054	3470395	4.50106233333333
LG06	3470478	3470744	0.0165886666666667
LG06	3475955	3481173	0
LG06	3481943	3484210	0
LG06	3485654	3486535	0
LG06	3486896	3491974	4.656468
LG06	3493850	3495608	0
LG06	349942	350724	49.9178733333333
LG06	3500707	3502125	0
LG06	3506475	3508469	0
LG06	3510792	3512470	0
LG06	3512631	3512980	0
LG06	351879	355660	2.04553433333333
LG06	3526664	3527230	0
LG06	3540855	3541616	0
LG06	3542587	3545438	0
LG06	3546511	3547298	0
LG06	3548932	3550248	0
LG06	3550496	3552973	0
LG06	3553375	3556818	0
LG06	3557269	3562590	0
LG06	355820	356466	15.1426416666667
LG06	3574502	3575680	0.352537333333333
LG06	3575772	3576598	0.11336
LG06	3577005	3582457	2.73020466666667
LG06	357971	358692	1097.250244
LG06	3582542	3583621	0.183590333333333
LG06	3586072	3591740	0.986921333333333
LG06	3592490	3593852	11.852421
LG06	3595122	3596205	32.2067373333333
LG06	359528	362017	18.241544
LG06	3596779	3598781	21.5019626666667
LG06	3598995	3600607	13.6315366666667
LG06	3601573	3604510	1.73778066666667
LG06	3604634	3606142	2.64894633333333
LG06	3609261	3611067	20.4762393333333
LG06	3611189	3613464	29.849369
LG06	3613676	3615853	10.596859
LG06	3615861	3618052	23.6684953333333
LG06	3618105	3621818	17.2029633333333
LG06	362131	363326	39.1810213333333
LG06	3622078	3623037	17.1202716666667
LG06	3623548	3623875	0.22325
LG06	3624072	3628363	1.072311
LG06	3629049	3630693	20.906317
LG06	3633183	3634681	20.847885
LG06	3634862	3635361	21.9366903333333
LG06	3635825	3639773	39.8815653333333
LG06	363708	365125	53.756546
LG06	3639864	3642114	24.3977583333333
LG06	3644101	3649373	0.550899333333333
LG06	3644214	3649326	0.0729523333333333
LG06	3652473	3653593	5.091784
LG06	3655421	3656942	21.300955
LG06	3656946	3657857	14.7721416666667
LG06	3657996	3659085	20.5375583333333
LG06	3659597	3663916	7.271628
LG06	366210	367815	74.0763726666667
LG06	3664232	3665352	0.283701666666667
LG06	3664270	3665442	0.419176333333333
LG06	3665448	3667256	71.9380493333333
LG06	3667719	3679085	16.6630993333333
LG06	3679627	3680136	0.825434
LG06	3680353	3683190	7.25275633333333
LG06	368327	369081	31.8110626666667
LG06	3683562	3688288	10.718489
LG06	3688369	3689357	105.931455
LG06	3689334	3692232	14.8321623333333
LG06	369135	369406	0
LG06	3692428	3694653	0.311686666666667
LG06	3695062	3696094	132.020390666667
LG06	3696288	3697320	1492.88374833333
LG06	3698098	3699288	46.768874
LG06	3699574	3705155	2.54727266666667
LG06	370115	370941	6.11881133333333
LG06	3705556	3707564	12.9854886666667
LG06	3709847	3712048	32.641543
LG06	3710543	3713826	15.6375816666667
LG06	3714204	3715732	12.6347826666667
LG06	3716587	3718668	15.17175
LG06	3718896	3722397	69.0661113333333
LG06	3722674	3727575	40.0755796666667
LG06	3727945	3730208	5.41902066666667
LG06	373374	374123	8.892169
LG06	3734671	3736000	364.270467
LG06	3736534	3737260	0.354450666666667
LG06	3737366	3738215	0.313401
LG06	3739197	3741495	7.67595366666667
LG06	3741646	3742102	0.299651333333333
LG06	3742177	3743311	5.64704766666667
LG06	3743723	3748106	1.152807
LG06	3748722	3749190	0.06218
LG06	3749579	3753720	6.489018
LG06	3753849	3755179	15.1353803333333
LG06	3755942	3757672	4.581075
LG06	3758029	3761102	43.257791
LG06	3761279	3764374	7.409792
LG06	376421	377204	7.21883466666667
LG06	3764579	3765499	12.5708073333333
LG06	3765737	3766663	59.8261883333333
LG06	3767274	3770622	7.06891833333333
LG06	3770687	3775418	21.2069643333333
LG06	377329	378626	7.09421333333333
LG06	3777025	3783836	47.495164
LG06	3783878	3785233	5.78312066666667
LG06	3787308	3788680	0.484119666666667
LG06	378891	379724	0.0667313333333333
LG06	3789630	3793634	45.105006
LG06	3793812	3795902	50.5297103333333
LG06	3796135	3796485	0.0366633333333333
LG06	3796563	3798882	1.769568
LG06	3800236	3803478	14.277509
LG06	3804477	3804985	1.48960166666667
LG06	3805443	3809122	2.403508
LG06	3809517	3810426	0.104921333333333
LG06	380953	381919	131.128006
LG06	3810720	3813338	87.7831016666667
LG06	3814674	3816693	52.1638146666667
LG06	3817456	3819050	189.210052666667
LG06	3819562	3821328	31.295333
LG06	382045	383143	0.0788066666666667
LG06	3822665	3827424	2.11633366666667
LG06	3828032	3830185	130.661234666667
LG06	3830324	3831333	0.451001333333333
LG06	3831551	3836940	7.92152333333333
LG06	383278	387374	7.62130333333333
LG06	3837215	3838924	18.5767223333333
LG06	3840642	3841851	1.301168
LG06	3842125	3844883	9.52805033333333
LG06	3845202	3852439	23.4693936666667
LG06	3852602	3853957	25.9627236666667
LG06	3854088	3855504	13.6164173333333
LG06	3856186	3856765	0.032246
LG06	3857359	3858719	1.20071766666667
LG06	3858938	3860582	32.6385493333333
LG06	3860816	3862313	21.2205226666667
LG06	3864250	3865809	0
LG06	3867115	3868001	91.702573
LG06	3868145	3871939	13.5835583333333
LG06	3871953	3873386	0.258629
LG06	3873715	3874933	11.740637
LG06	3875175	3877314	19.9713993333333
LG06	387581	391704	8.35864966666667
LG06	3877327	3880283	12.7261403333333
LG06	3880301	3880904	0.628963666666667
LG06	3881304	3881959	61.5750706666667
LG06	3882186	3885361	34.7707123333333
LG06	3885447	3886915	2.96870766666667
LG06	3886937	3889288	128.056322666667
LG06	3889670	3891048	15.5244353333333
LG06	3891549	3895365	68.422361
LG06	3896703	3898647	12.301546
LG06	3899779	3900402	0.202222
LG06	3900057	3900660	0
LG06	3901548	3902576	12.03193
LG06	3902660	3904392	0.165887666666667
LG06	3904488	3905885	2.11360333333333
LG06	3908017	3911457	46.5187926666667
LG06	3911463	3914555	7.79487
LG06	3912735	3914385	3.973683
LG06	3915113	3916522	33.4582146666667
LG06	3916570	3918160	50.9474716666667
LG06	3918320	3919389	15.0108536666667
LG06	391886	392393	0.0315156666666667
LG06	3920024	3921501	13.228098
LG06	3922648	3929506	6.75361566666667
LG06	3930648	3932304	7.561251
LG06	3932576	3936022	1.42494033333333
LG06	3936857	3939122	1.22071266666667
LG06	3939460	3944517	39.041485
LG06	393958	397105	51.8121973333333
LG06	3944528	3945941	28.3477956666667
LG06	3946711	3949492	5.126324
LG06	3951787	3953245	1.62984733333333
LG06	3953672	3955082	11.130293
LG06	3955863	3957748	0.816401
LG06	3965310	3965691	0.0411343333333333
LG06	3965756	3966317	0.0266926666666667
LG06	3968509	3969956	1.405413
LG06	3970322	3971261	0.241974333333333
LG06	3971515	3974029	106.854352333333
LG06	3974101	3976531	57.3493193333333
LG06	3976579	3977892	0.0499813333333333
LG06	3979497	3984618	10.6841126666667
LG06	3985225	3987428	0.574346666666667
LG06	3986629	3987838	0.595103333333333
LG06	3988319	3989279	1.19201333333333
LG06	3989554	3994915	3.79271266666667
LG06	3995646	3997186	59.3026173333333
LG06	399660	403087	0.0301636666666667
LG06	3997639	3998369	533.920084666667
LG06	3999119	3999855	25.066471
LG06	4000456	4001609	0.649409666666667
LG06	4003177	4004330	20.4625623333333
LG06	4006089	4010279	4.131178
LG06	4011506	4012790	18.6740113333333
LG06	4012939	4016429	53.42622
LG06	4016627	4018163	81.3787513333333
LG06	4018405	4020049	0.649505
LG06	4020297	4021511	0.870220333333333
LG06	4023724	4025004	5.278804
LG06	4025646	4035242	12.7935496666667
LG06	403398	405682	0
LG06	4035307	4036757	21.61908
LG06	4037178	4037965	101.579495666667
LG06	40379	41396	0
LG06	4038221	4040137	24.751466
LG06	4040908	4041841	0.539927333333333
LG06	4043457	4052570	5.75021833333333
LG06	4052654	4054094	13.6597933333333
LG06	4055969	4056240	0
LG06	4056949	4057798	0
LG06	4057514	4058428	0.0178693333333333
LG06	4058872	4059783	2.826894
LG06	4059936	4064336	30.884978
LG06	4064699	4065801	2.49000066666667
LG06	4065962	4070323	53.854116
LG06	4070817	4073064	42.317608
LG06	4075908	4078743	0.288226333333333
LG06	4079572	4082356	0.505881
LG06	4083596	4084924	0.158105666666667
LG06	4085126	4089078	0
LG06	409052	409400	0
LG06	4094593	4098020	0.008666
LG06	4098664	4102290	0.012883
LG06	4102542	4104473	0
LG06	4104636	4106770	0
LG06	411007	414405	0
LG06	4111421	4114300	0.577373
LG06	4114877	4120689	54.093591
LG06	4121929	4123537	7.260402
LG06	4124622	4127761	1.24213233333333
LG06	4128207	4131037	44.6628583333333
LG06	4131256	4133620	1.85362166666667
LG06	4134933	4135667	1.81588533333333
LG06	4135750	4138664	5.547847
LG06	4140266	4140609	0
LG06	4142124	4142504	0
LG06	4142814	4145016	125.153490666667
LG06	4145500	4146199	0.231553333333333
LG06	4146532	4147124	0.0347353333333333
LG06	4147660	4148200	0.116636666666667
LG06	414823	420733	0.00828466666666667
LG06	4148477	4148925	0.0709593333333333
LG06	4149086	4151149	0.0904843333333333
LG06	4155354	4155842	0
LG06	4160079	4160861	0
LG06	4174320	4174892	0
LG06	4182024	4182959	0
LG06	4182978	4184683	0.174370666666667
LG06	4201433	4202691	0.182482666666667
LG06	4202920	4203650	0.103716333333333
LG06	4204199	4207934	36.6585453333333
LG06	4206788	4208812	35.5432536666667
LG06	4208984	4210076	85.323466
LG06	4210145	4212050	61.596554
LG06	4212292	4213518	133.497044666667
LG06	4215572	4216512	4910.592285
LG06	421590	424386	23.0836913333333
LG06	4216721	4217338	3297.19873066667
LG06	4217807	4219305	1469.09533666667
LG06	4219550	4221883	13.889956
LG06	4222928	4226316	27.750604
LG06	4227067	4232861	16.9310786666667
LG06	4234174	4236890	0.164056
LG06	4237087	4239405	3.597195
LG06	4239687	4240719	1.354488
LG06	4241647	4243017	875.104736333333
LG06	4243136	4245729	195.221349
LG06	424391	426647	1.569053
LG06	4246623	4248290	3.42114233333333
LG06	4249465	4251102	1.123943
LG06	4251624	4252517	10.573936
LG06	4258605	4264135	24.1764723333333
LG06	4265777	4267735	19.587888
LG06	4269227	4269558	0
LG06	4269677	4270627	0.0832316666666667
LG06	4270667	4271246	0.0444483333333333
LG06	4271337	4273644	8.30695566666667
LG06	4274163	4277985	10.9232383333333
LG06	4278280	4281805	1.323404
LG06	4282786	4287375	1.32913366666667
LG06	428459	428840	288.934316
LG06	4288722	4289438	0.009154
LG06	4289664	4291397	51.1642466666667
LG06	429035	431596	77.4853646666667
LG06	4291760	4295304	60.3084946666667
LG06	4295375	4299226	3.00650566666667
LG06	4299302	4300438	0.869528333333333
LG06	4300552	4302591	0.692961333333333
LG06	4303510	4304444	353.472890333333
LG06	4304839	4305303	0
LG06	4305637	4307478	0.259708333333333
LG06	4307900	4313927	12.701353
LG06	4313965	4314630	0.253676333333333
LG06	4315053	4315889	33.5050623333333
LG06	4316290	4317414	74.3866323333333
LG06	4318671	4319860	2.467753
LG06	4320077	4321730	2.35749633333333
LG06	4321821	4323809	6.584866
LG06	432235	433211	466.629486
LG06	4324214	4326203	37.4726626666667
LG06	4326789	4328756	4.52808666666667
LG06	4329086	4330719	1.95188066666667
LG06	4330964	4333505	21.2820453333333
LG06	4333824	4334264	0.160411333333333
LG06	4334644	4336862	34.7944033333333
LG06	4337995	4339683	0.410558
LG06	4339730	4340060	0
LG06	4342041	4346141	7.88144766666667
LG06	4347148	4349736	0
LG06	4352245	4353325	0.253738
LG06	4354617	4355677	2.639672
LG06	435507	437076	4.33794166666667
LG06	4356994	4358584	5.711388
LG06	4359403	4361361	6.09114766666667
LG06	4361693	4366310	50.5005466666667
LG06	4366939	4367972	1.49629966666667
LG06	4368645	4371740	36.9037233333333
LG06	437077	438559	0.289112333333333
LG06	4372758	4374440	1.11636366666667
LG06	4376354	4399983	0.884375666666667
LG06	43882	46117	0
LG06	439350	440691	0.352149666666667
LG06	4401226	4402171	0.158506666666667
LG06	4409372	4410417	0.276021666666667
LG06	4410456	4412246	26.236023
LG06	4412300	4414174	0.0954953333333333
LG06	4412423	4413957	0.0296496666666667
LG06	4414288	4416642	0.331303666666667
LG06	4417695	4419209	12.6774723333333
LG06	4419882	4424825	10.8880086666667
LG06	4424802	4426070	41.4269113333333
LG06	4426599	4427534	0.803041666666667
LG06	4428450	4430102	7.67949733333333
LG06	443113	444611	4.54581
LG06	4431697	4433387	0
LG06	4435351	4438776	0
LG06	4439998	4443514	0
LG06	4445714	4446325	4.125123
LG06	4448676	4449550	1.19322466666667
LG06	4449653	4450907	11.5343673333333
LG06	4451288	4460213	13.7858863333333
LG06	445493	446961	0.518822666666667
LG06	4461565	4465554	1.034844
LG06	4476097	4478145	7.22070633333333
LG06	4479246	4479987	0.0364323333333333
LG06	4481525	4481802	0.0576373333333333
LG06	4481986	4482434	0.086432
LG06	4482783	4490581	1.36372733333333
LG06	4491232	4491813	0.191948
LG06	4491377	4491755	0.0235416666666667
LG06	4491959	4493407	1.262524
LG06	4493489	4495404	30.1048423333333
LG06	4496312	4497524	0.075632
LG06	4497554	4500378	26.87757
LG06	4501067	4502170	2.03176733333333
LG06	4505431	4507651	10.740704
LG06	4507643	4511366	3.35262533333333
LG06	4511910	4513720	3.155172
LG06	4514241	4515886	10.029584
LG06	4515983	4517348	3.99247733333333
LG06	4518320	4519150	0.0913026666666667
LG06	4519321	4521579	0.190094
LG06	4522630	4524934	11.0379443333333
LG06	4525963	4527441	0.783451333333333
LG06	4528878	4529521	0
LG06	4534988	4540975	0
LG06	455346	455748	0.139038666666667
LG06	4559594	4567408	14.2550246666667
LG06	456430	457203	0
LG06	4567646	4571897	4.38114266666667
LG06	4572380	4581012	1.94727533333333
LG06	4581151	4583208	4.73932033333333
LG06	4585170	4587283	20.449229
LG06	4588068	4640427	64.019525
LG06	461544	464401	0
LG06	4641269	4642115	0.552973
LG06	4643119	4645114	0
LG06	4645137	4648888	1.83162166666667
LG06	4650899	4651596	0.0484686666666667
LG06	4651847	4652616	1672.349121
LG06	4652630	4654743	4.472692
LG06	4654719	4655747	0.300776666666667
LG06	4654948	4655723	0.00541733333333333
LG06	4656698	4658445	0.178951666666667
LG06	465770	467933	83.5768053333333
LG06	4659087	4660009	17.690803
LG06	4661476	4664682	53.108317
LG06	4664707	4665808	69.661194
LG06	4667976	4668951	79.014669
LG06	4669897	4671045	142.236363666667
LG06	4671271	4673311	45.4731546666667
LG06	4673410	4674938	0.702316333333333
LG06	4675675	4686008	1.50985233333333
LG06	468029	468649	11.4283916666667
LG06	4686285	4688231	12.1562226666667
LG06	4688576	4689305	0.068747
LG06	4689423	4691630	2.13219066666667
LG06	4691714	4693928	10.216709
LG06	4694653	4695249	0.034961
LG06	4695661	4699834	0.047569
LG06	469680	472206	4.633249
LG06	4700468	4702886	0
LG06	4722736	4723305	0.00353766666666667
LG06	472379	475220	14.7113723333333
LG06	4724007	4729523	2.541255
LG06	4731142	4736063	20.537962
LG06	4737967	4739964	25.15538
LG06	4740712	4742415	5.379479
LG06	4742719	4743460	1.96210266666667
LG06	4743509	4743886	0
LG06	4746710	4748821	0.269872
LG06	475293	476039	0.517015
LG06	4753180	4754219	0
LG06	4762964	4763815	0
LG06	4764612	4766107	4.26074733333333
LG06	4766365	4767691	0.012483
LG06	4767799	4773211	5.00228233333333
LG06	4774410	4776271	37.9756366666667
LG06	477532	479926	16.7492143333333
LG06	4779151	4783525	3.158066
LG06	4783747	4786574	2.842114
LG06	4786770	4787468	0.0793956666666667
LG06	4787469	4790366	14.4703076666667
LG06	4790596	4791901	59.7969526666667
LG06	4791988	4795037	28.232996
LG06	4796286	4800612	0.065924
LG06	4802754	4804297	8.52161833333333
LG06	4805707	4806708	0.028895
LG06	480670	483015	1.47825966666667
LG06	4808591	4810036	0
LG06	4811940	4812251	0.162452
LG06	4815324	4816177	0
LG06	4836891	4840226	0
LG06	484019	486642	3.05418833333333
LG06	4856369	4857448	0
LG06	4861084	4865916	1.392549
LG06	4866292	4867836	0.380037
LG06	486982	491005	31.2004273333333
LG06	4870204	4870731	0.29454
LG06	4870832	4871337	0.0200763333333333
LG06	4872329	4873098	0.080188
LG06	4873628	4875065	0.115391
LG06	4877887	4881245	0
LG06	4882931	4886233	0
LG06	4887295	4890015	0
LG06	4892998	4894560	0
LG06	4895048	4898085	3.88220033333333
LG06	4899198	4903633	2.68830133333333
LG06	4903932	4904276	0
LG06	4904681	4910733	3.207709
LG06	4907268	4908345	1.09145033333333
LG06	491078	491976	10.5032436666667
LG06	4910890	4915078	8.21513033333333
LG06	4915216	4915956	1.50422133333333
LG06	4915959	4917619	53.0170656666667
LG06	4917831	4919523	18.9905553333333
LG06	4919757	4920784	174.239583333333
LG06	4920890	4925794	19.021622
LG06	4926422	4927993	1.61772133333333
LG06	4929598	4942620	212.546844333333
LG06	4943042	4944997	111.732892666667
LG06	4945035	4948665	46.4607773333333
LG06	4945062	4946385	5.580689
LG06	494511	500352	6.021674
LG06	4948120	4955899	25.908875
LG06	4960990	4963415	0
LG06	4964973	4965530	0
LG06	4965957	4966362	0
LG06	4966509	4967557	0
LG06	4987343	4988609	0
LG06	4988868	4991941	0
LG06	4992558	4995068	0
LG06	4996341	4998126	18.94665
LG06	5005218	5008057	12.228316
LG06	5008756	5013368	0.288231333333333
LG06	500929	502476	2.493742
LG06	5013404	5014843	0.140294
LG06	5020290	5020836	0
LG06	5035413	5036603	0
LG06	503708	505390	0.0748986666666667
LG06	5037949	5041010	0
LG06	5043274	5044713	0
LG06	5052942	5053271	0
LG06	505621	506596	0
LG06	5063486	5064040	0
LG06	5070276	5071127	0
LG06	507232	509589	0.098816
LG06	5075773	5095138	0
LG06	5095926	5096414	0
LG06	5099473	5099922	0
LG06	510652	512558	413.964152
LG06	5107217	5109347	0
LG06	5109394	5111212	0
LG06	5126190	5127203	0
LG06	512796	514193	2.571489
LG06	5134201	5140548	0
LG06	5142181	5142789	0
LG06	5145156	5150032	0
LG06	514977	515870	0.028294
LG06	5151700	5155138	0
LG06	5156017	5156580	0
LG06	5157942	5158858	0
LG06	5172617	5176404	0
LG06	5176574	5178959	0
LG06	5181988	5182467	0
LG06	5187607	5190163	0
LG06	520256	523591	0
LG06	5205627	5206420	0
LG06	52349	55724	0
LG06	5248996	5250940	5.585818
LG06	5251426	5253377	6.46679366666667
LG06	5254069	5255460	0
LG06	5256174	5258143	0.923698
LG06	5257867	5258768	0.426735666666667
LG06	5258913	5259592	0.0119596666666667
LG06	5260278	5261702	1.51646866666667
LG06	5262206	5263896	0.407605333333333
LG06	5265898	5266515	0.0837096666666667
LG06	5266519	5269377	325.080922333333
LG06	5269872	5271222	8.12829133333333
LG06	5272535	5275533	20.4437343333333
LG06	5275854	5280040	5.189821
LG06	5280089	5281894	5.97584766666667
LG06	5282920	5283312	0
LG06	5284545	5285713	0
LG06	5288079	5289105	1.60576766666667
LG06	5290122	5293138	5.114725
LG06	5293326	5294225	0.0579923333333333
LG06	5295510	5295997	0.063306
LG06	5296815	5300826	46.621642
LG06	5301351	5303727	105.225367333333
LG06	5304751	5306004	0
LG06	5308856	5314353	11.16409
LG06	5318486	5322116	0
LG06	5322410	5325518	0
LG06	5325766	5328243	0
LG06	5328645	5332496	0
LG06	5333334	5340875	0
LG06	5349363	5352430	2.103335
LG06	5361386	5363154	12.575811
LG06	5364282	5365830	81.5966746666667
LG06	5366095	5367106	93.853396
LG06	5367207	5370257	9.45909633333333
LG06	5372679	5374929	45.6811016666667
LG06	5385084	5385660	0
LG06	5386139	5387482	0
LG06	5408705	5410647	0
LG06	5411344	5412937	0
LG06	5417532	5418551	0
LG06	5422495	5423260	0
LG06	5424731	5426688	0
LG06	5426951	5429572	0
LG06	5430767	5432880	0
LG06	5439861	5448080	0
LG06	545222	547450	0
LG06	5458397	5463569	0
LG06	5463742	5464161	0
LG06	5466565	5467502	0.0257523333333333
LG06	5489133	5492077	0
LG06	5498305	5499549	0
LG06	550513	552891	0
LG06	5505256	5506270	0
LG06	5506512	5508229	3.052548
LG06	5508315	5508971	102.2587
LG06	5508977	5510327	0.402246666666667
LG06	5510170	5510921	0.0656293333333333
LG06	5511349	5512595	0.0106063333333333
LG06	5512890	5514735	2.046147
LG06	5515359	5520151	2.47873533333333
LG06	5521293	5526703	20.4055233333333
LG06	5528709	5530774	5.077345
LG06	5530892	5531429	0.243272666666667
LG06	5531719	5535283	9.84706966666667
LG06	5535890	5536460	0
LG06	5537143	5538211	2.527489
LG06	5539581	5540054	0
LG06	5541345	5541878	8.20255666666667
LG06	5543942	5544452	2.22253366666667
LG06	5544817	5546895	0.821137
LG06	5548189	5548557	0.0211313333333333
LG06	5549640	5550022	7.363212
LG06	5550574	5552407	2.05050633333333
LG06	5551510	5552416	0.0327746666666667
LG06	5553965	5554304	13.137364
LG06	5554375	5555111	6.32926433333333
LG06	5555310	5555881	0.875184333333333
LG06	5558139	5558611	0
LG06	5558723	5564448	15.1652323333333
LG06	5564532	5566377	0.250610333333333
LG06	5567056	5567459	0.151987
LG06	5568168	5569205	0.0358563333333333
LG06	5568274	5570309	1.34204966666667
LG06	5571027	5572920	1.607214
LG06	5573277	5573604	0
LG06	5573811	5576653	1.60203633333333
LG06	5577567	5580252	50.468052
LG06	5580824	5581821	0.333775
LG06	5582846	5592954	107.396901333333
LG06	5594810	5595912	0.763179666666667
LG06	5596367	5597437	23.0284416666667
LG06	5597545	5600036	54.1679103333333
LG06	5599041	5600005	13.1509336666667
LG06	55997	59332	0
LG06	5600116	5602881	38.7184853333333
LG06	5608684	5609958	2.21955166666667
LG06	5610466	5612388	0.688037
LG06	5613041	5614156	0.352589333333333
LG06	5615100	5616819	1.21785266666667
LG06	5617100	5618044	0.0637643333333333
LG06	5618395	5623451	7.331126
LG06	5624432	5625991	0.581135333333333
LG06	5626506	5627244	4.320363
LG06	5627429	5628716	30.2020566666667
LG06	5630155	5632252	25.9183596666667
LG06	5632351	5633305	129.764196
LG06	5633767	5634211	0
LG06	5633853	5634232	0
LG06	5634515	5635476	18.591208
LG06	5635541	5636392	0.354316333333333
LG06	5636528	5637847	1.58037566666667
LG06	5639722	5640708	3.94174566666667
LG06	5641126	5641811	16.0150566666667
LG06	5641851	5642724	13.5139993333333
LG06	5643068	5645243	0.294332333333333
LG06	5646381	5648642	10.3693203333333
LG06	5648651	5650640	2.16371133333333
LG06	5650898	5652138	1377.94567866667
LG06	5652569	5656492	17.9531493333333
LG06	5652931	5653689	0.119562
LG06	5656553	5658085	5.20869
LG06	5658347	5658820	16.378246
LG06	5659151	5659612	0
LG06	5660480	5663088	10.7307316666667
LG06	5664508	5664878	44.420063
LG06	5665126	5666577	48.2341816666667
LG06	5666856	5669830	7.41211333333333
LG06	5670262	5671164	5.26057133333333
LG06	5672936	5673394	2.35096833333333
LG06	5673529	5675038	0.0838556666666667
LG06	5678828	5679494	2.263403
LG06	5680427	5681230	1.06169933333333
LG06	5681296	5682199	8.07568633333333
LG06	5683639	5685201	0.23486
LG06	5687684	5689851	0.498212
LG06	5692612	5694087	439.027557333333
LG06	5694955	5699738	26.7708396666667
LG06	569717	576147	8.232764
LG06	5700050	5701780	0.996894666666667
LG06	5702154	5703348	3.46744466666667
LG06	5704835	5708446	1.82579066666667
LG06	5708621	5710139	29.222226
LG06	5710193	5712620	118.106648666667
LG06	5714451	5715150	0
LG06	5716539	5720776	431.936666
LG06	5720946	5722227	0.0262063333333333
LG06	5722343	5722944	0
LG06	5725049	5729597	37.5153196666667
LG06	5729913	5732034	68.348465
LG06	5732223	5732961	55.8094763333333
LG06	5737198	5739051	0
LG06	5739858	5741494	1.00413133333333
LG06	5742519	5743275	76.8348163333333
LG06	5743858	5745074	1.954284
LG06	5745324	5747472	37.7103603333333
LG06	5747888	5750259	37.098437
LG06	5750437	5752945	6.85782566666667
LG06	5753795	5754345	0.0484096666666667
LG06	5756442	5757827	53.3639923333333
LG06	5758369	5758934	0.180237333333333
LG06	5759108	5763476	64.7025846666667
LG06	576312	579795	21.3898193333333
LG06	5763521	5764739	0.074193
LG06	5764072	5764835	0.145159
LG06	5765077	5765590	0.203613666666667
LG06	5765704	5766420	31.6515246666667
LG06	5766733	5768031	220.361872333333
LG06	5768686	5769691	274.827331333333
LG06	5770080	5775367	18.0440863333333
LG06	5775422	5776447	0.02086
LG06	5778029	5778610	0.0976676666666667
LG06	5778882	5781786	2.04383633333333
LG06	5779234	5780694	1.57630066666667
LG06	5781769	5782424	0.0154453333333333
LG06	5782465	5785181	0.116963
LG06	5783933	5785095	0.208746333333333
LG06	5785601	5786895	1.202807
LG06	5787103	5790125	14.1108823333333
LG06	5790133	5794356	15.770959
LG06	5794589	5797949	2.516389
LG06	5799001	5801526	1.28622533333333
LG06	579942	580723	0.526434333333333
LG06	5805123	5805968	4.50100333333333
LG06	5806721	5812275	23.6348436666667
LG06	581243	581871	0.0394743333333333
LG06	5814063	5816189	1.65956433333333
LG06	5816742	5817790	8.96828333333333
LG06	5818403	5820539	4.66376
LG06	5821576	5822985	9.373708
LG06	5823328	5824165	148.929168666667
LG06	5824444	5824886	269.068715666667
LG06	582491	583545	7.954174
LG06	5825267	5826655	35.9787433333333
LG06	5827058	5828479	33.7256723333333
LG06	5828811	5833062	8.69110766666667
LG06	5833321	5833748	12.500218
LG06	5833898	5835414	0.452889
LG06	5836306	5850050	33.5126573333333
LG06	584835	585915	7.483115
LG06	5850273	5852817	30.8196363333333
LG06	5853119	5856149	16.7247693333333
LG06	5856787	5858509	8.46588233333333
LG06	5858355	5859046	54.820703
LG06	5859146	5861413	87.4391656666667
LG06	5862367	5863182	3.02717466666667
LG06	5863832	5865831	66.3068006666667
LG06	5865996	5869274	51.0113436666667
LG06	5869860	5871854	4.271175
LG06	586998	589952	35.0761413333333
LG06	5871992	5872532	9.59713166666667
LG06	5873507	5875466	24.0427266666667
LG06	5875502	5876699	50.0411146666667
LG06	5876949	5879899	16.7162906666667
LG06	5879972	5881203	236.842066333333
LG06	5883056	5883396	0.0489763333333333
LG06	5883498	5885558	9.74161866666667
LG06	5885763	5895081	12.332542
LG06	5895567	5901485	45.4140003333333
LG06	5901567	5902160	0.999894
LG06	5903416	5904839	11.0055033333333
LG06	5905122	5908268	20.5326403333333
LG06	590666	591445	41.713093
LG06	5908967	5911508	8.057882
LG06	5912712	5913100	0.0472993333333333
LG06	5913131	5917536	31.893991
LG06	5917906	5921569	138.597376666667
LG06	5922721	5924976	5.18615266666667
LG06	5925443	5926080	187.481277333333
LG06	5926264	5927120	32.3455766666667
LG06	5927266	5932221	12.4644503333333
LG06	592751	593954	0.0533223333333333
LG06	5932318	5935519	14.6353103333333
LG06	5935805	5937722	4.84177366666667
LG06	5937815	5938743	2.340906
LG06	5938793	5940505	88.9763893333333
LG06	594026	595624	7.43599566666667
LG06	5941059	5943619	165.741679
LG06	5943743	5944714	164.210627333333
LG06	5945112	5946822	18.7705936666667
LG06	5946988	5951098	16.7947863333333
LG06	5952468	5953024	189.709055333333
LG06	5953601	5954920	96.642535
LG06	5955358	5956965	59.7365683333333
LG06	595551	598453	37.2168986666667
LG06	5956966	5958021	0.496471333333333
LG06	5958199	5959709	0.285226333333333
LG06	5958735	5959749	0.0871926666666667
LG06	5959861	5961478	63.5120643333333
LG06	5961488	5963589	39.4450313333333
LG06	5965419	5966731	304.708374
LG06	5967948	5969830	1.52989233333333
LG06	5970439	5972345	0.557781333333333
LG06	5972506	5974456	6.477088
LG06	5974512	5975099	35.3473093333333
LG06	5975669	5986929	27.9512146666667
LG06	5987397	5988442	15.3729483333333
LG06	5988515	5989764	11.0786936666667
LG06	5989853	5991530	0
LG06	5991789	5993121	0
LG06	599487	600195	1.120454
LG06	5995105	5999442	27.927233
LG06	6000138	6003898	44.5982536666667
LG06	6004717	6006102	0.671434333333333
LG06	6006377	6008126	10.046643
LG06	6009153	6009749	0
LG06	6009890	6011953	6.64932933333333
LG06	6012086	6016932	4.37656933333333
LG06	6017068	6017940	0.76727
LG06	6018162	6018819	11.0343346666667
LG06	6018906	6020744	1.351651
LG06	6020783	6031817	21.017294
LG06	6032256	6032711	8.068903
LG06	6032747	6033791	8.33595533333333
LG06	6035292	6038085	15.4383346666667
LG06	6038753	6044414	20.6142256666667
LG06	6044520	6048602	11.3616326666667
LG06	604502	606188	75.6063513333333
LG06	6048928	6050700	0.954397666666667
LG06	6054752	6057986	1.29806866666667
LG06	6058259	6060625	11.3045466666667
LG06	6061269	6061590	1.675919
LG06	6061951	6063076	7.23220766666667
LG06	6063261	6066669	9.52256866666667
LG06	606546	607076	244.149729333333
LG06	6067213	6069742	15.8962903333333
LG06	607158	608078	925.499776
LG06	6071768	6075213	3.88584333333333
LG06	6075558	6077923	8.60495933333333
LG06	6078681	6079333	0.00938333333333333
LG06	6080385	6081730	0.310456333333333
LG06	608142	610287	23.6874216666667
LG06	6084054	6085217	138.752146333333
LG06	6085716	6086676	0.106926333333333
LG06	6086903	6087811	0.0808193333333333
LG06	6088496	6093077	31.0244136666667
LG06	6093078	6095379	58.675438
LG06	6095447	6096735	14.082968
LG06	6096924	6098256	11.5940603333333
LG06	6098918	6101506	239.939153
LG06	6102322	6103655	80.49601
LG06	6105650	6106706	71.6101146666667
LG06	6106764	6108689	55.4994583333333
LG06	6108670	6111208	36.1752523333333
LG06	6111308	6113648	3.08074233333333
LG06	6112900	6125728	96.0559156666666
LG06	611751	612705	0.0628136666666667
LG06	6126217	6126793	0.492017666666667
LG06	6127107	6128297	15.4376013333333
LG06	6130458	6131488	1.10122666666667
LG06	6132340	6132807	1.845776
LG06	6133117	6133989	569.549052
LG06	6133990	6135887	35.7488913333333
LG06	6136467	6140748	119.889066
LG06	6140928	6141632	0.052883
LG06	6141329	6142371	0.0720823333333333
LG06	6142617	6148414	22.081911
LG06	6148493	6150368	4.421927
LG06	6150669	6152773	6.26625133333333
LG06	6153158	6153723	0
LG06	6154254	6156345	202.408762666667
LG06	6156508	6160927	42.6905453333333
LG06	6161779	6162507	5.18564766666667
LG06	616223	618900	0
LG06	6164585	6165544	0.288758333333333
LG06	6165595	6170871	12.7206003333333
LG06	6170886	6172691	25.3607696666667
LG06	6172834	6174717	503.975474
LG06	6174799	6177254	34.3551823333333
LG06	6177885	6179113	1.82055666666667
LG06	6179437	6183448	54.9318123333333
LG06	6183525	6185412	202.308303666667
LG06	6185706	6186332	0.088237
LG06	6186471	6187765	9.732618
LG06	6187818	6188887	134.598709
LG06	6189883	6191465	22.9392783333333
LG06	6192298	6192855	136.709350666667
LG06	6193121	6193945	44.017498
LG06	6194222	6197849	13.543753
LG06	6199009	6202630	5.26789766666667
LG06	6202864	6204749	10.616754
LG06	6204836	6208780	2.77158566666667
LG06	6207334	6208293	0
LG06	6208904	6211923	381.858266333333
LG06	6214448	6216056	0.915406333333333
LG06	6216317	6218753	15.3636463333333
LG06	6218934	6223180	185.118026666667
LG06	6223299	6225024	10.6112766666667
LG06	6225119	6230214	64.1813836666667
LG06	6230356	6232140	1.78464533333333
LG06	6232543	6234605	17.0333456666667
LG06	6234683	6235899	49.200821
LG06	6236403	6237748	0.594999333333333
LG06	6237884	6244743	18.948468
LG06	6246204	6247857	12.019685
LG06	6248291	6249621	14.1344596666667
LG06	6250128	6251453	0.976752333333333
LG06	6251643	6252955	7.72186933333333
LG06	6254118	6254758	0.021456
LG06	6255888	6256481	0.137566
LG06	6259585	6263310	50.187262
LG06	6265004	6265955	0.072891
LG06	6266209	6272449	58.109183
LG06	6274099	6275145	498.490916
LG06	6275676	6276759	2.074103
LG06	6276848	6278329	35.060636
LG06	6278854	6283180	28.1917096666667
LG06	6283634	6286467	1.40015833333333
LG06	6286668	6289616	3.83211233333333
LG06	6289697	6290338	5.872612
LG06	6291547	6293850	3.658132
LG06	6294296	6297102	298.722615333333
LG06	6297373	6301625	87.0126343333333
LG06	6301758	6304034	13.7058963333333
LG06	6304661	6305113	0.365529666666667
LG06	6307741	6308373	0.043967
LG06	6308519	6310691	228.478963
LG06	6312040	6313857	4.43185133333333
LG06	6315854	6317712	8.254123
LG06	6317896	6318969	0.376383
LG06	6319350	6320672	3.600334
LG06	6322599	6323753	143.693796666667
LG06	6324218	6326718	20.1161623333333
LG06	6326850	6327585	57.7313386666667
LG06	6327969	6329049	0.592406333333333
LG06	6329092	6330979	14.3440896666667
LG06	6331473	6338644	2.205322
LG06	6339166	6339585	0.0225846666666667
LG06	6340166	6344171	13.7542623333333
LG06	6344430	6346719	55.7047166666667
LG06	6347009	6348260	0.130993333333333
LG06	6349024	6350365	0.314028333333333
LG06	6350643	6351164	5.922145
LG06	6351810	6352204	0
LG06	6352826	6354890	21.9497193333333
LG06	6355107	6355652	0.115407
LG06	6356764	6357389	0.0391886666666667
LG06	6357489	6358180	1.792747
LG06	6358561	6361597	27.4358063333333
LG06	6361767	6362216	0.0965863333333333
LG06	6362340	6363872	2.23146433333333
LG06	6364028	6365080	0.0647916666666667
LG06	6365772	6367335	6.60638666666667
LG06	6368795	6369193	0.083933
LG06	6369838	6371658	3.246034
LG06	6371802	6373327	38.6592433333333
LG06	6375437	6382500	14.408457
LG06	6382624	6384402	13.1117163333333
LG06	6384597	6385294	0.112601666666667
LG06	6385455	6387052	0.726256666666667
LG06	6387139	6390087	64.4810143333333
LG06	6390131	6393037	12.936739
LG06	6393146	6395303	20.1441893333333
LG06	6395366	6397130	10.388858
LG06	6397453	6398981	22.935985
LG06	6399684	6400604	4.51703133333333
LG06	640181	641034	0
LG06	6401873	6402931	2197.18668633333
LG06	6405036	6409038	22.1475946666667
LG06	6409296	6411665	1.99813133333333
LG06	6412090	6413442	1319.95446766667
LG06	6414022	6414664	0.0829866666666667
LG06	6416830	6418371	28.532083
LG06	6418683	6419937	158.27036
LG06	6420296	6425077	2.94757833333333
LG06	6425364	6428562	34.036846
LG06	6429123	6433445	4.34902
LG06	643089	643351	0
LG06	6433905	6436894	15.7584713333333
LG06	6437539	6441034	3.09224833333333
LG06	6441231	6443946	10.7432913333333
LG06	6444414	6450075	18.2961196666667
LG06	644461	645313	0.0112293333333333
LG06	6450594	6452331	105.167442333333
LG06	6452565	6453613	70.6747206666667
LG06	6454208	6454602	0.538315666666667
LG06	6455174	6455939	0.354273
LG06	6456632	6457538	0
LG06	6458811	6460373	0.0340336666666667
LG06	6461102	6462205	3.82085066666667
LG06	6462663	6464807	14.8665606666667
LG06	6464942	6466679	8.58018666666667
LG06	6467080	6468183	1.73106466666667
LG06	646805	648933	36.319509
LG06	6468807	6470773	9.34038166666667
LG06	6470906	6474883	14.0930873333333
LG06	6475016	6476460	15.8338756666667
LG06	6476515	6477174	138.502965333333
LG06	6477262	6478376	9.41987966666667
LG06	6479197	6483504	61.6529426666667
LG06	6483814	6485783	7.84867333333333
LG06	6486188	6489180	0.0565073333333333
LG06	6489903	6491711	0.774465666666667
LG06	6491843	6493285	17.667148
LG06	649304	650065	0.041695
LG06	6494064	6495165	1.735795
LG06	6495381	6498709	13.0026646666667
LG06	6500230	6503626	0
LG06	6506998	6510392	0
LG06	6510859	6511361	0
LG06	652126	653827	30.8866596666667
LG06	6526363	6529926	0.145255333333333
LG06	6531808	6537368	1.082661
LG06	6533105	6534467	0.006589
LG06	6538224	6540282	23.8542243333333
LG06	653865	655830	176.266845666667
LG06	6541965	6545233	6.897359
LG06	6545300	6545969	0
LG06	6546455	6547736	0.311015
LG06	6547805	6551162	0.921424
LG06	6553070	6555974	16.673004
LG06	6556041	6557726	51.736
LG06	6558343	6561064	6.74019066666667
LG06	6561016	6563328	10.9658256666667
LG06	6564427	6566048	15.623372
LG06	656494	658609	7.931021
LG06	6566419	6569972	17.191297
LG06	6570480	6572317	0.365960333333333
LG06	6572937	6574586	25.3840726666667
LG06	6575511	6579714	12.7482116666667
LG06	6579989	6582829	8.40774833333333
LG06	658813	659937	0
LG06	660135	661094	0.304200333333333
LG06	6611929	6614890	12.510607
LG06	661353	661932	0
LG06	6614938	6616772	2.37912133333333
LG06	6617093	6646714	31.4081026666667
LG06	662133	665014	43.8059893333333
LG06	6647463	6648670	26.0696576666667
LG06	6648776	6651005	15.762666
LG06	6651237	6652841	3.15828
LG06	6653353	6654152	46.9878426666667
LG06	6654207	6656053	24.0058426666667
LG06	6656262	6657029	0.232955333333333
LG06	6659052	6661089	0.00596133333333333
LG06	6661256	6665240	38.5706176666667
LG06	666224	669046	62.006522
LG06	6666505	6668635	1.612399
LG06	6668815	6671506	3.57495533333333
LG06	6672211	6674632	28.868984
LG06	6675617	6676504	36.7938406666667
LG06	6676951	6679394	36.9340043333333
LG06	6679564	6680603	6.60745766666667
LG06	6682275	6684997	0.969244
LG06	6687113	6692410	28.7997353333333
LG06	6692447	6694543	91.9012783333333
LG06	6694765	6697077	27.436208
LG06	669571	670401	134.014302666667
LG06	6697234	6697761	64.2876586666667
LG06	6697744	6699318	7.53627266666667
LG06	6699507	6700396	4.560747
LG06	6700710	6702827	106.359174333333
LG06	6703384	6704448	30.041276
LG06	670507	670909	41.3867263333333
LG06	6706047	6707267	0
LG06	6708238	6709718	0
LG06	6709878	6711560	0
LG06	6712181	6712799	0
LG06	6713321	6715200	0
LG06	6724422	6725486	0
LG06	672514	674712	35.883775
LG06	6726773	6728504	0
LG06	6733812	6743794	0
LG06	6748670	6750556	0
LG06	674883	676378	0.00663966666666667
LG06	6755598	6759817	0
LG06	6763373	6764007	0.438575
LG06	6764213	6765166	1.56876766666667
LG06	6765361	6767714	57.3449006666667
LG06	676795	681739	0.0225176666666667
LG06	6768181	6769562	1.301091
LG06	6770077	6772802	15.212763
LG06	6773615	6778310	14.8490026666667
LG06	6778606	6779237	1481.19576033333
LG06	6779425	6790672	255.285761333333
LG06	6790782	6792901	72.3126833333333
LG06	6793064	6793380	0
LG06	6794352	6795492	0.209386
LG06	6795557	6796474	75.023931
LG06	6796754	6799227	131.453618666667
LG06	6800901	6803082	0.026078
LG06	6803937	6804727	0
LG06	6806149	6809763	1.48814633333333
LG06	6811554	6811950	0
LG06	6812060	6812798	0.120842
LG06	6812133	6812830	0.370480333333333
LG06	6813318	6815246	12.1962586666667
LG06	6815289	6817594	4.61870733333333
LG06	6817124	6821200	19.4063623333333
LG06	6821648	6822430	0.290192666666667
LG06	6822511	6826651	2.13908133333333
LG06	682269	683790	0
LG06	6827679	6833302	53.838758
LG06	6834206	6837485	24.1372816666667
LG06	6837762	6838132	0.0548986666666667
LG06	6838636	6839119	0.0737906666666667
LG06	6839767	6841776	0.736095666666667
LG06	6841835	6843606	340.680801333333
LG06	6843714	6845201	35.768518
LG06	6845353	6847031	30.3933653333333
LG06	6847496	6848837	39.3397076666667
LG06	6848879	6849847	167.689112
LG06	6850121	6853077	25.176318
LG06	6853186	6854110	5.40454466666667
LG06	6854192	6855709	2.42114833333333
LG06	6856437	6857415	0.19881
LG06	6857617	6858268	0
LG06	6859105	6859968	0
LG06	6860459	6861523	0
LG06	6863052	6864519	9.36652666666667
LG06	6864820	6867066	4.089864
LG06	6867699	6869174	78.9584376666667
LG06	6872818	6879758	18.3397196666667
LG06	687539	689884	2.22360433333333
LG06	6880004	6885484	15.169299
LG06	6885597	6886906	8.020898
LG06	6888917	6889703	0.386739333333333
LG06	6890332	6895387	14.642927
LG06	6895802	6897694	1.21194933333333
LG06	6897842	6899167	0.313174333333333
LG06	6900172	6902381	26.7281703333333
LG06	6902810	6904882	29.7839806666667
LG06	690385	690883	0.147361666666667
LG06	6905142	6907437	46.61183
LG06	6907878	6908989	0
LG06	6909305	6909675	0.0126163333333333
LG06	6910574	6912846	0.00469333333333333
LG06	691193	691876	37.8024723333333
LG06	691758	694575	4.88269133333333
LG06	6919621	6922445	1.04879366666667
LG06	6923661	6925436	20.43665
LG06	6926128	6928217	0.514775
LG06	6928956	6930404	16.6344253333333
LG06	6930683	6931239	0.583658666666667
LG06	6932860	6933983	0.922342333333333
LG06	6934447	6938039	21.621678
LG06	6938908	6940679	18.4046836666667
LG06	6941625	6944182	0.065973
LG06	6945112	6946314	8.226128
LG06	6946848	6948920	56.4537113333333
LG06	6949596	6952377	14.4669923333333
LG06	695003	698623	0.122897
LG06	6952790	6954445	3.054982
LG06	6955490	6959347	109.781112666667
LG06	6960634	6962103	2.34602466666667
LG06	6964160	6967660	15.998373
LG06	6967354	6974067	18.1510073333333
LG06	6974906	6976442	2.405915
LG06	6977084	6978304	2.58483966666667
LG06	6978459	6979515	0.272636666666667
LG06	6980253	6982113	0.689287666666667
LG06	69866	73264	0.0519776666666667
LG06	701741	702755	0
LG06	703665	706495	0
LG06	706693	710089	0
LG06	713321	713768	0
LG06	714385	716940	0
LG06	717199	719349	0
LG06	719584	720717	0
LG06	723500	727698	1.494574
LG06	728064	730090	0.255036333333333
LG06	735579	736376	0
LG06	73683	76469	0.003127
LG06	738874	741210	0
LG06	747399	748333	3.380717
LG06	749048	752552	36.9432056666667
LG06	752771	754970	46.2499196666667
LG06	755295	758893	86.5717443333333
LG06	759774	760608	0.075562
LG06	763129	764259	0.0466856666666667
LG06	765549	795945	17.733584
LG06	77309	77773	0.152945
LG06	796569	797213	0
LG06	797709	800067	0.245006
LG06	800362	800817	0.338687
LG06	802624	805287	0.259567333333333
LG06	808071	808974	0.496026333333333
LG06	809068	813780	1.91279866666667
LG06	813929	814808	3.212905
LG06	815315	819817	6.296968
LG06	820441	822385	0.318771333333333
LG06	824031	825411	5.98047933333333
LG06	825450	825906	2.288112
LG06	826491	827550	13.6087586666667
LG06	827639	829723	357.814371666667
LG06	829764	830469	37.222796
LG06	830809	836081	5.912886
LG06	836337	837891	21.182458
LG06	837932	839580	108.811220666667
LG06	839681	845783	18.7243436666667
LG06	845827	848885	112.382250333333
LG06	850159	853129	3.27063033333333
LG06	853129	854869	504.321370333333
LG06	854817	858734	38.3009683333333
LG06	858893	859628	0.121979
LG06	859789	861570	2.94572633333333
LG06	862290	863803	0
LG06	865570	870758	47.5966836666667
LG06	873248	875657	0
LG06	876383	877699	0
LG06	877862	878965	0
LG06	896008	896716	0
LG06	897525	900511	12.4594643333333
LG06	901044	901940	20.222358
LG06	902901	904801	5.66792166666667
LG06	905283	906308	2.815663
LG06	906803	908334	0.358217333333333
LG06	910462	913240	1.58496066666667
LG06	915907	920498	54.3878223333333
LG06	920775	925468	1.08483866666667
LG06	925429	926889	0.457512666666667
LG06	927943	930347	12.014343
LG06	931614	933790	1.34821033333333
LG06	934473	935184	0
LG06	935492	936190	0
LG06	939232	940746	0.657440666666667
LG06	942544	943102	0.110926666666667
LG06	944048	945792	253.398666333333
LG06	947063	949803	3.26479266666667
LG06	950673	953603	4.264368
LG06	954525	955417	112.453005333333
LG06	955474	956555	249.049403
LG06	956601	958913	15.0858976666667
LG06	959382	961818	1.36424566666667
LG06	961877	963165	164.304118
LG06	963299	965509	2.339668
LG06	965967	968234	13.1692536666667
LG06	969603	970920	76.318611
LG06	971215	972674	21.5815593333333
LG06	972827	977870	17.936229
LG06	978395	980645	3.91841233333333
LG06	980696	983923	70.4605786666667
LG06	985844	986979	135.933980333333
LG06	987030	990358	3.18240066666667
LG06	990450	992468	1.12547433333333
LG06	992758	995457	9.91745133333333
LG06	995513	997502	35.2048453333333
LG06	997988	999762	665.906636333333
LG07	100391	102375	25.899174
LG07	1005447	1013291	7.89845866666667
LG07	1013580	1014105	65.8613256666667
LG07	1014096	1017346	27.529759
LG07	1018057	1020343	0.273340333333333
LG07	1020320	1021883	431.908986666667
LG07	1021811	1023172	263.228785333333
LG07	1023547	1024811	43.999266
LG07	1025468	1028226	112.689366333333
LG07	102832	104776	10.568298
LG07	1028608	1030249	44.011594
LG07	1031368	1032695	30.8148963333333
LG07	1033015	1033497	18.4371206666667
LG07	1033676	1035948	51.6129556666667
LG07	1036224	1038025	736.789795
LG07	1038529	1041264	55.0107776666667
LG07	1043043	1044496	52.0290716666667
LG07	1045130	1046431	186.910192
LG07	1046457	1051297	15.90267
LG07	105098	105875	0.241829333333333
LG07	1051347	1052158	46.9438246666667
LG07	1052171	1053788	91.970553
LG07	1053802	1054758	259.99763
LG07	1055166	1058974	61.8770536666667
LG07	105876	107714	2.04395666666667
LG07	1059574	1061319	50.4803593333333
LG07	1061707	1066422	16.4057236666667
LG07	1066646	1068589	4.11779333333333
LG07	1068758	1072244	27.402808
LG07	1072400	1075234	32.8857693333333
LG07	1075218	1078480	3.470592
LG07	1078835	1094079	23.1496453333333
LG07	1094427	1095758	38.4292576666667
LG07	1096310	1098779	36.9411033333333
LG07	1098849	1100974	32.686664
LG07	1101016	1101902	11.820872
LG07	1103023	1103410	0.0335023333333333
LG07	1103641	1104464	5.32030133333333
LG07	1104667	1105162	0
LG07	1105642	1107959	11.2008203333333
LG07	1108800	1120264	5.75581833333333
LG07	111460	114261	364.718729666667
LG07	1120477	1122131	15.6607976666667
LG07	1122228	1123282	65.385236
LG07	1123375	1124323	61.1111743333333
LG07	1124585	1125404	0.228527333333333
LG07	1124956	1127461	44.923484
LG07	1128131	1130566	5.84092466666667
LG07	1130928	1132141	191.131276333333
LG07	1132258	1133749	0.907149333333333
LG07	1134037	1135042	1.49293366666667
LG07	1135447	1137404	0.112381333333333
LG07	1137606	1140567	25.4167303333333
LG07	1141214	1143112	23.9547856666667
LG07	1143936	1146095	1.584312
LG07	1147178	1150738	13.467322
LG07	114760	116098	2.18019833333333
LG07	1150862	1154000	12.2844896666667
LG07	1154238	1158892	52.8498713333333
LG07	11550	15919	1.73766566666667
LG07	1158927	1160779	2.816039
LG07	116176	116560	0.208730666666667
LG07	1162191	1163926	139.173563666667
LG07	1164197	1166182	3.97693633333333
LG07	1169792	1172495	135.254191333333
LG07	1172748	1177345	28.555612
LG07	117411	120409	20.544665
LG07	1177422	1178929	9.523594
LG07	1180356	1182458	0.0711963333333333
LG07	1182776	1186401	7.41576133333333
LG07	1186949	1189281	5.90821133333333
LG07	1189328	1191356	174.941243333333
LG07	1193344	1196692	172.657099333333
LG07	1197787	1200499	75.07578
LG07	1200534	1202061	18.055827
LG07	1202417	1203339	0.238627666666667
LG07	1203909	1206070	0.119952
LG07	1206147	1206565	0
LG07	1207278	1210755	7.181552
LG07	120730	124919	5.64226633333333
LG07	1211022	1213777	38.0198313333333
LG07	1214119	1215462	72.237493
LG07	1216203	1218905	74.8248263333333
LG07	1219225	1220516	4.77973466666667
LG07	1220697	1222413	15.1542196666667
LG07	1222624	1223821	9.48992633333333
LG07	1224003	1226217	33.561877
LG07	1226518	1228039	57.580827
LG07	1228477	1231265	60.0989466666667
LG07	1231343	1234695	17.192047
LG07	1234995	1236684	53.8792113333333
LG07	1236965	1241058	40.3195116666667
LG07	1241341	1242025	11.734885
LG07	1242353	1243401	130.475074666667
LG07	1243630	1245888	17.7951026666667
LG07	1246008	1248815	18.7523413333333
LG07	1249030	1250265	28.314801
LG07	124993	126595	17.591944
LG07	1250271	1252052	6.911919
LG07	1253169	1256146	0.081253
LG07	1256323	1258880	32.1433743333333
LG07	1258943	1261232	230.826955333333
LG07	1261393	1262978	36.564508
LG07	1263045	1269553	93.5663476666667
LG07	126665	127442	5.00906
LG07	1269778	1272057	94.8975016666667
LG07	1272168	1274804	80.7258656666667
LG07	1275342	1280158	44.2580313333333
LG07	1281938	1282962	600.763204
LG07	1283420	1285367	23.4928753333333
LG07	1285505	1288000	19.120412
LG07	1288054	1290770	40.0299773333333
LG07	1291506	1294159	30.618491
LG07	129421	130589	0
LG07	1294345	1294697	0.210014
LG07	1294816	1299218	24.0958086666667
LG07	1299631	1300972	17.5013173333333
LG07	1301331	1305221	32.5205746666667
LG07	1305535	1306078	342.491953333333
LG07	1305641	1308053	48.591877
LG07	1308254	1310093	5.377688
LG07	1310458	1311247	0
LG07	1312850	1314047	115.398196
LG07	1314259	1315900	64.7655766666667
LG07	1316808	1319601	1.52689766666667
LG07	1319812	1323295	13.4707933333333
LG07	1323423	1326880	13.187544
LG07	1329508	1334634	32.7491836666667
LG07	132981	133981	2.108394
LG07	1334856	1339743	6.08196966666667
LG07	1334863	1336069	0.00523166666666667
LG07	1339887	1342016	16.8901813333333
LG07	1342160	1342989	66.129977
LG07	1343845	1345066	218.094273666667
LG07	1345313	1347861	235.509989333333
LG07	1348094	1351380	22.950674
LG07	134998	137964	6.010845
LG07	1351470	1354908	17.49616
LG07	1355009	1356689	0.415066
LG07	1356955	1358316	8.128868
LG07	1358558	1360793	1.32106666666667
LG07	1360869	1364112	5.37696333333333
LG07	1364128	1365593	57.4175146666667
LG07	1365626	1370688	53.475699
LG07	1370844	1371459	690.825154666667
LG07	1371771	1373085	1.778181
LG07	1373551	1374510	73.06442
LG07	1375135	1377385	35.6197536666667
LG07	1377830	1378316	0.0553503333333333
LG07	1378661	1380251	5.86193666666667
LG07	1380342	1382028	40.417515
LG07	1382315	1386334	25.589357
LG07	138430	139138	0
LG07	1386962	1388337	32.3197676666667
LG07	1389143	1391250	64.7610906666667
LG07	1391387	1394001	60.8697116666667
LG07	1394204	1395720	6.97009666666667
LG07	1396998	1398963	165.078074
LG07	139724	140689	0.0329293333333333
LG07	1399115	1401360	14.7270653333333
LG07	1401603	1404065	8.49657933333333
LG07	140343	141263	0.00421766666666667
LG07	1404242	1405131	111.703633666667
LG07	1405126	1406352	20.3246096666667
LG07	1407017	1407928	20.6209486666667
LG07	1408140	1412131	71.4952496666667
LG07	1412224	1412991	95.2794846666666
LG07	1413197	1416016	25.0045833333333
LG07	1416246	1418011	38.0468306666667
LG07	141726	145745	49.238168
LG07	1418359	1420136	5.586812
LG07	1420243	1421448	0.562163333333333
LG07	1421715	1425074	20.1162636666667
LG07	1426203	1429513	21.1948973333333
LG07	1429958	1431109	61.5177356666667
LG07	1431561	1432220	8.09018433333333
LG07	1432334	1433819	26.9656246666667
LG07	1434008	1438265	0.277335666666667
LG07	1438634	1438998	875.531026
LG07	1439146	1439978	1345.61161333333
LG07	1440245	1442245	28.3454563333333
LG07	1442269	1446500	160.951304
LG07	1447064	1451751	12.2163376666667
LG07	1451880	1453334	28.4591643333333
LG07	1453752	1456604	4.56129233333333
LG07	1457043	1457771	118.325986
LG07	1457823	1458928	0.787207
LG07	1459124	1462143	48.9391456666667
LG07	1462543	1467940	13.5041083333333
LG07	146262	148633	102.961479333333
LG07	1468837	1470450	251.291412333333
LG07	1470558	1474458	9.973877
LG07	1474601	1474957	58.746531
LG07	1475183	1477431	18.3898096666667
LG07	1478082	1480541	9.95504433333333
LG07	1480583	1482304	7.14037766666667
LG07	1482736	1484834	41.4183476666667
LG07	1484957	1486190	77.307645
LG07	1486555	1487858	19.965205
LG07	1487939	1489837	246.319854666667
LG07	1489945	1492259	67.6792296666667
LG07	1492757	1494954	1.31195033333333
LG07	1495412	1496370	0.321588666666667
LG07	149647	150200	0
LG07	1496911	1500979	127.332618666667
LG07	1501041	1502049	7.35919566666667
LG07	1504055	1506475	34.6758306666667
LG07	1506638	1509888	9.941699
LG07	1510162	1514749	16.788229
LG07	1515313	1517147	20.7168616666667
LG07	1518224	1519016	0.242009333333333
LG07	1520175	1522370	18.9542513333333
LG07	1522550	1524292	13.1085413333333
LG07	1524376	1527897	8.14246966666667
LG07	1528123	1530251	213.814758333333
LG07	1530576	1532315	2.94866966666667
LG07	1532253	1535259	18.3406353333333
LG07	1535538	1537240	25.518631
LG07	1537382	1538568	2.911702
LG07	153773	159256	11.557719
LG07	1538651	1540682	16.4841773333333
LG07	1540966	1542903	135.087773666667
LG07	1543586	1550071	125.4832
LG07	1550458	1552838	319.894012666667
LG07	1553689	1554117	29.9650553333333
LG07	1554321	1555671	133.211481666667
LG07	1556230	1558131	45.3723463333333
LG07	1558323	1560255	53.4220006666667
LG07	1561194	1563090	28.9080543333333
LG07	1563361	1570131	40.3826063333333
LG07	1571045	1572846	0.194806666666667
LG07	1572957	1575509	8.81332933333333
LG07	1575657	1579023	17.6868693333333
LG07	1579393	1580561	7.63600266666667
LG07	1582084	1584361	20.2165386666667
LG07	1584467	1585810	15.0852823333333
LG07	1585999	1586696	2.17732366666667
LG07	1586906	1588249	30.841173
LG07	1588405	1589897	6.61460433333333
LG07	1590481	1594247	96.8765183333333
LG07	1595656	1597905	0.542375333333333
LG07	1597925	1598792	0.0547756666666667
LG07	1599366	1603736	36.0657856666667
LG07	1605313	1606709	23.7950403333333
LG07	1606798	1609677	71.5193786666667
LG07	1609821	1611612	34.278801
LG07	1611643	1613008	108.728302
LG07	1613130	1615761	12.863768
LG07	1615829	1616200	9.97456866666667
LG07	1616465	1618543	17.1556186666667
LG07	1618908	1620175	16.457267
LG07	1620418	1621700	157.702616333333
LG07	1622201	1625376	25.6780633333333
LG07	1626123	1627705	11.616102
LG07	16278	16986	2.52186666666667
LG07	1628129	1628821	69.865064
LG07	1628828	1629903	62.246311
LG07	1630621	1632813	85.706993
LG07	1634388	1636806	26.1857076666667
LG07	1637142	1639306	10.0113763333333
LG07	1639627	1642242	5.37955133333333
LG07	164265	167747	0.100119
LG07	1642806	1644741	22.358831
LG07	1644750	1646960	8.87854333333333
LG07	1646998	1648575	62.6289736666667
LG07	1648643	1653375	7.37707933333333
LG07	1653423	1657469	9.081513
LG07	1657659	1658703	15.7354913333333
LG07	1658846	1661370	29.2311903333333
LG07	1661658	1662750	25.877107
LG07	1662918	1664298	6.090803
LG07	1664452	1669600	35.7518743333333
LG07	1670204	1672461	998.896362333333
LG07	1672488	1673097	1.23184333333333
LG07	1673519	1673964	0.0741046666666667
LG07	1674081	1676676	12.6085443333333
LG07	1676768	1681571	6.01020533333333
LG07	1681989	1682803	340.721354333333
LG07	1682805	1684526	124.264656
LG07	1684601	1686395	17.0229796666667
LG07	1686484	1687217	18.9072806666667
LG07	1688203	1691841	28.7060296666667
LG07	1691901	1693706	2.16061566666667
LG07	1692912	1693753	0.429209333333333
LG07	1693754	1696246	28.1102466666667
LG07	1696323	1698246	27.1550513333333
LG07	1698343	1701759	8.138356
LG07	1701968	1703321	88.6117453333333
LG07	1703591	1704800	33.929919
LG07	1704996	1709741	4.41881333333333
LG07	1710116	1713435	22.4310513333333
LG07	1713500	1720950	4.31102766666667
LG07	1721005	1722531	96.9228693333333
LG07	1722679	1724334	41.5052146666667
LG07	1724410	1728045	62.3708573333333
LG07	1728279	1729468	530.848388333333
LG07	1729470	1732601	36.8622183333333
LG07	1733323	1735943	31.5546043333333
LG07	1735946	1736703	0.449587666666667
LG07	1736024	1736767	0.387982
LG07	1736962	1740098	1.69167666666667
LG07	1740218	1743160	1.44671633333333
LG07	1743298	1746337	0.275482333333333
LG07	1747903	1749679	8.774707
LG07	1750437	1754952	25.4815033333333
LG07	1755273	1756853	316.414042
LG07	1756991	1758773	150.349772
LG07	1758953	1759789	153.110666666667
LG07	1759996	1760685	58.1360076666667
LG07	1760955	1761578	241.311508333333
LG07	1761964	1763136	0.229345333333333
LG07	1763364	1764395	0.482051333333333
LG07	1765113	1767557	28.892158
LG07	1767679	1769302	1.77112133333333
LG07	1769501	1772548	2.69138433333333
LG07	1772686	1778394	18.6265733333333
LG07	1778952	1779974	0.0474406666666667
LG07	1778998	1779974	0.065009
LG07	1780531	1782581	0.085898
LG07	1782787	1783740	0.157469333333333
LG07	1784810	1787730	17.362426
LG07	1788817	1790117	78.3389203333333
LG07	17899	20089	1.01003133333333
LG07	1790342	1796534	19.2584373333333
LG07	1796711	1800423	18.8620423333333
LG07	1801073	1801822	1.37649733333333
LG07	1802367	1806501	13.223269
LG07	1807230	1810405	34.5906106666667
LG07	1810830	1814078	96.1204046666667
LG07	1812524	1813387	0.0894176666666667
LG07	1814522	1815968	1329.66898566667
LG07	1816163	1817134	665.308899
LG07	1817424	1817759	17.076512
LG07	1817970	1819276	54.643805
LG07	1819503	1820774	22.0813566666667
LG07	1821810	1823894	46.562239
LG07	1824095	1829780	27.4140433333333
LG07	1829330	1830150	2001.83784966667
LG07	1830949	1831828	0.195403666666667
LG07	1831871	1833589	38.2258046666667
LG07	1834323	1835772	1.14051733333333
LG07	1837170	1838880	73.9294203333333
LG07	1839305	1841887	1.42127333333333
LG07	1842054	1843483	54.6221286666667
LG07	1843812	1845591	1.347922
LG07	1845651	1846999	5.812818
LG07	1847032	1850458	24.459935
LG07	1851950	1854802	7.656858
LG07	1854908	1856651	13.7859553333333
LG07	1857245	1858989	5.9897
LG07	1859969	1862513	18.1424356666667
LG07	1862860	1864251	11.963288
LG07	1864761	1866730	30.6491573333333
LG07	1866986	1868492	54.0035996666667
LG07	1868736	1869929	99.955864
LG07	1869976	1871628	46.8743133333333
LG07	1871836	1873783	95.7847316666667
LG07	1874094	1874459	0
LG07	1874550	1875680	72.385203
LG07	1875730	1878958	9.72919133333333
LG07	1878950	1881653	2.59331166666667
LG07	1881967	1883554	11.817053
LG07	188344	189437	22.4783553333333
LG07	1883746	1887539	84.2211356666667
LG07	1887942	1890867	29.897803
LG07	1891057	1894387	5.575862
LG07	1894627	1895344	412.604146333333
LG07	1895506	1897191	19.3034763333333
LG07	1898628	1901044	2253.71435566667
LG07	190091	190470	0.283216333333333
LG07	1901576	1902913	1.56336566666667
LG07	1902927	1904708	25.952741
LG07	1904755	1907201	31.2226503333333
LG07	190542	192090	93.272461
LG07	1906992	1910152	18.3584313333333
LG07	1910699	1912303	55.726102
LG07	1912721	1913963	0
LG07	1912944	1913372	0.136841
LG07	1914355	1915890	1.150874
LG07	1916751	1919121	47.4203196666667
LG07	1919251	1920340	26.0725463333333
LG07	1920458	1923233	16.2417813333333
LG07	192355	193366	91.419861
LG07	1923684	1925182	2.16253766666667
LG07	1925291	1927296	40.585683
LG07	1927644	1928161	4.05662233333333
LG07	1930258	1931590	48.001512
LG07	1931724	1932345	231.659719
LG07	1932511	1933194	106.616468
LG07	1933421	1934948	36.4824003333333
LG07	193464	196586	15.413442
LG07	1935068	1936248	20.5877353333333
LG07	1936584	1940034	48.8268556666667
LG07	1940246	1942132	17.735151
LG07	1940770	1942741	6.84026366666667
LG07	1943202	1947862	5.811238
LG07	1948048	1951694	14.8263476666667
LG07	1951808	1954282	26.5234413333333
LG07	1954321	1956552	1.14038266666667
LG07	1956794	1958544	0.772722
LG07	1958724	1960022	46.479739
LG07	1960248	1962096	39.4973946666667
LG07	1962541	1963646	18.0133666666667
LG07	1964028	1966536	30.998045
LG07	1966753	1968755	8.45987066666667
LG07	196703	197066	0.074274
LG07	1969476	1970827	64.167431
LG07	1971137	1973455	15.8430223333333
LG07	1972861	1974541	7.875899
LG07	197368	199612	49.85155
LG07	1975915	1977517	0.0993773333333333
LG07	1977778	1978452	46.2386246666667
LG07	1978933	1980226	38.3399556666667
LG07	1980422	1985236	10.3890503333333
LG07	1985639	1987703	59.9403586666667
LG07	1987876	1988940	40.212588
LG07	1989658	1991294	30.9205136666667
LG07	1991285	1995869	12.665475
LG07	1997556	2000591	29.9670543333333
LG07	2000658	2002757	144.545761
LG07	2002920	2003743	27.454469
LG07	2003851	2005793	27.279105
LG07	2006276	2008006	219.891505
LG07	2008105	2010325	82.8243993333333
LG07	2010319	2013743	12.378534
LG07	2013877	2014762	2.44326666666667
LG07	2015082	2017306	113.963315333333
LG07	2017445	2019900	18.6554693333333
LG07	2020034	2020827	0.306185
LG07	2021059	2024164	18.466395
LG07	2024517	2027319	164.478764666667
LG07	2028840	2032037	0
LG07	2035260	2036595	2.51954233333333
LG07	2038636	2044343	12.1590616666667
LG07	2045034	2046060	0.614388
LG07	2046391	2052097	50.4728803333333
LG07	2053778	2055295	17.8651206666667
LG07	2056009	2057730	48.1685766666667
LG07	2058058	2067156	0.356110333333333
LG07	2059339	2063790	0.124377
LG07	2064440	2065164	0
LG07	206	6448	0.00117466666666667
LG07	2068497	2070934	1.501698
LG07	2071586	2073138	0.129856666666667
LG07	2074121	2076571	0
LG07	2076782	2080289	0.847735666666667
LG07	207708	208505	0
LG07	2081202	2082347	3.257131
LG07	2083489	2087373	0
LG07	2087743	2088924	0
LG07	2091500	2092866	5.91579333333333
LG07	2093330	2097943	35.5658973333333
LG07	2098205	2099208	5.04824033333333
LG07	2099551	2100188	44.4938153333333
LG07	2101161	2101740	0.0920753333333333
LG07	2102131	2104453	19.8379693333333
LG07	2104425	2105972	294.835479666667
LG07	2106014	2107611	10.9342996666667
LG07	2107791	2110108	18.259445
LG07	2110240	2113211	12.4897586666667
LG07	2113430	2115740	107.073076666667
LG07	2115994	2117569	46.2656683333333
LG07	2118494	2119408	6.44048033333333
LG07	2119624	2122465	16.4992533333333
LG07	2122631	2123167	4.21430633333333
LG07	2123340	2128543	13.533737
LG07	2128683	2130507	1504.38818366667
LG07	2130636	2133352	44.3429666666667
LG07	2134115	2137203	9.131169
LG07	2137253	2139262	7.85249366666667
LG07	2139488	2143024	54.1515336666667
LG07	2143317	2145979	24.590047
LG07	2147039	2149768	228.25147
LG07	2150572	2151210	163.717020666667
LG07	2151356	2153362	162.2282
LG07	2155226	2156332	0.0323016666666667
LG07	2158115	2159935	19.0655363333333
LG07	2160210	2161711	5.92941633333333
LG07	2161942	2162630	658.551147333333
LG07	2163305	2165057	0.434076333333333
LG07	2165349	2168068	3.74383
LG07	2168131	2170078	13.8945456666667
LG07	2170774	2173771	0.267489333333333
LG07	2174099	2175371	0.74555
LG07	2175436	2177695	551.546901666667
LG07	2177714	2178681	7.66435666666667
LG07	2178825	2181734	92.8427963333333
LG07	2182464	2185736	16.8032083333333
LG07	2185920	2187584	746.996338
LG07	2188196	2190873	56.30763
LG07	2191390	2194005	34.7982203333333
LG07	2194655	2198661	0.971310666666667
LG07	2199377	2201299	1350.15209933333
LG07	2202280	2204140	1.91183333333333
LG07	2204509	2205620	17.588756
LG07	2205792	2208365	34.283188
LG07	2208536	2210642	3.155279
LG07	2210985	2215107	30.6619296666667
LG07	2215319	2216564	76.996287
LG07	2216739	2222427	6.88819666666667
LG07	221879	222505	0
LG07	2222985	2224977	3.591286
LG07	2225069	2225808	1.466905
LG07	2225811	2230446	28.1210206666667
LG07	2230522	2234560	36.017249
LG07	2234769	2238389	37.727731
LG07	2238568	2238783	33.42913
LG07	2238979	2239518	9.62261266666667
LG07	2239733	2241045	132.720494333333
LG07	2241403	2242639	16.442078
LG07	2242777	2243374	23.598828
LG07	2243586	2244370	109.050844666667
LG07	2244966	2245423	232.259587333333
LG07	2245636	2246496	79.5694986666667
LG07	2246625	2250774	17.4702023333333
LG07	2250886	2251382	11.096726
LG07	2251632	2253209	12.451031
LG07	2253696	2257844	13.6133146666667
LG07	2258210	2259780	2.54917866666667
LG07	2261349	2262337	0.499237333333333
LG07	2262261	2264150	186.496841333333
LG07	2265353	2267452	161.949987
LG07	2267547	2268871	23.680055
LG07	2269492	2270561	29.97468
LG07	2270897	2272003	40.5037423333333
LG07	2272445	2273415	1.834296
LG07	2274935	2278512	24.6736373333333
LG07	2278773	2283782	33.7211343333333
LG07	2284587	2284968	0.148327333333333
LG07	2285166	2287393	20.5000483333333
LG07	2287766	2290011	2.93080266666667
LG07	2289230	2289743	0.270324333333333
LG07	2290666	2293747	8.36959766666667
LG07	2294325	2295601	28.6863753333333
LG07	2295834	2297523	1.21364933333333
LG07	2300822	2302783	122.360827
LG07	2303427	2312991	202.793966
LG07	2313878	2314963	14.738391
LG07	2315011	2315742	19.8142833333333
LG07	2315853	2321147	5.632508
LG07	2321826	2322465	0.946105
LG07	2322512	2325639	11.6114416666667
LG07	2326147	2328808	2.394433
LG07	2329263	2334555	6.51152366666667
LG07	233163	233669	0
LG07	2334618	2334973	0.341148333333333
LG07	2337237	2341295	10.536872
LG07	2341521	2344788	2.39121833333333
LG07	2344929	2347671	22.9414756666667
LG07	2349930	2352149	50.931034
LG07	2352665	2354780	21.7111566666667
LG07	2354830	2357999	4.49381866666667
LG07	2359132	2361987	3.65680866666667
LG07	2363221	2366855	6.989589
LG07	2367021	2368126	0.517316333333333
LG07	2369561	2373104	0.978557333333333
LG07	2375497	2376539	0.339445666666667
LG07	2377896	2381010	17.099608
LG07	2381071	2384429	9.20812233333333
LG07	2384878	2388155	60.9455516666667
LG07	2388575	2389162	0.123843666666667
LG07	2389526	2390560	0
LG07	2392362	2401109	0.805773
LG07	2405094	2409059	50.0511803333333
LG07	2409584	2410832	0.115839666666667
LG07	2416674	2420105	0
LG07	2420123	2420971	0
LG07	2431334	2434794	0.003614
LG07	2436800	2441720	1.762909
LG07	2441824	2442357	0.056284
LG07	2443710	2447671	20.843776
LG07	2447892	2448730	249.311203
LG07	2448997	2450264	58.1338096666667
LG07	2450363	2452510	35.0328253333333
LG07	2452800	2454392	16.4307493333333
LG07	2454441	2456276	10.8246626666667
LG07	2458502	2462049	0.00348933333333333
LG07	2463088	2467287	2.16904633333333
LG07	2467781	2469913	179.859156
LG07	2470374	2471864	11.332643
LG07	2472523	2474214	69.4815573333333
LG07	2474714	2477014	101.479072333333
LG07	2477271	2479546	1.17960433333333
LG07	2479612	2482333	59.725091
LG07	2483513	2486127	103.888527
LG07	2487600	2490684	12.4865563333333
LG07	2491494	2493408	0.132686666666667
LG07	2493879	2495608	7.71434933333333
LG07	2496164	2498190	1.60076133333333
LG07	2498346	2499220	0.633614
LG07	2499549	2500992	5.00981133333333
LG07	2501658	2505340	8.67451433333333
LG07	2505677	2506429	0.866807333333333
LG07	2506879	2507252	0
LG07	2512321	2513158	0.124470666666667
LG07	2514844	2515446	0.235999666666667
LG07	2515759	2517767	0
LG07	2519566	2520293	0
LG07	2521505	2524353	0
LG07	2525782	2527066	0
LG07	2527403	2528807	0
LG07	2529347	2531641	0
LG07	2531874	2533175	0
LG07	2534712	2542034	3.98459366666667
LG07	2543167	2543917	0
LG07	2550452	2551489	0
LG07	2555973	2561080	0
LG07	2561228	2565990	5.04455633333333
LG07	2566275	2566833	0
LG07	2566346	2567594	0.048168
LG07	269034	270857	0
LG07	30118	33291	0
LG07	304868	307693	0
LG07	312854	313439	0
LG07	313705	314402	0
LG07	314539	315284	0
LG07	315313	315816	0
LG07	316666	318338	0
LG07	320219	320976	0
LG07	325899	326285	0
LG07	327456	330700	0
LG07	336949	337877	0
LG07	338057	340336	0
LG07	340647	342357	0
LG07	350434	355824	0
LG07	357290	359997	0
LG07	362888	363465	0
LG07	366475	372770	0
LG07	375853	381254	0
LG07	392369	393131	0
LG07	394193	396381	0
LG07	396724	397621	0
LG07	398712	399992	0
LG07	401784	403611	0
LG07	403947	406173	0
LG07	409534	410378	0
LG07	413234	413914	0
LG07	414693	415642	0
LG07	41607	44820	0
LG07	420164	421006	0
LG07	422600	423780	0
LG07	427463	430685	0
LG07	439403	443475	0
LG07	445295	445849	0
LG07	448710	450088	0
LG07	450280	452136	0.00947066666666667
LG07	455219	455572	0.159574
LG07	455728	456778	0.0372303333333333
LG07	456877	461169	0.375655
LG07	461717	462042	9.17224766666667
LG07	462583	464342	18.9209683333333
LG07	46363	50876	0
LG07	465712	468212	64.560005
LG07	468347	469302	790.413411666667
LG07	469822	470807	787.032450666667
LG07	472487	473515	0
LG07	473853	476093	47.708523
LG07	476246	477328	15.8273413333333
LG07	478894	479533	9.1745
LG07	479727	480739	19.7240646666667
LG07	480813	482447	32.2723846666667
LG07	482687	482990	0.0959433333333333
LG07	483125	486012	51.3787093333333
LG07	486240	487597	25.4991396666667
LG07	487676	489523	1.06086533333333
LG07	490596	493224	0.152240333333333
LG07	493227	496897	52.7848423333333
LG07	497023	498412	6.448605
LG07	498523	504772	12.3860983333333
LG07	504962	506737	176.398051
LG07	507136	508386	62.648051
LG07	508421	509472	127.017306
LG07	510705	511879	10.1713756666667
LG07	513025	515117	18.2834193333333
LG07	516258	519242	0.442282333333333
LG07	522624	524124	2.640452
LG07	526820	538638	68.2674333333333
LG07	53004	55993	1.049549
LG07	531625	536848	1.09599866666667
LG07	539584	540136	24.9107966666667
LG07	540566	542476	161.294189666667
LG07	543424	545255	2.21644666666667
LG07	545313	547089	120.671697
LG07	548380	549734	280.004231666667
LG07	550799	552857	1.812203
LG07	553279	555391	0.320570666666667
LG07	557267	560143	85.2601446666667
LG07	560217	568710	101.668065333333
LG07	568866	569899	10.2036476666667
LG07	570027	571209	41.8952053333333
LG07	57082	59835	0
LG07	571350	573484	2.361587
LG07	573872	575117	0.364630666666667
LG07	575558	579233	6.46621666666667
LG07	579900	583750	10.1158106666667
LG07	584167	585334	11.051728
LG07	585544	586079	0.041676
LG07	587065	590026	0.0792516666666667
LG07	590428	592380	1.01991466666667
LG07	593123	594669	1.62009533333333
LG07	595228	597575	104.672566666667
LG07	597927	601558	0.485968
LG07	599134	601595	0.0800683333333333
LG07	601710	603902	6.419967
LG07	604010	605558	23.0220346666667
LG07	605564	608309	75.6551183333333
LG07	60835	61307	0
LG07	613608	616580	0
LG07	622302	623104	0
LG07	630204	631436	0.757359
LG07	635230	638593	0.378126333333333
LG07	639172	640117	0.169691333333333
LG07	64033	66152	0
LG07	640698	642973	0
LG07	645052	645845	0
LG07	646814	650033	0
LG07	650325	650720	0.212764
LG07	651168	653467	1.15226466666667
LG07	655584	658214	61.7398743333333
LG07	658617	659326	0.116724
LG07	659742	662812	0.250858
LG07	665270	667579	8.24782866666667
LG07	668564	673114	4.98980566666667
LG07	673462	674238	19.058779
LG07	675237	677175	1.38584733333333
LG07	677759	678492	0.144124
LG07	679700	684448	0.96427
LG07	684949	686550	2.96433
LG07	68548	68924	0.011078
LG07	686868	690228	0.475678
LG07	690563	691111	5.39569366666667
LG07	692466	693539	0
LG07	69487	71561	0.0566996666666667
LG07	698757	703928	0
LG07	706837	709839	0
LG07	720195	720728	0
LG07	73149	73832	0.221301333333333
LG07	736331	738342	4.02403166666667
LG07	73905	74516	81.2942226666667
LG07	739831	741351	3.79726966666667
LG07	7420	8949	24.9266076666667
LG07	742159	743017	2.13135133333333
LG07	742868	744091	0.907754666666667
LG07	744572	748015	0.545812666666667
LG07	74520	75869	3.57106433333333
LG07	748995	750639	5.709705
LG07	750832	754246	1.07968833333333
LG07	755666	758876	1.26774866666667
LG07	758924	760143	0.501112333333333
LG07	760707	768590	6.47633333333333
LG07	76095	78908	0.0522613333333333
LG07	768592	771883	0.134481666666667
LG07	773859	775632	19.9740233333333
LG07	776047	782185	9.91885233333333
LG07	783999	787630	60.7518473333333
LG07	787772	790792	35.8909543333333
LG07	795331	799451	0
LG07	809059	812389	14.3570146666667
LG07	812609	813219	43.4038556666667
LG07	814048	818242	20.0396453333333
LG07	818636	819738	20.296655
LG07	820466	822742	0.972647666666667
LG07	822803	825360	1.127468
LG07	825859	828006	0.100374
LG07	829141	830104	0.165921
LG07	830193	832672	30.5033983333333
LG07	832715	834897	0.438607666666667
LG07	835713	836246	29.2803236666667
LG07	836424	842887	23.3718593333333
LG07	846234	848204	20.9037303333333
LG07	848481	849267	0.117722333333333
LG07	849023	849892	0.102858
LG07	850113	850866	115.856458
LG07	85058	87714	0
LG07	850946	852170	19.2164076666667
LG07	852289	855065	11.875318
LG07	855119	857279	39.7282193333333
LG07	857413	857774	38.435941
LG07	858302	864033	1.230956
LG07	864068	866516	16.7474296666667
LG07	869687	870635	27.7005086666667
LG07	871110	872308	679.419026333333
LG07	872934	875447	17.0057963333333
LG07	875492	877853	54.4388493333333
LG07	878037	878392	0.163367333333333
LG07	878485	885004	3.92624866666667
LG07	885526	886568	0.019772
LG07	887118	890412	6.13335266666667
LG07	890475	893007	32.8274876666667
LG07	893044	894640	51.3438746666667
LG07	894720	895607	0.110895333333333
LG07	896037	901081	3.37613233333333
LG07	902191	903055	2.58347533333333
LG07	904643	906929	18.926975
LG07	907011	908559	33.2029253333333
LG07	90871	92115	0
LG07	909023	914151	106.881431666667
LG07	914421	917498	3.056806
LG07	918417	919695	43.2091103333333
LG07	920228	921941	78.448494
LG07	923246	923852	4.927461
LG07	923869	924263	0.930225333333333
LG07	925056	928253	0
LG07	931162	931785	1.13349033333333
LG07	934127	935002	7.81514566666667
LG07	939859	944078	0
LG07	947491	948985	1.351704
LG07	95022	100569	2.60868466666667
LG07	950408	951408	69.2220333333333
LG07	952410	952898	0.269886666666667
LG07	953352	954546	0.0381686666666667
LG07	956269	957110	361.641825333333
LG07	957350	959538	18.0640116666667
LG07	959690	960892	1.11142833333333
LG07	959965	961659	8.04126166666667
LG07	962080	963025	2.454944
LG07	963026	966503	15.9398476666667
LG07	966784	969814	3.33647066666667
LG07	970223	973310	0.788508
LG07	973564	975649	17.2069346666667
LG07	975963	978470	64.720352
LG07	978793	979957	31.0559583333333
LG07	980297	983325	447.181854333333
LG07	9811	11269	11.6965106666667
LG07	984069	987467	18.253268
LG07	987631	989494	63.862864
LG07	989069	989503	0.0275246666666667
LG07	989726	993884	13.297233
LG07	992291	996701	2.70824366666667
LG07	998275	999561	257.492304666667
LG07	999797	1005374	15.2317516666667
LG08	1001891	1003707	33.5973853333333
LG08	1003821	1006627	43.2605346666667
LG08	1006791	1010131	8.323778
LG08	1010895	1014399	24.5218786666667
LG08	1015336	1015904	0.292278
LG08	1015996	1018116	210.278025333333
LG08	1018345	1024573	3.57147433333333
LG08	1025295	1025768	4.909874
LG08	1026178	1028433	17.183898
LG08	1028547	1030094	38.0038033333333
LG08	1031520	1033070	20.594073
LG08	1033356	1035225	11.1753526666667
LG08	1035463	1038631	100.909296666667
LG08	1038623	1039969	3.23937733333333
LG08	1039912	1040645	433.904256
LG08	1041542	1042401	4.512641
LG08	1042718	1045224	3.98559966666667
LG08	1045907	1046315	0.573362333333333
LG08	1047390	1049924	229.494288
LG08	1051123	1053073	0.426261333333333
LG08	1053333	1055424	2.40219333333333
LG08	1055941	1056835	3.597273
LG08	1057063	1061577	0.173140333333333
LG08	1061749	1064748	0
LG08	1065181	1068637	1.070364
LG08	1068988	1070066	922.732218333333
LG08	1070166	1072114	39.2953856666667
LG08	1072337	1073900	6.306845
LG08	1074111	1075281	8.213961
LG08	1076089	1079264	18.755865
LG08	1079524	1082154	43.9872793333333
LG08	1082482	1087043	45.4579646666667
LG08	1087952	1088541	0.365628666666667
LG08	1089892	1090514	995.906168333333
LG08	1091941	1092927	0.082029
LG08	1093112	1095292	382.216051333333
LG08	1095370	1102323	8.733716
LG08	1104152	1107714	5.85963
LG08	1109025	1118363	109.576154
LG08	1118459	1119146	56.2450803333333
LG08	1119215	1120503	38.5696956666667
LG08	1120779	1123136	2.530259
LG08	1123137	1125096	52.4037056666667
LG08	1125487	1128878	3.82193433333333
LG08	1129478	1132559	27.5027563333333
LG08	1134982	1136917	7.35697466666667
LG08	1137211	1145460	0.135554333333333
LG08	1145936	1146583	0.0617506666666667
LG08	1147432	1149424	0.804516
LG08	1149978	1151254	1.210421
LG08	1151330	1153281	18.3919523333333
LG08	1153996	1156068	20.6222393333333
LG08	1156282	1157968	28.2620543333333
LG08	1158373	1160724	161.57134
LG08	1161431	1165997	35.5118496666667
LG08	1166234	1167083	83.126587
LG08	1169740	1174327	8.61459033333333
LG08	1174387	1175117	303.403483
LG08	1175455	1181739	13.0689553333333
LG08	1181873	1183361	268.216705333333
LG08	1183376	1184407	5.51861233333333
LG08	1185105	1186127	0
LG08	1186472	1188667	2.06759133333333
LG08	1188767	1191068	0.146348
LG08	1191929	1194214	3.59864333333333
LG08	1194674	1197088	8.70256433333333
LG08	1197303	1199844	44.8845903333333
LG08	1199975	1200347	186.337651666667
LG08	1201413	1202442	37.4400926666667
LG08	1203121	1204329	36.467274
LG08	1206616	1207780	15.523184
LG08	1208692	1209291	2.57709666666667
LG08	1210867	1212899	37.137586
LG08	1213772	1216836	1.25016633333333
LG08	1217620	1220037	1.799761
LG08	1220246	1222058	71.7801413333333
LG08	1222099	1224280	196.748596333333
LG08	1224945	1227104	8.99794133333333
LG08	1227907	1228700	47.4063603333333
LG08	1230551	1232606	49.1725606666667
LG08	1232628	1235068	38.0165313333333
LG08	1235166	1237204	29.1082396666667
LG08	1238828	1243713	1.25962933333333
LG08	1244245	1244868	480.779215333333
LG08	1245051	1246075	419.059193666667
LG08	1246052	1247750	6.96804733333333
LG08	1247651	1251208	8.955379
LG08	1251444	1253382	1.25698166666667
LG08	1254926	1257638	2.639189
LG08	1258358	1261526	17.8005486666667
LG08	1260280	1261275	42.2830543333333
LG08	1261733	1264993	26.7740806666667
LG08	1265380	1268034	4.87830566666667
LG08	1269380	1271716	22.7440573333333
LG08	1272473	1274754	20.637254
LG08	1276217	1276654	23.2491776666667
LG08	1276730	1277352	9.71467766666666
LG08	1277554	1281455	11.9590956666667
LG08	1281679	1284353	150.811854
LG08	1286380	1286891	1.06326966666667
LG08	1286923	1289672	76.1921236666667
LG08	1290149	1292562	3.645515
LG08	1292605	1295287	2.083567
LG08	1295587	1297030	0.362094333333333
LG08	1297459	1299724	23.6378776666667
LG08	1299810	1301312	81.5724693333333
LG08	1301332	1301918	60.8970273333333
LG08	1301920	1302731	50.113074
LG08	1302844	1304184	0.702359666666667
LG08	1304311	1305762	14.752201
LG08	1306529	1307267	0.123825
LG08	1307775	1310884	3.79482766666667
LG08	1311513	1313708	57.5033606666667
LG08	1313869	1316078	165.828639
LG08	1317742	1320507	6.23764766666667
LG08	1320681	1323369	0.181605
LG08	1324768	1327947	10.8297963333333
LG08	1328492	1329759	1.350025
LG08	1330043	1332547	9.53340833333333
LG08	1332952	1335056	10.2770393333333
LG08	1334976	1337370	25.9614363333333
LG08	1337723	1339778	0.662840333333333
LG08	1340221	1344210	50.6901026666667
LG08	1344386	1346622	14.3883536666667
LG08	1346827	1347796	263.253591
LG08	1348378	1352352	27.0866983333333
LG08	1353188	1357027	4.42164533333333
LG08	1357653	1360172	22.9105
LG08	1360222	1363591	37.9756533333333
LG08	1364598	1367126	75.1310906666667
LG08	1367438	1369308	4.076376
LG08	1369713	1371451	8.87569166666667
LG08	1371566	1374790	31.1167233333333
LG08	1375052	1376115	2360.60587566667
LG08	1376861	1378064	57.3897793333333
LG08	1378794	1379778	4.70337366666667
LG08	1380503	1385519	15.9145486666667
LG08	1385785	1389699	12.8293363333333
LG08	1392233	1393134	73.433825
LG08	1393191	1395279	56.986739
LG08	1395677	1399029	2.74863933333333
LG08	1399636	1401211	48.7412156666667
LG08	1401800	1403034	0.130917333333333
LG08	1403185	1406713	8.15949466666667
LG08	1407332	1410832	7.72455133333333
LG08	1411134	1413255	4.83757266666667
LG08	1412178	1412905	0.023352
LG08	1413803	1416584	78.244189
LG08	1416939	1419118	1.57742666666667
LG08	1419455	1421363	27.2851873333333
LG08	1421640	1423169	43.2158596666667
LG08	1423322	1424360	34.0953173333333
LG08	1424568	1425629	12.8805736666667
LG08	1425668	1426809	21.809195
LG08	1428159	1429233	10.2056326666667
LG08	1429297	1430729	5.403035
LG08	1430920	1431836	40.9720216666667
LG08	1432330	1433478	7.80889266666667
LG08	1433862	1435078	0.27107
LG08	1435269	1446608	35.6391346666667
LG08	1447230	1452073	10.0689596666667
LG08	1452319	1454244	23.5652893333333
LG08	1454541	1455597	4.86944233333333
LG08	1456265	1457664	8.76124066666667
LG08	1458068	1459250	28.6052443333333
LG08	1459665	1461317	224.319030666667
LG08	1461739	1462408	0.0333806666666667
LG08	1462879	1464285	249.614812333333
LG08	1464299	1467391	32.667273
LG08	1466910	1467251	4.016903
LG08	1467908	1470351	200.842910666667
LG08	1471624	1472464	1204.543335
LG08	1472647	1473399	8.34413533333333
LG08	1474688	1476914	44.0901553333333
LG08	1477070	1497394	7.71737133333333
LG08	1497681	1498768	0.8485
LG08	1499215	1500140	131.574147666667
LG08	1500274	1501200	44.5932616666667
LG08	1501962	1503956	7.19834533333333
LG08	1504064	1504715	12.0049443333333
LG08	1504791	1507759	25.362959
LG08	1507862	1511610	27.387157
LG08	1511836	1514384	6.73887333333333
LG08	1514960	1517148	202.74911
LG08	1517213	1519202	26.792666
LG08	1519738	1525762	12.046014
LG08	1526010	1526688	0.0607526666666667
LG08	1526757	1527128	0
LG08	1527513	1528102	0.391165333333333
LG08	1529744	1536482	28.6916676666667
LG08	1536501	1539055	45.406306
LG08	1539235	1541092	9.81176533333333
LG08	1541178	1544592	35.710288
LG08	1544789	1546391	90.82475
LG08	1546523	1548988	6.99437766666667
LG08	1549189	1563781	27.654184
LG08	155963	161119	0.0461226666666667
LG08	1564119	1565192	1.29209466666667
LG08	1564328	1565164	0.830553333333333
LG08	1565758	1567363	1.66352266666667
LG08	1567549	1569363	8.941652
LG08	1569726	1574007	44.1523933333333
LG08	1574355	1575337	30.3281836666667
LG08	1576867	1577581	39.7632036666667
LG08	1577653	1579077	31.427289
LG08	1579326	1582256	69.3329646666667
LG08	1582446	1587373	40.2613806666667
LG08	1587945	1589711	258.353230666667
LG08	1590211	1592911	3.220624
LG08	1594793	1596813	7.96113266666667
LG08	1597599	1600312	13.5210303333333
LG08	1601899	1602240	2.40835966666667
LG08	1602962	1609232	29.7280203333333
LG08	1609584	1610771	44.1812426666667
LG08	1612007	1613270	13.192604
LG08	1613910	1615801	19.223504
LG08	1615809	1618346	0.434167
LG08	1618913	1620200	0.525695666666667
LG08	1620225	1621591	81.149058
LG08	1621788	1623996	25.4320633333333
LG08	1623997	1627019	30.82532
LG08	1627300	1629293	17.920919
LG08	1629637	1633757	359.973032666667
LG08	1634866	1637207	2.605492
LG08	1637543	1641587	1248.24360266667
LG08	1637784	1638632	0.000678666666666667
LG08	1641744	1646823	274.056721666667
LG08	1647059	1650087	33.3651513333333
LG08	1650088	1651324	0.314494666666667
LG08	1652509	1653364	37.118576
LG08	1655089	1657591	4.481871
LG08	1658157	1658758	0.095961
LG08	1658319	1658692	0
LG08	1659772	1662100	0.453927333333333
LG08	1663345	1664354	5.63967766666667
LG08	1664645	1665915	197.756886666667
LG08	1666334	1668109	2703.08276366667
LG08	1668488	1670720	20.6077733333333
LG08	1670712	1673448	10.4294933333333
LG08	1673981	1676366	4.203598
LG08	1676465	1677307	0.388588
LG08	1680097	1681608	0
LG08	1688281	1688928	0
LG08	1694207	1699323	0
LG08	1703936	1705703	0
LG08	1724104	1725577	0
LG08	1727629	1729102	1.51145566666667
LG08	1729220	1730349	5.964197
LG08	1731443	1733332	0
LG08	1736939	1739207	0
LG08	1747602	1749422	0
LG08	1752232	1755483	0
LG08	1756469	1757519	0
LG08	1757581	1773357	0
LG08	1773971	1785137	4.58227533333333
LG08	1776248	1783897	0
LG08	1785525	1786210	0.200937666666667
LG08	1786405	1787671	0.417009666666667
LG08	1788505	1789905	0.131308
LG08	1789975	1793238	13.509855
LG08	179000	181685	0.089522
LG08	1794759	1796490	0.0419253333333333
LG08	1794979	1796490	0.186996
LG08	1797567	1798126	0.0411006666666667
LG08	1798900	1801208	10.6268926666667
LG08	1801305	1803690	7.54253233333333
LG08	1804138	1806076	45.3497403333333
LG08	1806166	1809082	46.1906556666667
LG08	1809341	1810934	1.67113966666667
LG08	1812079	1813476	51.2916806666667
LG08	1813813	1825896	18.7089063333333
LG08	1826080	1826847	7.058414
LG08	1828775	1831620	22.1883613333333
LG08	1832079	1833230	97.6573356666667
LG08	1833378	1837395	269.488291333333
LG08	1836925	1838193	110.107386666667
LG08	1838243	1840526	10.7473096666667
LG08	1840919	1841529	2.30320766666667
LG08	1841859	1844659	2.06572033333333
LG08	1845971	1847890	1.89394433333333
LG08	1848289	1855443	66.3461203333333
LG08	1855699	1856710	97.2060903333333
LG08	1857255	1859560	8.16497566666667
LG08	1859783	1861326	479.501830666667
LG08	1862174	1866541	140.559743
LG08	1867104	1872917	14.6147313333333
LG08	1873343	1875738	13.215835
LG08	1875915	1880910	74.041046
LG08	1882001	1883961	3.720356
LG08	1883984	1885674	21.2901626666667
LG08	1885985	1887818	13.315418
LG08	1887914	1893554	19.51824
LG08	1896016	1896763	0
LG08	1967002	1968820	0
LG08	1970781	1973384	0
LG08	1973431	1975249	0
LG08	1976576	1979169	0
LG08	1993859	1996465	0
LG08	2001993	2002346	0
LG08	2029086	2030069	0
LG08	2037159	2037779	0
LG08	2040993	2042237	0
LG08	2051451	2051849	0
LG08	2058067	2062267	56.0970296666667
LG08	2062969	2065592	11.798821
LG08	2066223	2068679	0.0322413333333333
LG08	2069019	2069782	0.475071666666667
LG08	2069996	2071486	15.7818
LG08	2074085	2078509	7.53175233333333
LG08	2080228	2082816	0.214377666666667
LG08	2087023	2090047	31.074265
LG08	2090247	2098846	34.1384506666667
LG08	209927	211459	0.206608333333333
LG08	2099869	2102658	93.634969
LG08	2103286	2104815	0
LG08	2105576	2108042	1.00743866666667
LG08	2106878	2108012	0.00263033333333333
LG08	2108786	2110442	5.99032233333333
LG08	2112138	2113501	239.565053
LG08	2113626	2114782	48.261219
LG08	2114907	2115650	0.325042666666667
LG08	2117703	2118312	1.93686266666667
LG08	2118515	2119266	0.0444976666666667
LG08	2119820	2121666	196.654719333333
LG08	2122608	2126028	16.9837023333333
LG08	2129156	2131387	1.630417
LG08	2132733	2134385	192.611119666667
LG08	2135371	2136315	20.0609766666667
LG08	2136420	2139465	12.230831
LG08	2139725	2141075	244.540985
LG08	2141120	2141500	0.156072333333333
LG08	2141735	2144862	116.393534333333
LG08	2147652	2148964	3.46397866666667
LG08	2150338	2154176	17.0557526666667
LG08	2154456	2156264	0.201988666666667
LG08	2156615	2157812	29.3236403333333
LG08	2158304	2160649	0.0281793333333333
LG08	2173595	2176849	0
LG08	2181831	2183376	0
LG08	2185246	2187068	0.053265
LG08	2187621	2189431	3.86852633333333
LG08	2190285	2191093	0
LG08	2198470	2200155	0.0830786666666667
LG08	2201061	2202080	29.6133713333333
LG08	2202194	2207157	49.8262383333333
LG08	2208726	2209412	0.23806
LG08	2210625	2211871	0.990892666666667
LG08	2213164	2214987	79.8066126666667
LG08	2215835	2218272	29.7640176666667
LG08	2219376	2220524	20.3552936666667
LG08	2221114	2224744	41.8303463333333
LG08	2225596	2226130	0.0452646666666667
LG08	2226217	2230651	6.01258233333333
LG08	2231104	2233223	39.3339273333333
LG08	2233904	2235705	18.334072
LG08	2240130	2240642	0.204135333333333
LG08	2247157	2252245	2.36664
LG08	2252704	2254945	0.189342
LG08	2255327	2259461	0.534934333333333
LG08	2261247	2262699	0
LG08	2266611	2267625	0.422672333333333
LG08	2268239	2270422	121.274765
LG08	2272040	2277364	2.84964466666667
LG08	2277864	2278531	0.414068
LG08	2279085	2280662	1.77211
LG08	2281331	2284425	1.68385866666667
LG08	2285895	2287214	0.108296333333333
LG08	2287988	2288569	98.8715083333333
LG08	2288717	2290023	38.4250756666667
LG08	2290216	2292434	24.498823
LG08	2293554	2295756	4.93749733333333
LG08	2295838	2296961	0.0342623333333333
LG08	2297065	2298657	327.667724666667
LG08	2298766	2300160	0.223667
LG08	2300293	2300751	0.099405
LG08	2301015	2302361	0.178132666666667
LG08	2303763	2305233	86.0482406666667
LG08	2306398	2309004	4.542044
LG08	2310730	2313433	3.15734866666667
LG08	2315870	2318587	70.9734596666667
LG08	2319313	2321002	76.8380913333333
LG08	2321377	2323351	12.7953903333333
LG08	2325399	2326031	0
LG08	2327093	2327526	1.76158966666667
LG08	2328356	2333624	0
LG08	2333956	2335992	0
LG08	2336959	2337571	0.0495696666666667
LG08	2338498	2338870	0
LG08	2338880	2339432	0
LG08	2340347	2341323	18.6216823333333
LG08	2341756	2342287	0.047543
LG08	2342307	2344082	1.555893
LG08	2353649	2354264	5.712603
LG08	2354546	2356673	3.49442033333333
LG08	2357228	2360845	2.865541
LG08	2361302	2369754	1.86663566666667
LG08	2369837	2371587	1.86646233333333
LG08	2372703	2381086	0.707918
LG08	2381626	2383203	23.0139053333333
LG08	2383302	2383658	0.161351
LG08	2383803	2385539	0.477159666666667
LG08	2386387	2388131	246.575887333333
LG08	2389990	2391616	0.0602166666666667
LG08	2392236	2394497	30.5174926666667
LG08	2394904	2396328	157.182948
LG08	2397003	2398217	22.2676776666667
LG08	2398555	2398921	0
LG08	2399814	2402876	13.2950306666667
LG08	2402958	2404919	68.5110066666667
LG08	2405021	2407104	35.3512076666667
LG08	2407810	2408810	0.05369
LG08	2409144	2410119	25.3746763333333
LG08	2410441	2415233	16.3054036666667
LG08	2415377	2416764	59.3138353333333
LG08	2417898	2423014	0.324843
LG08	2423407	2423943	3.88738433333333
LG08	2423971	2426293	3.86827833333333
LG08	2426411	2427749	10.7462266666667
LG08	2427835	2433139	6.339644
LG08	2433151	2434717	4.46497133333333
LG08	2434747	2436041	10.1363873333333
LG08	2436217	2437909	13.099355
LG08	2437949	2439233	30.5709856666667
LG08	2440013	2441605	2.68908966666667
LG08	2441606	2441976	0.0682173333333333
LG08	2442025	2443713	0.0416896666666667
LG08	2446020	2448344	4.625708
LG08	2448926	2450333	70.5758793333333
LG08	2452439	2455874	21.8849993333333
LG08	2456767	2457237	18.000002
LG08	2457637	2462273	0.0605906666666667
LG08	2465742	2468246	0
LG08	2470307	2471187	0
LG08	2472019	2474558	0.204945333333333
LG08	2475278	2478262	34.5324606666667
LG08	2479775	2483543	23.318464
LG08	2483751	2487733	2.25998966666667
LG08	2490773	2491785	0
LG08	2494146	2496781	0
LG08	2497382	2497718	0
LG08	2499098	2499469	0
LG08	2500424	2502689	1.98606933333333
LG08	2503194	2504636	46.83025
LG08	2504722	2505772	7.216018
LG08	250567	251160	0.075
LG08	2506340	2508695	91.346451
LG08	2509618	2509947	0
LG08	2510388	2511804	2.572312
LG08	2511667	2512764	2.08780633333333
LG08	2514297	2515915	0.540584666666667
LG08	2515190	2515867	0
LG08	2518143	2519126	2.19437033333333
LG08	2523721	2528083	0
LG08	2531030	2532307	0
LG08	2531030	2532490	0.762163333333333
LG08	2532967	2533523	2.392745
LG08	2533982	2536961	7.06186466666667
LG08	2537874	2540653	0.0350136666666667
LG08	2541592	2542098	0.113007333333333
LG08	2542128	2546864	18.960376
LG08	2547344	2552508	0.0276493333333333
LG08	2554588	2557643	17.4167543333333
LG08	2556281	2558366	30.43751
LG08	2560644	2561474	0
LG08	2568666	2569463	0
LG08	2573931	2575892	2.735829
LG08	2576277	2584008	8.93745233333333
LG08	2584453	2586682	167.636744333333
LG08	2587420	2589386	9.82450466666667
LG08	2589679	2591972	17.3222426666667
LG08	2592549	2594362	15.337327
LG08	2594495	2595969	25.5705683333333
LG08	2596145	2597679	202.529017333333
LG08	2597948	2599454	0.225955666666667
LG08	2601409	2602621	0
LG08	2602902	2604556	32.711953
LG08	2604752	2608199	24.3491016666667
LG08	2608546	2608887	0.540635333333333
LG08	2609688	2614944	81.2849146666667
LG08	2615838	2616372	0.0852193333333333
LG08	2616674	2618079	3.50979433333333
LG08	2617628	2619470	44.521038
LG08	2619872	2622058	24.2726683333333
LG08	2622140	2623093	2.77981166666667
LG08	2623594	2628885	0.884822333333333
LG08	2629147	2631365	8.36713666666667
LG08	2631405	2633378	2.48449433333333
LG08	2633020	2634913	4.06186433333333
LG08	2635082	2636539	2.43022933333333
LG08	2636813	2642168	1.23511066666667
LG08	2644091	2644979	0
LG08	2645040	2647072	0
LG08	2647857	2650704	0
LG08	2656372	2659593	0
LG08	2675339	2677241	0.0564866666666667
LG08	2675654	2677852	4.41823466666667
LG08	2677920	2679224	4.64933733333333
LG08	2679485	2679811	2.09375866666667
LG08	2681739	2684721	0
LG08	2685224	2688329	0
LG08	2688897	2690421	1.138026
LG08	2690714	2695729	0.651609333333333
LG08	2695811	2700122	1.869252
LG08	2700126	2700509	3.91273166666667
LG08	2701439	2702903	1.77051533333333
LG08	2703158	2708818	0.769838666666667
LG08	2704456	2705038	4.4e-05
LG08	2709088	2711359	4.82971933333333
LG08	2711384	2713077	2.57523733333333
LG08	2712204	2715231	1.65771133333333
LG08	2715342	2716784	1.66888333333333
LG08	2717291	2722513	4.06720333333333
LG08	2722640	2724570	0.117170333333333
LG08	2723079	2725083	2.703549
LG08	2725133	2728082	2.10699
LG08	2726528	2730288	3.00064466666667
LG08	2735871	2737639	3.062655
LG08	2738009	2745922	6.303975
LG08	2745968	2747621	8.00907033333333
LG08	2747630	2749760	1.80243333333333
LG08	2749896	2751556	1.45472166666667
LG08	2751631	2754518	0.379482666666667
LG08	2753692	2755557	0.200266666666667
LG08	2755690	2756485	0.191468666666667
LG08	2756589	2760576	0
LG08	2779434	2781898	1.33401766666667
LG08	2782020	2783466	7.31819466666667
LG08	2783572	2789257	0.853208
LG08	2789283	2791211	4.486076
LG08	2793227	2793969	0
LG08	2794242	2794713	0
LG08	2794739	2796839	0
LG08	2797148	2797879	0.905998
LG08	2798480	2801959	0
LG08	2802315	2805420	1.52143866666667
LG08	2803400	2805420	0.0596626666666667
LG08	2805523	2807097	2.12889266666667
LG08	2807273	2812620	1.06922666666667
LG08	2812942	2815337	2.66697533333333
LG08	2815547	2817470	7.419888
LG08	2817756	2818740	3.74404733333333
LG08	2818874	2823782	0.436450333333333
LG08	2823890	2824463	0.137157666666667
LG08	2824747	2825457	1.52022133333333
LG08	2828821	2830376	0
LG08	2831175	2839277	8.30180766666667
LG08	2841514	2845372	6.54635066666667
LG08	2845265	2850089	0.0239726666666667
LG08	2850207	2851667	3.54914566666667
LG08	2851610	2853513	4.37419066666667
LG08	2853696	2855129	2.54476266666667
LG08	2855274	2856638	0.230869
LG08	2858263	2860823	0.613578666666667
LG08	2861033	2863320	6.04837066666667
LG08	2863392	2865682	6.39874666666667
LG08	2866424	2868033	0.611751
LG08	2868469	2876522	0.0257696666666667
LG08	2878731	2879372	0
LG08	2879472	2880056	0
LG08	2880449	2883592	0
LG08	2885744	2887385	0.410678
LG08	2887659	2889119	0.180097
LG08	2892185	2896737	0
LG08	2902801	2905199	0.352965666666667
LG08	2906082	2915992	0
LG08	2917421	2919330	0
LG08	2920015	2921853	2.298615
LG08	2922681	2928832	0.001593
LG08	292708	297756	0.0461456666666667
LG08	2929213	2931298	3.960572
LG08	2931473	2932809	1.340891
LG08	2933117	2938643	0.998184333333333
LG08	2934268	2935989	0.0135803333333333
LG08	2939593	2939985	6.29113833333333
LG08	2940816	2944278	2.98131366666667
LG08	2942957	2944684	1.675067
LG08	2944847	2946303	2.00414833333333
LG08	2946700	2952047	1.467301
LG08	2952048	2953180	5.64180833333333
LG08	2963642	2965733	0
LG08	2967208	2969663	4.50798533333333
LG08	2969731	2971226	3.40716233333333
LG08	2971296	2971622	2.28878433333333
LG08	2973316	2974862	1.881627
LG08	2975282	2980491	0.764464666666667
LG08	2980575	2983147	2.126136
LG08	2985134	2986980	0
LG08	2988183	2991146	0
LG08	2992183	2992960	0
LG08	2995754	2996457	0
LG08	3001779	3011983	0
LG08	3024617	3026185	0
LG08	3026476	3028001	0
LG08	302684	322034	0.27958
LG08	3039335	3041175	0.367825333333333
LG08	3041635	3043619	2.382101
LG08	3043696	3045241	3.367286
LG08	3045008	3047181	6.78350366666667
LG08	3047318	3047792	0.144664666666667
LG08	3053323	3054653	2.328074
LG08	3054963	3060419	0.639341333333333
LG08	3055208	3058487	0.060474
LG08	3061642	3063886	5.42329466666667
LG08	3063933	3066157	7.40847166666667
LG08	3066278	3067214	2.480436
LG08	3067394	3073036	0.775606333333333
LG08	3074673	3075029	5.43032
LG08	3075630	3078451	3.000186
LG08	3079013	3081791	0.003302
LG08	3081953	3083060	0.403343333333333
LG08	3084664	3086014	0.121676333333333
LG08	3085174	3087197	3.23594766666667
LG08	3086157	3087096	0.015949
LG08	3087222	3088739	1.28621
LG08	3088978	3096983	1.655002
LG08	3096995	3098815	3.04902333333333
LG08	3098841	3100560	3.30404466666667
LG08	3100722	3102155	2.354882
LG08	3102328	3107860	1.53443
LG08	3107886	3108676	3.761855
LG08	3108741	3109357	0.109826666666667
LG08	3109594	3109960	0.173141
LG08	3109629	3110186	0.0314086666666667
LG08	3111086	3114458	0
LG08	3116609	3118718	0
LG08	3120011	3132050	0
LG08	3132992	3134285	0
LG08	3139464	3140367	0.340635666666667
LG08	3142543	3143696	0.462967
LG08	3143871	3145323	4.11318266666667
LG08	3145651	3149875	0.501491
LG08	3149958	3150862	0.330951333333333
LG08	3151110	3153354	4.618766
LG08	3153364	3155177	2.70599133333333
LG08	3155298	3155849	1.64406533333333
LG08	3157235	3157572	0.0827703333333333
LG08	3157993	3159477	0.953938333333333
LG08	3159733	3164590	0.787927333333333
LG08	3165241	3165849	5.278852
LG08	3166826	3168284	2.04058533333333
LG08	3168140	3169245	0.456215333333333
LG08	3169724	3171147	0.0924343333333333
LG08	3171313	3172138	0
LG08	3174948	3175850	0
LG08	3200970	3204305	0
LG08	3215812	3217386	0.423783666666667
LG08	3216816	3217357	0
LG08	3217730	3223162	0.998214333333333
LG08	3226034	3227856	6.46104333333333
LG08	3228137	3229127	0.788214666666667
LG08	3229939	3231246	0.210530666666667
LG08	3232276	3234934	0.844442333333333
LG08	3234991	3237058	2.68231066666667
LG08	3244489	3245397	0
LG08	3248963	3249730	0.490229
LG08	3250025	3250377	0.855623333333333
LG08	3250603	3252055	4.217199
LG08	3253140	3254021	0.003719
LG08	3259074	3263318	0.488022333333333
LG08	3263408	3264297	0.424376
LG08	3264545	3266773	5.71120466666667
LG08	3266808	3268463	3.434911
LG08	3268496	3268801	0.973789
LG08	3269676	3270658	0.975573666666667
LG08	3270801	3277749	2.37503533333333
LG08	3272983	3273513	0.000104333333333333
LG08	3278435	3280301	2.06605533333333
LG08	3282742	3283435	4.34897233333333
LG08	3283949	3285363	1.685451
LG08	3285406	3291135	0.659118333333333
LG08	3289912	3290308	0
LG08	3291327	3293652	2.84415733333333
LG08	3293677	3295328	4.36067666666667
LG08	3295425	3297508	1.723003
LG08	3298045	3299432	26.8373296666667
LG08	3299434	3302058	2.947224
LG08	3302410	3308630	2.11918
LG08	3308056	3308854	1.02842533333333
LG08	3309104	3310537	1.506761
LG08	3311096	3314009	9.06702533333333
LG08	3314066	3315109	11.9294296666667
LG08	3315782	3317229	5.42594166666667
LG08	3317293	3319390	20.2790773333333
LG08	3320851	3321777	10.7518606666667
LG08	3321837	3323706	1.40259133333333
LG08	3324726	3325760	55.1201633333333
LG08	3325169	3326851	101.055600333333
LG08	3327318	3329250	9.67314533333333
LG08	3329342	3329999	0.58041
LG08	3330346	3334079	2.411123
LG08	3334941	3335852	10.7271183333333
LG08	3335921	3336796	1.26608066666667
LG08	3336893	3337453	0.196135333333333
LG08	3370557	3371540	0
LG08	3372945	3377033	0.0245783333333333
LG08	3377502	3378959	0
LG08	3379193	3380874	0
LG08	3382305	3385037	0
LG08	3386069	3386850	2.64976166666667
LG08	3387179	3387842	32.6376723333333
LG08	3389271	3390546	37.6917166666667
LG08	3390783	3391818	0.136007
LG08	3391979	3393336	154.147903333333
LG08	3396450	3399312	0.305748333333333
LG08	3400151	3401787	1.98774566666667
LG08	3402296	3404214	4.070195
LG08	3404276	3406389	0.529467
LG08	3408154	3408461	0
LG08	3409086	3410343	0.527573
LG08	3417666	3418437	0.610771
LG08	3418718	3420295	5.03030166666667
LG08	3420386	3422516	4.57877466666667
LG08	3422734	3423511	1.03092966666667
LG08	3423895	3426801	0.611797666666667
LG08	3426871	3429462	0.353046333333333
LG08	3429821	3431356	1.21862333333333
LG08	3432559	3436882	0
LG08	3437828	3441384	0.0145053333333333
LG08	3442471	3460816	0.286874
LG08	3461067	3463515	2.12893233333333
LG08	3463593	3469156	1.158977
LG08	3469296	3470951	1.53343833333333
LG08	3471730	3472665	10.4208096666667
LG08	3474586	3474960	5.29746066666667
LG08	3476353	3477671	0.847669
LG08	3479592	3482218	0.186045
LG08	3481707	3482284	0
LG08	3483376	3484851	0
LG08	3488387	3489572	0
LG08	3490820	3494033	0
LG08	3494206	3500544	0
LG08	3501178	3501865	0
LG08	3502882	3507219	0
LG08	3508673	3509075	0.0677736666666667
LG08	3512069	3514095	0
LG08	3521490	3521852	0.119532666666667
LG08	3523032	3527911	0.952933333333333
LG08	3533820	3552928	0
LG08	3553512	3554789	0
LG08	3555837	3559538	2.90696133333333
LG08	3561582	3562355	1.50730666666667
LG08	3570290	3573376	0
LG08	3575159	3576676	2.404153
LG08	3576793	3578892	0.751619333333333
LG08	3579961	3608628	4.02092933333333
LG08	3582474	3583252	0.204504333333333
LG08	3588410	3589834	1.801735
LG08	3590824	3591189	2.057906
LG08	3593120	3595524	4.15363
LG08	3595616	3595993	0.0691706666666667
LG08	3596215	3598215	0.029559
LG08	3601540	3603093	4.097163
LG08	3603200	3604249	1.414039
LG08	3604344	3605696	1.131718
LG08	3608693	3609411	0.305849666666667
LG08	3609991	3610550	0.170695666666667
LG08	3614636	3616070	0.806222333333333
LG08	3616245	3617012	0.0957193333333333
LG08	3616246	3617061	1.04221366666667
LG08	3617273	3617971	0.0642196666666667
LG08	3618041	3618717	0.0536196666666667
LG08	3621126	3621806	0.169692333333333
LG08	3621848	3622922	0.223652666666667
LG08	3623610	3625071	2.189379
LG08	3625156	3627717	11.8502986666667
LG08	3629573	3631783	0.581664666666667
LG08	3633358	3635531	0.404502666666667
LG08	3636724	3639033	4.16834633333333
LG08	3639284	3640905	3.69783666666667
LG08	3641671	3643184	6.99442866666667
LG08	3643241	3644829	116.373637
LG08	3644861	3645791	0.969619333333333
LG08	3645848	3648125	3.75435233333333
LG08	3648596	3649652	0.212398
LG08	3650011	3651149	0.0888976666666667
LG08	3651639	3653170	3.881021
LG08	3653664	3655828	20.1676483333333
LG08	3656083	3656889	5.12062466666667
LG08	3658780	3661741	0.628813
LG08	3662226	3662911	0.257843666666667
LG08	3663163	3671067	6.135662
LG08	3671157	3673067	1.37389333333333
LG08	3673555	3677747	1.03138066666667
LG08	3678571	3681952	2.67264
LG08	3682123	3684670	3.77256733333333
LG08	3685023	3685299	0.0557573333333333
LG08	3685497	3686462	21.24174
LG08	3687778	3691665	34.9340373333333
LG08	3691667	3692132	0.477985333333333
LG08	3692452	3693819	2.42240733333333
LG08	3694866	3697109	2.211834
LG08	3697152	3697711	0.022608
LG08	3698332	3699191	11.3237883333333
LG08	3700593	3701020	3.39648066666667
LG08	3702391	3704242	17.7399483333333
LG08	3704351	3705902	0.338971666666667
LG08	3705666	3706071	0
LG08	3706123	3708737	30.9196476666667
LG08	3708813	3709375	1.62725266666667
LG08	3711653	3712740	0
LG08	3715467	3716395	0
LG08	3717929	3721980	0
LG08	3728805	3730566	0
LG08	3751184	3754348	0
LG08	3774272	3775288	0
LG08	3780333	3782729	37.434064
LG08	3782785	3783190	0
LG08	3782946	3784505	0.433199666666667
LG08	3784708	3786352	20.1301626666667
LG08	3787837	3788264	0.052649
LG08	3789705	3790486	1.05041966666667
LG08	3790651	3791063	0.026941
LG08	3791146	3791705	0.0114986666666667
LG08	3791758	3794090	2.37576833333333
LG08	3795028	3796404	3.23139133333333
LG08	3796729	3797186	0.274913666666667
LG08	3797192	3801070	30.6945023333333
LG08	3802398	3803249	5.58560333333333
LG08	3804469	3805545	0
LG08	3806422	3809002	2.98122333333333
LG08	3809298	3812602	2.663154
LG08	3813401	3814395	0.473111333333333
LG08	3814518	3817568	0.974959333333333
LG08	3818154	3819990	1.388275
LG08	3820080	3827978	5.55558766666667
LG08	3828219	3828923	0.18339
LG08	3829852	3832816	0.309014666666667
LG08	3835128	3835873	5.958004
LG08	3836179	3837791	25.8743376666667
LG08	3837806	3838481	1.81815633333333
LG08	3838872	3843666	7.35245566666667
LG08	3844267	3845286	0.0121103333333333
LG08	3845732	3846861	0.189016
LG08	3847277	3849445	2.051482
LG08	3849780	3855474	1.59919466666667
LG08	3856787	3858366	65.5949603333333
LG08	3858410	3860122	8.44062566666667
LG08	3860268	3862527	4.81445633333333
LG08	3863123	3866148	0.435535666666667
LG08	3867533	3869429	0.773125
LG08	3871101	3873673	13.8535786666667
LG08	3873796	3875197	1.613551
LG08	3875911	3877166	0.193615666666667
LG08	3879087	3879554	0.0837813333333333
LG08	3879648	3880963	0.147248333333333
LG08	3881163	3881943	0.575794
LG08	3881996	3883516	0.769803333333333
LG08	3883873	3889483	0.868595333333333
LG08	388595	390730	0
LG08	3889550	3891799	4.10452366666667
LG08	3892602	3894384	0.779598666666667
LG08	3894646	3896122	5.074207
LG08	3896369	3902024	0.711841
LG08	3902129	3904522	1.78272566666667
LG08	3905213	3907258	2.20844333333333
LG08	3907353	3909111	4.93300533333333
LG08	390870	391858	0
LG08	3910351	3914729	1.62222333333333
LG08	3914774	3916314	5.976206
LG08	3916664	3918161	0.372283333333333
LG08	3920394	3925553	0.0721753333333333
LG08	392487	393895	0
LG08	3925690	3927210	3.37437833333333
LG08	3927220	3929689	9.15127066666667
LG08	3929836	3931356	4.468925
LG08	3931721	3933032	0.347271
LG08	3931911	3932823	0.0330913333333333
LG08	3934759	3935410	0.101076333333333
LG08	3939848	3944427	0
LG08	3945803	3949530	0
LG08	3949703	3950593	0
LG08	3953305	3954215	3.12897866666667
LG08	3954245	3956791	3.04271966666667
LG08	3957098	3958310	0.00648566666666667
LG08	395744	397190	0
LG08	3958827	3961228	1.12975433333333
LG08	3961365	3963104	2.81735333333333
LG08	3963202	3966300	2.22433133333333
LG08	3968693	3971234	5.98333433333333
LG08	3971551	3973733	3.41550866666667
LG08	3973810	3975388	3.469684
LG08	3975776	3981915	0
LG08	398074	398538	0
LG08	3984838	3986585	0
LG08	398703	399101	0
LG08	3989488	3995066	0.657949333333333
LG08	3995141	3998293	1.98447033333333
LG08	3998296	4000264	2.06343266666667
LG08	4000344	4001901	5.24728766666667
LG08	4003353	4004748	0
LG08	4005655	4010353	0
LG08	4010912	4015290	0
LG08	4015727	4017954	0
LG08	4020022	4024803	0
LG08	402067	403207	0
LG08	4025500	4026294	0.180180666666667
LG08	4027759	4030197	0.589084
LG08	4033777	4038020	0
LG08	4040011	4040985	0
LG08	4060416	4063472	0
LG08	4066758	4067379	0
LG08	4076938	4078039	0
LG08	4082289	4090647	0
LG08	4091359	4092340	0
LG08	4093924	4097151	0.009756
LG08	4099449	4101117	1.008128
LG08	4101236	4102749	4.865207
LG08	4103121	4105112	0.0433373333333333
LG08	4103256	4108875	1.05745033333333
LG08	4108913	4111393	5.85420166666667
LG08	4111633	4113850	2.139915
LG08	4113723	4115265	2.62443666666667
LG08	4120042	4125210	1.56936466666667
LG08	4125332	4127478	4.33357433333333
LG08	4128638	4130639	2.71744566666667
LG08	4130697	4132266	3.70357433333333
LG08	4132761	4138109	0.774438
LG08	4138219	4140799	12.0974053333333
LG08	4141342	4142893	2.10697233333333
LG08	4143667	4146799	0.778801333333333
LG08	4147436	4148634	0.250571333333333
LG08	4149643	4151029	83.6954856666667
LG08	4151023	4152189	0.423256
LG08	4152992	4153497	101.852847
LG08	4153733	4156068	12.4826296666667
LG08	4156261	4157046	1.33782366666667
LG08	4157454	4158339	5.361459
LG08	4158418	4159529	11.774084
LG08	4160191	4163924	2.87968533333333
LG08	416369	420640	0
LG08	4164198	4164933	1.403025
LG08	4165012	4166981	11.2676326666667
LG08	4167467	4168083	218.324188333333
LG08	4168514	4169548	67.840327
LG08	4170568	4172423	0.665656
LG08	4175010	4177122	18.841009
LG08	4177165	4178710	6.428747
LG08	4179066	4180104	13.776658
LG08	4180147	4183217	9.154002
LG08	4183578	4184978	2.160631
LG08	4185305	4186095	3.345439
LG08	4186132	4191739	1.04644266666667
LG08	4191916	4193437	2.91415766666667
LG08	4195418	4197250	3.26709633333333
LG08	4197309	4199560	3.746905
LG08	4199729	4205342	1.21362566666667
LG08	4205606	4207059	1.747114
LG08	4207181	4208386	0.500354666666667
LG08	4213171	4215417	0
LG08	4216363	4216917	0
LG08	4218784	4222856	0
LG08	4225687	4226603	0
LG08	4228705	4230398	0
LG08	4230837	4232189	0
LG08	4234825	4235676	8.82432966666667
LG08	423775	424779	0
LG08	4239844	4240740	0.768474333333333
LG08	4241566	4242159	0.092223
LG08	4243096	4245228	1.80364766666667
LG08	4246586	4246888	1.308758
LG08	4246948	4248959	2.682035
LG08	4255252	4259495	0
LG08	426082	426907	0
LG08	4266166	4267395	0
LG08	4272103	4278077	0
LG08	427334	430020	0
LG08	4282639	4283825	0.0922666666666667
LG08	4285794	4286767	0.197445333333333
LG08	4286137	4287221	0.230512333333333
LG08	4287387	4288907	1.78671833333333
LG08	4289003	4291185	5.72087
LG08	4290645	4292834	3.97226466666667
LG08	4292886	4295142	9.73076533333333
LG08	4295385	4301062	0.851932
LG08	4301196	4302641	0.952766333333333
LG08	4302845	4304984	4.23422666666667
LG08	430355	432598	0
LG08	4304995	4306255	3.36809066666667
LG08	4306335	4308187	2.55162966666667
LG08	4308538	4314302	0.867975666666667
LG08	4314925	4316039	0.356742666666667
LG08	4316466	4316744	0
LG08	4318371	4318980	1.04677766666667
LG08	4320621	4322921	2.92798833333333
LG08	4323174	4324864	0.808984666666667
LG08	4326645	4328616	0.17387
LG08	4329754	4331435	0.0986043333333333
LG08	4337095	4338569	3.80325666666667
LG08	4338713	4339439	0.620071
LG08	4339788	4340503	0.0133436666666667
LG08	4340597	4341714	0
LG08	4342035	4343201	0.00389766666666667
LG08	4353848	4354402	0
LG08	4355684	4356172	0
LG08	4356223	4360295	0
LG08	4364731	4368941	0
LG08	4373671	4376995	3.370677
LG08	4377269	4383483	0.037057
LG08	4384413	4387536	0
LG08	4389882	4390700	0.159313
LG08	4393725	4393998	0.0241026666666667
LG08	4393871	4394690	0.0916206666666667
LG08	4394751	4395204	0.0638833333333333
LG08	4394754	4395249	0.0857733333333333
LG08	4395583	4396559	0.939961333333333
LG08	4397193	4398661	9.79935866666667
LG08	4398914	4401479	4.21587766666667
LG08	4401901	4407329	0.832565666666667
LG08	4408007	4411182	0
LG08	4412294	4413961	0
LG08	4415924	4416610	5.43284933333333
LG08	4416807	4418887	5.41205
LG08	4419136	4419438	4.926906
LG08	442064	447302	0
LG08	4421777	4423227	0
LG08	4435663	4436343	0
LG08	4437876	4440515	0
LG08	4446352	4447644	5.970521
LG08	4448382	4449795	1.314073
LG08	4450277	4451437	0.969064333333333
LG08	4453322	4455140	0.503032333333333
LG08	4456522	4461442	0
LG08	4467678	4470076	0.0831046666666667
LG08	4470412	4471360	0.0868403333333333
LG08	4471868	4474215	0
LG08	4475152	4478424	0
LG08	4488046	4490796	0
LG08	449169	450188	0
LG08	4492835	4497678	0
LG08	4513654	4517036	0
LG08	4518918	4520837	0
LG08	4522131	4524237	0
LG08	4524504	4525192	0
LG08	4525602	4528895	0
LG08	4529409	4530442	0
LG08	4531752	4534071	0
LG08	4548292	4548799	0
LG08	4550226	4551016	0
LG08	4551496	4552042	0
LG08	4552254	4553331	0.865082
LG08	4553560	4555382	14.008282
LG08	4555747	4558229	4.722103
LG08	4558261	4561192	0.316153
LG08	4561244	4563960	0.315207666666667
LG08	4562050	4562818	0.0286196666666667
LG08	4564691	4569865	0
LG08	4570161	4573904	4.45791033333333
LG08	4576943	4579747	0
LG08	4580643	4582993	0.196935
LG08	4585870	4586226	3.97386266666667
LG08	4586922	4588465	4.49019266666667
LG08	4588563	4590264	2.027077
LG08	4590864	4592950	0.237761666666667
LG08	4594384	4595971	0.241891
LG08	4600828	4602521	0
LG08	4607733	4609130	0
LG08	4610257	4611279	0.00221666666666667
LG08	4612153	4614573	0
LG08	4632580	4640967	0
LG08	4651466	4651882	0.904827
LG08	4653070	4653768	3.35013833333333
LG08	4655892	4658154	3.57582666666667
LG08	4662792	4663530	0
LG08	4670624	4673837	0
LG08	4685215	4686262	0
LG08	4687293	4690153	0.00691633333333333
LG08	4690783	4692049	0
LG08	4695406	4699317	12.4349153333333
LG08	4699924	4700715	0
LG08	4701380	4703323	0
LG08	4708467	4710232	1.58736566666667
LG08	4711667	4716587	0
LG08	483960	495196	0.123575666666667
LG08	499898	511373	0.554754
LG08	521324	536164	0.0529306666666667
LG08	547367	548119	0.0185366666666667
LG08	570478	581158	0.097941
LG08	579747	590229	0.135583333333333
LG08	58510	61361	0.0553346666666667
LG08	622765	631697	0.153434333333333
LG08	624948	645904	2.141959
LG08	647052	657712	0.230583
LG08	651181	715885	0.189522666666667
LG08	689033	726740	0.065507
LG08	70876	74060	0.789275333333333
LG08	745269	764120	0.137858333333333
LG08	775265	794130	0.0494926666666667
LG08	782419	783276	0.224055666666667
LG08	807586	809300	0.486961333333333
LG08	810293	813724	60.8315253333333
LG08	830105	838180	0.0685886666666667
LG08	8424	11681	2.42407033333333
LG08	848069	849218	0
LG08	851476	855504	0
LG08	855864	858770	0
LG08	861425	863212	0
LG08	888573	890434	0
LG08	903498	904192	0
LG08	905530	906577	0
LG08	906744	907533	0
LG08	924258	925708	0
LG08	929184	933308	0
LG08	944400	946962	0
LG08	979266	980717	0
LG08	989425	990207	0
LG08	996846	998254	128.412340666667
LG08	999061	1001742	40.1922723333333
LG09	1000276	1003657	52.0881056666667
LG09	100132	100446	0
LG09	1003797	1004469	28.093851
LG09	1004863	1005650	333.684102333333
LG09	1005662	1007025	81.4759776666667
LG09	1007089	1008618	1128.53658033333
LG09	1008761	1010736	18.871219
LG09	1010774	1012771	22.263167
LG09	1012839	1014505	26.2659203333333
LG09	1014561	1016610	28.0433946666667
LG09	1016794	1018315	21.0661743333333
LG09	1018332	1019198	25.8851993333333
LG09	1019346	1020232	5.358547
LG09	1020525	1025765	25.436354
LG09	1025953	1029187	1.649324
LG09	102602	104280	1.66706633333333
LG09	1029214	1029774	15.3834823333333
LG09	1030017	1031577	170.472432666667
LG09	1031726	1033266	18.596719
LG09	1033509	1036044	12.7570866666667
LG09	1036048	1039711	29.7371486666667
LG09	1039818	1041902	170.144155
LG09	1042088	1049560	21.3883996666667
LG09	1049681	1052898	27.9917603333333
LG09	1052978	1056440	24.6618703333333
LG09	1056468	1059447	2.22643833333333
LG09	1059502	1060295	26.3477166666667
LG09	1060430	1061714	100.216855333333
LG09	1061961	1065195	22.9809443333333
LG09	1065366	1065725	39.5155323333333
LG09	106571	107512	1.99635433333333
LG09	1065780	1067440	22.3087683333333
LG09	1068026	1072283	17.24602
LG09	1072343	1072842	167.185282333333
LG09	1073101	1075993	41.5383146666667
LG09	107535	109516	24.9168886666667
LG09	1076685	1077123	855.327473666667
LG09	1077451	1078264	328.123860666667
LG09	1078399	1083359	30.3486526666667
LG09	1083516	1086445	10.26167
LG09	1086759	1088639	7.20033666666667
LG09	1089557	1091048	26.417305
LG09	1091186	1091823	98.76548
LG09	1091910	1092537	46.3083853333333
LG09	1092704	1103383	8.72593466666667
LG09	10975	13205	3.58603366666667
LG09	109800	114674	2.74753666666667
LG09	1103731	1104819	34.7588206666667
LG09	1105621	1112090	30.3823316666667
LG09	1112152	1113328	28.5836543333333
LG09	1113340	1114769	17.5450943333333
LG09	1114784	1116621	8.70951233333333
LG09	1115634	1116227	3.64839233333333
LG09	1117056	1119189	4.701493
LG09	1119259	1121253	2399.42260766667
LG09	1121444	1122077	47.5238903333333
LG09	1122739	1125363	56.958069
LG09	1126428	1127447	49.973255
LG09	1127892	1130831	30.8860553333333
LG09	1131074	1132746	9.63476233333333
LG09	1132895	1138083	14.1775356666667
LG09	1138269	1139474	100.356532
LG09	1139662	1141879	19.7081423333333
LG09	1142108	1143538	268.406748666667
LG09	1143722	1147300	16.9585443333333
LG09	1147576	1148777	7.42145433333333
LG09	1148871	1150966	0.802082333333333
LG09	1151300	1152285	0.143503
LG09	1152828	1154711	1.224926
LG09	1154780	1157500	4.80926566666667
LG09	1157476	1159377	17.2791423333333
LG09	1159545	1159940	1.13533233333333
LG09	1160205	1161527	19.7869073333333
LG09	116090	119990	0.962323
LG09	1161875	1163338	76.599688
LG09	1163386	1164032	0.144413333333333
LG09	1164122	1166304	25.9020633333333
LG09	1166577	1167838	2.13061333333333
LG09	1167882	1169430	174.499409666667
LG09	1169632	1173833	14.0688026666667
LG09	1173977	1174756	6.41204633333333
LG09	1175664	1182459	25.266885
LG09	1183304	1184695	17.989027
LG09	1184933	1186388	75.2963233333333
LG09	1186454	1188656	60.586774
LG09	1188812	1190486	140.46638
LG09	1190766	1191811	104.053144
LG09	1192258	1193368	2256.92928066667
LG09	1193764	1196136	1.67886466666667
LG09	1198213	1199137	0
LG09	1199170	1201076	88.856753
LG09	1201096	1202436	113.979883666667
LG09	1202531	1202987	0.0277096666666667
LG09	1203702	1206283	34.8188563333333
LG09	120543	122958	19.8534323333333
LG09	1206473	1208979	32.9031726666667
LG09	1209800	1215001	135.493535
LG09	1215104	1217109	24.2624473333333
LG09	1217180	1218254	10.84835
LG09	1218347	1220853	0.342611666666667
LG09	1220877	1224420	12.98552
LG09	1224498	1226357	6.514011
LG09	1227471	1229583	1.879764
LG09	1229686	1231304	225.232523666667
LG09	1231436	1234216	24.927979
LG09	1234607	1235473	91.1988703333333
LG09	1235747	1236210	61.6097703333333
LG09	1236871	1237884	1.07397733333333
LG09	1238001	1242341	69.7371903333333
LG09	1242633	1246036	47.6364173333333
LG09	124344	124997	0.181491333333333
LG09	124366	125664	13.1300656666667
LG09	1246057	1247009	70.9882176666667
LG09	1247084	1249026	12.046569
LG09	1249348	1255277	40.994026
LG09	1255499	1259378	45.249527
LG09	125762	126500	30.640565
LG09	1259601	1261091	21.9276583333333
LG09	1261320	1262104	211.869481333333
LG09	1262481	1263706	76.2065326666667
LG09	1263923	1266968	1.165286
LG09	1266961	1269838	14.1300846666667
LG09	126819	127363	131.171733
LG09	1269717	1272622	0.369806333333333
LG09	1272723	1276509	14.2707563333333
LG09	127659	130254	23.7381413333333
LG09	1276619	1277331	1.090442
LG09	1278111	1278908	22.0851663333333
LG09	1279152	1280327	59.368413
LG09	1280997	1282065	13.6349146666667
LG09	1282298	1283282	13.2736363333333
LG09	1283353	1285597	40.1204503333333
LG09	1285907	1290453	11.7677906666667
LG09	1290604	1294274	17.8029786666667
LG09	1294856	1295768	0.845610333333333
LG09	1295867	1299059	11.053205
LG09	1299269	1301257	237.832479
LG09	1301915	1303676	14.12941
LG09	1303783	1306778	18.379274
LG09	1307006	1309238	183.384069
LG09	1309531	1310850	90.0621133333333
LG09	1311162	1315659	40.7406183333333
LG09	1315799	1320598	49.6200676666667
LG09	1320761	1322366	10.711478
LG09	1322468	1324305	35.7382026666667
LG09	1324398	1325171	92.3050053333333
LG09	1325297	1326617	42.4260903333333
LG09	132643	136800	0.0185586666666667
LG09	1326938	1331448	243.839665666667
LG09	1331628	1333044	13.784292
LG09	1333017	1335886	6.044121
LG09	1335928	1338807	19.42888
LG09	1340142	1342084	29.7320326666667
LG09	1342390	1343143	0.051721
LG09	1343387	1343957	61.0352656666667
LG09	1344067	1345252	14.9815383333333
LG09	1345421	1348140	11.3406613333333
LG09	1348292	1350640	57.3921686666667
LG09	1350846	1353079	33.3556216666667
LG09	1353478	1357467	17.251452
LG09	1357596	1360089	1.08079966666667
LG09	1360493	1362512	28.3725453333333
LG09	1362667	1363489	168.890350333333
LG09	1363651	1364342	584.959635666667
LG09	1364527	1367074	49.2264113333333
LG09	1367080	1369243	518.510254
LG09	1369569	1371932	89.080648
LG09	1372410	1374342	49.5661366666667
LG09	1374831	1376098	60.2038293333333
LG09	1376201	1379026	68.751419
LG09	1379505	1380696	0
LG09	1380898	1382702	14.966092
LG09	1382942	1388371	11.2825643333333
LG09	1388381	1391817	21.3736853333333
LG09	1392167	1392693	0.141721333333333
LG09	1393727	1397030	74.9125366666667
LG09	13939	15314	5.03525333333333
LG09	139401	142867	0
LG09	1398257	1403538	21.488442
LG09	1403954	1407349	146.582372
LG09	1407795	1408515	19.818074
LG09	1408614	1411396	47.635915
LG09	1411586	1414390	38.9420126666667
LG09	1415012	1423192	20.0527986666667
LG09	1423208	1425015	19.2883493333333
LG09	1425028	1431030	35.8476526666667
LG09	1431684	1432692	6.88285
LG09	1432802	1437487	14.9195926666667
LG09	1437549	1438116	179.440847
LG09	1439729	1440839	9.814001
LG09	1440921	1442530	23.2985206666667
LG09	1442587	1446374	21.5224846666667
LG09	1442635	1443588	0.196345333333333
LG09	1446426	1451548	4.15430266666667
LG09	1452271	1456964	51.7792523333333
LG09	1457246	1462398	14.119031
LG09	1462445	1463272	6.36234133333333
LG09	1465353	1466534	43.3266766666667
LG09	1466762	1467339	18.525312
LG09	1467367	1468042	107.511754333333
LG09	1468472	1469489	24.0098696666667
LG09	1469860	1472321	55.4133973333333
LG09	1472933	1474431	10.3677406666667
LG09	1474481	1476560	3.63886966666667
LG09	147618	169069	0
LG09	1478685	1481546	34.344169
LG09	1481528	1484370	17.5477186666667
LG09	1484386	1486543	0.924113333333333
LG09	1487098	1488954	4.86991233333333
LG09	1489073	1490255	9.28100933333333
LG09	1490367	1494128	36.7288893333333
LG09	1494423	1496192	1.227433
LG09	1496682	1497700	247.922312333333
LG09	1498309	1501554	16.2707123333333
LG09	1502734	1503849	0.350166666666667
LG09	1503903	1510211	21.406631
LG09	1511828	1516310	186.550445333333
LG09	1517064	1518451	0.623172
LG09	1520033	1521650	1.011474
LG09	1522715	1524346	25.3675956666667
LG09	1524944	1525776	0.0873996666666667
LG09	1526142	1527549	280.690765333333
LG09	1527779	1529968	31.0249646666667
LG09	1530040	1531364	2.35874766666667
LG09	1531903	1534763	14.0540746666667
LG09	1535203	1537662	47.7585896666667
LG09	1538233	1541055	29.282618
LG09	1541568	1545865	34.9676603333333
LG09	1546553	1547325	62.346073
LG09	1547672	1554883	25.3388053333333
LG09	1555100	1559503	18.9440806666667
LG09	1562166	1563968	3.91992166666667
LG09	1564842	1565513	30.989158
LG09	1565867	1568660	0.927292333333333
LG09	1568661	1569376	14.8533696666667
LG09	1569760	1571260	43.1323483333333
LG09	1571433	1574453	23.4168453333333
LG09	1575838	1576314	21.6561236666667
LG09	1577094	1578815	1.31569733333333
LG09	1579076	1581176	15.1478346666667
LG09	1581948	1589122	42.3956933333333
LG09	1589822	1591158	0.46365
LG09	1591651	1605910	30.416487
LG09	15954	17737	6.83788133333333
LG09	1607117	1609291	0.669006
LG09	1609997	1613051	45.549919
LG09	1613556	1615472	22.7474196666667
LG09	1615555	1620193	23.225381
LG09	1620556	1622673	631.779093333333
LG09	1622764	1623465	88.9796523333333
LG09	1623550	1625576	123.981109666667
LG09	1625739	1626037	283.191579333333
LG09	1626239	1627840	27.153703
LG09	1628011	1629045	80.395261
LG09	1629742	1631381	1.75283666666667
LG09	1631393	1633290	10.3235933333333
LG09	1633290	1637967	13.4149613333333
LG09	1638856	1646030	63.4898566666667
LG09	1646746	1653218	31.638133
LG09	1653810	1655899	126.757410666667
LG09	1656331	1658596	78.2212523333333
LG09	1658996	1660330	26.4982466666667
LG09	1661115	1662565	135.644760333333
LG09	1662670	1667415	51.55306
LG09	1668048	1669687	126.424377666667
LG09	1669841	1671225	8.85748933333333
LG09	1671498	1672908	31.8829273333333
LG09	1673216	1675014	4.01214966666667
LG09	1675205	1676601	16.4336923333333
LG09	1677534	1680281	51.432999
LG09	1680905	1681837	7.18239133333333
LG09	1682232	1685465	10.0914286666667
LG09	1685571	1687109	4.645725
LG09	1687147	1691360	5.79061766666667
LG09	1691511	1693365	49.8568826666667
LG09	1693442	1696351	22.952157
LG09	1696458	1699291	25.6156153333333
LG09	1699493	1705628	62.0748186666667
LG09	1705772	1706912	30.463311
LG09	1707240	1709453	85.4649886666667
LG09	1709918	1712237	15.3743613333333
LG09	1712379	1714896	22.224841
LG09	1715483	1717995	2.699056
LG09	1718009	1718358	0
LG09	1718401	1721524	309.514831333333
LG09	172286	173172	0
LG09	1723539	1725468	47.034265
LG09	174556	175012	0
LG09	1756018	1757220	0
LG09	1757290	1758360	0
LG09	176176	176887	0
LG09	1764753	1765478	0
LG09	1783928	1784485	0
LG09	179357	181150	0
LG09	1797028	1797403	0
LG09	1804298	1804786	0
LG09	181740	188543	0.320673666666667
LG09	1821215	1821955	0
LG09	1828723	1830480	0
LG09	1836985	1840516	0.00667033333333333
LG09	1843531	1848280	20.7943953333333
LG09	1848529	1850227	3608.79630533333
LG09	1850383	1853841	11.6647983333333
LG09	1854012	1858007	28.0840953333333
LG09	1858095	1860801	17.1288236666667
LG09	1860977	1863141	36.2780113333333
LG09	1863329	1864943	18.9365856666667
LG09	1865098	1866219	39.937593
LG09	1866274	1868156	5.67475266666667
LG09	1868893	1870523	30.5582006666667
LG09	1871038	1875053	10.063415
LG09	18727	21730	517.799163666667
LG09	1875077	1876948	29.7134413333333
LG09	1878330	1878860	30.1845716666667
LG09	1879145	1881614	7.86280866666667
LG09	1881779	1884697	33.3522026666667
LG09	1885487	1886044	0.148735
LG09	1887623	1888967	0.111037
LG09	1889407	1890538	0
LG09	1892301	1893086	155.660578333333
LG09	1893974	1901947	47.9741046666667
LG09	1903074	1906004	66.2862906666667
LG09	190593	193573	0.943574666666667
LG09	1906324	1908415	182.919276
LG09	1908425	1913333	31.8378226666667
LG09	1913487	1914571	122.129293
LG09	1914839	1915695	48.272406
LG09	1915799	1917127	25.63251
LG09	1917236	1919492	0.322031333333333
LG09	1921189	1922593	0.644680666666667
LG09	1923255	1926158	20.1046573333333
LG09	1926643	1933000	24.7735036666667
LG09	1933788	1934378	0.509004666666667
LG09	1935123	1937611	41.0522843333333
LG09	1940283	1943834	19.9282366666667
LG09	1940374	1941756	0.0518963333333333
LG09	194064	196555	4.39011933333333
LG09	1943852	1945346	20.0710063333333
LG09	1945754	1948858	55.6659026666667
LG09	1948953	1949552	327.164144
LG09	1949708	1950131	465.040507
LG09	1950652	1952978	253.18928
LG09	1954136	1956631	29.9679036666667
LG09	1957275	1958961	59.7823956666667
LG09	1959109	1960448	116.037216
LG09	1960532	1961342	60.6166983333333
LG09	1961366	1962595	254.575602333333
LG09	1964630	1966892	0.845140666666667
LG09	196693	198441	13.298258
LG09	1969772	1970482	1.65635733333333
LG09	1969808	1970476	0.994003333333333
LG09	1970492	1973406	46.3423323333333
LG09	1973579	1974172	0.001688
LG09	1974732	1976462	9.850894
LG09	1976533	1977983	0.490772
LG09	1978395	1983057	0.0353153333333333
LG09	198599	203817	4.17975966666667
LG09	1991537	1994695	0
LG09	2000232	2001913	0
LG09	2003344	2006064	0
LG09	2006694	2017356	1.85222433333333
LG09	2017482	2018204	3.61925633333333
LG09	2018890	2020319	0.112069666666667
LG09	2020369	2023255	19.2128336666667
LG09	2023367	2025564	128.539238
LG09	2025868	2031258	29.536317
LG09	2032353	2033557	21.985981
LG09	2034143	2038874	8.20082433333333
LG09	2040469	2042216	3.291404
LG09	2042494	2050443	145.949641
LG09	204478	205128	3.873384
LG09	2054351	2054794	7.57018633333333
LG09	205449	208419	97.7277703333333
LG09	2055290	2059329	12.3384733333333
LG09	2059403	2060863	26.7625223333333
LG09	2060930	2062502	18.644024
LG09	2062666	2064588	19.1536
LG09	2065402	2066129	0.504219
LG09	2066458	2067859	38.7415616666667
LG09	2068115	2069851	91.9685183333333
LG09	2070481	2071602	91.227201
LG09	2072321	2072593	0.0409553333333333
LG09	2073552	2076866	2.54221133333333
LG09	2077152	2078019	91.3017273333333
LG09	2078042	2079251	0.714469666666667
LG09	2078664	2079251	0.0140213333333333
LG09	2080413	2082668	12.543467
LG09	2083222	2084953	41.811985
LG09	2085200	2089003	59.132009
LG09	208563	209097	0
LG09	2089107	2089656	1.16276366666667
LG09	2089551	2091898	0.0242853333333333
LG09	2089703	2091781	0.250786333333333
LG09	2092446	2094302	39.171654
LG09	209288	211998	0
LG09	2094421	2095500	5.10254233333333
LG09	2096578	2098875	5.33360766666667
LG09	2099259	2099696	1.09059666666667
LG09	2099862	2101802	83.1092273333334
LG09	2103576	2103951	91.3473716666667
LG09	2106061	2106545	65.0380553333333
LG09	2106780	2108151	1.39258133333333
LG09	2108155	2109474	15.0458796666667
LG09	2109639	2111498	0.0162826666666667
LG09	2112438	2113660	41.673075
LG09	2115848	2118097	25.775789
LG09	2118607	2123668	0.00454733333333333
LG09	2123883	2126529	0
LG09	2127435	2129683	1.12051333333333
LG09	212959	225244	0
LG09	2130595	2131974	4.226527
LG09	2132032	2134072	2.82662566666667
LG09	2134147	2135168	37.9690193333333
LG09	2135695	2136332	61.443242
LG09	2136876	2137908	16.6549676666667
LG09	2138048	2139855	16.7942116666667
LG09	2140722	2143450	40.463988
LG09	2144676	2147642	15.4216373333333
LG09	2148420	2149487	398.078928333333
LG09	2149687	2152646	19.4054643333333
LG09	2152885	2154164	3.45844666666667
LG09	2155003	2155334	0
LG09	2155559	2156749	0.613355
LG09	2157227	2162029	2.07238433333333
LG09	2162738	2164093	4.38076766666667
LG09	2164144	2164427	0.531785666666667
LG09	2164494	2166579	16.804168
LG09	2166829	2167710	0.248768
LG09	2167819	2168235	0
LG09	2168336	2169366	0.563482333333333
LG09	2169433	2174420	2.432889
LG09	2176353	2177151	49.2538583333333
LG09	2177135	2183351	15.4319763333333
LG09	2184572	2185331	0.0399176666666667
LG09	2185751	2187335	0.0973956666666667
LG09	2187705	2191236	0.030472
LG09	2192995	2194161	0.0590716666666667
LG09	2193654	2194079	0.067999
LG09	2194718	2194994	64.1328633333333
LG09	2195257	2196356	43.406816
LG09	2196498	2199404	74.9178393333333
LG09	2199463	2200737	189.424514666667
LG09	2201288	2201922	3.56715666666667
LG09	22027	24238	4.83763333333333
LG09	2203150	2204202	574.205668
LG09	2204728	2207055	43.2209853333333
LG09	2207395	2209676	13.164872
LG09	2210675	2211405	0.103122
LG09	2211726	2212628	8.505128
LG09	2213711	2214990	4.66525366666667
LG09	2214991	2215545	78.6776733333333
LG09	2215745	2218629	151.506383333333
LG09	2219096	2221448	0.0838733333333333
LG09	2221597	2224914	77.3743236666667
LG09	2226638	2227380	47.417352
LG09	2227650	2229257	2.544382
LG09	2229317	2232736	4.395967
LG09	2232992	2233572	0.209569333333333
LG09	2234333	2237874	22.5249303333333
LG09	2238248	2240479	2.09470133333333
LG09	2241051	2243751	1326.07698533333
LG09	2244169	2245543	0.459171666666667
LG09	2245908	2248635	8.976175
LG09	2248737	2252580	4.10952866666667
LG09	2253000	2253719	0.505618666666667
LG09	2254016	2256582	0.4395
LG09	225478	226931	0.00740833333333333
LG09	2257446	2259237	3.16447666666667
LG09	2259705	2262786	56.5430283333333
LG09	2263085	2263321	26.796554
LG09	2264212	2267364	3.66060733333333
LG09	2268136	2270405	0.716922333333333
LG09	2270780	2272603	26.9650446666667
LG09	2272710	2274739	16.0551866666667
LG09	2274880	2276354	45.0598653333333
LG09	2276459	2277573	31.268042
LG09	228039	229661	1.21489633333333
LG09	2281004	2281818	1.17695766666667
LG09	2282265	2287230	2.654098
LG09	2287725	2288975	0.641697666666667
LG09	2288369	2288693	0.021018
LG09	2289038	2292654	3.962978
LG09	2292803	2295290	68.209727
LG09	2295393	2296063	50.476968
LG09	2296447	2300850	29.278134
LG09	2301099	2303964	7.80019333333333
LG09	2304104	2305660	117.216822333333
LG09	230474	232022	12.219842
LG09	2305850	2307762	36.276286
LG09	2307784	2308539	0.129421666666667
LG09	2309249	2310272	14.308953
LG09	2310787	2314551	19.13457
LG09	2315191	2317340	5.37361033333333
LG09	2319547	2322437	11.4600026666667
LG09	2322842	2324158	5.627411
LG09	2324202	2324831	0.200434333333333
LG09	2325039	2326511	145.789357666667
LG09	2326697	2332848	1.99029766666667
LG09	232701	234379	0.825306333333333
LG09	2332936	2336784	2.40465766666667
LG09	2337137	2352177	122.487345666667
LG09	234787	236645	2.14668833333333
LG09	2352453	2353567	0.04738
LG09	2353784	2355532	1.19374533333333
LG09	2354688	2355456	0
LG09	2355618	2357507	14.293599
LG09	2357939	2359453	14.5512373333333
LG09	2359833	2360849	444.516906666667
LG09	2360973	2361252	12.173744
LG09	2361558	2364697	28.8591556666667
LG09	2365261	2366135	0.119054666666667
LG09	2365486	2366015	0
LG09	2366241	2367056	0.317746666666667
LG09	2367347	2368559	19.6843516666667
LG09	2370641	2372972	11.4382096666667
LG09	2373051	2375281	7.905536
LG09	237341	238961	25.575293
LG09	2375411	2376600	8.57803333333333
LG09	2377765	2382368	4.73949
LG09	2382554	2384239	74.816551
LG09	2384331	2386277	68.46978
LG09	2386406	2388257	2.805449
LG09	2389683	2391512	5.05782533333333
LG09	2392082	2394458	27.123762
LG09	2394556	2395185	0.10048
LG09	2395404	2396306	0.175886666666667
LG09	2396532	2397249	1399.99519866667
LG09	2397447	2397932	104.460370333333
LG09	2398417	2399121	3.99850566666667
LG09	2399833	2401595	8.22241
LG09	2401607	2406900	70.0606103333333
LG09	240525	241547	0
LG09	2406954	2407703	2.890213
LG09	2408193	2411062	4.77182566666667
LG09	2414141	2417610	3.69031633333333
LG09	2418621	2424466	2.944474
LG09	2425315	2425619	4.44543166666667
LG09	2425889	2427490	5.25805866666667
LG09	242889	243726	0
LG09	2429340	2434535	3.20084066666667
LG09	2435317	2437739	0.00975533333333333
LG09	2438191	2439543	0.728860666666667
LG09	2442187	2445522	0
LG09	244870	252224	0
LG09	2451382	2455789	0
LG09	2456111	2456407	0
LG09	2456750	2459875	10.5069373333333
LG09	2461183	2464459	3.27338366666667
LG09	2465348	2470513	4.949164
LG09	2471249	2474644	9.30724966666667
LG09	2475266	2477787	8.33531166666667
LG09	2477877	2480787	2.206619
LG09	2478338	2480476	0.225026
LG09	2480875	2483709	63.8282533333333
LG09	2484223	2486678	26.9073003333333
LG09	24848	29851	1.38184833333333
LG09	2486681	2488384	142.347854666667
LG09	2490377	2492616	43.4454626666667
LG09	2492990	2493312	0.165821333333333
LG09	2493244	2494123	0.431157
LG09	2495437	2496386	9.51787066666667
LG09	2496720	2499569	9.02869566666667
LG09	2500569	2503778	98.4419303333333
LG09	2505544	2507984	42.754327
LG09	2507992	2510379	11.3317526666667
LG09	2510487	2514243	0.123036
LG09	2514526	2515573	0.079835
LG09	2516419	2518417	51.0672876666667
LG09	2518755	2520117	91.763054
LG09	2520533	2523000	5.49045166666667
LG09	2523208	2525130	4.06276933333333
LG09	2525383	2527682	66.5481236666667
LG09	252687	258191	0
LG09	2528277	2528850	37.8056796666667
LG09	2528964	2530177	6.359525
LG09	2531340	2534867	1.87908166666667
LG09	2535764	2536824	6.022931
LG09	2537006	2538776	75.9398726666667
LG09	2539591	2540617	0.0467323333333333
LG09	2543066	2544127	545.004150333333
LG09	2548383	2549609	1.49918033333333
LG09	2554828	2558838	0
LG09	2584226	2586418	9.63918166666667
LG09	258522	258778	0
LG09	2586891	2589041	8.65323466666667
LG09	2589473	2590072	5.32892866666667
LG09	2590540	2595766	3.48669
LG09	259113	260835	0.433223333333333
LG09	2595870	2598922	1.42953933333333
LG09	2599021	2600617	12.543829
LG09	2604675	2607664	0.0912073333333333
LG09	2609753	2611011	0
LG09	2612185	2615807	0
LG09	261576	262590	0.285159333333333
LG09	2616507	2619954	0
LG09	2623277	2624848	0
LG09	2625251	2626068	0
LG09	2630099	2637466	0
LG09	263184	263853	0.727015333333333
LG09	264179	270584	18.37667
LG09	2649888	2650907	0
LG09	2652217	2652807	0.279026666666667
LG09	2653942	2654200	0.0342496666666667
LG09	2658237	2662863	2.97831166666667
LG09	2662966	2663402	3.76939933333333
LG09	2663874	2669227	1.31199633333333
LG09	2666119	2666447	0
LG09	2675788	2676567	0
LG09	2703370	2703930	0
LG09	270842	276738	0.492817333333333
LG09	2710275	2712035	0
LG09	2716121	2716687	0
LG09	2738387	2740009	5.56836066666667
LG09	2741051	2743078	10.4889853333333
LG09	2743149	2744202	18.773968
LG09	2744525	2748870	1.23297533333333
LG09	2755558	2759981	0
LG09	2764692	2767913	0
LG09	2770650	2771815	0
LG09	2770693	2773631	6.02496333333333
LG09	277307	278622	0
LG09	2774170	2774369	5.419652
LG09	2775644	2778632	4.184708
LG09	2779335	2781429	0.320084666666667
LG09	2781777	2783086	0.181981
LG09	2783445	2784221	0.393162333333333
LG09	2785689	2787474	49.0169716666667
LG09	2789000	2791763	12.203219
LG09	2792423	2795252	6.12922
LG09	2796023	2796512	0
LG09	2798347	2799759	0.325951
LG09	2800418	2803202	11.5720826666667
LG09	2803402	2805016	12.3778513333333
LG09	2806011	2811716	0.614113333333333
LG09	280675	285587	2.569091
LG09	2811774	2813572	0
LG09	2815171	2815686	0.039636
LG09	2815937	2816919	0.0327533333333333
LG09	2821393	2823097	0
LG09	2840617	2842563	0
LG09	2845186	2848521	0
LG09	2854762	2857172	0.534712
LG09	285713	287789	5.154408
LG09	2857446	2859197	1.138026
LG09	2859723	2861031	2.34911233333333
LG09	2861297	2864791	1.77432
LG09	2865241	2865967	0.758731666666667
LG09	2866467	2866750	4.67214133333333
LG09	2867451	2867880	3.35627966666667
LG09	2868021	2869324	56.2621916666667
LG09	2870236	2872442	1.19600066666667
LG09	2873117	2873931	0.152743666666667
LG09	2873126	2874047	0.678133333333333
LG09	2874176	2876321	0.0843273333333333
LG09	2877376	2880268	0
LG09	288248	289844	2.06919433333333
LG09	2882597	2883557	0
LG09	2894973	2899130	0.344941
LG09	2895867	2897143	0
LG09	2899800	2900105	0.0380706666666667
LG09	2900192	2901979	305.813558
LG09	2905146	2905805	101.575465
LG09	2906847	2908037	52.302513
LG09	2908890	2909686	0.121356
LG09	2909959	2911303	79.7768733333333
LG09	2911415	2912983	208.810989333333
LG09	2913203	2915024	10.134314
LG09	2915310	2917643	0
LG09	2917916	2920513	0.214865666666667
LG09	2922154	2925632	0
LG09	2926873	2927631	0.680964333333333
LG09	2928009	2929352	69.472155
LG09	2929569	2930669	26.9333593333333
LG09	2931071	2931589	0
LG09	2931709	2935028	18.6475566666667
LG09	2935104	2938504	11.5823096666667
LG09	2938542	2940861	33.3927333333333
LG09	2941104	2943256	1.24299366666667
LG09	2948013	2950562	3.15516866666667
LG09	2950587	2953210	8.114003
LG09	2954478	2960560	4.974907
LG09	2961594	2962890	0.00662333333333333
LG09	2963393	2964824	0
LG09	2966462	2971069	0.06723
LG09	2971496	2973112	0.394318
LG09	298931	300138	0
LG09	312667	313795	0
LG09	32198	33961	17.3519916666667
LG09	327312	334337	0.004373
LG09	334374	334934	0.22141
LG09	335498	336869	1.47647466666667
LG09	336970	343188	5.71340666666667
LG09	34147	35533	0.612984666666667
LG09	349478	350407	0
LG09	352828	357880	4.63676133333333
LG09	35800	36564	0.345571
LG09	358343	359950	8.971255
LG09	360345	366463	3.343966
LG09	36784	39267	2.07580566666667
LG09	369919	374322	0
LG09	378509	384389	0
LG09	394526	397540	0
LG09	397715	398893	0
LG09	402457	403594	0
LG09	404790	407322	0
LG09	40483	44934	47.247677
LG09	414703	416375	0
LG09	419504	419814	0
LG09	420526	421155	0.0413033333333333
LG09	425473	426951	0.2492
LG09	434291	438510	0
LG09	441341	444559	0
LG09	44981	48512	2.939087
LG09	458485	463644	1.44139733333333
LG09	458506	460627	0.0250096666666667
LG09	463793	465922	43.2854293333333
LG09	4659	6799	8.90615466666667
LG09	467734	468040	0.0628433333333333
LG09	468303	469322	636.957173666667
LG09	470670	471751	0
LG09	473101	473993	1.76351833333333
LG09	473997	477366	27.0279753333333
LG09	477673	479160	0.600529666666667
LG09	479599	482158	11.4755946666667
LG09	481664	485890	25.5183133333333
LG09	485926	486713	23.650805
LG09	48637	51405	13.1966703333333
LG09	488806	489242	1.27296033333333
LG09	489355	493273	12.484846
LG09	493480	494364	0
LG09	495106	496438	2.25787
LG09	497215	500420	14.840042
LG09	500844	503474	32.9006476666667
LG09	503776	505229	12.1173486666667
LG09	507123	508702	0.070883
LG09	509081	513073	39.873578
LG09	514127	514811	0.317162666666667
LG09	51449	52364	1.530675
LG09	515998	517402	40.1786066666667
LG09	517477	517878	0.543663333333333
LG09	517928	519460	4.15208033333333
LG09	520803	522317	0.310883666666667
LG09	523480	524994	0.084568
LG09	52495	55769	0.280824333333333
LG09	525690	527306	463.880768
LG09	527462	527751	0
LG09	528054	541002	1.87370266666667
LG09	549303	551782	0.604226666666667
LG09	549766	551814	0.538058666666667
LG09	553116	555469	15.3352736666667
LG09	556002	557884	31.3372603333333
LG09	558221	563178	1.627203
LG09	55985	56511	0.727630666666667
LG09	563239	564019	0.517522666666667
LG09	564114	569083	1.257131
LG09	570255	572710	24.5596886666667
LG09	572281	573166	0.0710286666666667
LG09	573754	575433	3.95782633333333
LG09	575580	577277	4.85685066666667
LG09	57651	58787	3.330507
LG09	577437	580717	4.82713133333333
LG09	580939	581931	2.15602933333333
LG09	582469	584991	11.7713463333333
LG09	585066	589936	37.5672453333333
LG09	589975	590933	0.739111666666667
LG09	591186	594006	0.237163333333333
LG09	594500	596644	2.368903
LG09	597865	598459	2.22683466666667
LG09	598836	601061	2.26822033333333
LG09	60264	61434	22.8098043333333
LG09	603279	605668	2.08517366666667
LG09	608440	609185	34.4241446666667
LG09	610363	611239	106.226514333333
LG09	611763	613630	75.6701
LG09	613913	615359	8.8017
LG09	615839	618056	6.27752566666667
LG09	618484	620139	0.224774666666667
LG09	621141	622010	0.618560333333333
LG09	62193	63443	0.356877666666667
LG09	623588	625769	13.3684873333333
LG09	626348	628183	10.7466773333333
LG09	629529	631504	120.556635666667
LG09	632320	633123	1.083192
LG09	633643	636788	1.12647966666667
LG09	637184	638840	0.181113666666667
LG09	638901	640910	8.21331
LG09	640969	642037	0.349725
LG09	642466	651601	108.385276666667
LG09	651665	652271	0
LG09	652860	653416	0.132265666666667
LG09	653458	655127	13.005677
LG09	65400	69255	22.3034256666667
LG09	656340	657887	1.75356366666667
LG09	658353	659124	0.008467
LG09	659387	660739	68.8260346666667
LG09	661046	666605	37.3899726666667
LG09	668145	668882	22.9726796666667
LG09	669709	671806	9.62085233333333
LG09	672421	674266	0.485303
LG09	674917	676613	1.02490133333333
LG09	677602	679261	71.2014156666667
LG09	680517	684156	10.9031293333333
LG09	684417	685981	21.1868196666667
LG09	692402	694404	0
LG09	69952	70741	0
LG09	71264	73216	0
LG09	716407	717395	0
LG09	718227	718952	0
LG09	719882	722568	37.8844666666667
LG09	722765	731676	13.670052
LG09	731781	734573	1.11457866666667
LG09	734647	735119	0.380356333333333
LG09	735198	737535	57.5655506666667
LG09	737828	742948	29.0297696666667
LG09	743141	744306	5.830631
LG09	744677	745023	0.244775666666667
LG09	746353	748798	36.2616106666667
LG09	748767	751570	18.1404583333333
LG09	751634	754023	49.729852
LG09	754591	755324	99.9405466666667
LG09	755419	756032	0.0289176666666667
LG09	755534	757118	0.204277666666667
LG09	758137	761245	50.629046
LG09	761396	763076	72.0594533333333
LG09	763114	764984	2.36557466666667
LG09	765342	766899	9.188578
LG09	767308	768480	0.123854333333333
LG09	768935	777034	20.9233343333333
LG09	778103	780305	3.46061433333333
LG09	781155	785873	30.0702866666667
LG09	786625	788732	70.636968
LG09	789267	793887	169.407079333333
LG09	794261	796819	13.8583986666667
LG09	797247	798237	0.0194546666666667
LG09	798782	799632	0.104751
LG09	799003	799947	1.94598333333333
LG09	799751	800477	0.610049
LG09	800799	811557	3.72284933333333
LG09	811797	814107	33.8414993333333
LG09	814841	817325	16.42639
LG09	817442	819518	18.5128173333333
LG09	821092	824026	1465.533203
LG09	824185	824790	0.493834
LG09	824923	827293	13.6591333333333
LG09	827403	837942	8.62418433333333
LG09	838291	838991	22.288779
LG09	839035	845979	10.7214453333333
LG09	846212	848805	44.4717863333333
LG09	84723	85285	0
LG09	848827	850707	11.18514
LG09	850940	851629	0.831561333333333
LG09	852227	853521	19.619091
LG09	853727	857522	7.74433866666667
LG09	857799	859905	4.64160166666667
LG09	859972	861988	8.02358633333333
LG09	862057	866294	27.1824586666667
LG09	868348	869280	232.744639
LG09	869576	873124	46.025407
LG09	873350	874177	179.341562666667
LG09	874291	875834	1.30028433333333
LG09	876660	882194	6.39512233333333
LG09	87926	89656	0
LG09	882560	885010	1.67378466666667
LG09	882564	884796	3.30214166666667
LG09	885083	886760	56.4510166666667
LG09	887615	888345	0
LG09	888466	890809	27.179688
LG09	891231	894504	8.831664
LG09	894734	898020	15.3831386666667
LG09	898152	899813	5.887598
LG09	899988	903964	39.0601766666667
LG09	904337	906797	40.1813353333333
LG09	907024	907554	53.63901
LG09	908909	909633	0.0112686666666667
LG09	910489	911770	0.845129
LG09	912301	914258	5.38532666666667
LG09	914431	922273	51.8083623333333
LG09	91447	93594	0
LG09	9160	10598	10.8706893333333
LG09	923191	924456	0.0571483333333333
LG09	924842	926421	80.175186
LG09	926555	928596	37.855807
LG09	928949	931098	90.1068316666667
LG09	932726	934619	49.8791666666667
LG09	934807	936804	5.81037633333333
LG09	938372	941006	0.08636
LG09	940869	942088	25.277685
LG09	942193	947867	29.765212
LG09	94345	96268	2.70112833333333
LG09	949369	951968	57.321631
LG09	952061	954249	51.5113273333333
LG09	954358	955983	29.709327
LG09	956964	960330	19.810006
LG09	960858	963531	4.12796733333333
LG09	96269	99990	50.376914
LG09	963617	966375	15.280914
LG09	966641	968519	11.732773
LG09	968654	970118	30.8015253333333
LG09	970211	977106	19.2947333333333
LG09	977211	979835	140.255864666667
LG09	980061	980845	0.127631333333333
LG09	981198	983705	140.911519333333
LG09	984003	985950	0.363031666666667
LG09	986152	988145	15.3330156666667
LG09	989208	993216	32.3988496666667
LG09	993491	995023	4.352224
LG09	995070	995627	15.507481
LG09	996000	998364	9.23748433333333
LG09	998516	1000213	14.3078483333333
LG10	1008903	1010762	0.591223
LG10	1010780	1016826	14.1515473333333
LG10	1018418	1023015	6.775048
LG10	1023087	1023425	0.066527
LG10	1024133	1024464	0
LG10	1028355	1029377	0
LG10	1035249	1036040	0
LG10	1040310	1041607	19.995795
LG10	1041725	1043414	2.301521
LG10	1043692	1045521	6.443015
LG10	1045911	1048265	14.9605663333333
LG10	1048399	1050716	123.121093666667
LG10	1051438	1052743	87.0031993333333
LG10	1053600	1055804	145.486979
LG10	1068622	1080958	0
LG10	1084458	1087288	0
LG10	1087470	1090235	12.137526
LG10	1090770	1094484	2.79456033333333
LG10	1094552	1095302	0
LG10	1095558	1097570	708.123962333333
LG10	1098053	1100289	33.001222
LG10	1100589	1102827	7.6686
LG10	1103093	1105761	238.319132333333
LG10	1106774	1107415	0.085773
LG10	1108463	1110123	104.538708666667
LG10	1112134	1113273	1.06483733333333
LG10	1113587	1114328	0.383355666666667
LG10	1114353	1115378	13.5583786666667
LG10	1115644	1116493	0
LG10	1116895	1118260	1.652695
LG10	1118507	1119843	7.663089
LG10	1120508	1124228	131.088109666667
LG10	1124878	1128122	188.220937
LG10	1128446	1129158	18.3884163333333
LG10	1129326	1129841	4.23107333333333
LG10	1131671	1134343	0.094998
LG10	1134886	1136450	86.9386216666667
LG10	1136835	1140324	11.6101486666667
LG10	1140843	1143995	1.75570733333333
LG10	1144779	1145906	1.29075566666667
LG10	1146893	1148126	59.3210666666667
LG10	1148349	1150875	42.021075
LG10	1151040	1153548	108.568423
LG10	1154394	1155944	0.06155
LG10	1158931	1159725	58.3607176666667
LG10	1159955	1160519	0
LG10	1161108	1161757	1.51279333333333
LG10	1162089	1163496	118.705022
LG10	1163858	1165586	28.1833173333333
LG10	1165856	1166589	104.552686
LG10	1166710	1169732	10.5420813333333
LG10	1170016	1172501	14.3305963333333
LG10	1172728	1174551	23.7969046666667
LG10	1174588	1176074	27.5227736666667
LG10	1176376	1181715	13.6631436666667
LG10	1181829	1185201	18.3997643333333
LG10	1185338	1187408	4.851309
LG10	1190192	1192091	57.5688833333333
LG10	1192082	1193175	82.4393543333333
LG10	1194109	1194528	0.158466
LG10	1194769	1196273	28.573037
LG10	1196351	1198138	3.20932966666667
LG10	1198297	1198899	4.95994933333333
LG10	1199657	1200720	0.138695666666667
LG10	1202202	1203258	0.604083666666667
LG10	1203456	1207156	16.955601
LG10	1207863	1208677	0.020116
LG10	1208916	1211111	14.862422
LG10	1211308	1215113	87.481448
LG10	1215160	1223264	12.0004583333333
LG10	1223945	1226020	50.1582996666667
LG10	1226086	1228236	126.369156
LG10	1228267	1230314	34.889177
LG10	1230722	1231095	0.0352953333333333
LG10	1230756	1235046	1.09562266666667
LG10	1233514	1234930	0.0128673333333333
LG10	1235047	1239663	33.2237576666667
LG10	1241820	1242499	2.67723266666667
LG10	1242451	1242841	0.311369333333333
LG10	1242991	1246611	4.09153066666667
LG10	1249721	1259832	5.77352366666667
LG10	1260235	1260487	0.201633
LG10	1263162	1264950	4.03891866666667
LG10	1265305	1270108	10.9768196666667
LG10	1270375	1271943	0.253757
LG10	1271972	1274692	22.4143906666667
LG10	1275766	1278202	323.901265333333
LG10	1278274	1283885	5.39244966666667
LG10	1283813	1286712	61.56979
LG10	1287189	1287605	89.122162
LG10	1287767	1290640	45.8325616666667
LG10	1290840	1292396	30.7581856666667
LG10	1292524	1295982	21.5241853333333
LG10	1296311	1300309	2.25702866666667
LG10	1301677	1303786	0.863956
LG10	1303907	1305721	97.1802696666667
LG10	1305820	1307409	300.777242
LG10	1307680	1308699	80.9922583333333
LG10	1308722	1309085	0.818148666666667
LG10	130984	135728	0
LG10	1310247	1311193	1.153845
LG10	1312814	1314037	0
LG10	1314474	1315368	18.9865443333333
LG10	1316845	1317603	22.7686143333333
LG10	1317968	1322345	2.13730233333333
LG10	1322372	1324543	16.048173
LG10	1324555	1327287	6.55051
LG10	1327497	1329154	241.637522666667
LG10	1329506	1331887	13.5505853333333
LG10	1332334	1333296	0.295615666666667
LG10	1333880	1335622	11.2794273333333
LG10	1335798	1337101	4.26419
LG10	1338085	1341572	5.168074
LG10	1342472	1349010	93.2207413333334
LG10	1350341	1351719	0.0316506666666667
LG10	1353889	1356018	0.619242666666667
LG10	1357624	1359477	3.95412066666667
LG10	1360176	1369430	17.2864836666667
LG10	1369561	1371035	129.878830333333
LG10	1371051	1373099	33.056941
LG10	1374219	1375025	5.60685133333333
LG10	1375616	1377061	7.26855033333333
LG10	1377748	1378685	0.176018
LG10	1379254	1384534	14.8057056666667
LG10	1384808	1385404	29.285971
LG10	1385644	1388093	7.54755366666667
LG10	1388113	1388547	649.119832
LG10	1388860	1389189	1413.395711
LG10	1389364	1390243	5.755379
LG10	1390386	1391920	10.2804886666667
LG10	1391936	1392660	0.697576
LG10	1393248	1394202	82.7120486666667
LG10	1394263	1394980	51.529507
LG10	1395055	1396233	49.6321433333333
LG10	1396374	1397917	40.7345416666667
LG10	1400841	1402698	15.3561613333333
LG10	1403175	1404604	52.5641733333333
LG10	1405171	1409228	23.1497413333333
LG10	1411727	1415460	0.006334
LG10	1416066	1416939	6.686608
LG10	1416970	1417255	0.182708666666667
LG10	1417575	1419703	63.701888
LG10	1419913	1421168	0.470834
LG10	1421925	1422745	39.8525683333333
LG10	1422934	1423824	87.7133356666667
LG10	1424791	1428862	21.3344083333333
LG10	1429158	1430982	1.183964
LG10	1431651	1434437	3.52282566666667
LG10	1434605	1435536	3.65380733333333
LG10	1436786	1437183	0
LG10	1437736	1439774	5.60435866666667
LG10	1440594	1441838	10.4228386666667
LG10	1441963	1442817	49.384496
LG10	1442920	1444460	224.760905
LG10	1444968	1445729	0.529922333333333
LG10	1446116	1447104	0.272541666666667
LG10	1447763	1451017	163.515381
LG10	1451946	1455498	13.4446603333333
LG10	1456093	1457506	0.291414666666667
LG10	1458179	1459260	225.373387666667
LG10	1459886	1463087	53.9493703333333
LG10	1463238	1464192	45.1830026666667
LG10	1464260	1465360	12.6048626666667
LG10	1465520	1469269	37.626727
LG10	146812	147423	0
LG10	1470628	1472011	0
LG10	1483020	1483850	0
LG10	1496492	1499014	0
LG10	1516394	1518645	1.10609733333333
LG10	15180	16302	0
LG10	1518797	1521263	15.649053
LG10	1521506	1526127	482.603709
LG10	1527078	1527863	44.6569963333333
LG10	1528129	1530704	16.6136526666667
LG10	1530924	1533363	36.684836
LG10	1535205	1537318	32.1861146666667
LG10	1537456	1538725	7.053188
LG10	153838	156360	0
LG10	1539010	1541080	0.765593333333333
LG10	1541477	1544093	5.66794466666667
LG10	1544575	1546591	1.42111433333333
LG10	1546846	1548537	18.1434246666667
LG10	1549757	1551053	13.906204
LG10	1551401	1552799	132.079534
LG10	1552971	1556974	28.5139866666667
LG10	1557354	1559542	6.607827
LG10	1560096	1561295	0.160776666666667
LG10	1561591	1562471	0.442023666666667
LG10	1562781	1563718	0.32952
LG10	1564113	1565514	2.66372533333333
LG10	1565661	1566353	0.429420666666667
LG10	1566578	1567898	7.40888966666667
LG10	1568482	1570320	4.31630366666667
LG10	1570764	1571377	3.96135266666667
LG10	1571838	1572463	2.273923
LG10	1573393	1575699	41.9607163333333
LG10	1576179	1579599	34.9276173333333
LG10	1579653	1582174	3.86472566666667
LG10	1582727	1589045	34.487596
LG10	1589120	1591821	17.9934256666667
LG10	1592838	1594406	0.520435
LG10	1595086	1598013	21.1777713333333
LG10	159628	160693	2.73684833333333
LG10	1598603	1601703	74.2281113333333
LG10	1604209	1605095	0.075631
LG10	1604417	1605112	0.018123
LG10	1605534	1606063	0.578632666666667
LG10	1606226	1608697	5.234139
LG10	1608414	1610072	10.7649553333333
LG10	1610103	1612370	50.067258
LG10	1612586	1614638	0.00370466666666667
LG10	1616711	1617251	0.477727333333333
LG10	1617356	1619219	104.063468666667
LG10	1619226	1620635	0.07845
LG10	1621015	1634226	31.149444
LG10	162158	163616	3.639363
LG10	1634321	1635003	33.84744
LG10	1636079	1637082	0
LG10	1637320	1639380	0
LG10	1641350	1644528	0
LG10	164157	166698	0
LG10	1646063	1647195	0
LG10	1648056	1648630	0
LG10	1651349	1653070	0
LG10	1653909	1660165	39.383887
LG10	1661369	1663083	0.276751333333333
LG10	1663687	1664619	4.05378433333333
LG10	1665432	1667141	30.087012
LG10	1667137	1667892	124.526214333333
LG10	1669339	1672763	1.027334
LG10	1673446	1676752	21.589587
LG10	1677813	1680183	34.1462693333333
LG10	167957	171423	0
LG10	1680926	1685522	163.492467
LG10	1686401	1687183	0.0159556666666667
LG10	1687346	1689147	4.531472
LG10	1693692	1695848	6.00450733333333
LG10	1695873	1697765	38.829722
LG10	1698273	1699865	108.547190333333
LG10	1700013	1702112	22.6119556666667
LG10	1702329	1703861	19.0267526666667
LG10	1704573	1713250	5.882969
LG10	1715427	1718672	6.15274466666667
LG10	1721145	1722515	9.76243366666667
LG10	1724816	1725702	0
LG10	1726416	1727796	0.018518
LG10	1727947	1729466	0.651939333333333
LG10	1729507	1732180	2.471398
LG10	1729568	1731710	0.028604
LG10	1732552	1736222	32.0305516666667
LG10	1734654	1735633	0
LG10	1738037	1741300	45.42518
LG10	1741428	1743108	0.748841333333333
LG10	1744382	1745885	0.847018666666667
LG10	1746117	1747152	0.25017
LG10	17519	18096	0
LG10	1754201	1755952	0
LG10	1758075	1762265	0
LG10	1787513	1788391	0
LG10	1790171	1791213	0
LG10	1791711	1794195	0
LG10	1796379	1797821	0
LG10	1805052	1808171	0
LG10	1811933	1815996	0
LG10	1820032	1820855	0.0477716666666667
LG10	1822374	1824869	44.188114
LG10	1824941	1826274	26.890747
LG10	1828124	1830794	3.358575
LG10	1831695	1832750	3.04093666666667
LG10	183183	184510	0
LG10	1832818	1835203	6.154681
LG10	1837959	1839786	0
LG10	185953	189462	0
LG10	1864428	1865287	0
LG10	1868040	1868664	0.0428126666666667
LG10	1868939	1871291	36.9084613333333
LG10	1871322	1873976	8.36863433333333
LG10	1874255	1876345	2.124983
LG10	1876848	1878529	130.092585333333
LG10	1878793	1880360	56.3672956666667
LG10	1880483	1883416	19.148515
LG10	1883876	1885803	0.119871666666667
LG10	1887497	1888845	0.159354333333333
LG10	1889050	1890735	41.0950713333333
LG10	1891094	1892705	21.7781486666667
LG10	1891	4530	0
LG10	1893077	1893846	157.07929
LG10	1894001	1896119	28.660981
LG10	1897102	1897972	0.690232333333333
LG10	1898229	1899202	0.238389666666667
LG10	1901665	1905880	0
LG10	1906159	1907578	0
LG10	1908232	1910238	15.0079533333333
LG10	1910803	1913670	8.29263866666667
LG10	1913944	1915156	532.010478
LG10	1915929	1916978	0.786665333333333
LG10	1917679	1918457	0
LG10	1928722	1930911	0.304723666666667
LG10	1931887	1937193	0.767082
LG10	1936261	1937117	0.117979333333333
LG10	1938447	1941660	0
LG10	1941833	1942412	0
LG10	1948760	1949492	0
LG10	1956698	1959553	0
LG10	1960831	1962689	0.722959
LG10	1963380	1966503	0
LG10	1967279	1970727	0
LG10	1974490	1979661	0
LG10	1985136	1987488	11.047163
LG10	198786	199112	0
LG10	1988136	1989529	166.993103
LG10	1990099	1992940	2.66407733333333
LG10	1993186	1995557	7.46152266666667
LG10	1995068	1996280	0.864276
LG10	1996422	2004074	23.646885
LG10	2004115	2007539	4.65064433333333
LG10	2007672	2009356	2.29704433333333
LG10	2009683	2011286	28.743285
LG10	2011566	2013517	0.814186333333333
LG10	2013582	2014696	303.861196
LG10	2014845	2016091	62.772835
LG10	2020251	2021701	7.323823
LG10	2021726	2025482	289.270151666667
LG10	2026338	2027512	23.3725936666667
LG10	2028085	2029360	24.28258
LG10	2029627	2040656	0.153005666666667
LG10	204153	205809	0
LG10	2041942	2043794	306.171376666667
LG10	2044087	2047790	0.411063
LG10	2048338	2048765	2.61063066666667
LG10	2051007	2054335	5.18515933333333
LG10	2056318	2060344	12.8772283333333
LG10	2061300	2066654	12.48932
LG10	2067420	2068154	28.7774466666667
LG10	2069401	2070824	0.648552
LG10	2071236	2072844	0
LG10	2074040	2075219	79.38444
LG10	207528	213935	0
LG10	2077047	2079043	2.67687466666667
LG10	2079855	2081899	18.2806946666667
LG10	2083166	2084315	0.0111886666666667
LG10	2085584	2088911	9.38095
LG10	2089170	2089765	13.0662356666667
LG10	2090202	2093006	1.07133133333333
LG10	2092998	2096997	6.424532
LG10	2099110	2103583	46.2364946666667
LG10	2103760	2107164	39.3963203333333
LG10	2107297	2110831	10.347328
LG10	2110901	2112302	0.810280666666667
LG10	2112373	2114142	2.24433533333333
LG10	2114178	2115374	1.47193166666667
LG10	2115395	2116046	0.03893
LG10	2118048	2128558	0
LG10	2129993	2132808	0
LG10	2133841	2135758	0
LG10	2138422	2139096	0.828386333333333
LG10	2140271	2141247	0
LG10	2141926	2143358	0
LG10	2144101	2147006	0
LG10	2147596	2149565	0
LG10	215130	215589	0
LG10	2155495	2156425	0
LG10	2157673	2161170	0
LG10	2161369	2162470	0
LG10	2163935	2168542	0.181470333333333
LG10	2168969	2170585	0.486839666666667
LG10	217560	220020	0
LG10	221446	225431	0
LG10	229458	236951	1.44066433333333
LG10	237265	238631	0.587390666666667
LG10	238677	239219	0.750177333333333
LG10	239617	241381	6.565217
LG10	241116	241870	0.048993
LG10	24128	24575	0
LG10	245194	246695	0.0214583333333333
LG10	248925	249327	0.0526006666666667
LG10	24955	26980	0
LG10	250614	264789	481.921977
LG10	265668	268287	19.2542463333333
LG10	270529	271010	0.243366
LG10	271080	273882	2.62759066666667
LG10	274302	277823	23.4343443333333
LG10	277895	281291	2.571198
LG10	27866	28594	0
LG10	281704	282100	0.0582526666666667
LG10	282170	286355	59.1627793333333
LG10	288271	290094	0.556631666666667
LG10	290211	290828	0.376526333333333
LG10	293062	299160	6.27281533333333
LG10	301163	301537	4.132946
LG10	302662	306621	3.99411
LG10	308828	309410	6.66727333333333
LG10	311109	312828	9.26764833333333
LG10	313701	317053	3.463315
LG10	315064	316108	0.044051
LG10	31577	32257	0
LG10	316701	317041	0.0783596666666667
LG10	318390	319451	4.03972766666667
LG10	318397	319321	1.97581766666667
LG10	320102	322970	0
LG10	323777	325037	0.697557333333333
LG10	326970	329087	3.24646666666667
LG10	329213	331032	3.48342966666667
LG10	331414	332191	0.120031
LG10	331773	332284	0.308959666666667
LG10	332243	334150	1.59411966666667
LG10	334254	337825	7.33756666666667
LG10	339010	345566	10.5307803333333
LG10	345662	347719	32.7489803333333
LG10	34656	35387	0
LG10	348677	349938	108.433016333333
LG10	350299	354892	104.291209
LG10	362416	369776	44.7490206666667
LG10	371798	372966	13.9511966666667
LG10	373466	373968	6.76882533333333
LG10	376348	380033	0
LG10	37928	39954	0
LG10	383021	383722	0
LG10	384287	386419	0
LG10	386915	387354	0
LG10	392115	393635	0
LG10	399970	400572	0
LG10	405009	406757	16.172424
LG10	407028	423105	28.941203
LG10	423498	424823	0
LG10	429064	432231	0
LG10	434481	436569	2.359194
LG10	437218	442526	2.607374
LG10	443124	445012	3.71070466666667
LG10	445103	445485	0
LG10	445347	447024	4.937325
LG10	461447	464878	0
LG10	468718	470142	0
LG10	480872	481251	0.0500773333333333
LG10	481896	483815	0
LG10	485685	485974	0
LG10	486488	487682	0.385226
LG10	486494	487682	0.640723
LG10	487810	488516	0.320505666666667
LG10	488871	490371	8.73286966666667
LG10	492670	493164	2.94701966666667
LG10	4927	6021	0
LG10	493420	493908	0.019145
LG10	493431	495495	10.3120143333333
LG10	496141	514376	3.25039933333333
LG10	516840	520745	19.468893
LG10	521151	523103	21.938921
LG10	523143	524223	28.4108453333333
LG10	524396	527659	31.3684673333333
LG10	52521	53670	0
LG10	528084	529320	4.56025866666667
LG10	529725	531008	3.56747866666667
LG10	532135	537986	44.3286526666667
LG10	541667	541938	0.0694293333333333
LG10	541997	543899	13.2131053333333
LG10	544002	545905	0.970369666666667
LG10	545909	546560	0.0861936666666667
LG10	546641	550069	20.0926373333333
LG10	550393	551062	68.3797353333333
LG10	552877	555890	35.6620036666667
LG10	556577	558387	6.967491
LG10	558720	560655	2.78798533333333
LG10	560893	562480	1.04928533333333
LG10	564193	568788	32.3718073333333
LG10	569276	570359	0.0700553333333333
LG10	570703	573663	0.241832333333333
LG10	577245	580442	84.0826976666667
LG10	588191	588572	0
LG10	597357	598586	0
LG10	603144	603958	0
LG10	605771	608675	0
LG10	615993	617811	0
LG10	636404	637130	0
LG10	642869	643300	0
LG10	6526	7552	0
LG10	667621	668863	0
LG10	672982	673630	0
LG10	673648	674536	0.364123666666667
LG10	675706	676132	0
LG10	676348	678810	3.02769733333333
LG10	67830	70772	0
LG10	681626	682063	0
LG10	684933	686544	0
LG10	689437	692111	0
LG10	692579	693819	0
LG10	694503	698584	1.785612
LG10	698900	700700	48.213084
LG10	700814	701950	58.5054486666667
LG10	702187	705936	34.1717616666667
LG10	706133	706500	0.321922666666667
LG10	706618	710252	29.3493533333333
LG10	710348	712366	37.8297283333333
LG10	712547	714047	46.800832
LG10	714826	716691	38.3600283333333
LG10	716798	718782	6.37279833333333
LG10	719414	722456	82.2741243333333
LG10	722796	723708	0.861158333333333
LG10	724062	767940	273.951517666667
LG10	7658	10965	0
LG10	769637	770622	0
LG10	771063	771775	0
LG10	772090	776391	0.0876803333333333
LG10	777163	778125	0.647176333333333
LG10	779409	782507	0.241174666666667
LG10	782982	783828	1.02823533333333
LG10	784504	786730	1749.57661933333
LG10	787001	788236	235.543716666667
LG10	789946	792320	107.662038
LG10	792628	794134	30.8007243333333
LG10	794239	798785	8.907804
LG10	798834	800966	1.145809
LG10	801122	802831	6.82692933333333
LG10	804267	806278	1.70004766666667
LG10	806358	807583	48.026194
LG10	807689	812857	13.6305566666667
LG10	813867	822777	23.1864113333333
LG10	823318	827888	9.31485833333333
LG10	828076	829518	0.72442
LG10	829980	834044	2.20156
LG10	83319	88990	0
LG10	838379	838978	0.893972666666667
LG10	840045	845231	1.04515866666667
LG10	845319	846608	0.247144666666667
LG10	847867	850989	82.231514
LG10	851974	853644	18.6184713333333
LG10	853851	854262	122.548111
LG10	854448	856275	2.49188566666667
LG10	856413	857938	58.7486393333333
LG10	858164	860544	51.991801
LG10	861575	864936	1.353995
LG10	865583	867819	19.5582396666667
LG10	867965	868719	94.2782973333333
LG10	868716	870873	191.074132333333
LG10	870913	871393	0.0288206666666667
LG10	871425	873752	5.21797733333333
LG10	873927	874773	377.872314333333
LG10	874824	877611	15.4346053333333
LG10	877903	878291	0.065991
LG10	878917	879649	2.677168
LG10	881241	881973	0.217569
LG10	882748	883782	0
LG10	884180	884465	0.0489763333333333
LG10	884568	886878	29.2936536666667
LG10	887001	887966	39.2350476666667
LG10	889221	891014	0.0105843333333333
LG10	893484	894180	0
LG10	895359	895815	0
LG10	896401	896965	0
LG10	897397	901614	2.23036133333333
LG10	901849	902702	362.147928666667
LG10	903936	904837	30.4671563333333
LG10	905271	905755	0.610276
LG10	90595	93299	0
LG10	906337	910300	5.68412766666667
LG10	911996	912781	0
LG10	93789	96512	0
LG10	954281	955159	0.496240333333333
LG10	955538	956329	7.590315
LG10	956382	957182	0.155841666666667
LG10	957264	958252	68.473643
LG10	959509	961344	51.6181206666667
LG10	962019	964599	8.22141
LG10	965275	967487	6.40057766666667
LG10	968245	970031	0.656355333333333
LG10	970328	972715	0.415723
LG10	973920	974335	0
LG10	974860	975252	0.044835
LG10	975351	977743	14.745903
LG10	978003	981527	11.9273513333333
LG10	981700	982713	20.7151343333333
LG10	983212	984648	70.9832586666667
LG10	985106	995072	23.010601
LG10	99306	103525	0
LG10	995135	996774	23.4331663333333
LG10	996997	997419	0.01607
LG10	997527	999081	9.26993233333333
LG10	999775	1006460	11.8149033333333
LG11	1001937	1003667	1.40929966666667
LG11	1004030	1005585	6.12709166666667
LG11	1005769	1009297	18.3446633333333
LG11	1009632	1010828	18.2813783333333
LG11	1011030	1012764	10.1625373333333
LG11	1012922	1013844	0.200807333333333
LG11	1014543	1017429	13.299124
LG11	1017668	1019227	207.237019666667
LG11	1019324	1020616	255.624389666667
LG11	1020666	1023677	16.0970313333333
LG11	1023733	1025506	13.7202033333333
LG11	1025662	1027553	3.033346
LG11	1029358	1030098	3204.31494133333
LG11	1030684	1031868	1764.49968466667
LG11	1032319	1033107	0.189729333333333
LG11	1032609	1033888	1.75934333333333
LG11	1034157	1034896	30.8734533333333
LG11	1035112	1035423	513.356933666667
LG11	1035841	1040671	28.644557
LG11	1041198	1042740	14.3845826666667
LG11	1042996	1043861	28.8202966666667
LG11	1044173	1044717	62.9096526666667
LG11	1045310	1047778	0.866543333333333
LG11	1047791	1049728	26.5805956666667
LG11	1049875	1051313	64.1124446666667
LG11	1051713	1052886	56.5187836666667
LG11	1053780	1055064	21.3689303333333
LG11	1055219	1056220	13.0808513333333
LG11	1056243	1057109	11.61318
LG11	1057626	1058365	0.151954666666667
LG11	1058864	1060216	11.1254356666667
LG11	1060323	1062081	116.558545666667
LG11	1063029	1064374	0.089311
LG11	106392	110469	13.612003
LG11	1065974	1066595	0
LG11	1066597	1066897	0
LG11	1066966	1068313	16.782767
LG11	1069302	1071424	14.2657636666667
LG11	1071415	1073127	19.9822023333333
LG11	1073277	1073980	134.005691666667
LG11	1075156	1077946	65.2072803333333
LG11	1077997	1079547	36.5939266666667
LG11	1080055	1083529	83.9533716666667
LG11	1083716	1085447	32.0682376666667
LG11	1086025	1089223	111.073237
LG11	1089190	1094597	49.744048
LG11	1095709	1097099	36.5758616666667
LG11	1097143	1097871	28.8419703333333
LG11	1097980	1099799	25.1656946666667
LG11	1099917	1103139	15.3829506666667
LG11	1103700	1104734	53.541594
LG11	1104817	1106339	33.20267
LG11	110632	111312	0
LG11	1106382	1107741	41.8955623333333
LG11	1107825	1109278	0.445024333333333
LG11	1109959	1113067	71.3290433333333
LG11	1114835	1115730	20.370585
LG11	1115808	1121033	5.411219
LG11	111837	113354	1.144588
LG11	1120794	1122681	4.68042766666667
LG11	1123229	1127969	23.5623456666667
LG11	1128646	1130600	3.84412433333333
LG11	1131201	1134116	1.18099133333333
LG11	1134174	1135363	406.971568
LG11	113501	117850	32.6829333333333
LG11	1135426	1137782	0.525002
LG11	1138203	1140441	6.19632666666667
LG11	1143318	1147224	0
LG11	1147618	1149446	2.643232
LG11	1150253	1150804	0
LG11	1151575	1156182	0
LG11	1160489	1162749	0
LG11	1163356	1164085	0
LG11	1164977	1167244	0
LG11	1168015	1171350	0
LG11	1175250	1175716	0
LG11	1176407	1179379	0
LG11	118293	122055	6.904852
LG11	1184769	1192773	0.000341666666666667
LG11	1193315	1195596	5.76501433333333
LG11	1195751	1196121	0.695552
LG11	1198684	1200183	3.36245833333333
LG11	1200412	1203856	12.4648716666667
LG11	1202330	1205941	6.56197166666667
LG11	1207111	1207478	0.0956653333333333
LG11	1209399	1210009	0.0643226666666667
LG11	1211180	1219507	198.553253
LG11	1219774	1229340	11.827303
LG11	122739	123930	54.920807
LG11	1229446	1230678	41.3363076666667
LG11	1231054	1234659	72.1753796666667
LG11	1234993	1238405	0.764403666666667
LG11	1239246	1241619	46.6867533333333
LG11	124154	126453	13.6261526666667
LG11	1241810	1246098	175.480519666667
LG11	1247371	1248214	0.041701
LG11	1248452	1249001	0.0619346666666667
LG11	1249045	1249782	3.02039866666667
LG11	1251045	1253659	30.533247
LG11	1253881	1255495	123.077906
LG11	1255709	1256824	7.22232833333333
LG11	1257420	1263967	2.63732166666667
LG11	1263890	1265320	26.7402466666667
LG11	1266161	1268148	0
LG11	126720	127978	23.8940506666667
LG11	1269880	1272516	258.079157666667
LG11	1273490	1274190	0.275657666666667
LG11	1274686	1275711	55.1399233333333
LG11	1276260	1277222	4.885351
LG11	1277643	1279134	21.962441
LG11	1279615	1281410	15.61567
LG11	1281423	1285653	9.961082
LG11	1281566	1284126	0.372685
LG11	1285815	1290269	7.20107933333333
LG11	1290343	1292567	9.10958966666667
LG11	1292576	1294993	156.098846333333
LG11	1295056	1296111	0.309331333333333
LG11	1295355	1296060	0.0198506666666667
LG11	1296573	1298870	1.89404366666667
LG11	1298777	1302092	10.6111016666667
LG11	1302508	1304046	2.482483
LG11	130331	135035	0.286417333333333
LG11	1304788	1308592	0.388802666666667
LG11	1309120	1309459	0
LG11	1309781	1323677	24.3684886666667
LG11	1313743	1315464	2.51569766666667
LG11	13231	15388	0.699248
LG11	1324108	1326082	1.974428
LG11	1327341	1328911	408.834228666667
LG11	1329002	1329524	0.466660666666667
LG11	1329525	1331534	7.08669733333333
LG11	1332257	1333496	0.02149
LG11	1334610	1339336	1.42631233333333
LG11	1339743	1340644	33.271211
LG11	1341545	1344626	1.84880066666667
LG11	1345205	1347603	8.04265933333333
LG11	1349527	1351978	3.93335633333333
LG11	1352669	1362755	21.6105103333333
LG11	135595	137089	58.977469
LG11	1362913	1365827	109.276461
LG11	1366425	1367644	17.935976
LG11	1369266	1373937	162.226043666667
LG11	1374606	1375787	1.48034633333333
LG11	137740	139930	18.7927513333333
LG11	1378271	1378987	0
LG11	1381466	1384189	0
LG11	1392663	1394792	0.747828
LG11	1393501	1394793	0
LG11	1399339	1404944	0
LG11	140006	142336	8.96855666666667
LG11	1409065	1412196	0
LG11	1421925	1425042	0
LG11	1427015	1427448	0.249642666666667
LG11	142702	144359	0.0188116666666667
LG11	1427528	1428655	14.8313736666667
LG11	1428570	1430083	28.9804986666667
LG11	1430132	1433825	22.306814
LG11	1430153	1430787	11.934927
LG11	1434295	1436229	6.737739
LG11	1437722	1439655	52.0864496666667
LG11	1441764	1444071	2.95004833333333
LG11	1444117	1446120	6.45571466666667
LG11	1446378	1447647	82.1545433333333
LG11	1448387	1449765	0.104078
LG11	1450425	1450988	0.105451666666667
LG11	1452215	1453375	2.938404
LG11	1454094	1456638	0.318639666666667
LG11	1457098	1458396	7684.14632166667
LG11	1458617	1460978	37.0107256666667
LG11	1460999	1464951	42.931039
LG11	1464959	1465521	141.325546
LG11	1465768	1467042	33.356216
LG11	1470038	1472916	0
LG11	147101	147640	0.0410353333333333
LG11	1472959	1474844	0
LG11	1476636	1477602	0
LG11	147718	149603	34.162197
LG11	1478060	1480879	0
LG11	1482995	1484658	0
LG11	1486306	1488790	0
LG11	149948	151498	62.5661913333333
LG11	1508765	1513983	0
LG11	151721	154013	26.2880453333333
LG11	153964	154700	31.385803
LG11	1550617	1552435	0
LG11	1552482	1557001	0
LG11	155503	155980	0.710414666666667
LG11	1557920	1565121	0
LG11	156348	156795	0
LG11	156989	159321	7.83286433333333
LG11	1585277	1586052	0
LG11	1588510	1591854	0
LG11	159435	160553	4.02943366666667
LG11	1596915	1603251	0
LG11	161438	162652	0.230916333333333
LG11	1615566	1621509	23.288201
LG11	16172	17696	0.640251333333333
LG11	1621622	1625326	17.874748
LG11	1625794	1627740	22.054142
LG11	1628986	1632740	16.145984
LG11	163098	166065	0.112094
LG11	1632810	1634442	6.046594
LG11	1635429	1638555	39.5900843333333
LG11	1639913	1641513	0.163348
LG11	1641917	1643025	7.65797333333333
LG11	1643936	1644445	0
LG11	1646157	1648497	202.549469
LG11	1648933	1650554	0
LG11	1650751	1652017	0.00771133333333333
LG11	1653114	1657272	102.111432333333
LG11	1658088	1659834	3.35483733333333
LG11	1660604	1661812	0.93738
LG11	1661946	1663154	2.605194
LG11	1663972	1665085	1.17349866666667
LG11	1665877	1667144	24.9714736666667
LG11	1667177	1668127	62.5261126666667
LG11	166767	168351	0
LG11	1668179	1671627	3.738604
LG11	1671702	1672485	21.3640106666667
LG11	1672478	1673501	281.313669666667
LG11	1674421	1675084	0.245461666666667
LG11	1675344	1678370	62.112896
LG11	1675368	1676543	0
LG11	1678391	1680125	88.451988
LG11	1682113	1685045	11.5322153333333
LG11	1685586	1687944	4.34629866666667
LG11	1688099	1690775	13.4736
LG11	1690924	1692345	14.1918296666667
LG11	1692392	1695330	5.58508666666667
LG11	1695619	1699524	28.74533
LG11	169663	170543	0
LG11	1700280	1702183	4.79380366666667
LG11	1703030	1707000	1.14327266666667
LG11	170946	171370	0.104944
LG11	171419	172278	0.092801
LG11	1716630	1721698	11.5658573333333
LG11	1721907	1723458	1.03913166666667
LG11	1723934	1727295	28.7801196666667
LG11	1728735	1732454	281.703399333333
LG11	172948	175136	4.36307633333333
LG11	1732539	1733697	1.81394866666667
LG11	1734173	1736258	15.621706
LG11	1736332	1739296	20.3945376666667
LG11	1740329	1743884	0.290851
LG11	1746439	1746766	1.495819
LG11	1746996	1747939	43.4501393333333
LG11	1748341	1750949	480.957824666667
LG11	1751251	1752510	1.91206833333333
LG11	1752773	1754806	3.12829133333333
LG11	175333	177561	21.9708596666667
LG11	1755696	1758197	126.904696333333
LG11	1759787	1761974	22.7493543333333
LG11	1762420	1763346	10.064523
LG11	1764389	1765223	3.61042733333333
LG11	1765339	1766351	0.0983316666666667
LG11	1766850	1771492	5.093607
LG11	1771569	1773720	86.8498456666667
LG11	1774211	1775559	0.419737333333333
LG11	1776297	1778319	0.964727
LG11	1778724	1779466	0.0738916666666667
LG11	1778890	1779949	0.340530666666667
LG11	1780157	1780935	204.207372333333
LG11	1781022	1786231	5.39608166666667
LG11	178527	183620	1.86338666666667
LG11	1787360	1789846	0.520372333333333
LG11	1790902	1792288	60.3345106666667
LG11	1792645	1794443	19.4341176666667
LG11	1794871	1795771	11.485554
LG11	1796065	1797344	5.168779
LG11	1797670	1798723	136.727025
LG11	1799110	1801056	223.314086666667
LG11	1801328	1801786	517.604024333333
LG11	1801847	1803470	35.0879046666667
LG11	1803965	1805000	4.434316
LG11	1808027	1810834	113.716336666667
LG11	1811876	1837071	310.645019333333
LG11	1837089	1838868	7.67139933333333
LG11	1841003	1841573	99.7674993333333
LG11	1842451	1844224	90.282771
LG11	1844290	1846019	35.7778306666667
LG11	1846823	1847449	3.602249
LG11	1847464	1849449	2.13221266666667
LG11	1850146	1851357	0.231155666666667
LG11	1852174	1854546	14.1424283333333
LG11	185333	186223	0.370727666666667
LG11	1854951	1857002	3.22202033333333
LG11	1858835	1859741	31.4861266666667
LG11	1860365	1861279	46.3314363333333
LG11	1862341	1863075	0
LG11	1863959	1865276	0
LG11	188011	188763	0.209342
LG11	188980	189595	12.065746
LG11	1903412	1904697	0.0946686666666667
LG11	190597	191980	10.5620476666667
LG11	1906222	1907413	3.229595
LG11	1920042	1921605	2.54703733333333
LG11	1920326	1922454	4.692088
LG11	1924957	1927121	42.8623186666667
LG11	192526	193413	0.814885
LG11	19274	20186	0.562416
LG11	1927681	1929619	2.638108
LG11	1930169	1931411	0.932506333333333
LG11	1931488	1933656	9.84456966666667
LG11	1933844	1936003	7.20536
LG11	1935357	1936282	3.72671166666667
LG11	193683	198001	1.62840366666667
LG11	1938371	1941583	30.647234
LG11	1941804	1944253	6.880109
LG11	1945173	1947562	6.31654866666667
LG11	1948766	1951158	1.80221333333333
LG11	1952913	1956073	7.78282
LG11	1957064	1958924	15.3034386666667
LG11	1959905	1961594	1.114759
LG11	1962061	1966719	4.196892
LG11	1967300	1967931	2.63019033333333
LG11	1969309	1973232	4.39004933333333
LG11	1974000	1976044	353.539734
LG11	1976080	1977858	57.3107286666667
LG11	1979378	1980886	0.627982333333333
LG11	1981385	1983816	46.668391
LG11	1984436	1985907	4.84919433333333
LG11	1986362	2005802	10.684466
LG11	198640	198944	0.016994
LG11	199030	201278	43.038939
LG11	2006386	2008533	0.248872333333333
LG11	2009401	2012087	1.320299
LG11	2012397	2012714	0
LG11	2013094	2014824	9.74108033333333
LG11	2015051	2015579	1.45856366666667
LG11	2016341	2017454	28.8496066666667
LG11	2020413	2021174	3.82246833333333
LG11	2022332	2023411	0
LG11	202388	202825	0
LG11	2028191	2030404	0
LG11	203628	203910	0.0212776666666667
LG11	204060	205882	4.15785666666667
LG11	204151	207066	1.432027
LG11	2046723	2048546	0
LG11	2052017	2053732	0
LG11	206368	207063	0.122886
LG11	2068467	2069753	0
LG11	2071635	2073485	0
LG11	207337	208052	0.0914346666666667
LG11	2075521	2078054	0
LG11	207594	208231	0
LG11	2079106	2082056	0
LG11	208262	209108	1.73826933333333
LG11	209509	210907	0.216981666666667
LG11	2096655	2099381	0
LG11	2099466	2100095	0
LG11	2105567	2106737	0
LG11	2107071	2107958	0
LG11	211306	213254	6.46496466666667
LG11	2119751	2121284	0.399111666666667
LG11	2122763	2123612	0.279947
LG11	2124357	2126235	8.443269
LG11	2126317	2127047	2.01403266666667
LG11	2127282	2140415	26.1267296666667
LG11	2131147	2131971	3.09674633333333
LG11	2133694	2134872	139.469960666667
LG11	213476	215758	243.483291666667
LG11	2135505	2137183	19.832522
LG11	2141265	2142424	2.91904433333333
LG11	2143672	2147928	8.81228933333333
LG11	2148394	2152102	0.561712333333333
LG11	2153205	2153558	0
LG11	2153319	2154424	8.61018833333333
LG11	2154572	2158060	0.320554
LG11	2158579	2161862	3.49377433333333
LG11	2161981	2164873	1.07268566666667
LG11	2165549	2166751	20.337604
LG11	2167247	2168773	0.695307666666667
LG11	2170526	2173384	3.46254633333333
LG11	2173543	2174058	1.970853
LG11	2174609	2177235	8.12735133333334
LG11	2177732	2180128	2.56658566666667
LG11	217871	218648	0.417405
LG11	2181060	2184010	1.11258733333333
LG11	2184051	2185639	233.733124
LG11	2186452	2188536	0.0213206666666667
LG11	2189841	2191090	0
LG11	2192283	2195384	7.09634833333333
LG11	2195412	2197305	6.37151533333333
LG11	219564	224272	20.624715
LG11	2198294	2199883	18.170694
LG11	2202826	2203532	0.0905363333333333
LG11	2203605	2205435	0.109553666666667
LG11	2205488	2206364	0.0455826666666667
LG11	2207821	2209466	0.146116333333333
LG11	2214782	2217568	0.014287
LG11	2217987	2223183	0.17371
LG11	2224444	2226730	2.83752733333333
LG11	2226910	2227618	12.1594096666667
LG11	2227623	2228230	2.51359033333333
LG11	224958	226237	19.9643656666667
LG11	226280	229301	13.159794
LG11	229311	230657	4.60180166666667
LG11	231996	234195	3.01533033333333
LG11	235058	237720	23.980532
LG11	237956	239555	16.28685
LG11	239735	240646	0.314321333333333
LG11	245322	246310	151.340494666667
LG11	246951	247938	64.2916823333333
LG11	248550	249385	28.0725246666667
LG11	249777	250779	2.825501
LG11	250955	252614	57.4738883333333
LG11	25263	27583	0
LG11	252773	254484	74.2231293333333
LG11	255863	259936	2.736189
LG11	260133	260657	0.371474666666667
LG11	260749	262521	11.011653
LG11	262819	264787	136.654729333333
LG11	265308	268326	69.298116
LG11	268526	273257	7.00092933333333
LG11	273579	276274	7.03645633333333
LG11	277738	278445	51.093576
LG11	279677	283566	83.2512356666667
LG11	283695	285250	15.4369993333333
LG11	285510	288539	13.2769656666667
LG11	290777	293609	3.26926733333333
LG11	293821	294721	20.6299683333333
LG11	296083	297028	77.1871593333333
LG11	297853	299962	9.656522
LG11	299983	301751	66.9364523333333
LG11	301960	302934	52.9612223333333
LG11	303428	303999	138.986684333333
LG11	304827	305395	0.0606816666666667
LG11	305528	306361	57.9297026666667
LG11	307821	308569	135.953506666667
LG11	308753	309256	0.0154036666666667
LG11	310067	310745	128.376528333333
LG11	312169	312838	221.757131
LG11	312918	313915	0.359283666666667
LG11	314306	314871	100.660741333333
LG11	316305	316870	70.0133263333333
LG11	318346	318987	6.99516466666667
LG11	319681	320149	0
LG11	319683	321719	10.4805393333333
LG11	321918	329382	31.3593026666667
LG11	329636	332438	0.172461333333333
LG11	334244	336000	49.7889683333333
LG11	336002	337501	7.409566
LG11	33675	34701	0
LG11	339236	342683	51.8938103333333
LG11	343473	343957	0
LG11	346090	346925	132.734939666667
LG11	347055	347351	0
LG11	347543	348514	0.0522203333333333
LG11	349257	350125	129.871101333333
LG11	351986	352900	33.5961633333333
LG11	353619	354248	18.7828706666667
LG11	354907	355894	3.25710466666667
LG11	357516	358445	104.825981
LG11	35801	37788	0
LG11	358597	359294	40.3165573333333
LG11	359401	360291	49.935651
LG11	360447	361326	9.302459
LG11	362430	363488	0
LG11	364225	364875	9.89538066666667
LG11	365685	366436	0.223065666666667
LG11	368890	369945	19.873912
LG11	370139	371268	3.902762
LG11	371527	374247	55.6965066666667
LG11	374982	377189	0.0896536666666667
LG11	379879	383143	22.4114723333333
LG11	38101	42990	0.359821
LG11	383528	387287	480.331756333333
LG11	389605	390487	908.993734
LG11	391375	392244	9.59371166666667
LG11	393729	394897	0.123011
LG11	395238	397266	140.215851
LG11	397364	398229	0.119638333333333
LG11	398738	399871	1.33260666666667
LG11	400352	403298	28.3898326666667
LG11	403838	409775	2.31467566666667
LG11	41010	42990	0.081951
LG11	412354	414685	27.419225
LG11	415720	420552	157.547429666667
LG11	421844	425313	70.4997863333333
LG11	425388	429558	20.3138733333333
LG11	431544	435943	25.5423713333333
LG11	43479	45959	1.618366
LG11	436740	438259	53.4517236666667
LG11	438375	439527	95.7585116666667
LG11	441398	445031	14.129282
LG11	445328	451680	13.705662
LG11	451784	452704	115.826090333333
LG11	453007	453583	159.7052
LG11	454066	454656	0.159717333333333
LG11	454827	458458	25.6726066666667
LG11	459428	460473	2.00844766666667
LG11	46043	48687	3.71177733333333
LG11	461348	462523	3.112238
LG11	463018	464172	2.169021
LG11	464830	466046	38.1698253333333
LG11	466408	467849	30.5168416666667
LG11	467968	471401	10.9819963333333
LG11	470245	475430	3.588568
LG11	475520	477423	18.669836
LG11	478243	478905	0.373871666666667
LG11	479871	481391	0.103552
LG11	481454	485340	14.6622806666667
LG11	485836	488483	6.557933
LG11	488571	489494	0.197170666666667
LG11	488689	489505	0.191873666666667
LG11	489757	492182	4.125957
LG11	492409	495168	13.1435186666667
LG11	497149	499791	1.863872
LG11	500074	500928	0.221209
LG11	502072	502609	0.152450666666667
LG11	502828	505417	1.88493966666667
LG11	505596	506717	3.745572
LG11	506785	509486	110.436442
LG11	50737	51347	0.211819333333333
LG11	509893	512532	1.10118733333333
LG11	513199	513902	11.2534706666667
LG11	514179	516098	19.1174083333333
LG11	516215	517646	5.324766
LG11	518055	519735	20.7423386666667
LG11	51840	55159	6.89307266666667
LG11	519795	522363	45.0280203333333
LG11	522477	524647	8.39591566666667
LG11	524880	527224	4.80511333333333
LG11	528231	540261	2.500287
LG11	541077	545019	0.110448666666667
LG11	547108	549447	23.3445583333333
LG11	549738	588888	24.673767
LG11	56496	63940	25.9073463333333
LG11	589050	591139	0.456301
LG11	591140	593575	1.712658
LG11	594852	597995	0.540001
LG11	598135	600846	4.512546
LG11	601524	601815	0.250895666666667
LG11	602273	604644	35.420124
LG11	604963	605804	88.954717
LG11	605942	607839	4.22397233333333
LG11	609259	609881	40.021449
LG11	610347	611593	10.287673
LG11	612279	615788	16.3766533333333
LG11	616432	617489	0.0689536666666667
LG11	618004	619078	0.113228333333333
LG11	619190	624206	26.38334
LG11	619447	620622	0.0378163333333333
LG11	621163	622031	0.00203433333333333
LG11	624284	625494	85.9915746666667
LG11	625658	627205	6.93748833333333
LG11	627717	629347	0.00782833333333333
LG11	630129	635409	5.276365
LG11	635632	636277	7.13013133333333
LG11	636381	638435	25.036047
LG11	638881	640769	118.226160666667
LG11	641083	641989	11.752329
LG11	642465	645653	41.6892076666667
LG11	64500	69368	1.161649
LG11	646404	648331	0.184768333333333
LG11	649129	650330	14.8508296666667
LG11	650813	653057	2.98608166666667
LG11	653168	655603	36.188156
LG11	655706	656815	9.835234
LG11	657261	657889	188.02359
LG11	658296	659890	12.4281876666667
LG11	660069	665258	13.0673296666667
LG11	666005	667256	3.74296933333333
LG11	667814	671950	56.6161726666667
LG11	672037	673529	18.0324756666667
LG11	673765	676025	47.7570366666667
LG11	676668	677710	20.7476693333333
LG11	677731	681099	3.127878
LG11	681627	683818	11.659685
LG11	684015	685481	139.641001333333
LG11	685559	686584	24.836397
LG11	686578	687723	3.27646533333333
LG11	688070	688782	33.2561643333333
LG11	688811	690514	14.942525
LG11	691532	692248	30.649513
LG11	692661	693952	25.8619596666667
LG11	69379	69667	0
LG11	694115	695374	110.051844666667
LG11	695695	701131	5.810616
LG11	69839	71773	0.0235176666666667
LG11	701184	702095	12.576141
LG11	702363	703610	77.0955123333333
LG11	703785	704816	104.067960333333
LG11	705278	705815	0.229857333333333
LG11	706251	707071	33.984464
LG11	707541	709251	236.177581333333
LG11	709555	710583	30.9505016666667
LG11	710766	712972	24.1506716666667
LG11	713090	713936	485.703298
LG11	714062	716425	25.1458096666667
LG11	717352	723376	21.3399936666667
LG11	724628	725235	0
LG11	724628	725316	0.0897686666666667
LG11	725870	726999	90.5221913333333
LG11	727131	731953	9.89944166666667
LG11	729334	730899	2.939538
LG11	73001	75559	4.04572633333333
LG11	732860	735133	48.6446683333333
LG11	735200	738069	2.75086433333333
LG11	738406	739048	39.9158186666667
LG11	739407	741255	0.245254333333333
LG11	741312	747279	11.7382023333333
LG11	747747	749140	2.936888
LG11	749703	752484	18.9761713333333
LG11	752603	755641	38.452188
LG11	756103	758036	46.24153
LG11	75664	77811	11.089492
LG11	758090	763712	29.158381
LG11	763870	764986	1006.50840266667
LG11	765309	766469	32.400152
LG11	767036	769156	16.5988536666667
LG11	770510	772939	45.9386746666667
LG11	773040	775167	23.7046536666667
LG11	776191	778531	0.22017
LG11	778854	782175	30.607951
LG11	782157	783880	49.6111856666667
LG11	783934	787518	15.6800723333333
LG11	78574	78870	0
LG11	787884	788800	311.155527666667
LG11	788945	791906	41.984975
LG11	792148	794799	2.267257
LG11	79231	80861	0.452111
LG11	795723	800094	34.998146
LG11	801200	801790	7.79538933333333
LG11	801843	802490	78.2153293333333
LG11	802697	804706	6.66181666666667
LG11	805763	808458	25.009102
LG11	808503	811503	13.432036
LG11	811796	813098	5.976184
LG11	813164	815934	98.850685
LG11	816409	817633	193.247746666667
LG11	817928	821888	17.2187463333333
LG11	822337	823093	36.8620883333333
LG11	823232	824889	17.7617616666667
LG11	824974	825779	0.176633666666667
LG11	825892	830851	32.7887423333333
LG11	82722	95962	0
LG11	831164	831765	10.4925076666667
LG11	831943	834196	7.85540466666667
LG11	834623	835618	126.083986666667
LG11	835660	837459	58.0232046666667
LG11	837495	839399	14.7581196666667
LG11	839707	843111	19.272295
LG11	843232	843680	0.241021666666667
LG11	844214	845835	157.133428
LG11	846591	848063	3.68336766666667
LG11	848216	849418	24.8703173333333
LG11	849800	851795	28.6332046666667
LG11	852352	853385	91.4857813333333
LG11	853644	855220	33.798785
LG11	855389	856282	22.413676
LG11	856661	858732	35.852374
LG11	859499	860096	0.0475016666666667
LG11	860942	861930	12.7559756666667
LG11	862461	864895	1.65898266666667
LG11	866337	867415	0.073135
LG11	867625	868509	2.50825466666667
LG11	869632	872421	13.735452
LG11	874201	876168	33.3997903333333
LG11	876639	880028	43.8396553333333
LG11	880684	881335	0.431451666666667
LG11	881452	883738	19.7138533333333
LG11	884460	887615	0.988163
LG11	887934	891861	137.473612666667
LG11	892244	894458	26.659081
LG11	894462	896656	49.890115
LG11	896898	898936	11.7677246666667
LG11	899761	905842	12.6775086666667
LG11	906021	906782	261.191864
LG11	907348	908655	1216.331136
LG11	908808	910113	13.5032056666667
LG11	910192	913048	18.8577883333333
LG11	913545	915032	28.4712776666667
LG11	915122	916816	36.994812
LG11	916935	920811	51.802874
LG11	920969	924287	50.8203583333333
LG11	925409	929589	26.2070753333333
LG11	929692	930236	2.10467
LG11	930230	931364	85.649025
LG11	931583	932861	13.5294286666667
LG11	932911	935175	13.9443963333333
LG11	936759	939304	1.578302
LG11	939306	939935	1.39969933333333
LG11	939952	941803	7.46319566666667
LG11	941871	947754	61.045742
LG11	947871	949451	45.7879666666667
LG11	949477	954404	50.405224
LG11	956250	958785	25.9744523333333
LG11	959270	961980	56.1658313333333
LG11	962345	963038	0.173368
LG11	963834	965790	60.5213086666667
LG11	965904	966442	18.3360113333333
LG11	966618	970167	79.0843506666667
LG11	970453	974349	43.2608973333333
LG11	974388	975496	29.953341
LG11	97532	98762	0
LG11	976173	978677	21.6072133333333
LG11	978834	983469	10.4084636666667
LG11	984170	985770	110.901792
LG11	985977	990495	10.59658
LG11	990621	990948	0
LG11	990963	993698	7.035352
LG11	994103	995659	1.33468533333333
LG11	995769	997958	33.1315663333333
LG11	997142	1001841	103.048846333333
LG11	99877	105953	0.751687333333333
